id,text,label,domain,source,date
tbh-1906791183,"[SALAH] Virus Hanta Tak Menular Antar-Manusia, Vaksinnya Dipatenkan Sejak 2022 Kesehatan
18/06/2026
Mafindo
Akun TikTok “anfauhumlinnas05l” pada Jum’at (15/05/2026) mengunggah video [arsip] yang menunjukkan cuplikan wawancara mantan Menteri Kesehatan Siti Fadilah Supari dengan Arie Untung yang isinya menyebutkan virus hanta tidak menular antarmanusia dan vaksinnya telah dipatenkan sejak 2022.
Tim Pemeriksa Fakta Mafindo (TurnBackHoax) menelusuri klaim tersebut dengan menggunakan Google Lens. Hasilnya menunjukkan bahwa video yang beredar merupakan cuplikan dari siniar Cerita Untungs yang tayang di kanal YouTube Arie Untung pada Rabu (14/05/2026).
Merujuk hasil verifikasi Tim Cek Fakta Tempo yang mewawancarai epidemiolog serta menelusuri sejumlah jurnal ilmiah dan sumber kredibel lainnya. Hasilnya menunjukkan bahwa virus Andes merupakan satu-satunya jenis hantavirus yang diketahui dapat menular antarmanusia. Selain itu, paten yang diajukan pada 2022 bukanlah paten vaksin virus hanta, melainkan protein antigen yang berpotensi digunakan untuk pengembangan vaksin.
Sejumlah penelitian menunjukkan bahwa virus Andes pernah menyebabkan wabah di Argentina dan dapat menular antarmanusia. Temuan tersebut juga sejalan dengan penjelasan Organisasi Kesehatan Dunia (WHO), Pusat Pengendalian dan Pencegahan Penyakit Amerika Serikat (CDC), serta Pusat Pencegahan dan Pengendalian Penyakit Eropa (ECDC). Meski demikian, ECDC menjelaskan bahwa penularan antarmanusia pada virus Andes tergolong jarang dan biasanya terjadi melalui kontak yang erat atau berkepanjangan dengan penderita.
Klaim bahwa vaksin virus hanta telah dipatenkan sejak 2022 juga tidak tepat. Pengajuan yang dilakukan ilmuwan Badan Keamanan Kesehatan Inggris (UKHSA) sebenarnya berkaitan dengan protein antigen dari varian Seoul yang dapat dimanfaatkan untuk pengembangan vaksin. Antigen merupakan bagian dari virus yang dapat memicu tubuh membentuk antibodi untuk melawan infeksi.
Epidemiolog dari Griffith University, Dicky Budiman, mengatakan virus hanta bukanlah virus baru karena telah dikenal sejak lama. Menurutnya, penelitian dan pengembangan vaksin virus hanta merupakan bagian dari upaya kesiapsiagaan kesehatan, bukan bukti bahwa virus tersebut sengaja dibuat untuk memicu pandemi. Vaksin tersebut ditujukan bagi kelompok berisiko tinggi di beberapa negara, seperti Korea Selatan, Cile, Argentina, dan Amerika Serikat.
Salah

Sumber: 
https://archive.ph/8MOKP
Whatsapp Hotline: 0896-8006-0088
Kalimasada: 0859-2160-0500",0,kesehatan,turnbackhoax.id,2026-06-18
tbh-2088111215,"[SALAH] Foto ""Korban Hantavirus di Jakarta"" Kesehatan
14/06/2026
Mafindo
Akun TikTok “yona9855” pada Jum’at (15/5/2026) mengunggah video [arsip] disertai yang diklaim sebagai korban Hantavirus di Jakarta. Unggahan tersebut disertai narasi
“lagi viral hantavirus lagi diselidiki dinas kesehatan dari mana asal nya”
Hingga Minggu (14/6/2026) video tersebut telah dilihat lebih dari 800 kali dan disukai 10 kali.
Tim Pemeriksa Fakta Mafindo (TurnBackHoax) memeriksa foto pada unggahan tersebut menggunakan Google Lens. Hasil penelusuran mengarah ke akun Facebook ""Wish Ko Lang"" yang mengunggah video bertagar #BehindTheScenes dengan keterangan ""Wish Ko Lang: Rabies"". Video tersebut serupa dengan unggahan akun TikTok ""Yona9855"". Diketahui, ""Wish Ko Lang"" merupakan serial televisi Filipina yang memiliki episode berjudul ""Rabies"".
TurnBackHoax kemudian menelusuri informasi mengenai hantavirus di Jakarta per Mei 2026. Berdasarkan informasi dari Kementerian Kesehatan, kasus hantavirus yang terdeteksi di DKI Jakarta masih terkendali. Pemerintah juga memantau seluruh kontak erat pasien selama 14 hari untuk mencegah penularan lanjutan.
Kementerian Kesehatan menegaskan bahwa hantavirus tidak mudah menular antar manusia seperti COVID-19. Sekitar 99 persen penularan terjadi melalui kontak dengan hewan pengerat, terutama tikus, atau cairan tubuhnya, seperti urine, air liur, dan feses.
Salah

Sumber: 
https://www.tiktok.com/@yona9855/video/7640150389307886866?_r=1&_t=ZS-971gRSJv955
Whatsapp Hotline: 0896-8006-0088
Kalimasada: 0859-2160-0500",0,kesehatan,turnbackhoax.id,2026-06-14
tbh-3481735066,"[SALAH] Penderita Diabetes Tipe 1 dan Tipe 2 Bisa Sembuh Tanpa Obat Kesehatan
12/06/2026
Mafindo
Beredar unggahan video [arsip] dari akun Instagram “suhu.sanjaya” pada Rabu (3/6/2026) menampilkan seorang laki-laki yang sedang menjalani semacam terapi penyembuhan. Unggahan beserta narasi :
“Apakah diabetes tipe 1 dan 2 bisa Sembuh tanpa obat ?
Yess, Bisaaa#Dianetes”
Hingga Jumat (12/6/2026) unggahan telah mendapatkan 70-an tanda suka dan 20-an komentar.
Tim Pemeriksa Fakta Mafindo (TurnBackHoax) menelusuri klaim tersebut dengan menggunakan kata kunci “diabetes tipe 1 dan tipe 2 bisa sembuh tanpa obat” ke mesin pencari Google. Hasil penelusuran mengarah ke laman Direktorat Jenderal Kesehatan Lanjutan Kementerian Kesehatan RI berjudul “Apa itu Diet Diabetes Melitus”.
Dalam artikel tersebut dijelaskan bahwa diabetes melitus merupakan penyakit menahun yang diderita seumur hidup. Kementerian Kesehatan menegaskan bahwa diabetes melitus tidak dapat disembuhkan, tetapi dapat dikendalikan melalui pengelolaan yang tepat, seperti edukasi, pola makan sehat, olahraga dan pengobatan untuk mencegah komplikasi.
Dilansir dari Kemenkes RI, diabetes tipe 1 terjadi akibat kerusakan sistem kekebalan tubuh yang menyebabkan pankreas tidak dapat memproduksi insulin. Karena itu, penderita diabetes tipe 1 memerlukan terapi insulin sepanjang hidupnya untuk mengendalikan kadar gula darah dan mencegah komplikasi.
Kemenkes RI juga menjelaskan bahwa diabetes tipe 2 merupakan penyakit kronis yang terjadi akibat resistensi insulin atau produksi insulin yang tidak memadai. Kondisi ini memerlukan pengelolaan jangka panjang melalui perubahan gaya hidup dan pengobatan sesuai anjuran dokter.
Salah

Sumber: 
https://www.instagram.com/reels/DY5472qzYBO/
https://archive.ph/wip/WLv9n
Whatsapp Hotline: 0896-8006-0088
Kalimasada: 0859-2160-0500",0,kesehatan,turnbackhoax.id,2026-06-12
tbh-4233496870,"[SALAH] Tanpa Pakai Obat, Memijat Jari Mampu Sembuhkan Penyakit Kesehatan
10/06/2026
Mafindo
Akun TikTok “santrigunung” pada Senin (08/09/2025) mengunggah video [arsip] mengenai klaim bahwa berbagai penyakit dapat disembuhkan tanpa obat melalui teknik pijat pada jari. Unggahan tersebut menyertakan petunjuk untuk menekan atau memijat titik-titik tertentu di jari yang disebut-sebut mampu mengatasi beragam gangguan kesehatan.
Hingga artikel ini tayang, unggahan tersebut telah dilihat lebih dari 90 kali, disukai sebanyak 90 akun, dan disimpan lebih dari 40 akun.
Tim Pemeriksa Fakta Mafindo (TurnBackHoax) menelusuri klaim tersebut dengan menggunakan kata kunci “memijat jari sembuhkan penyakit” dan menemukan sejumlah rujukan dari sumber medis kredibel. Hasil penelusuran menunjukkan bahwa hingga saat ini belum ada bukti ilmiah yang membuktikan bahwa memijat jari tangan dapat menyembuhkan berbagai penyakit tanpa obat.
Merujuk hasil verifikasi Tim Cek Fakta Tempo, Guru Besar Fakultas Kedokteran Universitas Indonesia, Zubairi Djoerban, menjelaskan bahwa terdapat lebih dari 700 publikasi ilmiah mengenai akupresur, teknik pengobatan tradisional asal Tiongkok yang dilakukan dengan memberikan tekanan pada titik-titik tertentu di tubuh. Sejauh ini, penelitian yang ada umumnya menunjukkan bahwa akupresur dapat membantu meredakan nyeri dan memberikan efek relaksasi. Karena itu, dalam dunia medis metode tersebut dikategorikan sebagai pengobatan komplementer atau pendamping pengobatan standar, bukan sebagai pengganti terapi medis.
Penjelasan serupa disampaikan ahli akupunktur berlisensi dari Cleveland Clinic, Megan Scott. Menurutnya, akupresur dapat membantu meredakan sejumlah gejala fisik dan menenangkan pikiran, meskipun penelitian mengenai efektivitasnya masih terus berlangsung. Sementara itu, Alodokter menjelaskan bahwa beberapa titik refleksi pada tangan dapat ditekan untuk membantu meredakan keluhan tertentu, seperti sakit kepala dan konstipasi. Pijat refleksi pada tangan juga dapat memberikan efek relaksasi dan membantu mengurangi kecemasan.
Sejumlah penelitian juga menemukan bahwa kombinasi akupuntur dan akupresur dapat memberikan manfaat tambahan, seperti membantu meningkatkan kualitas tidur pada pasien kanker payudara. Namun, manfaat tersebut tidak menunjukkan bahwa pijatan pada jari dapat menyembuhkan penyakit. Oleh karena itu, pasien yang sedang menjalani pengobatan tetap dianjurkan untuk melanjutkan terapi medis sesuai anjuran tenaga kesehatan.
Salah

Sumber: 
https://arsip.cekfakta.com/archive/1780928147.445712/index.html
Whatsapp Hotline: 0896-8006-0088
Kalimasada: 0859-2160-0500",0,kesehatan,turnbackhoax.id,2026-06-10
tbh-329974361,"[SALAH] Pfizer Rilis Daftar Efek Samping Vaksin Covid-19 Kesehatan
08/06/2026
Mafindo
Akun Facebook “Key Vanora Mauriska Noerhayadi ” pada Minggu (14/5/2026) mengunggah gambar [arsip] dengan narasi:
“TEMAN-TEMAN SAYA!
INI RESMI! PFIZER BARU SAJA MENERBITKAN DAFTAR EFEK SAMPING YANG MUNGKIN DARI ""VAKSIN COVID""NYA!
1) Pembekuan darah,
2) Cedera ginjal akut,
3) Myelitis flaccid akut,
4) Antibodi anti-sperma positif,
5) Embolisme batang otak,
Per Senin (8/6/2026) unggahan tersebut sudah ditonton 481 kali, disukai 19  kali, dibagikan 10 kali dan menuai 1 komentar.
Tim Pemeriksa Fakta Mafindo (TurnBackHoax) menelusuri kebenaran klaim dengan memasukkan kata kunci “Pfizer Rilis Daftar Efek Samping Vaksin Covid-19” ke mesin pencarian Google. Hasil penelusuran mengarah ke sejumlah artikel dan berita, antara lain:
Berita Kompas.com “Dokumen Pfizer Mencantumkan 1.291 Efek Vaksin” yang tayang Senin (27/6/2022). Berita ini melaporkan bahwa Dokumen yang dilaporkan oleh Pfizer-BioNTech itu hanya mencatat berbagai kondisi setelah vaksinasi yang dikumpulkan dari sistem pengawasan seperti Vaccine Adverse Event Reporting System (VAERS) pemerintah AS dan skema kartu kuning Inggris.
Berita tirto.id “Pfizer Rilis Daftar Efek Samping Vaksin Covid-19” yang tayang pada Rabu (3/6/2026). Berita ini melaporkan bahwa pihak Pfizer membantah klaim bahwa mereka baru saja merilis daftar rahasia berisi ribuan efek samping mematikan dari vaksin COVID-19. Sebagian besar efek samping yang dilaporkan bersifat ringan, namun terdapat beberapa kondisi serius yang sangat jarang terjadi.
Efek samping vaksin Covid-19 umumnya bersifat ringan, seperti nyeri di area suntikan, kelelahan, demam, nyeri otot, dan sakit kepala. Efek ini normal sebagai tanda sistem kekebalan tubuh sedang belajar melawan virus.
Salah

Sumber: 
https://www.facebook.com/share/p/1EzQwEjcZz/
Whatsapp Hotline: 0896-8006-0088
Kalimasada: 0859-2160-0500",0,kesehatan,turnbackhoax.id,2026-06-08
tbh-3297305966,"[SALAH] WHO Anjurkan Konsumsi Ivermectin Tiap Hari untuk Cegah Hantavirus Kesehatan
24/05/2026
Mafindo
Beredar unggahan gambar [arsip] dari akun Facebook “Pandu Saptaji” pada Selasa (19/5/2026) berisi narasi:
“KONSUMSI OBAT IVERMECTIN TIAP HARI.. DAPAT HINDARI HANTAVIRUS MENURUT WHO”
Hingga Minggu (24/5/2026) unggahan ini telah mendapatkan 5 tanda suka dan dibagikan dari 9 kali.
Tim Pemeriksa Fakta Mafindo (TurnBackHoax) mencari tahu kebenarannya dengan mengunjungi situs resmi WHO di “who.int”. Di situs resminya, WHO tidak pernah mengunggah pernyataan bahwa ivermectin bisa cegah penularan hantavirus.
Melansir dari artikel WHO yang membahas hantavirus, dijelaskan bahwa saat ini belum ada obat atau vitamin tertentu yang sudah terbukti klinis mencegah penularan hantavirus. Sejauh ini WHO hanya menjelaskan bahwa pencegahan utama hantavirus dilakukan dengan menghindari kontak dengan tikus, urine, kotoran, dan lingkungan yang terkontaminasi tikus.
Selain itu, obat ivermectin sendiri merupakan golongan obat keras yang penggunaannya harus berdasarkan pengawasan dokter. Melansir dari alodokter.com, meski sudah mendapat izin dokter, penggunaan obat ivermectin tidak diperuntukan untuk jangka panjang apalagi rutin setiap hari.
Salah

Sumber: 
https://web.facebook.com/photo?fbid=122166649346901508&set=a.122166649574901508
https://arsip.cekfakta.com/archive/1779256100.886682/index.html
Whatsapp Hotline: 0896-8006-0088
Kalimasada: 0859-2160-0500",0,kesehatan,turnbackhoax.id,2026-05-24
tbh-3386284107,"[SALAH] Video ""Sejumlah Tikus Terinfeksi Hantavirus Disebar Pakai Truk"" Kesehatan
21/05/2026
Mafindo
Akun Facebook “Pandu Saptaji” pada Jumat (15/5/2026) mengunggah video [arsip] dengan narasi:
“waduhhh barusan nemu video katanya ini truk  di luar negeri yang ketahuan sengaja nyebarin tikus tikus yang terinveksi hantavirus🤣🤣apakah bener konspirasi bahwa hantavirus memang dibuat buat oleh penguasa dunia hahaha.... di indo ada juga ga ya”
Per kamis (21/4/2026) unggahan tersebut sudah disukai 18 kali, dibagikan 13 kali dan menuai 7 komentar.
Tim Pemeriksa Fakta Mafindo (TurnBackHoax)  menganalisis video menggunakan alat deteksi AI, Hive Moderation. Diketahui, video merupakan hasil rekayasa kecerdasan buatan (artificial intelligence/AI), probabilitas atau kemungkinannya mencapai 74,1 persen.
TurnBackHoax lalu memasukkan kata kunci “sejumlah tikus terinfeksi Hantavirus disebar pakai truk” ke mesin pencarian Google. Hasil penelusuran mengarah ke artikel kompas.com “Video Sejumlah Tikus Terinfeksi Hantavirus Disebar Menggunakan Truk adalah Konten AI” yang tayang pada Rabu (18/5/2026). Artikel ini melaporkan bahwa video merupakan hasil rekayasa kecerdasan buatan (artificial intelligence/AI), probabilitas atau kemungkinannya mencapai 99,8 persen.
Sepanjang penelusuran, tidak ditemukan informasi dari sumber kredibel yang membenarkan klaim “sejumlah tikus terinfeksi Hantavirus disebar pakai truk”.
Salah

Sumber: 
https://web.facebook.com/share/v/1GP8xLMnYw/
Whatsapp Hotline: 0896-8006-0088
Kalimasada: 0859-2160-0500",0,kesehatan,turnbackhoax.id,2026-05-21
tbh-678277649,"[SALAH] Hantavirus Itu Virus Bohongan dari Israel Kesehatan
20/05/2026
Mafindo
Akun Facebook “pureblood.id” pada Senin (11/4/2026) mengunggah narasi [arsip] sebagai berikut:
“Taukah kamu bahwa “Hanta” dalam bahasa Israel itu artinya kebohongan?
Jadi Hantavirus 🐭 berarti virus boongan”
Hingga Rabu (20/5/2026) unggahan tersebut telah mendapat tanda suka lebih dari 13 ribu, dan menuai lebih dari 130 komentar.
Tim Pemeriksa Fakta Mafindo (TurnBackHoax) menelusuri arti kata “kebohongan” melalui Google Translate dari Bahasa Indonesia ke Bahasa Ibrani. Hasilnya, kata “kebohongan” dalam bahasa Ibrani adalah “sheker” (שקר), bukan “hanta”.
TurnBackHoax kemudian menelusuri klaim terkait asal-usul Hantavirus dengan memasukkan kata kunci “asal-usul Hantavirus” ke mesin pencari Google. Hasil penelusuran mengarah ke artikel detik.com berjudul “Sejarah Hantavirus, Sudah Ada di RI Sejak 1980-an” yang tayang pada Jumat (8/5/2026).
Dilansir dari detik.com, penelitian mengenai Hantavirus telah dilakukan sejak 1950-an. Penemuan awal virus ini bermula dari penelitian ilmiah setelah Perang Korea (1951–1953).
Secara global, Hantavirus mulai dikenal setelah munculnya wabah pada masa Perang Korea dan kemudian diteliti lebih lanjut oleh para ilmuwan. Di Indonesia, kasus infeksi Hantavirus juga pernah ditemukan di beberapa daerah, meski tidak sebanyak penyakit menular lainnya.
Salah

Sumber: 
Instagram.com
Whatsapp Hotline: 0896-8006-0088
Kalimasada: 0859-2160-0500",0,kesehatan,turnbackhoax.id,2026-05-20
tbh-2241008745,"[SALAH] Vaksin Campak Sebabkan Autisme Anak Kesehatan
19/05/2026
Mafindo
Akun Facebook “Senja Kelana” pada Rabu (22/12/2025) mengunggah gambar [arsip] dengan narasi:
“VAKSIN CAMPAK BERAKIBAT AUTIS JANGAN SALAHKAN ALLOH SWT DENGAN MENGATAKAN.. ""SUDAH TAKDIR..!"",
SEBAB KALIAN DIBERI OTAK/ AKAL OLEH ALLOH TA'ALA UNTUK BERTANYA, ""APA SAJA JEROAN VAKSIN YG AKAN DISUNTIKKAN KE DALAM ANAKKU..??!!""
Terlanjur divaksin? TAUBATLAH..!!!!
CEPAT Keluarkan Zat-zat Laknat Vaksin / imunisasinya dengan cara 3in1 Langsung Bersamaan Dengan izin Alloh SWT. SEBELUM TERLAMBAT..!
Per Selasa (19/5/2026) unggahan tersebut sudah ditonton 481 kali, disukai 19  kali, dibagikan 10 kali dan menuai 1 komentar.
TurnBackHoax lalu memasukkan kata kunci “vaksin campak sebabkan autisme anak” ke mesin pencarian Google. Hasil penelusuran mengarah ke sejumlah artikel dan berita, antara lain.
Berita antaranews.com “Vaksin campak sebabkan autisme pada anak” yang tayang pada Senin (11/5/2026). Berita ini melaporkan bahwa vaksin MMR berfungsi melindungi anak dari tiga penyakit menular, yaitu campak (measles), gondong (mumps), dan rubella (campak Jerman). Penyakit-penyakit tersebut dapat menimbulkan komplikasi serius jika tidak dicegah melalui imunisasi.
Berita tirto.id “Vaksin MMR Sebabkan Autisme pada Anak” yang tayang pada Jumat (1/5/2026). Berita ini melaporkan bahwa vaksin MMR menyebabkan autisme tidak didukung bukti ilmiah. Berbagai penelitian tidak menemukan hubungan antara vaksin MMR dan gangguan spektrum autisme (ASD). Klaim tersebut berasal dari studi Andrew Wakefield tahun 1998 yang telah ditarik karena masalah etik dan data yang tidak valid.
Sepanjang penelusuran, tidak ditemukan informasi dari sumber kredibel yang membenarkan klaim “Vaksin Campak sebabkan Autisme Anak”.
Salah

Sumber: 
https://web.facebook.com/share/r/1HmQdcdMbN/?mibextid=wwXIfr
Whatsapp Hotline: 0896-8006-0088
Kalimasada: 0859-2160-0500",0,kesehatan,turnbackhoax.id,2026-05-19
tbh-2867745016,"[SALAH] Jahe, Kunyit, Kencur, dan Serai Bersihkan Paru-Paru dari Asap Rokok Kesehatan
18/05/2026
Mafindo
Akun Facebook “Dewi Tips” pada Kamis, (16/04/2026) mengunggah video [arsip] yang menunjukkan cara membersihkan paru-paru dari lendir, asap rokok ,debu dan polusi yang menempel, unggahan itu disertai dengan narasi sebagai berikut:
bersihkan paru-paru dari lendir, asap rokok ,debu dan polusi yang menempel selama ini #tips #tutorial #kesehatan #health #medical
Hingga artikel ini diterbitkan unggahan tersebut telah diputar lebih dar 33 ribu tayangan, mendapatkan 543 reaksi, lebih dari 11 interaksi komentar, dan dibagikan ulang sebanyak 91 kali.
Tim Pemeriksa Fakta Mafindo (TurnBackHoax) menelusuri informasi tersebut melalui mesin pencari Google. Hasil penelusuran mengarah pada sejumlah artikel kesehatan dan publikasi ilmiah yang membahas manfaat bahan tersebut terhadap kesehatan tubuh dan saluran pernapasan.
Jahe, kunyit, dan bawang putih memang memiliki kandungan antioksidan dan sifat antiinflamasi yang dapat membantu mengurangi peradangan atau mendukung kesehatan paru-paru, namun tidak ada bukti ilmiah yang menyatakan bahan-bahan tersebut mampu secara langsung “membersihkan” paru-paru dari asap rokok, lendir, maupun debu.
Artikel pemeriksaan fakta yang dimuat THIP Media juga menjelaskan bahwa paru-paru memiliki mekanisme alami untuk membersihkan partikel asing melalui silia dan lendir. Proses tersebut tidak dapat digantikan atau dipulihkan hanya dengan mengonsumsi ramuan herbal tertentu.
Salah

Sumber: 
https://arsip.cekfakta.com/archive/1778680058.426865/index.html
Whatsapp Hotline: 0896-8006-0088
Kalimasada: 0859-2160-0500",0,kesehatan,turnbackhoax.id,2026-05-18
tbh-3744999250,"[SALAH] PCR Itu Penipuan untuk Ciptakan Ilusi Keberadaan Virus Kesehatan
06/05/2026
Mafindo
Beredar unggahan foto [arsip] dari akun Instagram “navious88” pada Senin (16/3/2026). Unggahan beserta narasi :
“Dr. Michael Yeadon. PhD berkata bahwa alat Pcr adalah suatu alat penipuan saat copet 19 utk menjalankan propaganda ketakutan”
Hingga Rabu (6/5/2026) unggahan telah mendapatkan 50-an tanda suka dan telah dibagikan ulang 14 kali.
Disadur dari artikel Cek Fakta tempo.co.
Michael Yeadon adalah mantan Wakil Presiden sekaligus Kepala Ilmuwan unit alergi dan pernapasan di Pfizer hingga 2011. Dalam beberapa tahun terakhir, ia dikenal menyebarkan pandangan kontroversial terkait pandemi Covid-19 yang kerap dibantah oleh komunitas ilmiah.
Pakar epidemiologi Universitas Airlangga, Windhu Purnomo, menilai klaim dalam video yang menyebut tes PCR sebagai alat penipuan bertentangan dengan konsensus ilmiah global. Ia menegaskan PCR hingga kini tetap menjadi standar emas dalam diagnosis molekuler Covid-19. Meski tidak dirancang untuk mengukur tingkat penularan, Windhu menyebut hasil PCR tetap valid untuk mendeteksi infeksi.
Selama pandemi, terdapat tiga metode utama untuk mendeteksi Covid-19, yakni PCR, rapid antigen dan rapid antibodi, yang masing-masing menggunakan jenis sampel berbeda.
Direktur Laboratorium Diagnostik Molekuler University of Minnesota Sophia Yohe, menyebut tes PCR memiliki akurasi analitik sangat tinggi dan spesifitas mendekati 100%. Namun, dalam praktik klinis, sensitivitasnya dapat bervariasi, sekitar 80%, tergantung faktor seperti waktu dan teknik pengambilan sampel serta jumlah virus dalam tubuh.
Salah

Sumber: 
https://www.instagram.com/reels/DXQebuhj9GI/
https://arsip.cekfakta.com/archive/1777891883.839504/index.html
Whatsapp Hotline: 0896-8006-0088
Kalimasada: 0859-2160-0500",0,kesehatan,turnbackhoax.id,2026-05-06
tbh-448202411,"[SALAH] Ikan Lele Jadi Penyebab Gagal Ginjal Kronis Kesehatan
30/04/2026
Mafindo
Beredar unggahan video [arsip] dari akun X “AnakLolina2” pada Sabtu (15/4/2026).  Unggahan beserta narasi :
“Informasi menarik nih gaes...
Buat kalian yang suka makan ikan lele mulai sekarang hati-hati ya. BPJS perna mengumumkan kalau mereka membayar tagihan untuk pasien gagal ginjal sebesar 11 T.
Dari sekian banyak kasus, ikan lele berkontribusi sebagai penyebab dari munculnya kasus gagal ginjal itu sendiri.”
Hingga Kamis (30/4/2026) unggahan telah mendapatkan 2.800 tanda suka, 300-an komentar dan telah dibagikan ulang 980-an kali.
Tim Pemeriksa Fakta Mafindo (TurnBackHoax) memasukkan kata kunci “BPJS gagal ginjal 11 triliun ikan lele” ke mesin pencarian Google. Hasil pencarian mengarah ke pemberitaan Kompas.com berjudul “Klaim Gagal Ginjal Kronis dengan BPJS Kesehatan Disebut Naik Pesat, Apa Penyebabnya?” yang terbit pada Kamis (3/7/2025).
Dalam pemberitaan tersebut, Kepala Humas BPJS Kesehatan Rizzky Anugerah membenarkan pembiayaan perawatan penyakit gagal ginjal kronis mencapai Rp11 triliun pada 2024, meningkat dari Rp10 triliun pada 2023. Namun, kenaikan biaya tersebut terjadi karena bertambahnya peserta JKN, akses layanan kesehatan yang semakin luas, kenaikan tarif rumah sakit, serta harga obat-obatan.
Peneliti ikan air tawar dari BRIN, Haryono, membantah anggapan bahwa seluruh ikan lele disuntik antibiotik. Ia menjelaskan, dalam budidaya ikan lele tidak selalu menggunakan antibiotik, terutama pada peternak skala rumah tangga. Jika pun diperlukan, pemberian antibiotik pada ikan budidaya umumnya dilakukan secara kelompok melalui pakan (in-feed administration), bukan dengan cara disuntik satu persatu ke ikan. Hal ini sejalan dengan ASEAN Guidelines for the Prudent Use of Antimicrobials in Aquaculture.
Dikutip dari National Kidney Foundation, gagal ginjal kronis umumnya disebabkan oleh penyakit seperti diabetes dan tekanan darah tinggi (hipertensi), bukan oleh satu jenis makanan tertentu seperti ikan lele. Sepanjang penelusuran, tidak ditemukan pernyataan resmi dari BPJS Kesehatan maupun lembaga ilmiah yang menyebut konsumsi ikan lele sebagai penyebab gagal ginjal di Indonesia.
Salah

Sumber: 
https://x.com/i/status/2044362957023580665
https://arsip.cekfakta.com/archive/1777358709.05234/index.html
Whatsapp Hotline: 0896-8006-0088
Kalimasada: 0859-2160-0500",0,kesehatan,turnbackhoax.id,2026-04-30
tbh-3674716774,"[SALAH] Mencium Kucing Mampu Sebabkan Infeksi Otak Kesehatan
31/03/2026
Mafindo
Beredar unggahan video [arsip] dari akun Facebook “Angkara Messi” pada Senin (9/3/2026). Unggahan beserta narasi :
“Seberapa sering kamu cium kucing sampai otakmu perlahan dibajak parasit? Level 1, kamu gemas mencium hidung kucingmu. Ribuan telur parasit pindah dari bulu halusnya ke bibirmu. Level 2, kamu menelan ludah. Telur itu masuk lambung. Mereka menetas jadi larva ganas. Level 3, sistem imunmu menyerang. Mereka membajak sel darah putihmu. Level 4, mereka sampai di kepala. Menembus sawar darah otak dan bersarang di dalam ruang kendalimu. Level 5, mereka membangun sarang. Bersembunyi di amigdala dan memanipulasi zat kimia otakmu. Level 6, perilakumu berubah. Kamu jadi mudah marah, nekat, dan refleksmu melambat. Hati-hati.”
Disadur dari artikel cek fakta tempo.co.
Tim Cek Fakta Tempo memastikan bahwa penularan toksoplasmosis dari kucing tidak terjadi melalui kontak fisik seperti mencium, melainkan melalui kotoran yang terkontaminasi parasit Toxoplasma gondii.
Dosen Fakultas Kedokteran Hewan Universitas Wijaya Kusuma Surabaya, Siti Gusti Ningrum, menjelaskan bahwa infeksi dapat terjadi jika manusia tidak sengaja menelan parasit dari feses kucing yang terinfeksi. Ia menegaskan, risiko utama infeksi lebih berkaitan dengan gangguan kesehatan reproduksi, bukan otak.
Data dari Cornell University College of Veterinary Medicine menyebutkan, parasit dapat bertahan di lingkungan selama berbulan-bulan setelah keluar bersama kotoran kucing, dan menjadi infektif dalam waktu satu hingga lima hari.
Penularan pada manusia lebih sering terjadi melalui makanan atau tanah yang terkontaminasi. Karena itu, menjaga kebersihan seperti mencuci tangan, menggunakan sarung tangan saat membersihkan kotoran, serta memastikan makanan matang dan bersih menjadi langkah utama pencegahan.
Salah

Sumber: 
https://web.facebook.com/reel/941792911640514
https://archive.ph/wip/nS7p2
Whatsapp Hotline: 0896-8006-0088
Kalimasada: 0859-2160-0500",0,kesehatan,turnbackhoax.id,2026-03-31
tbh-1445390582,"[SALAH] Vaksin BCG atau DPT Memicu Campak pada Bayi Kesehatan
31/03/2026
Mafindo
Beredar unggahan narasi [arsip] dari akun Facebook “Jefri Papahnya Aqiela” pada Sabtu (7/3/2026). Unggahan beserta narasi :
“Semua anak anak yang baru lahir lalu disuntik vaksin BCG rekombinant atau DPT mRNA pada akhirnya akan kena campak walaupun anak itu tidak berkontak fisik dengan orang lain atau tidak berkontak fisik dengan orang yang kena campak,
Mengapa? Karena virus campak nya sudah dimasukkan pada saat baru lahir melalui suntikan vaksin BCG program ambisiusnya menkes bankir ahli nuklir, ingat itu dulu anda jangan lupa dan belagak blo'on, bahkan tidak sedikit dulu bidan dan dokter yang mensuntik vaksin bayi baru lahir tanpa seizin dan sepengetahuan orangtuanya”
Hingga Selasa (31/3/2026) unggahan telah mendapatkan 140 tanda suka, 154 komentar dan telah dibagikan 77 kali.
Disadur dari artikel cek fakta tirto.id.
Informasi yang menyebut vaksin BCG dan DPT mengandung virus campak adalah tidak benar. dr. Andreas Wilson Setiawan, M.Kes, AIFO-K, CBP.Med, Akp menjelaskan vaksin BCG digunakan untuk mencegah tuberkulosis dan mengandung bakteri hidup yang telah dilemahkan, yaitu Mycobacterium bovis. Vaksin ini tidak mengandung virus, termasuk virus campak.
Sementara itu, vaksin DPT diberikan untuk melindungi dari difteri, pertusis, dan tetanus. Kandungannya terdiri atas toksoid difteri, toksoid tetanus, serta komponen bakteri pertusis, sehingga juga tidak mengandung virus campak.
Ia menegaskan bahwa virus campak hanya terdapat pada vaksin khusus, yakni MMR vaccine, yang berfungsi melindungi dari campak, gondongan, dan rubella. Oleh karena itu, klaim bahwa bayi telah “dimasukkan” virus campak sejak lahir melalui vaksin BCG atau DPT tidak memiliki dasar ilmiah.
Lebih lanjut, anggapan bahwa virus dalam vaksin dapat aktif kembali melalui “kode genetik manusia” juga tidak sesuai dengan mekanisme biologis. Virus yang digunakan dalam vaksin telah dilemahkan dan tidak dapat berubah menjadi berbahaya melalui gen manusia.
Pada vaksin berbasis mRNA, mekanismenya berbeda. mRNA hanya berfungsi sebagai instruksi sementara untuk membentuk protein antigen, tidak masuk ke inti sel, serta tidak mengubah DNA manusia. Setelah menjalankan fungsinya, mRNA akan segera dihancurkan oleh enzim dalam sel.
Adapun penularan campak terjadi melalui droplet pernapasan, aerosol, atau kontak dengan cairan saluran napas penderita, dan tidak berkaitan dengan pemberian vaksin DPT. Individu yang belum mendapatkan vaksin campak (MMR) justru memiliki risiko lebih tinggi untuk tertular dan menularkan penyakit tersebut.
Salah

Sumber: 
https://web.facebook.com/jefri.papahnya.aqiela/posts/pfbid0c4TZAmWiTmFTKMgCj1k2VcbdHrhQwfuVSp5V7XedjCb49h1tkHQLQrfhAJbGJbfvl?rdid=xMv58MWws89A1LF6#
https://archive.ph/wip/XIBjG
Whatsapp Hotline: 0896-8006-0088
Kalimasada: 0859-2160-0500",0,kesehatan,turnbackhoax.id,2026-03-31
tbh-1359096428,"[SALAH] China Kembangkan Robot yang Dapat Mengandung Bayi Kesehatan
17/03/2026
Mafindo
Beredar unggahan foto [arsip] dari akun X “KangManto123” pada Senin (26/2/2026). Unggahan beserta narasi :
“ROBOT HAMIL DIKEMBANGKAN DI CHINA, DIKLAIM BISA GANTIKAN PERAN IBU MENGANDUNG”
Hingga Selasa (17/3/2026) unggahan telah mendapatkan 70 tanda suka, 55  komentar dan telah dibagikan ulang 18 kali.
Disadur dari artikel cek fakta Tempo.co.
Hasil penelusuran tim cek fakta tempo menggunakan mesin pencari Google dengan kata kunci “robot hamil Cina”, “gestation robot”, dan “pregnancy robot” menunjukkan bahwa narasi tersebut telah beredar sejak Agustus 2025. Klaim itu menyebut seorang ilmuwan bernama Zhang Qifeng dari Nanyang Technological University (NTU), Singapura, mengembangkan robot kehamilan melalui perusahaannya, Kaiwa Technology, dengan prototipe yang disebut akan siap pada 2026.
Namun, juru bicara Nanyang Technological University menyatakan kepada organisasi pemeriksa fakta Snopes bahwa kampus tersebut tidak memiliki ilmuwan bernama Zhang Qifeng maupun penelitian terkait teknologi robot kehamilan. Pihak universitas juga menegaskan tidak ada lulusan bergelar doktor dengan nama tersebut dari NTU.
Sementara itu, teknologi yang benar-benar sedang dikembangkan oleh para peneliti adalah perangkat rahim buatan untuk membantu bayi prematur. Peneliti di Children’s Hospital of Philadelphia (CHOP) mengembangkan perangkat bernama Extend, yang dirancang sebagai lingkungan luar rahim untuk mendukung perkembangan bayi yang lahir sangat prematur. Perangkat ini menggunakan kantung berisi cairan amnion buatan dan sistem oksigenator eksternal yang berfungsi menggantikan peran plasenta.
Sejauh ini, teknologi tersebut masih berada pada tahap penelitian dan telah diuji pada janin domba. Hasil penelitian pada 2017 menunjukkan janin domba dapat bertahan hingga sekitar satu bulan dalam sistem tersebut dengan perkembangan menyerupai kondisi di dalam rahim. Penelitian serupa juga tengah dikembangkan oleh perusahaan rintisan AquaWomb di Aachen, Jerman, yang merancang wadah khusus berisi cairan ketuban buatan untuk membantu bayi prematur ekstrem. Namun, para peneliti mengakui bahwa teknologi ini masih menghadapi berbagai tantangan ilmiah, terutama dalam meniru fungsi paru-paru bayi prematur secara optimal.
Salah

Sumber: 
https://x.com/KangManto123/status/2026842454499144169
https://archive.ph/wip/ZhIwO
Whatsapp Hotline: 0896-8006-0088
Kalimasada: 0859-2160-0500",0,kesehatan,turnbackhoax.id,2026-03-17
tbh-838452170,"[SALAH] Vaksinasi HPV Bisa Membahayakan Nyawa Anak Kesehatan
04/03/2026
Mafindo
Akun Instagram “singanuswantara” pada Selasa, (17/02/2026) mengunggah video [arsip] yang memuat cuplikan layar artikel Kompas.com yang membahas rencana pemberian vaksin HPV bagi anak laki-laki usia 11 tahun pada 2027. Gambar berita itu kemudian dipadukan dengan video seorang pria yang menyatakan penolakan terhadap vaksin. Pemilik akun juga menarasikan bahwa Indonesia disebut-sebut menjadi negara pertama yang dijadikan lokasi uji coba vaksin kanker dan TBC. Video itu disertai dengan narasi sebagai berikut:
Wahai Rakyat Indonesia,, masihkah kalian tertidur ?! Buka Mata Kalian ...
Mari berjuang bersama selamatkan bangsa ini 🙏🇮🇩 Panjang umur perjuangan seluruh Patriot Pembela Bangsa @pongrekundharma88 @siti_fadilah_supari
@babehmpr101
(narasi lanjutan pada penjelasan periksa fakta)
Hingga artikel ini tayang, unggahan tersebut telah mendapatkan lebih dari 33.000 tayangan, disukai oleh 2.225 akun, dan mendapatkan 264 interaksi komentar.
Tim Pemeriksa Fakta Mafindo (TurnBackHoax) menelusuri klaim yang menyebut Indonesia menjadi negara uji coba vaksin kanker dan TBC dengan mengaitkannya pada rencana pemberian vaksin HPV untuk anak laki-laki usia 11 tahun pada 2027. Hasil penelusuran tidak menemukan sumber kredibel yang membenarkan narasi tersebut. Laporan Kompas.com yang dipakai dalam tangkapan layar itu menyebutkan bahwa pemberian vaksinasi HPV pada anak laki-laki bertujuan memperluas perlindungan terhadap penularan virus penyebab utama kanker leher rahim, bukan sebagai uji coba berbahaya.
Video seorang pria yang diklaim menolak vaksin HPV juga tidak relevan. Penelusuran menunjukkan rekaman tersebut adalah aksi protes terhadap kebijakan vaksin Covid-19 di depan Kementerian Kesehatan pada 27 Januari 2022, yang sebelumnya ditayangkan oleh iNews dan RCTI. Dengan demikian, klip itu tidak berkaitan dengan program vaksinasi HPV.
Keterangan dari para ahli yang dimuat Tempo.co menjelaskan bahwa vaksin HPV telah melalui tahapan riset panjang, mulai dari uji praklinis hingga uji klinis fase satu sampai empat. Vaksin ini telah disetujui sejak 2006 oleh WHO, European Medicines Agency, dan FDA Amerika Serikat, serta digunakan di lebih dari 125 negara, sehingga bukan produk eksperimental.
Berbagai studi internasional juga menunjukkan vaksin HPV efektif menurunkan infeksi dan risiko kanker serviks secara signifikan. Pemberian pada anak usia 9–13 tahun dilakukan karena respons imun pada usia tersebut lebih optimal. Klaim bahwa vaksin HPV merupakan uji coba yang membahayakan tidak didukung bukti ilmiah dan bersifat menyesatkan.
(lanjutan narasi)Jangan jadikan generasi anak bangsa menjadi Kelinci Percobaan ? @kemenkes_ri
Jangan bermain-main dengan NYAWA RAKYAT INDONESIA ❗❗❗
Ingat, menkes Budi Gunadi Sadikin sudah tanda tangan kontrak dgn Bi// Gates utk mentransformasikan kesehatan rakyat Indonesia tanpa seizin kita rakyat. (Peraturan 1341 thn 2022).
Kesimpulan

                        Klaim bahwa Indonesia menjadi negara uji coba vaksin kanke",0,kesehatan,turnbackhoax.id,2026-03-04
tbh-1174812760,"[SALAH] Video ""Pembuatan Telur Sintetis"" Kesehatan
12/02/2026
Mafindo
Beredar unggahan video [arsip] dari akun X “FaGtng” pada Selasa (3/2/2026). Unggahan beserta narasi :
“Pagi lur...., Waspada dengn makanan apa pun , telur saja bisa di buat manusia dengan hasil yang sama.
Ya Allah.., Ngeri zaman canggih , mana buatan Allah dan mana buatan manusia kita sulit membedakannya.”
Hingga Kamis (12/2/2026) unggahan telah mendapatkan 535 tanda suka, 97 komentar dan telah dibagikan ulang 286 kali.
Tim Pemeriksa Fakta Mafindo (TurnBackHoax) menelusuri video tersebut dengan memanfaatkan Google Lens. Hasil penelusuran menunjukkan bahwa potongan video pertama yang memperlihatkan proses pengawetan telur diketahui merupakan pembuatan century egg atau telur seribu tahun, yakni metode kuliner tradisional Tiongkok yang mengawetkan telur dengan campuran tanah liat, abu, garam, kapur tohor, dan sekam padi. Proses serupa dapat ditemukan pada unggahan kanal YouTube The Food Ranger Show berjudul “Thousand Year Old Egg” pada Jumat (4/10/2024).
Potongan video kedua yang memperlihatkan telur bercangkang transparan merupakan proses pembuatan mainan menyerupai telur, bukan telur sintetis untuk konsumsi. Klaim serupa telah dibantah sejumlah media berbahasa Mandarin, seperti Sohu.com dan Sina.cn sejak April 2017.
Sementara itu, potongan video ketiga yang memperlihatkan mesin pemilahan dan pengepakan telur merupakan aktivitas pabrik peternakan unggas. Proses serupa pernah dimuat oleh sejumlah situs luar negeri pada 2018 serta dapat ditemukan pada unggahan kanal YouTube Egg Machine dan Dyno Conveyors.
Adapun potongan video keempat yang menampilkan telur kenyal pecah saat ditekan merupakan mainan berbentuk egg squishy atau egg splat ball. Mainan ini banyak dijual di berbagai platform e-commerce dan pernah diunggah akun YouTube Sharo_movie pada 2021.
Salah

Sumber: 
https://x.com/FaGtng/status/2018470082805166451
https://archive.ph/wip/LEm6S
Whatsapp Hotline: 0896-8006-0088
Kalimasada: 0859-2160-0500",0,kesehatan,turnbackhoax.id,2026-02-12
tbh-2595262759,"[SALAH] Daftar Barang Rumah Tangga Pemicu Kanker Kesehatan
10/02/2026
Mafindo
Beredar unggahan foto [arsip] dari akun Instagram “rumpi_gosip” pada Kamis (29/1/2026). Unggahan beserta narasi :
“Wajib Dicatat! Ternyata Barang yang Biasa Dipakai di Rumah Bisa Menjadi Penyebab K4nk3r: Pembersih-Pengharum Ruangan, Tempat Makanan Plastik, Peralatan Masak Anti Lengket, Talenan Plastik, Makanan Kaleng, Detergen Tertentu, Obat Nyamuk, Lilin Aromaterapi dst”
Hingga Selasa (10/2/2026) unggahan telah mendapatkan 2.700 tanda suka dan 106 komentar.
Disadur dari artikel Cek Fakta tempo.co.
Tempo memverifikasi klaim mengenai peralatan rumah tangga sebagai pemicu kanker dengan mewawancarai dokter spesialis onkologi serta merujuk sejumlah sumber terpercaya. Hasil penelusuran menunjukkan bahwa tidak semua peralatan rumah tangga mengandung zat karsinogenik. Selain itu, tingkat paparan dari penggunaan sehari-hari umumnya rendah sehingga belum terbukti kuat sebagai penyebab kanker.
Dokter spesialis bedah onkologi Fakultas Kedokteran Universitas Airlangga (FK Unair), dr. Asdi Wihandono, menjelaskan bahwa faktor utama pemicu kanker pada manusia meliputi infeksi virus seperti HPV dan hepatitis, gaya hidup tidak sehat seperti merokok dan konsumsi alkohol, obesitas, kurang aktivitas fisik, paparan radiasi, serta polusi udara. Ia juga menyebut paparan zat karsinogenik seperti asbes, benzena, formaldehida, dan asap rokok sebagai faktor risiko yang telah diakui secara ilmiah.
Terkait peralatan rumah tangga, Asdi menjelaskan bahwa wadah plastik, peralatan masak anti lengket, makanan kaleng, pengharum ruangan, hingga obat nyamuk memang dapat mengandung bahan kimia tertentu. Namun, dalam penggunaan normal sesuai aturan, paparan zat tersebut sangat rendah dan hubungan langsungnya dengan kanker pada manusia belum terbukti kuat.
Dengan demikian, klaim yang menyebut peralatan rumah tangga sebagai penyebab utama kanker tidak didukung bukti ilmiah yang memadai. Faktor risiko terbesar kanker masih berkaitan dengan gaya hidup, lingkungan, serta paparan zat karsinogenik yang signifikan, terutama rokok.
Salah

Sumber: 
https://www.instagram.com/p/DUFHq8fD3wk
https://archive.ph/3qeUy
Whatsapp Hotline: 0896-8006-0088
Kalimasada: 0859-2160-0500",0,kesehatan,turnbackhoax.id,2026-02-10
tbh-981947414,"[SALAH] Es Kue Jadul berbahan Spons di Kemayoran Kesehatan
02/02/2026
Mafindo
Akun Tiktok “info.kemayoran” pada Minggu (25/1/2026) mengunggah video [arsip] dengan narasi:
“Seorang warga menemukan jajanan jadul berupa es kue yang terbuat dari bahan spons di wilayah Utan Panjang 3 RT 10/05, Kemayoran, Jakarta Pusat, pada Sabtu (24/01).
Penemuan tersebut sempat menarik perhatian warga sekitar karena bentuknya menyerupai jajanan anak-anak tempo dulu. Hingga saat ini belum diketahui asal-usul jajanan tersebut.
Warga diimbau untuk lebih berhati-hati dan memastikan keamanan jajanan sebelum dikonsumsi, khususnya oleh anak-anak.”
Per Senin (2/2/2026) video itu sudah ditonton 1.6 juta kali, disukai 14 ribu kali, dibagikan 9.227 kali dan menuai komentar 2.044 kali.
Tim Pemeriksa Fakta Mafindo (TurnBackHoax) menelusuri kebenaran klaim dengan memasukkan kata kunci “Es Kue Jadul berbahan Spons di Kemayoran” ke mesin pencari Google,  ditemukan informasi bantahan dari Kompas.com dengan judul artikel “Polisi Ungkap Hasil Lab Sampel Es Gabus Diduga Berbahan Spons di Kemayoran” pada Minggu (25/1/2026).
Tim Pemeriksa Fakta Mafindo (TurnBackHoax) menelusuri lebih lanjut kebenaran klaim tersebut bahwasanya hasil pengecekan Tim DOKKES DOKPOL Polda Metro Jaya, seluruh sampel makanan layak dikonsumsi dan tidak mengandung zat berbahaya maupun spons PU Foam, sesuai isu yang sempat beredar.
Melansir dari Kompas.com, untuk memastikan hasil yang lebih ilmiah, sampel juga dikirim ke Dinas Kesehatan dan Laboratorium Forensik Polri. Selain itu, penyelidikan menelusuri tempat pembuatan es di Depok. Hasil pemeriksaan menunjukkan tidak ada penggunaan bahan berbahaya maupun spons PU Foam, sesuai isu yang sempat beredar.
Salah

Sumber: 
https://www.tiktok.com/@info.kemayoran/video/7598900758590786836?_r=1&_t=ZS-93O5ytwImy9
Whatsapp Hotline: 0896-8006-0088
Kalimasada: 0859-2160-0500",0,kesehatan,turnbackhoax.id,2026-02-02
tbh-1135760690,"[SALAH] Frekuensi Rife 5000 Hz Mampu Atasi Alergi, Pilek, dan Infeksi Sinus Kesehatan
28/01/2026
Mafindo
Akun TikTok “mh_careindonesia” pada Jum’at (23/11/2023) mengunggah video [arsip] dengan narasi sebagai berikut:
Frekuensi Rife 5000 Hz untuk Mengatasi Alergi dan Pilek - Sound Therapy Healing
Temukan cara mengatasi alergi, pilek, dan infeksi sinus dengan frekuensi suara 5000 Hz. Gunakan untuk periode singkat
Hingga artikel ini tayang, unggahan tersebut telah diputar lebih dari 26 juta kali, 1,2 juta suka, 16.400 interaksi komentar, 487 ribu disimpan, dan 53 ribu dibagikan ulang.
Tim Pemeriksa Fakta Mafindo (TurnBackHoax) menelusuri klaim ini dengan mencari referensi ilmiah dan penjelasan medis mengenai penggunaan frekuensi suara untuk mengatasi kondisi kesehatan seperti alergi, pilek, dan infeksi sinus.
Sebelumnya, tim Pemeriksa Fakta Mafindo (TurnbackHoax) pernah mengulas informasi mengenai penyembuhan penyakit melalui frekuensi dalam judul “[SALAH] Nikola Tesla Menyatakan Bahwa Frekuensi Suara dapat Menyembuhkan Penyakit”
Lembaga kesehatan seperti NHS (National Health Service) menjelaskan bahwa penanganan sinusitis dan alergi meliputi penggunaan antihistamin, dekongestan, semprotan hidung, antibiotik (jika disebabkan bakteri), serta perawatan medis sesuai diagnosis dokter. Tidak ada satu pun rekomendasi medis resmi yang menyebut penggunaan terapi suara atau frekuensi tertentu sebagai metode pengobatan.
Sebuah studi berjudul “The effect of auditory stimulation using delta binaural beat for a better sleep and post-sleep mood: A pilot study” menunjukkan bahwa stimulasi suara dapat membantu relaksasi serta meningkatkan kualitas tidur dan suasana hati. Namun, penelitian tersebut tidak membuktikan bahwa frekuensi suara tertentu dapat menyembuhkan penyakit atau memperbaiki kondisi fisik tubuh. Bukti ilmiah yang ada masih terbatas, sehingga musik atau suara tidak dapat dijadikan pengganti pengobatan atau terapi medis berbasis bukti.
Salah

Sumber: 
https://archive.ph/V0pKJ
Whatsapp Hotline: 0896-8006-0088
Kalimasada: 0859-2160-0500",0,kesehatan,turnbackhoax.id,2026-01-28
tbh-890923041,"[SALAH] Tolak Angin Mengandung Bahan Kimia yang Dapat Merusak Lambung Kesehatan
22/01/2026
Mafindo
Akun X “DS_yantie” pada sabtu (17/1/2026) mengunggah video [arsip] dengan narasi:
Nemu di TokTok! Hati2 yang punya GERD.
Ternyata Tolak Angin itu mengandung Daun Cengkeh (Eugenol) yang biasa dipake buat obat nyeri otot gosok, pemakaian luar Pantes kadang bikin lambung rasanya kayak kebakar!
Per Kamis (20/22/2026) video itu sudah ditonton 2,7 juta kali disukai 2.083 kali, dibagikan 378 kali dan menuai komentar 1.245 kali.
﻿Tim Pemeriksa Fakta Mafindo (TurnBackHoax) menelusuri kebenaran klaim dengan memasukkan kata kunci “Tolak Angin mengandung bahan kimia yang dapat merusak lambung” ke mesin pencari Google, Tidak ditemukan informasi dari laman berita kredibel atau akun resmi pemerintahan yang membenarkan klaim tersebut.
TurnBackHoax menelusuri kebenaran lebih lanjut. Diketahui, klaim Tolak Angin mengandung daun cengkeh yang berbahaya dan dapat merusak lambung adalah tidak benar. Daun cengkeh merupakan salah satu bahan alami dalam Tolak Angin yang justru berkhasiat untuk mengatasi masalah pencernaan.
Melansir dari suaramerdeka.com Direktur PT Industri Jamu dan Farmasi Sido Muncul saat itu, Irwan Hidayat, memastikan produk Tolak Angin Sido Muncul tidak mengandung senyawa etilen dan glikol yang diduga sebagai penyebab gagal ginjal akut.
Sampai saat ini BPOM memastikan produk Tolak Angin aman dikonsumsi, menegaskan bahwa produk ini adalah jamu herbal terstandar yang diproduksi dengan standar ketat (CPOTB) dan tidak mengandung zat berbahaya seperti EG/DEG.
Salah

Sumber: 
https://x.com/i/status/2012496546412306824
Whatsapp Hotline: 0896-8006-0088
Kalimasada: 0859-2160-0500",0,kesehatan,turnbackhoax.id,2026-01-22
tbh-2803775693,"[SALAH] Chemtrails di Langit Bekasi Dan Jawa Barat diklaim Sebagai Cuaca dan Penyakit Buatan Kesehatan
20/01/2026
Mafindo
Akun Instagram “infocibitung” pada Sabtu (17/01/2026) mengunggah video [arsip] dengan narasi sebagai berikut:
🚨TONTON SAMPAI HABIS DAN BACA SAMPAI HABIS 🚨
Cuaca Buatan dan “Sakit Buatan” kini bukan lagi sekadar rumor. Setelah beberapa hari terakhir dilaporkan melintasi berbagai Wilayah di Jawa Barat, pagi ini pukul 08:00 WIB, pesawat misterius tersebut kembali menampakkan diri di langit Bekasi, meninggalkan jejak putih panjang yang menutup cakrawala.
✈️? terpantau melintas rendah dan meninggalkan jejak putih panjang (chemtrails) yang tidak kunjung hilang. Fenomena ini diduga kuat bukan sekadar uap air biasa, melainkan penyemprotan bahan kimia berbahaya secara sengaja! ✈️⚠️
? Teror Berulang di Langit Jawa Barat
Warga di beberapa wilayah Jawa Barat melaporkan bahwa intensitas kemunculan pesawat ini semakin sering. Polanya selalu sama: pesawat melintas, meninggalkan jejak kimia (chemtrails), lalu disusul dengan hujan buatan yang membawa dampak buruk bagi kesehatan.
? Dampak Nyata: “Sakit Berjamaah”
Efek dari penyemprotan bahan kimia ini mulai memakan korban. Hujan yang turun bukan membawa berkah, melainkan membawa zat berbahaya yang merusak imun tubuh.
Laporan Gejala:
Mata Perih: Air hujan yang mengenai mata terasa sangat menyengat, seperti mengandung zat asam. Sakit Buatan: Lonjakan kasus batuk, pilek, radang tenggorokan, dan demam tinggi terjadi secara mendadak tepat setelah hujan turun. Kulit Gatal: Beberapa warga mengeluhkan iritasi kulit setelah terpapar rintik hujan.
? Banyak pihak menduga ini adalah aksi manipulasi cuaca jahat atau eksperimen biologi yang sengaja menargetkan populasi di wilayah padat penduduk seperti Jawa Barat. Bahan kimia yang disemprotkan diduga kuat mengandung zat yang memicu gangguan pernapasan massal.
“Bukan cuma sekali, belakangan ini sering banget lewat. Habis itu pasti orang serumah langsung pada tumbang kena batuk pilek,” ungkap salah satu warga Bekasi di media sosial.
Video tersebut menampilkan Dharma Pongrekun sebagai narasumber. Namun, klaim yang disampaikan dalam video tidak didukung oleh sumber resmi, data yang dapat diverifikasi, maupun bukti ilmiah yang kredibel. Nama Dharma Pongrekun beberapa kali menyampaikan pernyataan yang memuat untuk memperkuat narasi konspiratif, terutama soal kesehatan, pandemi, dan agenda global.
Hingga artikel ini tayang, unggahan tersebut telah diputar lebih dari 158 ribu kali, 236 interaksi komentar, 536 dibagikan ulang, dan 843 disimpan.
Sebelumnya informasi serupa pernah diulas oleh Tim Pemeriksa Fakta Mafindo dalam judul “[SALAH] Chemtrails Penyebar Virus Penyakit Muncul di Langit Pantura” tayang Senin, (19/07/2021).
Istilah chemtrail merupakan teori konspirasi yang mulai beredar sejak 1990-an dan hingga kini tidak pernah terbukti secara ilmiah. Fenomena garis putih di langit yang sering diklaim sebagai chemtrail sebenarnya adalah contrail (condensation trail), yaitu jejak kondensasi uap air yang membeku menjadi kristal es akibat perbedaan suhu dan ",0,kesehatan,turnbackhoax.id,2026-01-20
tbh-4256612574,"[SALAH] Kebutaan Disebabkan Penggunaan HP di Ruangan Gelap dan Diletakkan di Dekat Kepala Kesehatan
16/01/2026
Mafindo
Akun Instagram “pikology” pada Senin (12/01/2026) mengunggah video [arsip] seorang perempuan menceritakan bahwa ia mengalami gangguan penglihatan yang berujung pada kebutaan, yang menurut pengakuannya disebabkan oleh kebiasaan menggunakan ponsel di ruangan gelap serta meletakkannya terlalu dekat dengan kepala.
Hingga artikel ini tayang, unggahan tersebut telah ditonton sebanyak 612 ribu kali, 336 interaksi komentar, dan 1.113 dibagikan ulang.
Tim Pemeriksa Fakta Mafindo (TurnBackHoax) coba melakukan penelusuran atas informasi penyebab gangguan penglihatan yang terjadi akibat penggunaan ponsel di ruangan gelap. Hasilnya, ditemukan ulasan serupa yang ditulis pada website Alodokter.
Penggunaan handphone secara berlebihan dalam kondisi minim cahaya memang dapat menimbulkan gangguan kesehatan mata, seperti computer vision syndrome dengan gejala mata lelah, penglihatan kabur, mata merah, mata kering, hingga sakit kepala.
Selain itu, kebiasaan menatap layar ponsel sebelum tidur berisiko mempercepat degenerasi makula yang dapat menurunkan kualitas penglihatan, namun tidak menyebabkan kebutaan permanen. Mengutip dari artikel yang ditulis oleh Media Indoensia, resiko kebutaan permanen umumnya berkaitan dengan penyakit seperti glaukoma, diabetes, degenerasi makula berat, atau cedera fisik, bukan semata-mata akibat penggunaan handphone.
Salah

Sumber: 
https://archive.ph/BiuP8
Whatsapp Hotline: 0896-8006-0088
Kalimasada: 0859-2160-0500",0,kesehatan,turnbackhoax.id,2026-01-16
tbh-4255876570,"[SALAH] Hasil Uji Laboratorium Sinkhole di Sumbar dengan pH Air 8,4 Kesehatan
13/01/2026
Mafindo
Akun TikTok “sumbar.60.detik” pada Jum’at (09/01/2026) mengunggah video [arsip] yang menyebutkan hasil uji laboratorium dari air yang diambil dari sinkhole yang terjadi di Sumatera Barat, dengan narasi sebagai berikut:
Hasil uji labor sumber air sinkhole di Situjuah Batua, 50 Kota, PH-airnya 8,4. Ini kategori air minum sehat. Air Zam-Zam saja PH-nya cuma 7,9-8,0. Air mineral kemasan merek² terkenal saja PH airnya cuma 7,6. Artinya, air yang muncul dari sinkhole ini adalah ""harta karun"". Berkah yang harus dikelola dam dimanfaatkan sebaik mungkin.#fypage #fypシ゚viral🖤tiktok #sumbarrancak #50kota #galodosumbar
Air Sinkhole Situjuah Batua: Harta Karun Minum Sehat
Temukan kelebihan air sinkhole Situjuah Batua dengan pH 8,4, lebih sehat dari Zam-Zam! Pelajari lebih lanjut tentang manfaatnya. #fypage #sumbarrancak #50kota
Keywords: Air sinkhole dengan pH 8,4, Air minum sehat di Sumatera Barat, Kelebihan air sinkhole Situjuah, Perbandingan pH air mineral, Manfaat air sinkhole untuk kesehatan, Harta karun air bersih, Air mineral terbaik di 50 Kota, Air sinkhole sebagai sumber mata air, Penelitian kualitas air di Situjuah, Air mineral dan pH
Hingga artikel ini tayang, unggahan tersebut telah diputar lebih dari 624 ribu kali, 3.824 suka, 791 interaksi komentar, dan 422 disimpan.
Tim Pemeriksa Fakta Mafindo (TurnBackHoax) menelusuri keterangan tersebut dengan menggunakan kata kunci “hasil lab air sinkhole di Sumbar” pada pencarian Google. Hasil penelusuran ditemukan artikel yang diulas oleh Sumbakita.id yang tayang pada Minggu, (11/01/26).
Dalam keteranganya, Sekretaris Dinas Kesehatan Limapuluh Kota, Deni Hendra Suryadi, menyatakan air yang keluar dari lubang sinkhole di Jorong Tepi, Nagari Situjuah Batua, Kecamatan Situjuah Limo Nagari, mengandung bakteri Escherichia coli dan coliform berdasarkan hasil uji Labkesda Sumatera Barat pada 11 Januari 2026. Dengan temuan tersebut, air sinkhole dinyatakan tidak layak dikonsumsi langsung karena berisiko menyebabkan diare dan gangguan saluran pencernaan. Masyarakat diimbau tidak mempercayai klaim manfaat air sinkhole tanpa dasar ilmiah.
Klaim yang menyebutkan bahwa hasil uji laboratorium menunjukkan pH air sinkhole sebesar 8,4 sehingga dikategorikan sebagai air minum sehat bahkan dibandingkan dengan air Zamzam yang disebut memiliki pH 7,9 - 8,0 bukan informasi yang kredibel dan kurang tepat, karena tidak didukung hasil uji resmi serta mengabaikan temuan adanya bakteri berbahaya pada air tersebut.
Salah

Sumber: 
https://archive.ph/jr6QC
Whatsapp Hotline: 0896-8006-0088
Kalimasada: 0859-2160-0500",0,kesehatan,turnbackhoax.id,2026-01-13
tbh-236316236,"[SALAH] Penerima Vaksin Covid-19 Wajib Menjalani Tes Penyumbatan Darah D-dimer Kesehatan
30/12/2025
Mafindo
Beredar unggahan video [arsip] dari akun Instagram “sastroimam” pada Jumat (5/12/2025) disertai narasi sebagai berikut:
“Yang sudah pernah vaksin covid diwajibkan menjalani tes nomor 5 untuk mengetahui apakah terdapat sumbatan di pembuluh darah. Nama tes tersebut adalah D-Dimer, yang disebut sebagai tes nomor 5 dan diwajibkan bagi bapak ibu yang sudah pernah vaksin covid. Hal ini dikaitkan dengan klaim adanya penelitian terbaru di Lancet yang menyebutkan bahwa 74 persen kasus meninggal mendadak disebabkan oleh vaksin covid. Disebutkan pula bahwa hal tersebut terjadi karena banyak sumbatan, di mana vaksin covid diklaim membuat darah menjadi kental dan menimbulkan daging di pembuluh darah sehingga menyebabkan kematian mendadak. Oleh karena itu, bapak ibu diwajibkan melakukan tes D-Dimer.”
Hingga Selasa (30/12/2025) unggahan telah mendapatkan 4.100 tanda suka dan menuai 500 komentar.
Disadur dari artikel Periksa Fakta tempo.co
Dosen Departemen Ilmu Penyakit Dalam Divisi Alergi-Imunologi Klinik Universitas Airlangga, dr Ari Baskoro, SpPD, K-AI, FINASIM, menjelaskan bahwa vaksin Covid-19, seperti vaksin lainnya, dapat menimbulkan kejadian ikutan pasca imunisasi (KIPI), mulai dari ringan hingga berat, meski kejadiannya sangat jarang.
Salah satu KIPI berat adalah pembekuan darah atau vaccine-induced immune thrombotic thrombocytopenia (VITT), namun kasus ini sangat langka dan umumnya tidak ditemukan pada vaksin berbasis mRNA seperti Pfizer dan Moderna. Secara global, insiden pembekuan darah akibat vaksin Covid-19 hanya sekitar dua hingga 15 kasus per satu juta vaksinasi.
Organisasi Kesehatan Dunia (WHO) dan CDC menegaskan bahwa manfaat vaksin jauh lebih besar dibanding risikonya. Karena itu, masyarakat yang telah divaksin, termasuk penerima AstraZeneca atau Johnson & Johnson, tidak perlu menjalani tes D-dimer secara rutin, sebab risiko penggumpalan darah hanya muncul dalam rentang 4–42 hari pasca-vaksinasi.
Terkait klaim bahwa jurnal Lancet mempublikasikan penelitian tentang 74 persen kematian mendadak akibat vaksin Covid-19, Ari menegaskan informasi tersebut tidak benar. Lancet justru menerbitkan berbagai studi yang menunjukkan efektivitas vaksin dalam mencegah dampak buruk Covid-19. Memang sempat beredar artikel preprint yang mengklaim hal tersebut, namun Lancet menariknya dalam waktu 24 jam karena metodologi penelitian tidak memadai dan belum melalui proses peer-review. Lancet menegaskan bahwa temuan dalam artikel preprint tidak boleh dijadikan dasar pengambilan keputusan klinis maupun kebijakan kesehatan.
Salah

Sumber: 
https://www.instagram.com/p/DR3wjZSEVBR/
https://archive.ph/wip/PfnN8
Whatsapp Hotline: 0896-8006-0088
Kalimasada: 0859-2160-0500",0,kesehatan,turnbackhoax.id,2025-12-30
tbh-530466313,"[SALAH] Wanita Meninggal Dunia Akibat Rabies Cakaran Kucing Kesehatan
29/12/2025
Mafindo
Akun Facebook “Diana Ancha” pada Minggu (21/12/2025) mengunggah foto [arsip] yang menampilkan seorang wanita berbaju kaos abu-abu terbaring dengan busa keluar dari mulutnya, kaki kanan diperban, sementara tangan dan kaki terikat.
Unggahan tersebut disertai narasi kronologi penyebab sakitnya wanita itu. Pengunggah mengklaim bahwa Wanita tersebut terkena rabies akibat cakaran kucing. Berikut narasi lengkapnya :
“.......Dokter menjelaskan dengan suara pelan tapi tegas:
rabies bisa menular dari kucing,dan ketika gejala sudah muncul,tidak ada obat yang bisa menyelamatkan Rina dirawat intensif. Keluarganya hanya bisa menunggu.Beberapa hari kemudian, Rina MD.Semua bermula dari satu cakaran kecil yang dianggap tidak penting.""

Per Senin (29/12/2025) unggahan tersebut telah disukai sebanyak 288 kali, menuai 373 komentar, dan dibagikan ulang 87 kali oleh pengguna Facebook lainnya.
Tim Pemeriksa Fakta Mafindo (TurnBackHoax) memeriksa foto pada unggahan tersebut dengan Google Lens. Penelusuran mengarah ke akun Facebook ""Wish Ko Lang"" yang mengunggah video dengan tagar #BehindTheScenes #WishKoLang:""Rabies"". Video tersebut serupa dengan unggahan akun facebook ""Diana Ancha"".
Wish ko lang merupakan serial TV Filipina yang dalam salah satu episodenya berjudul ""rabies"". Serial ini rencana akan tayang pada Januari 2026.
TurnBackHoax kemudian menelusuri resiko penularan rabies lewat cakaran kucing. Berdasarkan publikasi ipb.ac.id, dr. Trisni Untara Dewi (dosen Fakultas Kesehatan IPB University) menjelaskan bahwa cakaran kucing hanya dapat menularkan rabies jika luka terbuka terkena air liur hewan yang terinfeksi, bukan sekedar cakaran biasa.
Salah

Sumber: 
https://www.facebook.com/story.php?story_fbid=25267411862900317&id=100001745544342&rdid=uW2K1XAuC3z7NqiO#
Whatsapp Hotline: 0896-8006-0088
Kalimasada: 0859-2160-0500",0,kesehatan,turnbackhoax.id,2025-12-29
tbh-2094709496,"[SALAH] BPJS Kesehatan Ingin Ajukan Kenaikan Tarif 50% Kesehatan
01/12/2025
Mafindo
Beredar video [arsip] dari akun Facebook “Novy Iman” pada Kamis (23/10/2025) berisi narasi:
“BPJS INGIN AJUKAN KENAIKAN TARIF BAYAR BULANAN 50%”
Prof. Dr. Ali Ghufron Mukti selaku Direktur Utama Program Kesehatan BPJS,
Ajukan Penaikan Prabayar BPJS ke Presiden.
Pasalnya BPJS sangat2 di rugikan oleh Masyarakat
yang hanya ingin berobat gratis”
“Masyarakat: apa2an pak, kami saja tidak dilayani dengan baik ketika berobat
kami di simpan di teras rumah sakit,
bukan di rawat tapi dibiarkan begitu saja,
ada yang sampai meninggal dunia karna tidak dilayani.”
Per Kamis (1/12/2025), konten tersebut sudah ditonton lebih dari 1,5 juta kali, menuai sekitar 11.000-an tanda suka dan 3.700-an komentar, serta dibagikan ulang lebih dari 700 kali.
Tim Pemeriksa Fakta Mafindo (TurnBackHoax) menelusuri kebenaran klaim dengan memasukkan kata kunci “BPJS ingin ajukan kenaikan tarif bayar bulanan 50%” ke mesin pencarian Google. Penelusuran teratas mengarah ke unggahan akun instagram resmi BPJS Kesehatan “bpjskesehatan_ri”, isinya meluruskan klaim tentang kenaikan tarif tersebut. Berikut informasinya:
“Hingga saat ini, tidak ada kenaikan iuran ataupun perubahan regulasi terkait penyesuaian iuran BPJS Kesehatan” tulis “bpjskesehatan_ri”, Senin (3/11/2025).
TurnBackHoax kemudian memasukkan kata kunci “Kenaikan Iuran BPJS Kesehatan Tahun 2026” di mesin pencarian Google. Hasil penelusuran mengarah ke pemberitaan cnbcindonesia.com berjudul “Purbaya Sebut Tak Naik, Cek Iuran BPJS Kesehatan Kelas 1,2,3 Terkini”.
Dalam berita yang tayang Senin (27/10/2025) itu diketahui bahwa Menteri Keuangan Purbaya Yudhi Sadewa memastikan tidak ada kenaikan iuran BPJS Kesehatan pada 2026. Peserta dengan kriteria tertentu bahkan mendapat pemutihan tunggakan, khususnya penerima bantuan iuran (PBI) yang sebelumnya memiliki tunggakan saat masih berstatus peserta mandiri.
Salah

Sumber: 
https://www.facebook.com/share/r/1AEzj2dZyb/
Whatsapp Hotline: 0896-8006-0088
Kalimasada: 0859-2160-0500",0,kesehatan,turnbackhoax.id,2025-12-01
tbh-3927401939,"[SALAH] Pap Smear, Mammogram, & Biopsi Disebut sebagai Penyebab Kanker pada Perempuan Kesehatan
01/12/2025
Mafindo
Akun Instagram ""shelowmitha.gwuissette"" pada Selasa (25/11/2025) mengunggah video [arsip] yang menampilkan seorang promotor kesehatan alternatif asal Australia, Barbara O'Neil saat memberikan edukasi tentang kesehatan.
Unggahan itu disertai dengan narasi :
""ternyata selama ini Kita Di Doctrin melakukan Hal Yg Merugikan Diri Kita sendiri Atas Name Demi Kesehatan..,😡Baca Caption 👇🏼 :
Dear Ladies, kita selalu ditakut-takuti suruh cek ini itu tiap tahun: Mammogram, Pap Smear, Biopsi. Katanya “deteksi dini menyelamatkan nyawa”.
Tim Pemeriksa Fakta Mafindo (TurnBackHoax) menggunakan ChatGPT untuk menelusuri informasi terkait publikasi mengenai Barbara O’Neill.
Hasil penelusuran ditemukan artikel dari hccc.nsw.gov.au berjudul ""Public Statement and Statement of Decision in relation to Mrs Barbara O'Neill"" yang diunggah pada tahun 2019.
Dalam laporan tersebut, Komisi Pengaduan Perawatan Kesehatan NSW (HCCC) menyatakan bahwa Barbara O’Neill menyebarkan klaim kesehatan yang berbahaya, tidak berbasis bukti, serta memberikan nasihat di luar kompetensinya. Akibatnya, ia dijatuhi larangan permanen untuk memberikan layanan kesehatan apa pun
Africacheck.org juga menyatakan bahwa klaim O’Neill mengenai Pap smear, mammogram, dan biopsi sebagai penyebab kanker adalah hoaks. Pap smear terbukti aman dan penting untuk deteksi dini. Dr. Linda Rogers menyoroti bahwa skrining tetap harus dilakukan karena misinformasi semacam ini membahayakan masyarakat.
Salah

Sumber: 
https://www.instagram.com/reel/DRgSwLnkzLU/?igsh=dDk3dHhnbTkzaXVp
Whatsapp Hotline: 0896-8006-0088
Kalimasada: 0859-2160-0500",0,kesehatan,turnbackhoax.id,2025-12-01
tbh-1154211547,"[SALAH] Vaksin PCV Tingkatkan Risiko Pneumonia dan Kematian Kesehatan
19/11/2025
Mafindo
Pada Kamis (23/10/2025) akun Instagram “felix.zulhendri.phd” membagikan foto [arsip] beiris studi kohort Real World Effectiveness of Anti-Pneumococcal Vaccination Against Pneumonia in Adults (Catalonia, 2019). Ia menafsirkan data dua juta orang dewasa dalam studi itu sebagai bukti bahwa vaksin PCV meningkatkan risiko pneumonia dan kematian, serta mempertanyakan efektivitasnya pada anak.
Unggahan disertai narasi :
“Bukan cuma ga efektif. Tapi malahan naikin resiko kena pneumonia dan kemati@n”
Hingga Rabu (19/11/2025) unggahan telah mendapatkan 25.100 tanda suka dan 1.900 komentar.
Disadur dari artikel Cek Fakta tempo.co.
Setelah mewawancarai dokter dan meninjau jurnal kredibel, Tempo menyimpulkan bawa penelitian di Catalonia, Spanyol, memiliki kelemahan metodologis, sehingga hasilnya bias dan tidak berlaku untuk anak-anak.
Penelitian itu menggunakan studi kohort retrospektif—metode observasional yang membandingkan kelompok yang divaksin dan tidak divaksin dalam jangka waktu tertentu. Menurut dr. Ari Baskoro dari Universitas Airlangga, desain kohort bukan metode ideal untuk menilai efektivitas vaksin karena rentan bias, terutama bila karakteristik subyek sudah ditentukan dari awal. Dalam studi Catalonia, seluruh peserta berusia di atas 65 tahun dan terdapat ketimpangan besar jumlah antara penerima vaksin dan non-vaksin, sehingga kesimpulan mudah terdistorsi.
Ari menegaskan bahwa penelitian tersebut tidak pernah menyatakan vaksin menyebabkan pneumonia; justru ia menunjukkan bahwa individu dengan risiko tinggi adalah kelompok yang paling membutuhkan vaksinasi.
Untuk menilai efektivitas vaksin secara kuat, Ari menekankan perlunya randomized controlled trial (RCT) dan meta-analisis, karena kedua metode ini mampu meminimalkan bias. RCT mengandalkan randomisasi dan blinding untuk memastikan perbandingan kelompok lebih seimbang, sementara meta-analisis menyatukan data berbagai studi untuk menghasilkan bukti yang lebih presisi.
Dr. Adam Prabata menambahkan bahwa hasil studi Catalonia tidak bisa digeneralisasi untuk anak-anak karena sistem imun, respon antibodi, dan profil efek samping anak berbeda dari lansia. Ia merujuk sebuah systematic review dan meta-analisis di jurnal Vaccine: X yang menganalisis 25 studi tentang vaksin pneumonia pada anak. Hasilnya, vaksin terbukti sangat efektif mencegah penyakit pneumokokus invasif pada anak, dengan efektivitas meningkat seiring jumlah dosis: dari 66,8% (1 dosis) hingga 94,4% (primer + booster).
Selain itu, uji klinis oleh American Academy of Pediatrics pada 1.500 anak—1.000 menerima PCV20 dan 500 PCV13—menunjukkan bahwa vaksin pneumonia memiliki profil keamanan yang baik dan dapat ditoleransi dengan baik oleh anak-anak.
Salah

Sumber: 
https://www.instagram.com/p/DQJEQQRj4-O/?ig_rid=aac1819d-de22-4715-a604-0aeb60ba5c49&img_index=8	https://archive.ph/wip/r4W6y
Whatsapp Hotline: 0896-8006-0088
Kalimasada: 0859-2160-0500",0,kesehatan,turnbackhoax.id,2025-11-19
tbh-4032454051,"[SALAH] Vaksin Tetanus Dibuat dari Daging Busuk Kesehatan
18/11/2025
Mafindo
Pada Selasa (11/11/2025) akun Facebook “Senja Kelana” membagikan foto [arsip] dengan narasi:
“VAKSIN TETANUS TERBUAT DARI ;
-DAGING BUSUK, JANTUNG [SAPI].
SARI PANKREAS, DARAH [SAPI]
-FORMALDEHIDA...-MERKURI...
-ALUMINIUM JUMLAH BANYAK.""
JENIS VAKSIN TETANUS:
(VAKSIN DT, VAKSIN TDAP/TD, VAKSIN DTAP, VAKSIN TDAP, VAKSIN TT)”
Hingga Selasa (18/11/2025) unggahan telah mendapatkan 366 tanda suka, 35 komentar dan telah dibagikan ulang 310 kali.
Disadur dari artikel Cek Fakta tirto.id.
Terdapat beberapa jenis vaksin tetanus—seperti Td, DTaP, Tdap, dan TT—yang seluruhnya menggunakan toksoid tetanus, yaitu toksin bakteri yang telah dinonaktifkan sehingga tidak berbahaya namun tetap mampu merangsang kekebalan. Vaksin-vaksin ini tidak mengandung bakteri hidup.
Pada vaksin Td (mis. TENIVAC), setiap dosis 0,5 mL berisi 5 Lf toksoid tetanus, 2 Lf toksoid difteri, 1,5 mg aluminium fosfat sebagai adjuvan, dan sisa formaldehida ≤5 µg. Vaksin Tdap (mis. Adacel) mengandung kombinasi toksoid tetanus dan difteri serta antigen pertusis aselular, dengan komponen tambahan seperti aluminium fosfat, jejak formaldehida, glutaraldehida, dan 2-fenoksietanol.
Toksoid tetanus dibuat dengan menumbuhkan bakteri Clostridium tetani, lalu menonaktifkan toksinnya menggunakan formaldehida, panas, atau radiasi. Setelah dimurnikan dan disterilkan, toksoid dikombinasikan dengan garam aluminium atau kalsium dan sering diformulasikan bersama antigen difteri dan pertusis.
Vaksinolog University of Auckland, Helen Petousis-Harris, menjelaskan pemakaian organ binatang busuk pada vaksin tetanus juga kurang tepat. ""(ini) kesalahan penafsiran yang bersifat inflamasi,"" ujarnya, mengutip AAP Factcheck. Istilah inflamasi dalam kutipan ini kemungkinan merujuk pada inflamatoris, yakni pernyataan yang bersifat menghasut atau memicu kekhawatiran.
Meskipun beberapa vaksin tetanus menggunakan media yang berasal dari produk hewani—termasuk jantung sapi—untuk menumbuhkan kultur bakteri awal, bahan-bahan tersebut dimurnikan, disterilkan, dan diuji secara ketat. ""Menyebutnya sebagai 'organ yang membusuk' tidaklah akurat,"" tambah dia.
Formaldehida dalam vaksin berfungsi menonaktifkan virus dan toksin dan jumlahnya sangat kecil—bahkan tubuh manusia secara alami mengandung formaldehida. Kandungan aluminium dalam vaksin juga aman dan telah diregulasi; jumlahnya lebih rendah dibandingkan yang terdapat pada ASI maupun susu formula.
Salah

Sumber: 
https://web.facebook.com/reel/1149705487280071	https://archive.ph/wip/lUDhF
Whatsapp Hotline: 0896-8006-0088
Kalimasada: 0859-2160-0500",0,kesehatan,turnbackhoax.id,2025-11-18
tbh-3610204968,"[SALAH] Air Rebusan Ciplukan Bisa Mengatasi Stroke Kesehatan
10/11/2025
Mafindo
Pada Kamis (6/11/2025) akun Facebook “Dwi Brotowali” membagikan foto [arsip] dengan narasi:
“Jangan putus asa,yg sakit stroke atasi dengan minum rutin air rebusan dari tanaman ciplukan ini”
Hingga Senin (10/11/2025) unggahan telah mendapatkan 3.800 tanda suka, 270 komentar dan telah dibagikan ulang 1.000 kali.
Disadur dari artikel Cek Fakta tempo.co
Dokter spesialis saraf RSUD dr. Abdoer Rahem Situbondo, M. Reza Fathoni, Sp.N, menjelaskan bahwa masyarakat lebih sering mengonsumsi buah ciplukan dibanding daunnya. Buah ini mengandung karotenoid dan vitamin C yang bersifat antioksidan dan dapat membantu menjaga daya ingat, meski efeknya tidak terlalu besar.
Namun, belum ada bukti ilmiah yang menunjukkan efektivitas ciplukan baik buah maupun rebusan daunnya, dalam mengobati stroke.
“Untuk air rebusan daun, masih perlu penelitian lebih lanjut,” ujarnya kepada Tempo Jumat (31/10/2025).
Ciplukan boleh dikonsumsi sebagai makanan tambahan bergizi, tetapi tidak dapat menggantikan terapi medis. Pasien stroke tetap membutuhkan pengobatan dan rehabilitasi sesuai anjuran dokter.
Sebuah tinjauan dalam jurnal Antioxidants (2025) menyebut ciplukan atau Physalis anguata memiliki potensi farmakologis untuk gangguan saraf dan sindrom metabolik berkat senyawa physalins dan withanolides yang bersifat bioaktif. Penelitian di Nigeria juga menemukan bahwa ekstrak daun ciplukan memiliki kemampuan menangkap radikal bebas, meski pemanfaatannya sebagai obat masih memerlukan kajian mendalam.
Reza menegaskan, penyebab utama stroke antara lain hipertensi kolesterol tinggi dan diabetes. Pasien harus tetap mengonsumsi obat-obatan seperti pengontrol tekanan darah, obat diabetes atau pengencer darah secara rutin demi mencegah serangan ulang.
Selain obat, fisioterapi dalam enam bulan pertama sangat penting untuk memulihkan fungsi tubuh melalui proses neuroplastisitas, yaitu kemampuan otak memperbaiki jaringan yang rusak.
Salah

Sumber: 
https://web.facebook.com/permalink.php?story_fbid=pfbid031vBtRkKEsX24kSq3rhEckK4YSB5wLEumnXBjyRsXt9hHLaNTqzWpqJE42FpyiCurl&id=61554534443949	https://archive.ph/wip/jP8tN
Whatsapp Hotline: 0896-8006-0088
Kalimasada: 0859-2160-0500",0,kesehatan,turnbackhoax.id,2025-11-10
tbh-2476787419,"[SALAH] Mandi Setelah Makan Picu Asam Urat pada Anak Kesehatan
04/11/2025
Mafindo
Pada Sabtu (18/10/2025) akun Facebook “Jhon Herry” membagikan video [arsip] dengan narasi:
“Kayanya ini dulu ajaran orangtua juga. Orangtua emang ga jelasin kenapa nya, tapi ga boleh mandi abis makan
Stop Kebiasaan Mandiin Anak Setelah Makan! Anak 7 Tahun Dilarikan ke Rumah Sakit Usai Dimandikan Ibunya! Dokter Temukan Tanda Asam Urat Yang Sudah Menjalar ke Ginjal”
Hingga Selasa (4/11/2025) unggahan telah mendapatkan 5.500 tanda suka, 261 komentar dan telah dibagikan ulang 1.700 kali.
Disadur dari artikel Cek Fakta tempo.co
Menurut dosen di Laboratorium Ilmu Kesehatan Masyarakat Universitas Jember, dr. Ida Srisurani Wiji Astuti, M.Kes, FISPH, FISCM, tidak ada bukti ilmiah yang menunjukkan kebiasaan mandi setelah makan dapat menyebabkan asam urat pada anak.
Ia menjelaskan, kasus asam urat pada anak biasanya disebabkan oleh gangguan ginjal, seperti gagal ginjal, infeksi atau kelainan pada saluran kemih dan ureter. Faktor lain yang berperan antara lain obesitas dan gangguan metabolik genetik.
Penelitian Pang dkk. (2025) dalam Front Public Health mencatat peningkatan global kasus asam urat pada remaja sebesar 23,47 persen antara 1990–2021, dengan 110.664 kasus baru pada 2021. Studi berbasis data Global Burden of Disease 2021 ini menganalisis remaja usia 10-24 tahun melalui indikator kejadian prevalensi, tahun hidup dengan disabilitas (YLD), serta faktor risiko penyakit.
Hasil analisis menunjukkan bahwa Indeks Massa Tubuh (IMT/BMI) menjadi faktor utama penyebab asam urat di kalangan remaja. Selain itu, semakin tinggi Indeks Sosiodemografi (SDI)–yang mencerminkan pendapatan, pendidikan dan tingkat fertilitas–semakin besar pula angka kejadian dan beban penyakit ini.
Peneliti juga menyoroti peran faktor genetik, kurangnya aktivitas fisik dan penyakit penyerta dalam meningkatkan risiko asam urat.
Sementara itu, foto anak yang yang diunggah akun Facebook “Jhon Herry” telah beredar di Pinterest pada Juni 2024. Dalam keterangan aslinya, disebutkan bahwa anak itu dirawat karena jarang makan namun sering mengkonsumsi makanan ringan. Tidak ada penjelasan yang menyebut penyakitnya disebabkan oleh kebiasaan mandi setelah makan.
Salah

Sumber: 
https://web.facebook.com/reel/1705593736790712	https://archive.ph/wip/E5rbn
Whatsapp Hotline: 0896-8006-0088
Kalimasada: 0859-2160-0500",0,kesehatan,turnbackhoax.id,2025-11-04
tbh-889774953,"[PARODI] Program Kondom Gratis untuk Mahasiswa dari Kemenkes Kesehatan
20/10/2025
Mafindo
Salah

Sumber: 
https://web.facebook.com/photo/?fbid=1100936162215587&set=a.398615129114364	https://archive.ph/wip/XWeSk
Whatsapp Hotline: 0896-8006-0088
Kalimasada: 0859-2160-0500",0,kesehatan,turnbackhoax.id,2025-10-20
tbh-1536235843,"[SALAH] Bos Sampoerna Minta Masyarakat untuk Berhenti Beli Rokok Ilegal karena Membahayakan Kesehatan Kesehatan
13/10/2025
Mafindo
Salah

Sumber: 
https://archive.ph/TMoG6
Whatsapp Hotline: 0896-8006-0088
Kalimasada: 0859-2160-0500",0,kesehatan,turnbackhoax.id,2025-10-13
tbh-2644884598,"[SALAH] Penyumbatan Usus oleh Cacing karena Sering Makan Mi Instan Kesehatan
07/10/2025
Mafindo
Salah

Sumber: 
https://www.instagram.com/reel/DOo1HaujSpf/	https://archive.ph/D70fQ
Whatsapp Hotline: 0896-8006-0088
Kalimasada: 0859-2160-0500",0,kesehatan,turnbackhoax.id,2025-10-07
tbh-3703449213,"[SALAH] Bawang Merah untuk Pertolongan Pertama Gigitan Hewan Berbisa Kesehatan
27/11/2024
Mafindo
Salah

Sumber: 
https://ghostarchive.org/archive/OVAwV
Whatsapp Hotline: 0896-8006-0088
Kalimasada: 0859-2160-0500",0,kesehatan,turnbackhoax.id,2024-11-27
tbh-1967712238,"[SALAH] Memijat Area Telapak Tangan Mampu Sembuhkan Penyakit Jantung Kesehatan
27/11/2024
Mafindo
Salah

Sumber: 
https://perma.cc/73CA-9J6W
Whatsapp Hotline: 0896-8006-0088
Kalimasada: 0859-2160-0500",0,kesehatan,turnbackhoax.id,2024-11-27
tbh-3470852028,"[SALAH] Penyakit Liver Bisa Disembuhkan Pakai Seduhan Daun Sembung Kesehatan
27/11/2024
Mafindo
Salah

Sumber: 
https://turnbackhoax.id/wp-content/uploads/2024/11/daun-sembung-dapat-sembuhkan-liver.png , https://turnbackhoax.id/wp-content/uploads/2024/11/daun-sembung-dapat-sembuhkan-liver.mp4
Whatsapp Hotline: 0896-8006-0088
Kalimasada: 0859-2160-0500",0,kesehatan,turnbackhoax.id,2024-11-27
tbh-1904973347,"[SALAH] Mandi Malam Hari Berbahaya untuk Kesehatan Kesehatan
26/11/2024
Mafindo
Salah

Sumber: 
https://bit.ly/4fNWPFW
Whatsapp Hotline: 0896-8006-0088
Kalimasada: 0859-2160-0500",0,kesehatan,turnbackhoax.id,2024-11-26
hf-10,"[SALAH] Paparan Sinar Matahari Tidak Menyebabkan Kanker Kulit, tapi Sun Screen Penyebabnya – TurnBackHoax.ID",0,kesehatan,hoaxid_hf,2022-07-30
hf-25,[SALAH] Menahan Tangis Bisa Menyebabkan Kanker – TurnBackHoax.ID,0,kesehatan,hoaxid_hf,2022-07-25
hf-42,[SALAH] Beberapa vaksin COVID-19 dapat meningkatkan risiko HIV. – TurnBackHoax.ID,0,kesehatan,hoaxid_hf,2022-07-22
hf-44,[SALAH] Tjahjo Kumolo meninggal karena Vaksin Covid-19 – TurnBackHoax.ID,0,kesehatan,hoaxid_hf,2022-07-21
hf-46,"[SALAH] Robert Malone, vaksin Covid-19 yang disuntikkan ke anak mengakibatkan spike protein beracun – TurnBackHoax.ID",0,kesehatan,hoaxid_hf,2022-07-20
hf-50,[SALAH] Vaksin Covid-19 menurunkan fertilitas pria – TurnBackHoax.ID,0,kesehatan,hoaxid_hf,2022-07-20
hf-52,[SALAH] Vaksin covid-19 fungsinya untuk mengontrol manusia bukan untuk kesehatan – TurnBackHoax.ID,0,kesehatan,hoaxid_hf,2022-07-19
hf-53,[SALAH] Hati-hati program vaksin BIAS disekolah – TurnBackHoax.ID,0,kesehatan,hoaxid_hf,2022-07-18
hf-61,[SALAH] Cacar Monyet Disebabkan dari Efek Samping Vaksin Covid-19 AstraZeneca – TurnBackHoax.ID,0,kesehatan,hoaxid_hf,2022-07-16
hf-79,[SALAH] Air Rebusan Daun Putri Malu Menyembuhkan Vertigo hingga Stroke – TurnBackHoax.ID,0,kesehatan,hoaxid_hf,2022-07-13
hf-103,[SALAH] Makan Buah Saat Perut Kosong Dapat Sembuhkan Kanker – TurnBackHoax.ID,0,kesehatan,hoaxid_hf,2022-06-30
hf-115,[SALAH] Efektivitas Vaksin Pfizer Hanya Sebesar 12% – TurnBackHoax.ID,0,kesehatan,hoaxid_hf,2022-06-29
hf-119,[SALAH] “Vaksin Cacar Menyebabkan Gelombang Infeksi Virus AIDS” – TurnBackHoax.ID,0,kesehatan,hoaxid_hf,2022-06-28
hf-121,[SALAH] “Studi CDC Mengonfirmasi Kekebalan Alami Lebih Kuat Daripada Vaksin COVID-19” – TurnBackHoax.ID,0,kesehatan,hoaxid_hf,2022-06-28
hf-139,[SALAH] Bill Gates Menyiapkan Miliaran Vaksin Cacar Monyet – TurnBackHoax.ID,0,kesehatan,hoaxid_hf,2022-06-23
hf-140,[SALAH] Justin Bieber Mengatakan Kelumpuhan Wajahnya Disebabkan Oleh Vaksin Covid-19 – TurnBackHoax.ID,0,kesehatan,hoaxid_hf,2022-06-23
hf-149,[SALAH] Lemon Dapat Membunuh Sel Kanker dan 10.000 Kali Lebih Ampuh Daripada Kemoterapi – TurnBackHoax.ID,0,kesehatan,hoaxid_hf,2022-06-23
hf-193,[SALAH] Ilmuwan Pembuat Virus Corona Telah Ditangkap – TurnBackHoax.ID,0,kesehatan,hoaxid_hf,2022-06-13
hf-196,[SALAH] Vaksin Merupakan Praktik Depopulasi Rakyat – TurnBackHoax.ID,0,kesehatan,hoaxid_hf,2022-06-12
hf-200,[SALAH]: Kerokan Kulit Batang Pohon Mangga Dapat Mengobati Sakit Gigi – TurnBackHoax.ID,0,kesehatan,hoaxid_hf,2022-06-09
hf-241,[SALAH] Metode Pertolongan Pertama melalui Pelepasan Darah bagi Penderita Stroke – TurnBackHoax.ID,0,kesehatan,hoaxid_hf,2022-06-02
hf-246,[SALAH] Vaksin Covid-19 Dapat Sebabkan AIDS Sampai Cacar Monyet – TurnBackHoax.ID,0,kesehatan,hoaxid_hf,2022-05-31
hf-272,[SALAH] Militer Amerika Menemukan Pestisida dalam Vaksin Covid-19 Moderna – TurnBackHoax.ID,0,kesehatan,hoaxid_hf,2022-05-29
hf-294,[SALAH] Vaksin mRNA Tidak Direkomendasikan Selama Kehamilan – TurnBackHoax.ID,0,kesehatan,hoaxid_hf,2022-05-24
hf-295,[SALAH] Vaksin mRNA Menyebabkan Hepatitis Pada Anak – TurnBackHoax.ID,0,kesehatan,hoaxid_hf,2022-05-24
hf-306,[SALAH] Cek Gula Darah Gratis Menularkan Virus HIV – TurnBackHoax.ID,0,kesehatan,hoaxid_hf,2022-05-22
hf-323,[SALAH] Berita CNN tentang Dokter Terawan yang Menemukan Pengganti Insulin – TurnBackHoax.ID,0,kesehatan,hoaxid_hf,2022-05-20
hf-331,[SALAH] Pijatan Telapak Tangan untuk Sembuhkan Penyumbatan Jantung – TurnBackHoax.ID,0,kesehatan,hoaxid_hf,2022-05-17
hf-334,[SALAH] Lowongan Kerja Dinas Kesehatan Kabupaten Karanganyar – TurnBackHoax.ID,0,kesehatan,hoaxid_hf,2022-05-17
hf-363,[SALAH] Campuran Air Panas dan Pare Mampu Bunuh Sel Kanker – TurnBackHoax.ID,0,kesehatan,hoaxid_hf,2022-05-10
hf-367,[SALAH] Air Rebusan Rumput Paragis dapat Sembuhkan Kanker – TurnBackHoax.ID,0,kesehatan,hoaxid_hf,2022-05-09
hf-381,[SALAH] Pemerintah Akan Ambil Alih Izin Praktik Dokter dari IDI Dampak Terawan Dipecat – TurnBackHoax.ID,0,kesehatan,hoaxid_hf,2022-05-02
hf-387,[SALAH] Pesan WhatsApp “Makanan Kaleng Produksi Thailand Terkontaminasi Darah Penderita AIDS” dan “Daftar Minuman Penyebab Kanker” – TurnBackHoax.ID,0,kesehatan,hoaxid_hf,2022-04-30
hf-396,[SALAH] Video “Ade Armando Bongkar Rahasia Sejak Awal COVID-19 sampai Juni 2021 Sudah 14 Juta Tentara Masuk Indonesia” – TurnBackHoax.ID,0,kesehatan,hoaxid_hf,2022-04-29
hf-399,[SALAH] Bantuan Voucer Pulsa Senilai Rp2 Juta dari BSSN (Badan Siber Dan Sandi Negara) Untuk Masyarakat Terdampak Covid-19 – TurnBackHoax.ID,0,kesehatan,hoaxid_hf,2022-04-28
hf-412,[SALAH] Moderna Memproduksi Virus dan Vaksin Covid-19 Sebelum Pandemi Terjadi – TurnBackHoax.ID,0,kesehatan,hoaxid_hf,2022-04-27
hf-431,[SALAH] Putusan Mahkamah Agung Republik Indonesia Nomor 31 P/HUM/2022 menyatakan Pandemi Covid-19 telah berakhir – TurnBackHoax.ID,0,kesehatan,hoaxid_hf,2022-04-26
hf-439,[SALAH] Hypnic Jerk Terjadi Karena Darah Dan Jantung Berhenti Dan Menyebabkan Kematian – TurnBackHoax.ID,0,kesehatan,hoaxid_hf,2022-04-23
hf-471,[SALAH] Vaksin Booster Covid-19 Dapat Menyebabkan AIDS – TurnBackHoax.ID,0,kesehatan,hoaxid_hf,2022-04-17
hf-478,[SALAH] Pesan WhatsApp Bantuan BPJS Kesehatan Sebesar Rp75 Juta – TurnBackHoax.ID,0,kesehatan,hoaxid_hf,2022-04-16
hf-487,[SALAH] Lowongan Kerja Dinas Kesehatan Kabupaten Kediri – TurnBackHoax.ID,0,kesehatan,hoaxid_hf,2022-04-14
hf-510,[SALAH] Vaksin COVID-19 Mengandung Luciferase Dan Menjadi Alat Pelacak – TurnBackHoax.ID,0,kesehatan,hoaxid_hf,2022-04-11
hf-515,[SALAH]: Getah Daun Kemangi Dapat Obati Gatal Pada Kulit – TurnBackHoax.ID,0,kesehatan,hoaxid_hf,2022-04-10
hf-530,[SALAH]: Informasi Peringkat Sayuran Anti Kanker Oleh Institut Pencegahan Kanker – TurnBackHoax.ID,0,kesehatan,hoaxid_hf,2022-04-07
hf-541,[SALAH] Perusahaan Farmasi Moderna yang Menciptakan Virus Corona – TurnBackHoax.ID,0,kesehatan,hoaxid_hf,2022-04-04
hf-559,[SALAH] Vaksin Pfizer-BioNTech Dapat Menyebabkan Radang Otak – TurnBackHoax.ID,0,kesehatan,hoaxid_hf,2022-03-30
hf-575,[SALAH] Tiga Orang China Yang Terpapar Varian Baru dari India Tidak Dapat Dideteksi Dengan Alat Test Covid-19 Biasa – TurnBackHoax.ID,0,kesehatan,hoaxid_hf,2022-03-25
hf-625,Kanker CELL CURE RS Gatot Subroto Jakarta – TurnBackHoax.ID,0,kesehatan,hoaxid_hf,2022-03-18
hf-628,[SALAH] “Jadi Covid adalah tidak natural tapi rekayasa si laboratorium Amerika Serikat di Ukraina untuk senjata biologi” – TurnBackHoax.ID,0,kesehatan,hoaxid_hf,2022-03-17
hf-631,[SALAH] Arab Saudi Tidak Mewajibkan Masker untuk Jamaah Masjidil Haram dan Masjid Nabawi serta Akan Menyediakan Asuransi Kesehatan – TurnBackHoax.ID,0,kesehatan,hoaxid_hf,2022-03-16
hf-660,"[SALAH] Video Suntingan “KEMENTERIAN KESEHATAN UKRAINA: 57 MATI, 169 TERLUKA DI SELURUH UKRAINA KARENA SERANGAN RUSIA” – TurnBackHoax.ID",0,kesehatan,hoaxid_hf,2022-03-11
hf-685,[SALAH] Foto Tangkapan Layar Akun Twitter @BPJSKesehatanRI Yang Mengatakan Ukraina Wajib Gabung BPJS Kesehatan Apabila Ingin Dibantu Indonesia – TurnBackHoax.ID,0,kesehatan,hoaxid_hf,2022-03-08
hf-689,[SALAH] Lowongan Dokter Pribadi Full Timer untuk Kepala BNPB – TurnBackHoax.ID,0,kesehatan,hoaxid_hf,2022-03-08
hf-692,[SALAH]: Kulit Bayi Baru Lahir Melepuh Karena Ibu Vaksin Covid-19 Saat Hamil – TurnBackHoax.ID,0,kesehatan,hoaxid_hf,2022-03-08
hf-712,[SALAH] Covid 19 Meningkat hanya Saat Ibadah Umat Islam – TurnBackHoax.ID,0,kesehatan,hoaxid_hf,2022-03-05
hf-722,[SALAH] “Covid-19 dinyatakan dicabut dan dinyatakan tidak berlaku dengan surat edaran satgas SE Satgas No 9/2022” – TurnBackHoax.ID,0,kesehatan,hoaxid_hf,2022-03-05
hf-743,[SALAH] Ilmuwan Jerman Mengumumkan bahwa Berkumur dengan Air Garam dapat Menghilangkan Virus Covid-19 – TurnBackHoax.ID,0,kesehatan,hoaxid_hf,2022-02-28
hf-747,"[SALAH] Vaksin Covid 19 Tidak Berguna, karena Bermutasi menjadi Ribuan Varian Covid Baru – TurnBackHoax.ID",0,kesehatan,hoaxid_hf,2022-02-28
hf-748,[SALAH] Anjuran Ahli Virologi Agar Penerima Vaksin Dosis Ketiga Tes HIV Karena Vaksin Covid Menyebabkan HIV – TurnBackHoax.ID,0,kesehatan,hoaxid_hf,2022-02-28
hf-752,[SALAH] Lowongan Pekerjaan Staff Vaksinasi Booster Dinas Kesehatan Provinsi Jawa Barat – TurnBackHoax.ID,0,kesehatan,hoaxid_hf,2022-02-28
hf-754,[SALAH] Melakukan Tes PCR Sama Dengan Mendapatkan Vaksinasi – TurnBackHoax.ID,0,kesehatan,hoaxid_hf,2022-02-28
hf-755,[SALAH] Antigen Test Kits Tidak Dapat Diandalkan untuk Mendeteksi Covid-19 – TurnBackHoax.ID,0,kesehatan,hoaxid_hf,2022-02-28
hf-772,[SALAH] Imigran Ilegal di Amerika Serikat Mendapatkan Kebebasan Lebih Untuk Akses Jaminan Kesehatan dan Hak Memilih Pada 2022 – TurnBackHoax.ID,0,kesehatan,hoaxid_hf,2022-02-25
hf-787,"[SALAH] Foto Protes Anti-Vaksin di Canberra, Australia Tahun 2022 – TurnBackHoax.ID",0,kesehatan,hoaxid_hf,2022-02-24
hf-791,[SALAH] Menggunakan Obat Bius setelah Vaksin Covid 19 sebabkan Kematian – TurnBackHoax.ID,0,kesehatan,hoaxid_hf,2022-02-24
hf-792,"[SALAH] Jangan Panik, Seseorang yang Terinfeksi Covid-19 Varian Omicron Dapat Sembuh Setelah Mengonsumsi Paracetamol 500 mg, Vitamin C 1000 mg, dan Vitamin D3 1000 IU – TurnBackHoax.ID",0,kesehatan,hoaxid_hf,2022-02-24
hf-795,"[SALAH] Dr. Gupta mengatakan “Tidak seorang pun boleh mati karena kanker, kecuali karena pengabaian” – TurnBackHoax.ID",0,kesehatan,hoaxid_hf,2022-02-23
hf-819,[SALAH] Video Pasien Meninggal 15 Menit setelah Divaksin – TurnBackHoax.ID,0,kesehatan,hoaxid_hf,2022-02-20
hf-823,[SALAH] Antibodi Covid-19 Membuat ASI Berubah Warna – TurnBackHoax.ID,0,kesehatan,hoaxid_hf,2022-02-19
hf-826,[SALAH] Deteksi Covid 19 dengan Tahan Napas 10 Detik – TurnBackHoax.ID,0,kesehatan,hoaxid_hf,2022-02-19
hf-827,[SALAH] Makanan Kaleng Mengandung Virus HIV Aids – TurnBackHoax.ID,0,kesehatan,hoaxid_hf,2022-02-19
hf-834,[SALAH] Bentuk Virus Omicron Seperti Lambang Nazi – TurnBackHoax.ID,0,kesehatan,hoaxid_hf,2022-02-18
hf-838,[SALAH] BPJS Kesehatan Berikan Dana Bantuan Rp100 Juta – TurnBackHoax.ID,0,kesehatan,hoaxid_hf,2022-02-17
hf-851,[SALAH] Terlihat Korban Covid-19 Tergeletak di Jalanan Ternyata Hanya Akting Belaka – TurnBackHoax.ID,0,kesehatan,hoaxid_hf,2022-02-15
hf-859,[SALAH] Cerita Dalam Novel Telah Memprediksi Adanya Pandemi COVID-19 – TurnBackHoax.ID,0,kesehatan,hoaxid_hf,2022-02-14
hf-861,[SALAH] Mayoritas Penduduk Dunia Belum Divaksin Covid-19 – TurnBackHoax.ID,0,kesehatan,hoaxid_hf,2022-02-14
hf-862,[SALAH] Pidato Henry Kissinger Sebut Vaksin adalah Alat Pengendali Populasi – TurnBackHoax.ID,0,kesehatan,hoaxid_hf,2022-02-13
hf-864,[SALAH] Garam dan Air Kelapa dapat Hilangkan Vaksin di Dalam Tubuh – TurnBackHoax.ID,0,kesehatan,hoaxid_hf,2022-02-13
hf-867,[SALAH] Jasa Sertifikat Vaksin melalui Telegram – TurnBackHoax.ID,0,kesehatan,hoaxid_hf,2022-02-13
hf-871,[SALAH] Omicron Bukanlah Virus Melainkan Akibat Dari Keracunan Chemtrail Yang Disebar Di Udara – TurnBackHoax.ID,0,kesehatan,hoaxid_hf,2022-02-13
hf-875,[SALAH] Campuran Daun Pepaya dan Jahe Dapat Sembuhkan Omicron – TurnBackHoax.ID,0,kesehatan,hoaxid_hf,2022-02-12
hf-877,[SALAH] Covid-19 Hoax Karena Narasinya Sudah Ada Sebelum Covid-19 Muncul – TurnBackHoax.ID,0,kesehatan,hoaxid_hf,2022-02-11
hf-878,[SALAH] Vaksin Booster Menyebabkan Manusia Bertingkah Seperti Zombie – TurnBackHoax.ID,0,kesehatan,hoaxid_hf,2022-02-11
hf-879,[SALAH] Aplikasi Android untuk Scan Vaksin Covid-19 yang Terhubung Jaringan 5G – TurnBackHoax.ID,0,kesehatan,hoaxid_hf,2022-02-11
hf-886,[SALAH] Sebuah Koran Menyebut Bill Gates Melakukan Depopulasi Melalui Pemaksaan Vaksinasi – TurnBackHoax.ID,0,kesehatan,hoaxid_hf,2022-02-10
hf-889,[SALAH] Pembagian Masker Gratis yang Diberi Obat Bius ke Rumah-Rumah Warga – TurnBackHoax.ID,0,kesehatan,hoaxid_hf,2022-02-10
hf-890,"[SALAH] Video “Nigeria, Minggu 23-01-2022, menghancurkan jutaan Vaksin Covid19 demi melindungi rakyatnya dari kematian akibat Suntikan Vaksin Covid19” – TurnBackHoax.ID",0,kesehatan,hoaxid_hf,2022-02-10
hf-891,[SALAH] Air Rebusan Pare Dapat Membersihkan Kolesterol dan Semua Penyakit – TurnBackHoax.ID,0,kesehatan,hoaxid_hf,2022-02-10
hf-899,"[SALAH] Dzalim, Cara Vaksin Model Baru Anti Omicron – TurnBackHoax.ID",0,kesehatan,hoaxid_hf,2022-02-07
hf-900,[SALAH] Foto Lampion untuk Perayaan Imlek Saat Pandemi Covid-19 – TurnBackHoax.ID,0,kesehatan,hoaxid_hf,2022-02-07
hf-903,[SALAH] 5G Dapat Mengganggu Keamanan Penerbangan yang Berarti Juga Berbahaya Bagi Kesehatan Manusia – TurnBackHoax.ID,0,kesehatan,hoaxid_hf,2022-02-06
hf-905,[SALAH] Sri Sultan Hamengku Buwono X Mengganggap Covid 19 Sandiwara di Bumi NKRI – TurnBackHoax.ID,0,kesehatan,hoaxid_hf,2022-02-05
hf-909,[SALAH] Atlet Rugby Jordan Michallet Meninggal karena Vaksin Covid-19 – TurnBackHoax.ID,0,kesehatan,hoaxid_hf,2022-02-03
hf-912,[SALAH] Penyuntikan Vaksin Kosong di Semarang – TurnBackHoax.ID,0,kesehatan,hoaxid_hf,2022-02-02
hf-915,"[SALAH]: Siap-siap Suntik Vaksin Dosis Ketiga, Tak Punya Kartu BPJS Kesehatan Wajib Bayar – TurnBackHoax.ID",0,kesehatan,hoaxid_hf,2022-02-02
hf-922,[SALAH] Foto Anak Berlumuran Darah Korban Serangan di Yaman – TurnBackHoax.ID,0,kesehatan,hoaxid_hf,2022-01-31
hf-931,[SALAH] Pesan Berantai Resep Obat COVID-19 – TurnBackHoax.ID,0,kesehatan,hoaxid_hf,2022-01-30
hf-952,[SALAH] “Luhut dan pak mahfud tidak divaksin dengan alasan usia” – TurnBackHoax.ID,0,kesehatan,hoaxid_hf,2022-01-27
hf-959,[SALAH] Microsoft Mengembangkan Implan Chip Mikro Untuk Mengumpulkan Informasi Vaksin COVID-19 – TurnBackHoax.ID,0,kesehatan,hoaxid_hf,2022-01-26
hf-969,[SALAH] Warga Korea Selatan yang Belum Vaksin Tidak Dapat Mengikuti Pemilu – TurnBackHoax.ID,0,kesehatan,hoaxid_hf,2022-01-24
hf-978,[SALAH] Bill Gates akan Menarik Semua Peredaran Vaksin Covid-19 – TurnBackHoax.ID,0,kesehatan,hoaxid_hf,2022-01-23
hf-980,[SALAH] Video 90% Alat Tes Covid-19 Palsu dan Tidak Berfungsi – TurnBackHoax.ID,0,kesehatan,hoaxid_hf,2022-01-23
hf-982,[SALAH] Jasa Pembuatan Sertifikat Vaksin Tanpa Harus Melakukan Vaksinasi – TurnBackHoax.ID,0,kesehatan,hoaxid_hf,2022-01-23
hf-985,[SALAH] Kipas Angin Listrik yang Diletakkan di Dahi Dapat Menghilangkan Virus – TurnBackHoax.ID,0,kesehatan,hoaxid_hf,2022-01-22
hf-988,[SALAH] Video Protes Melawan Tirani Covid-19 di Belanda – TurnBackHoax.ID,0,kesehatan,hoaxid_hf,2022-01-22
hf-989,[SALAH] Viagra Dapat Menyembuhkan Covid-19 – TurnBackHoax.ID,0,kesehatan,hoaxid_hf,2022-01-22
hf-990,[SALAH] Pasien Covid-19 Tanpa Gejala Berarti Sehat dan Mendapatkan Hasil Test Positif Palsu – TurnBackHoax.ID,0,kesehatan,hoaxid_hf,2022-01-22
hf-994,[SALAH] Kedinkes Semarang Menyebar Undangan Rapat Kerja Peningkatan Kinerja Tenaga Kesehatan via WhatsApp – TurnBackHoax.ID,0,kesehatan,hoaxid_hf,2022-01-21
hf-1000,Jasa Kementerian Kesehatan Republik Indonesia Tahun 2022 – TurnBackHoax.ID,0,kesehatan,hoaxid_hf,2022-01-21
hf-1011,[SALAH] Atlet Tenis Dalila Jakupovic Mengalami Kesulitan Bernapas saat Babak Kualifikasi Australia Open karena Vaksin Covid-19 – TurnBackHoax.ID,0,kesehatan,hoaxid_hf,2022-01-19
hf-1019,[SALAH] Login ke Facebook Wajib Gunakan Sertifikat Vaksin – TurnBackHoax.ID,0,kesehatan,hoaxid_hf,2022-01-18
hf-1029,[SALAH] Daftar Kandungan Bahan Kimia Berbahaya dalam Vaksin Covid-19 – TurnBackHoax.ID,0,kesehatan,hoaxid_hf,2022-01-16
hf-1040,[SALAH] Lowongan Kerja Vaksinator di Puskesmas Kota Batu – TurnBackHoax.ID,0,kesehatan,hoaxid_hf,2022-01-14
hf-1041,[SALAH] Vaksin mRNA Sebabkan Kematian Pada Lansia – TurnBackHoax.ID,0,kesehatan,hoaxid_hf,2022-01-13
hf-1052,[SALAH] Benda Logam Menempel pada Lengan setelah divaksin – TurnBackHoax.ID,0,kesehatan,hoaxid_hf,2022-01-12
hf-1053,[SALAH] Pemerintah New Zealand Mengizinkan Euthanasia Secara Spesifik bagi Pasien COVID-19 – TurnBackHoax.ID,0,kesehatan,hoaxid_hf,2022-01-12
hf-1058,[SALAH] WHO Mengatakan Vaksinasi di Seluruh Dunia Harus Dihentikan – TurnBackHoax.ID,0,kesehatan,hoaxid_hf,2022-01-11
hf-1064,[SALAH] CDC Mengumumkan Tes PCR Tidak Mampu Membedakan Virus SARS-Cov-2 dan Influenza – TurnBackHoax.ID,0,kesehatan,hoaxid_hf,2022-01-10
hf-1082,[SALAH] Video Penduduk Aborigin di Australia Menyambut Pemerintah dengan Busur dan Panah sebagai Bentuk Penolakan Vaksin Covid-19 – TurnBackHoax.ID,0,kesehatan,hoaxid_hf,2022-01-07
hf-1084,[SALAH] Warga Korea Selatan yang Belum Vaksin Dilarang Mengikuti Pemilihan Presiden – TurnBackHoax.ID,0,kesehatan,hoaxid_hf,2022-01-07
hf-1097,[SALAH] Nikita Mirzani Minta Masyarakat Berhenti Sebut HRS Sebagai Habib. Dia Itu Hanyalah Seorang Tukang Obat Saja Jangan Mau Dibodohi Bro – TurnBackHoax.ID,0,kesehatan,hoaxid_hf,2022-01-02
hf-1107,[SALAH] Pemesanan Online Vaksin Covid-19 Sinopharm Melalui E-Commerce – TurnBackHoax.ID,0,kesehatan,hoaxid_hf,2021-12-31
hf-1113,[SALAH] Vaksin mRNA pada Pfizer dan Moderna Berbahaya Bagi Anak-Anak – TurnBackHoax.ID,0,kesehatan,hoaxid_hf,2021-12-31
hf-1116,"[SALAH] Foto Seorang Akademisi Asal Indonesia Berusia 105 Tahun, Moerhadi, Berbagi Rahasia Kemenanganya atasi Diabetes – TurnBackHoax.ID",0,kesehatan,hoaxid_hf,2021-12-31
hf-1120,"[SALAH] Victor Lindelof Gagal Jantung setelah Vaksinasi Covid-19, kemudian Jantungnya Dipasangi Chip – TurnBackHoax.ID",0,kesehatan,hoaxid_hf,2021-12-31
hf-1133,[SALAH] Link Mendaftarkan Bantuan Covid-19 Bagi yang Mempunyai E-KTP – TurnBackHoax.ID,0,kesehatan,hoaxid_hf,2021-12-24
hf-1156,[SALAH] Judul Berita “Ilmuwan Pfizer Memperingatkan Vaksinasi Mingguan untuk virus Omicron Mungkin Diperlukan untuk Mencegah Lockdown” – TurnBackHoax.ID,0,kesehatan,hoaxid_hf,2021-12-19
hf-1159,[SALAH] Bill Gates Pembuat Virus Covid-19 – TurnBackHoax.ID,0,kesehatan,hoaxid_hf,2021-12-17
hf-1164,[SALAH] Dokter di Malaysia Meninggal Setelah Mendapatkan Vaksin Pfizer – TurnBackHoax.ID,0,kesehatan,hoaxid_hf,2021-12-17
hf-1177,[SALAH] Benarkah Guinness World Record Menobatkan Model Asal Sudan sebagai “The Queen of Darkness”? – TurnBackHoax.ID,0,kesehatan,hoaxid_hf,2021-12-16
hf-1185,"[SALAH] Foto “Kisah Haru Erupsi Semeru, Tak Rela Tinggalkan Sang Ibu yang Sudah Renta, Rumini Ditemukan Tewas Berpelukan di Rumahnya..” – TurnBackHoax.ID",0,kesehatan,hoaxid_hf,2021-12-14
hf-1194,[SALAH] Gejala Varian Omicron Disebabkan oleh Komplikasi Vaksin Covid-19 – TurnBackHoax.ID,0,kesehatan,hoaxid_hf,2021-12-12
hf-1199,[SALAH] Foto Supermarket di Jerman Memasang Pagar Pembatas untuk Memisahkan Pengunjung yang Sudah Divaksin dan Belum Divaksin – TurnBackHoax.ID,0,kesehatan,hoaxid_hf,2021-12-11
hf-1202,"[SALAH] Mandi Detox Menggunakan Campuran Garam Epsom, Baking Soda, Borax, dan Indian Healing Clay Mampu Mengeluarkan Kandungan Vaksin Covid yang Sebelumnya Telah Disuntikkan Kepada Seseorang – TurnBac",0,kesehatan,hoaxid_hf,2021-12-10
hf-1207,[SALAH] Video Wawancara CEO BioNTech Menolak Divaksin Karena Alasan Keamanan – TurnBackHoax.ID,0,kesehatan,hoaxid_hf,2021-12-09
hf-1222,[SALAH] Protes Vaksinasi di Yunani Berakhir Ricuh – TurnBackHoax.ID,0,kesehatan,hoaxid_hf,2021-12-06
hf-1223,"[SALAH] Menempelkan Bawang Putih Di Telinga, Dapat Sembuhkan Sakit Kepala – TurnBackHoax.ID",0,kesehatan,hoaxid_hf,2021-12-06
hf-1228,[SALAH] Pemerintah Paksakan Vaksin Booster – TurnBackHoax.ID,0,kesehatan,hoaxid_hf,2021-12-05
hf-1235,[SALAH] Komik “Phantom” yang Terbit Tahun 1957 Memprediksi Munculnya Covid-19 – TurnBackHoax.ID,0,kesehatan,hoaxid_hf,2021-12-02
hf-1240,[SALAH] Rapid Test Device Berlabel Positif dan Negatif Sudah Dimuat Virus – TurnBackHoax.ID,0,kesehatan,hoaxid_hf,2021-11-30
hf-1241,[SALAH] FDA: Suntikan Booster Vaksinasi Pfizer Berpotensi Infeksi Berat pada Hati – TurnBackHoax.ID,0,kesehatan,hoaxid_hf,2021-11-30
hf-1244,"[SALAH] Foto Demo Melanggar Covid dan Vaksinasi di Wina, Austria – TurnBackHoax.ID",0,kesehatan,hoaxid_hf,2021-11-30
hf-1246,[SALAH] Video Wanita Tak Bermasker Menolak untuk Duduk Bersebelahan dengan Pria yang Belum Divaksin – TurnBackHoax.ID,0,kesehatan,hoaxid_hf,2021-11-30
hf-1247,[SALAH] Konsumsi Buah Dalam Keadaan Perut Kosong Dapat Sembuhkan Kanker – TurnBackHoax.ID,0,kesehatan,hoaxid_hf,2021-11-30
hf-1251,[SALAH] Terdapat Parasit yang Mematikan di Dalam Vaksin Covid-19 – TurnBackHoax.ID,0,kesehatan,hoaxid_hf,2021-11-30
hf-1252,[SALAH] Sayur Pakis Bisa Menyebabkan Kanker – TurnBackHoax.ID,0,kesehatan,hoaxid_hf,2021-11-30
hf-1255,[SALAH] Jepang Menggunakan Ivermectin dan Menghentikan Vaksin untuk Memberantas Virus Covid-19 – TurnBackHoax.ID,0,kesehatan,hoaxid_hf,2021-11-30
hf-1257,[SALAH] PPKM Level 4 Pada 24 Desember 2021 Karena Ada Varian Covid-19 Baru – TurnBackHoax.ID,0,kesehatan,hoaxid_hf,2021-11-29
hf-1262,[SALAH] Swab PCR Merupakan Cara untuk Melakukan Vaksinasi – TurnBackHoax.ID,0,kesehatan,hoaxid_hf,2021-11-28
hf-1264,[SALAH] Aliansi Dokter Dunia Mengatakan Bahwa Varian Delta Tidak Ada – TurnBackHoax.ID,0,kesehatan,hoaxid_hf,2021-11-28
hf-1269,[SALAH] Vaksinasi Covid-19 Menyebabkan Seseorang Terkena Kanker – TurnBackHoax.ID,0,kesehatan,hoaxid_hf,2021-11-27
hf-1279,[SALAH] Akun Facebook Kabid P2P Dinkes Sampang dokter Yuliono – TurnBackHoax.ID,0,kesehatan,hoaxid_hf,2021-11-22
hf-1286,[SALAH] Rumah Sakit Australia Penuh Karena Pasien Mengalami Efek Samping Vaksin – TurnBackHoax.ID,0,kesehatan,hoaxid_hf,2021-11-21
hf-1293,[SALAH] SMS Hadiah dari BPJS Kesehatan Sebesar Rp75 Juta – TurnBackHoax.ID,0,kesehatan,hoaxid_hf,2021-11-19
hf-1294,[SALAH] Mahkamah Agung Amerika Serikat Telah Membatalkan Vaksinasi Masal – TurnBackHoax.ID,0,kesehatan,hoaxid_hf,2021-11-19
hf-1309,[SALAH] Petai dan Jengkol dapat Sebabkan Stroke – TurnBackHoax.ID,0,kesehatan,hoaxid_hf,2021-11-15
hf-1314,[SALAH] Tautan Pengecekan Bantuan Covid-19 Sebesar Rp600.000 bagi Pemilik KTP atau SIM – TurnBackHoax.ID,0,kesehatan,hoaxid_hf,2021-11-15
hf-1319,[SALAH] Pemerintah Akan Suntik Paksa Vaksin Mematikan pada 22 Februari 2022 – TurnBackHoax.ID,0,kesehatan,hoaxid_hf,2021-11-15
hf-1320,[SALAH] Bayi Dilahirkan dengan Kelainan Genetik Akibat Ibunya Disuntik Vaksin Covid-19 – TurnBackHoax.ID,0,kesehatan,hoaxid_hf,2021-11-15
hf-1330,[SALAH] Vaksin Covid-19 Mengandung Graphene Oxide yang Bereaksi pada Getaran Musik – TurnBackHoax.ID,0,kesehatan,hoaxid_hf,2021-11-14
hf-1344,[SALAH] Robot Dirancang untuk Memberikan Vaksinasi Secara Paksa – TurnBackHoax.ID,0,kesehatan,hoaxid_hf,2021-11-11
hf-1348,[SALAH] 13 Anak Sekolah di Afrika Meninggal Karena Vaksin Covid-19 – TurnBackHoax.ID,0,kesehatan,hoaxid_hf,2021-11-09
hf-1354,[SALAH] Foto Kemasan Vaksin Sinovac “Only for clinical trial” – TurnBackHoax.ID,0,kesehatan,hoaxid_hf,2021-11-08
hf-1358,[SALAH] Foto Keluarga Agus Harimurti Yudhoyono Berwisata saat SBY Berobat Kanker Prostat di AS – TurnBackHoax.ID,0,kesehatan,hoaxid_hf,2021-11-07
hf-1369,[SALAH] Pertolongan Pertama Luka Bakar Dengan Tepung Terigu – TurnBackHoax.ID,0,kesehatan,hoaxid_hf,2021-11-04
hf-1375,[SALAH] Poster tentang Penyakit Stroke yang Menyerang Anak-anak sebagai Efek Samping Covid-19 – TurnBackHoax.ID,0,kesehatan,hoaxid_hf,2021-11-02
hf-1391,[SALAH] Seorang Anak Meninggal Setelah Divaksinasi Covid-19 – TurnBackHoax.ID,0,kesehatan,hoaxid_hf,2021-10-29
hf-1405,[SALAH] Mendeteksi Kesehatan Jantung dengan Memasukkan Tangan ke dalam Air Dingin Selama 30 Detik – TurnBackHoax.ID,0,kesehatan,hoaxid_hf,2021-10-27
hf-1421,[SALAH] Video Jenazah Covid-19 yang Sedang Merokok – TurnBackHoax.ID,0,kesehatan,hoaxid_hf,2021-10-25
hf-1423,[SALAH] Menghirup Cuka dapat Menyembuhkan Covid-19 – TurnBackHoax.ID,0,kesehatan,hoaxid_hf,2021-10-24
hf-1427,[SALAH] 600 Pelajar China Diberikan Vaksin Kosong di DKI Jakarta – TurnBackHoax.ID,0,kesehatan,hoaxid_hf,2021-10-24
hf-1429,[SALAH] Daftar Minuman Instan yang Dapat Sebabkan Diabetes dan Matikan Sumsum Tulang – TurnBackHoax.ID,0,kesehatan,hoaxid_hf,2021-10-23
hf-1433,[SALAH] Minum Air Es Setelah Cuaca Panas Dapat Membuat Pembuluh Darah Pecah – TurnBackHoax.ID,0,kesehatan,hoaxid_hf,2021-10-22
hf-1437,[SALAH] Studi FDA: Vaksin Pfizer Membuat Orang Lebih Rentan Tertular Covid-19 – TurnBackHoax.ID,0,kesehatan,hoaxid_hf,2021-10-22
hf-1438,[SALAH] Scan MRI Harus Dihindari Penerima Vaksin Covid-19 – TurnBackHoax.ID,0,kesehatan,hoaxid_hf,2021-10-22
hf-1439,[SALAH] Daun Kemangi Obat Penghilang Gatal Kulit – TurnBackHoax.ID,0,kesehatan,hoaxid_hf,2021-10-22
hf-1442,[SALAH] Uni Eropa Akan Menghentikan Program Vaksin Covid-19 Mulai Oktober 2021 – TurnBackHoax.ID,0,kesehatan,hoaxid_hf,2021-10-20
hf-1444,[SALAH] Video Pidato Anthony Fauci Mengembangkan Virus Influenza Baru – TurnBackHoax.ID,0,kesehatan,hoaxid_hf,2021-10-20
hf-1447,[SALAH] Judul Berita ITV tentang Seorang Pria Bersedia Divaksin setelah Membuat Tiga Orang Temannya Meninggal karena Covid-19 – TurnBackHoax.ID,0,kesehatan,hoaxid_hf,2021-10-20
hf-1451,[SALAH] Balita divaksin “Upaya Menuju Pemusnahan Massal Umat Islam” – TurnBackHoax.ID,0,kesehatan,hoaxid_hf,2021-10-18
hf-1456,[SALAH] IPB Mengumumkan Ranking Sayuran Anti Kanker – TurnBackHoax.ID,0,kesehatan,hoaxid_hf,2021-10-18
hf-1463,[SALAH] Pilot Pesawat Maskapai Delta Meninggal setelah Divaksin – TurnBackHoax.ID,0,kesehatan,hoaxid_hf,2021-10-15
hf-1464,[SALAH] Kasus Positif Covid-19 di Surabaya Naik – TurnBackHoax.ID,0,kesehatan,hoaxid_hf,2021-10-15
hf-1470,[SALAH] Dana Bantuan Kesehatan & Modal Usaha dari Pusat BPJS Kesehatan – TurnBackHoax.ID,0,kesehatan,hoaxid_hf,2021-10-15
hf-1471,[SALAH] Tetesan Jeruk Nipis Dapat Mengobati Mata – TurnBackHoax.ID,0,kesehatan,hoaxid_hf,2021-10-14
hf-1473,[SALAH] Darah Orang yang Divaksin Covid-19 Menjadi Tidak Normal dan Tidak Bisa Donor Darah – TurnBackHoax.ID,0,kesehatan,hoaxid_hf,2021-10-14
hf-1477,[SALAH] Minum Air Es Setelah Makan Dapat Sebabkan Kanker – TurnBackHoax.ID,0,kesehatan,hoaxid_hf,2021-10-12
hf-1486,[SALAH] CDC Amerika Serikat Memperingatkan Adanya Penyakit Mirip Polio yang Akan Muncul Pada Akhir Tahun 2021 – TurnBackHoax.ID,0,kesehatan,hoaxid_hf,2021-10-10
hf-1488,[SALAH]: Situs Pedulilindungiq.com dan Minta Dana Rp1 Juta Untuk Vaksin Covid-19 – TurnBackHoax.ID,0,kesehatan,hoaxid_hf,2021-10-10
hf-1491,[SALAH] Penampakan Protes Wajib Vaksin di Melbourne Tahun 2021 – TurnBackHoax.ID,0,kesehatan,hoaxid_hf,2021-10-09
hf-1493,[SALAH] Covid-19 adalah Rencana Depopulasi Dunia – TurnBackHoax.ID,0,kesehatan,hoaxid_hf,2021-10-08
hf-1499,"[SALAH] Sertifikat Vaksin Menjadi Syarat Pengisian BBM di SPBU Wilayah Trumon Raya, Aceh Selatan – TurnBackHoax.ID",0,kesehatan,hoaxid_hf,2021-10-07
hf-1501,[SALAH] Gadget dan Wifi Sebabkan Kanker Darah – TurnBackHoax.ID,0,kesehatan,hoaxid_hf,2021-10-07
hf-1503,[SALAH] Foto PM Singapura Mengantre Vaksin Covid-19 – TurnBackHoax.ID,0,kesehatan,hoaxid_hf,2021-10-06
hf-1509,[SALAH] Pesan WhatsApp “Nanas panas ~ dapat membunuh sel kanker!” – TurnBackHoax.ID,0,kesehatan,hoaxid_hf,2021-10-04
hf-1510,[SALAH] Air Rebusan Kayu Manis Dapat Menurunkan Kadar Gula Darah Bagi Penderita Diabetes – TurnBackHoax.ID,0,kesehatan,hoaxid_hf,2021-10-04
hf-1519,[SALAH] WHO Merencanakan Modifikasi Genetik Manusia Melalui Vaksinasi – TurnBackHoax.ID,0,kesehatan,hoaxid_hf,2021-10-01
hf-1520,[SALAH] “Utsmaniy menjadi pelopor dalam penanganan wabah melalui vaksinasi” – TurnBackHoax.ID,0,kesehatan,hoaxid_hf,2021-10-01
hf-1525,[SALAH] Video “Rakyat Menang.. !! Pemerintah Rumania menutup semua pusat vaksin..!” – TurnBackHoax.ID,0,kesehatan,hoaxid_hf,2021-09-30
hf-1527,[SALAH] Vaksin Covid-19 Dapat Mengubah Warna Darah – TurnBackHoax.ID,0,kesehatan,hoaxid_hf,2021-09-30
hf-1531,[SALAH] Tukul Arwana Alami Pendarahan Otak karena Vaksin – TurnBackHoax.ID,0,kesehatan,hoaxid_hf,2021-09-30
hf-1542,[SALAH] Video Demo Menolak Wajib Vaksin di Brazil – TurnBackHoax.ID,0,kesehatan,hoaxid_hf,2021-09-28
hf-1551,[SALAH] Pesan Berantai Cek Gula Darah Gratis sebagai Modus Menyebarkan HIV – TurnBackHoax.ID,0,kesehatan,hoaxid_hf,2021-09-26
hf-1555,[SALAH] Bill Gates Menyarankan Melakukan Depopulasi Dengan Vaksinasi Untuk Solusi Nol Karbon – TurnBackHoax.ID,0,kesehatan,hoaxid_hf,2021-09-24
hf-1556,[SALAH] Pendaftaran Vaksin Nusantara melalui WhatsApp – TurnBackHoax.ID,0,kesehatan,hoaxid_hf,2021-09-24
hf-1562,[SALAH] Mengonsumsi Labu Kuning Dapat Menyembuhkan Covid-19 – TurnBackHoax.ID,0,kesehatan,hoaxid_hf,2021-09-22
hf-1570,"[SALAH] Siaran tvOneNews “Harta Pejabat Meningkat Drastis Selama Pandemi, Bonus Jual Corona dan Vaksin” – TurnBackHoax.ID",0,kesehatan,hoaxid_hf,2021-09-20
hf-1574,[SALAH] Panggilan Telepon Informasi Seputar Vaksinasi – TurnBackHoax.ID,0,kesehatan,hoaxid_hf,2021-09-19
hf-1576,[SALAH] Mulai 1 Oktober Pasien Covid Tidak Ditanggung Kemenkes – TurnBackHoax.ID,0,kesehatan,hoaxid_hf,2021-09-19
hf-1597,[SALAH] Judul Berita ITV tentang Efek Samping Vaksin yang Membuat Wajah Menjadi Merah – TurnBackHoax.ID,0,kesehatan,hoaxid_hf,2021-09-15
hf-1601,[SALAH] Banjir Darah di Bandara Kabul – TurnBackHoax.ID,0,kesehatan,hoaxid_hf,2021-09-15
hf-1604,[SALAH] Cat Kuku Pendeteksi Obat Pemerkosa termasuk obat GHB – TurnBackHoax.ID,0,kesehatan,hoaxid_hf,2021-09-14
hf-1605,[SALAH] Artikel CNN dengan Judul “Healthy 40-year Old COVID Victim’s Last Words: I blame unvaccinated for this” – TurnBackHoax.ID,0,kesehatan,hoaxid_hf,2021-09-14
hf-1625,[SALAH] Yakult Dapat Mencegah Kanker Paru-paru – TurnBackHoax.ID,0,kesehatan,hoaxid_hf,2021-09-07
hf-1629,[SALAH] Pesan Berantai Tim Vaksinasi GSP Meminta Data Pribadi – TurnBackHoax.ID,0,kesehatan,hoaxid_hf,2021-09-06
hf-1630,[SALAH] Mencuci Hidung Dengan Garam Menghilangkan Virus Corona – TurnBackHoax.ID,0,kesehatan,hoaxid_hf,2021-09-06
hf-1638,[SALAH] Muammar Gaddafi Prediksi Covid-19 – TurnBackHoax.ID,0,kesehatan,hoaxid_hf,2021-09-04
hf-1639,[SALAH] Obat Covid-19 Molnulpiravir Mulai Beredar September Mendatang – TurnBackHoax.ID,0,kesehatan,hoaxid_hf,2021-09-03
hf-1645,"[SALAH] Munarman Kritis Total, nasibnya memilukan – TurnBackHoax.ID",0,kesehatan,hoaxid_hf,2021-08-31
hf-1650,"[SALAH] Campuran Air Kelapa Muda, Jeruk Nipis, Garam, dan Madu dapat Mengobati Covid-19 – TurnBackHoax.ID",0,kesehatan,hoaxid_hf,2021-08-30
hf-1652,"[SALAH] “WAPRES: VAKSIN MERUPAKAN PERINTAH AGAMA DAN HUKUMNYA WAJIB, MENOLAK MASUK NERAKA??” – TurnBackHoax.ID",0,kesehatan,hoaxid_hf,2021-08-29
hf-1660,"[SALAH] Vaksin Corona Mengandung Babi, Dapat Mengubah DNA, dan Membuat Manusia Jadi Zombie – TurnBackHoax.ID",0,kesehatan,hoaxid_hf,2021-08-27
hf-1680,[SALAH] Vaksin di Gedung Gradika Bakti ditujukan untuk 18-59 Tahun – TurnBackHoax.ID,0,kesehatan,hoaxid_hf,2021-08-24
hf-1687,[SALAH] Pesan Berantai dari Ketua Satgas Covid-19 Dwiyono terkait Metode Menghirup Uap Air Panas untuk Membunuh Virus Corona – TurnBackHoax.ID,0,kesehatan,hoaxid_hf,2021-08-23
hf-1690,[SALAH] Video “Biang covid bill gates kena timpuk dari orang yg geram padanya” – TurnBackHoax.ID,0,kesehatan,hoaxid_hf,2021-08-22
hf-1697,[SALAH] Oseltamivir Obat Covid-19 Berbahaya dan Mematikan – TurnBackHoax.ID,0,kesehatan,hoaxid_hf,2021-08-20
hf-1699,[SALAH] Informasi Vaksin Dosis 1 dan 2 16 Agustus 2021 di RSAL dr. Ramelan Surabaya – TurnBackHoax.ID,0,kesehatan,hoaxid_hf,2021-08-20
hf-1700,[SALAH] Sertifikat Vaksin Covid-19 Bukan Syarat Administrasi – TurnBackHoax.ID,0,kesehatan,hoaxid_hf,2021-08-20
hf-1704,"[SALAH] Munarman Kritis Total, nasibnya memilukan – TurnBackHoax.ID",0,kesehatan,hoaxid_hf,2021-08-19
hf-1712,[SALAH] Foto Aksi Demo Paspor Kesehatan di Paris pada 7 Agustus 2021 – TurnBackHoax.ID,0,kesehatan,hoaxid_hf,2021-08-19
hf-1713,[SALAH] Masyarakat Suku Baduy Tidak Pernah Divaksin dalam Ratusan Tahun – TurnBackHoax.ID,0,kesehatan,hoaxid_hf,2021-08-19
hf-1731,[SALAH] Tidak Boleh Mengonsumsi Makanan dan Minuman yang Mengandung Alkohol dan Soda setelah Vaksin Covid-19 – TurnBackHoax.ID,0,kesehatan,hoaxid_hf,2021-08-15
hf-1733,[SALAH] Hasil Perhitungan Data Orang yang Sudah Divaksinasi Lebih Banyak Terpapar Varian Delta dan Peluang Kematian Lebih Tinggi – TurnBackHoax.ID,0,kesehatan,hoaxid_hf,2021-08-14
hf-1740,[SALAH] Rockefeller Foundation Telah Rencanakan Skenario Pandemi Covid-19 Sejak 2010 – TurnBackHoax.ID,0,kesehatan,hoaxid_hf,2021-08-14
hf-1752,"[SALAH] Virus Corona Katanya Ganas dan Mematikan, Tapi yang Mati Selalu di Rumah Sakit – TurnBackHoax.ID",0,kesehatan,hoaxid_hf,2021-08-10
hf-1756,[SALAH] Video Wawancara CEO Pfizer yang Menolak Divaksin pada Agustus 2021 – TurnBackHoax.ID,0,kesehatan,hoaxid_hf,2021-08-09
hf-1757,"[SALAH] Vaksin Astrazeneca, Pfizer, dan Moderna Berafiliasi dengan Bluetooth kecuali Sinovac – TurnBackHoax.ID",0,kesehatan,hoaxid_hf,2021-08-09
hf-1758,[SALAH] Covid-19 Bermutasi Menjadi Virus Baru yang Lebih Berbahaya dan Vaksinasi Timbulkan Virus Lain Dari Covid-19 – TurnBackHoax.ID,0,kesehatan,hoaxid_hf,2021-08-08
hf-1760,[SALAH] Dokumen Bank Dunia Tetapkan Covid-19 Sampai Tahun 2025 – TurnBackHoax.ID,0,kesehatan,hoaxid_hf,2021-08-08
hf-1763,"[SALAH] “Vaksin Corona Tidak Terbukti Aman dan Efektif, Coronavirus Sama seperti Flu Biasa, Ini adalah Pandemi Palsu” – TurnBackHoax.ID",0,kesehatan,hoaxid_hf,2021-08-07
hf-1765,"[SALAH] Semua Pasien Positif Covid-19 di New South Wales, Australia Sudah Divaksinasi – TurnBackHoax.ID",0,kesehatan,hoaxid_hf,2021-08-07
hf-1773,[SALAH] Dukun Meninggal karena Covid-19 Setelah Menghirup Napas Pasien Covid-19 – TurnBackHoax.ID,0,kesehatan,hoaxid_hf,2021-08-05
hf-1774,[SALAH] Jadwal Vaksinasi Massal di Royal Plaza Surabaya Tanggal 2-6 Agustus 2021 – TurnBackHoax.ID,0,kesehatan,hoaxid_hf,2021-08-04
hf-1775,[SALAH] SMS Bantuan BPJS Kesehatan Sebesar Rp78 Juta – TurnBackHoax.ID,0,kesehatan,hoaxid_hf,2021-08-04
hf-1777,[SALAH] Air Nanas Panas Bisa Membunuh Sel Kanker – TurnBackHoax.ID,0,kesehatan,hoaxid_hf,2021-08-02
hf-1778,[SALAH] Foto Jadwal Perilisan Varian Covid-19 – TurnBackHoax.ID,0,kesehatan,hoaxid_hf,2021-08-01
hf-1781,[SALAH] Pernyataan Moh Indro Cahyono “TERBONGKAR SUDAH!!! FAKTA COVID 19” – TurnBackHoax.ID,0,kesehatan,hoaxid_hf,2021-07-31
hf-1786,"[SALAH] “Tanggal pembuatan vaksin adalah 2018, setahun sebelum Covid-19 melanda” – TurnBackHoax.ID",0,kesehatan,hoaxid_hf,2021-07-31
hf-1794,[SALAH] Bantuan PPKM Rp1 Juta Bagi Pemilik Sertifikat Vaksinasi – TurnBackHoax.ID,0,kesehatan,hoaxid_hf,2021-07-30
hf-1797,[SALAH] Daun Sungkai dapat Menangkal Covid-19 – TurnBackHoax.ID,0,kesehatan,hoaxid_hf,2021-07-29
hf-1798,[SALAH] BNPB Membuka Donasi Kaos Oblong bagi Tenaga Medis dan Relawan Satgas Covid 19 – TurnBackHoax.ID,0,kesehatan,hoaxid_hf,2021-07-29
hf-1803,[SALAH] Data Pendonor Plasma Darah Konvalesen Area Jogja – TurnBackHoax.ID,0,kesehatan,hoaxid_hf,2021-07-29
hf-1807,"[SALAH] Gambar Artikel Kompas berjudul “Hemoglobin Rendah dan Butuh Tranfusi Darah, Karl Marx Pilih Pendonor yang Hafal Das Kapital “ – TurnBackHoax.ID",0,kesehatan,hoaxid_hf,2021-07-28
hf-1809,[SALAH] Orang yang Pernah Terinfeksi Covid-19 Memiliki Imunitas Lebih Baik Ketimbang yang Divaksin – TurnBackHoax.ID,0,kesehatan,hoaxid_hf,2021-07-28
hf-1810,[SALAH] Air Keran Positif Covid-19 – TurnBackHoax.ID,0,kesehatan,hoaxid_hf,2021-07-28
hf-1811,[SALAH] Vaksin dengan Pfizer Dapat Menularkan Virus ke Orang yang Belum Divaksin – TurnBackHoax.ID,0,kesehatan,hoaxid_hf,2021-07-27
hf-1815,[SALAH] Vaksin Mengandung Racun Berbahaya – TurnBackHoax.ID,0,kesehatan,hoaxid_hf,2021-07-26
hf-1818,[SALAH] CNN Indonesia Menawarkan Hadiah agar Warga Bersedia Divaksin – TurnBackHoax.ID,0,kesehatan,hoaxid_hf,2021-07-25
hf-1819,[SALAH] Foto Beberapa Jenazah Covid-19 di Bekasi – TurnBackHoax.ID,0,kesehatan,hoaxid_hf,2021-07-25
hf-1821,[SALAH] Mata Jenazah Covid-19 diambil tanpa Sepengetahuan Keluarga – TurnBackHoax.ID,0,kesehatan,hoaxid_hf,2021-07-25
hf-1823,[SALAH] Video “pengurusan Covid di Indon” – TurnBackHoax.ID,0,kesehatan,hoaxid_hf,2021-07-24
hf-1827,[SALAH] Foto Suasana Demo Anti-Vaksin di Prancis – TurnBackHoax.ID,0,kesehatan,hoaxid_hf,2021-07-23
hf-1835,"[SALAH] Ketentuan Baru, Mau Buat KTP Harus Punya Sertifikat Vaksin – TurnBackHoax.ID",0,kesehatan,hoaxid_hf,2021-07-23
hf-1839,[SALAH] “AKHIRNYA!! DUNIA SETUJUI VAKSIN NUSANTARA” – TurnBackHoax.ID,0,kesehatan,hoaxid_hf,2021-07-22
hf-1840,[SALAH] Campuran Lemon dan Soda Kue Dapat Membunuh Virus Corona – TurnBackHoax.ID,0,kesehatan,hoaxid_hf,2021-07-22
hf-1844,[SALAH] Minuman Penambah Imun untuk Cegah Penularan Virus COVID-19 – TurnBackHoax.ID,0,kesehatan,hoaxid_hf,2021-07-21
hf-1846,"[SALAH] Video Kondisi Gibran “BERITA TERBARU HARI INI~ISTANA BANJIR TANGIS,VIRUS MENGGROGOTI TUBUHNYA HINGGA BEGINI~VIRAL NEWS JKW” – TurnBackHoax.ID",0,kesehatan,hoaxid_hf,2021-07-21
hf-1847,"[SALAH] Singapura Negara Pertama yang Lakukan Otopsi Jenazah Covid-19, Sumber Kemenkes Singapura – TurnBackHoax.ID",0,kesehatan,hoaxid_hf,2021-07-20
hf-1848,[SALAH] Pernyataan “Semua orang yang divaksinasi akan mati dalam 2 tahun” oleh Luc Montagnier – TurnBackHoax.ID,0,kesehatan,hoaxid_hf,2021-07-20
hf-1856,[SALAH] “Semangkin Gawat Indonesia sekarang ini! Banyaknya Rumah Sakit Penerima Vaksin Palsu!” – TurnBackHoax.ID,0,kesehatan,hoaxid_hf,2021-07-19
hf-1857,[SALAH] Nilai CT Pada Tes PCR Menentukan Kesembuhan Pasien Covid-19 – TurnBackHoax.ID,0,kesehatan,hoaxid_hf,2021-07-19
hf-1859,[SALAH] Banyaknya Varian Covid-19 Muncul Setelah Vaksinasi Dilakukan – TurnBackHoax.ID,0,kesehatan,hoaxid_hf,2021-07-19
hf-1860,[SALAH] Labu Kuning Kukus Dapat Sembuhkan Covid-19 – TurnBackHoax.ID,0,kesehatan,hoaxid_hf,2021-07-19
hf-1861,[SALAH] Chemtrails Penyebar Virus Penyakit Muncul di Langit Pantura – TurnBackHoax.ID,0,kesehatan,hoaxid_hf,2021-07-19
hf-1862,[SALAH] Foto Ajakan untuk Stop Upload Berita Covid-19 oleh Pemerintah Kabupaten Gresik – TurnBackHoax.ID,0,kesehatan,hoaxid_hf,2021-07-18
hf-1863,[SALAH] Tabung Selam Dapat Digunakan sebagai Pengganti Tabung Oksigen Medis – TurnBackHoax.ID,0,kesehatan,hoaxid_hf,2021-07-18
hf-1865,"[SALAH] Video “Di Probolinggo, 16 Juli 2021 Meninggal bersama 5 orang serumah setelah di vaksin” – TurnBackHoax.ID",0,kesehatan,hoaxid_hf,2021-07-18
hf-1866,[SALAH] Video “Potensi Bahaya Vaksin COVID-19” – TurnBackHoax.ID,0,kesehatan,hoaxid_hf,2021-07-17
hf-1870,[SALAH] Air Keran Dapat Positif Covid-19 Setelah Ditest Menggunakan Device Rapid Test Antigen – TurnBackHoax.ID,0,kesehatan,hoaxid_hf,2021-07-17
hf-1871,[SALAH] Daun Teh Pinus Putih hentikan bahaya Vaksin Covid-19 – TurnBackHoax.ID,0,kesehatan,hoaxid_hf,2021-07-17
hf-1876,[SALAH] “Tidak ada mesjid yang akan ditutup di Turki dari ancaman virus corona” – TurnBackHoax.ID,0,kesehatan,hoaxid_hf,2021-07-16
hf-1886,[SALAH] Berkumur dengan Air Garam dan Meminum Air Hangat Dapat Membunuh Virus Corona di Dalam Perut – TurnBackHoax.ID,0,kesehatan,hoaxid_hf,2021-07-15
hf-1889,"[SALAH] Cuci Hidung dengan NaCl 0,9% dapat Menghilangkan Virus dan Bakteri di Lubang Hidung – TurnBackHoax.ID",0,kesehatan,hoaxid_hf,2021-07-14
hf-1894,[SALAH] Detektor Radiasi Elektromagnetik dapat Mendeteksi Radiasi dari Vaksin Covid-19 – TurnBackHoax.ID,0,kesehatan,hoaxid_hf,2021-07-14
hf-1897,[SALAH] Video Akting Plandemi Jenazah Pasien Covid-19 dapat Bergerak – TurnBackHoax.ID,0,kesehatan,hoaxid_hf,2021-07-13
hf-1899,"[SALAH] Racikan Air Kelapa Muda, Jeruk Nipis, Garam, dan Madu dapat Membunuh Virus Covid-19 – TurnBackHoax.ID",0,kesehatan,hoaxid_hf,2021-07-12
hf-1900,[SALAH] Seorang Pria Tewas karena Makan Durian setelah Divaksin – TurnBackHoax.ID,0,kesehatan,hoaxid_hf,2021-07-12
hf-1901,[SALAH] FDA Amerika Sebut Invermectin Dapat Digunakan Untuk Sembuhkan Covid-19 – TurnBackHoax.ID,0,kesehatan,hoaxid_hf,2021-07-12
hf-1911,[SALAH] Air Rebusan Bawang Putih Dapat Menyembuhkan Covid – TurnBackHoax.ID,0,kesehatan,hoaxid_hf,2021-07-10
hf-1913,[SALAH] “Varian baru Covid-19 tidak lain dari infeksi protein spike dari vaksin” – TurnBackHoax.ID,0,kesehatan,hoaxid_hf,2021-07-09
hf-1915,[SALAH] Suara Adzan Di Masjid Dapat Mengecilkan Virus Corona – TurnBackHoax.ID,0,kesehatan,hoaxid_hf,2021-07-09
hf-1917,"[SALAH] Campuran Air Panas dan Lemon, Rahasia Vietnam Tak Alami Kasus Kematian Akibat Covid-19 – TurnBackHoax.ID",0,kesehatan,hoaxid_hf,2021-07-09
hf-1928,"[SALAH] Virus Corona Sangat Ganas Dan Menakutkan, Tapi Anehnya yang Mati Semua Di Rumah Sakit – TurnBackHoax.ID",0,kesehatan,hoaxid_hf,2021-07-05
hf-1930,"[FALSE] Biopharmaceutical Company Moderna, Inc Developed a Covid-19 Vaccine Before the Emergence of the Pandemic – TurnBackHoax.ID",0,kesehatan,hoaxid_hf,2021-07-04
hf-1931,[SALAH] Per 1 Juli 2021 Mengurus SIM dan SKCK Membutuhkan Sertifikat Vaksin Covid – TurnBackHoax.ID,0,kesehatan,hoaxid_hf,2021-07-04
hf-1932,[SALAH] Ketersediaan Ventilator Cukup Memadai dan Obat Ivermectin Sudah Akan Diproduksi Massal – TurnBackHoax.ID,0,kesehatan,hoaxid_hf,2021-07-04
hf-1939,[SALAH] Foto “Orang India membuang ribuan berhala ke jalan karena ketidakmampuan mereka melindungi masyarakat dari virus Corona” – TurnBackHoax.ID,0,kesehatan,hoaxid_hf,2021-07-02
hf-1942,[SALAH] Foto Daftar Obat Dari RS Yang Bisa Digunakan Sendiri oleh Pasien Covid-19 – TurnBackHoax.ID,0,kesehatan,hoaxid_hf,2021-07-02
hf-1943,"[SALAH] Perusahaan Biofarmasi Moderna, Inc Mengembangkan Vaksin Covid-19 Sebelum Munculnya Pandemi – TurnBackHoax.ID",0,kesehatan,hoaxid_hf,2021-07-02
hf-1948,[SALAH] Pesan Berantai BFL (Blood For Life) Indonesia untuk Kebutuhan Donor Darah – TurnBackHoax.ID,0,kesehatan,hoaxid_hf,2021-06-30
hf-1950,[SALAH] Sinar X dalam TV Tabung Dapat Membunuh Virus dalam 8 Jam – TurnBackHoax.ID,0,kesehatan,hoaxid_hf,2021-06-30
hf-1958,[SALAH] Parasetamol P-500 mengandung virus Machupo – TurnBackHoax.ID,0,kesehatan,hoaxid_hf,2021-06-29
hf-1959,[SALAH] Video “Sri Mulyani suntik vaksin utk pencitraan tp kamera gak bisa boong di jarum suntik ga ada isi vaksin nya” – TurnBackHoax.ID,0,kesehatan,hoaxid_hf,2021-06-29
hf-1968,[SALAH] Meminum Minuman Panas dan Menghirup Uap Panas Dapat Membunuh Virus Corona – TurnBackHoax.ID,0,kesehatan,hoaxid_hf,2021-06-27
hf-1971,[SALAH] Anies Baswedan Hanya Mengurusi Asbak dan Tidak Mengurusi Covid di Jakarta – TurnBackHoax.ID,0,kesehatan,hoaxid_hf,2021-06-27
hf-1973,[SALAH] Covid-19 Tidak Mematikan – TurnBackHoax.ID,0,kesehatan,hoaxid_hf,2021-06-26
hf-1977,[SALAH] Rajin Wudhu Aman dari Virus – TurnBackHoax.ID,0,kesehatan,hoaxid_hf,2021-06-25
hf-1979,[SALAH] Resep Obat Untuk Pasien Covid-19 – TurnBackHoax.ID,0,kesehatan,hoaxid_hf,2021-06-25
hf-1980,"[SALAH] Jateng Membludak, Media TV Hanya Liput Covid-19 di DKI Jakarta – TurnBackHoax.ID",0,kesehatan,hoaxid_hf,2021-06-24
hf-1982,[SALAH] Vaksinasi Massal Gratis 22 Juni 2021 di Kota Bogor untuk Umum 18 Tahun Ke Atas – TurnBackHoax.ID,0,kesehatan,hoaxid_hf,2021-06-24
hf-1983,[SALAH] Konsumsi Nigella Oil Menghilangkan Pendarahan di Tenggorokan Orang yang Terdampak Covid – TurnBackHoax.ID,0,kesehatan,hoaxid_hf,2021-06-24
hf-1985,[SALAH] Pesan Berantai “SANDIWARA CORONA” dari Ikatan Dokter Indonesia (IDI) – TurnBackHoax.ID,0,kesehatan,hoaxid_hf,2021-06-23
hf-1987,"[SALAH] Mengandung Virus Baru, Merek Handsanitizer ‘Farah’ Dapat Sebabkan Tangan Melepuh – TurnBackHoax.ID",0,kesehatan,hoaxid_hf,2021-06-23
hf-2015,"[SALAH] “Pemkot Pekanbaru, Riau menarik vaksin Covid-19 karena keampuhan vaksin masih tarik ulur” – TurnBackHoax.ID",0,kesehatan,hoaxid_hf,2021-06-17
hf-2016,[SALAH] Pesepakbola Christian Eriksen Terkena Serangan Jantung setelah Divaksin – TurnBackHoax.ID,0,kesehatan,hoaxid_hf,2021-06-16
hf-2018,[SALAH] Vaksinasi Sebabkan Varian Baru COVID-19 – TurnBackHoax.ID,0,kesehatan,hoaxid_hf,2021-06-16
hf-2024,[SALAH] Foto “The Last Moment Dokter Hadio” – TurnBackHoax.ID,0,kesehatan,hoaxid_hf,2021-06-15
hf-2038,[SALAH] Video “Eric Tohir Sangat Terbuka Menjelaskan Tentang Chip yang Ada dalam Vaksin Covid-19” – TurnBackHoax.ID,0,kesehatan,hoaxid_hf,2021-06-11
hf-2064,[SALAH] Foto-foto “Orang Mati COVID-19 yang Dilempar ke Laut Tiba di Laut Sabah” – TurnBackHoax.ID,0,kesehatan,hoaxid_hf,2021-06-06
hf-2066,[FALSE] The Photos of “COVID-19 dead people thrown in the Sea arrived at Sabah Ocean” – TurnBackHoax.ID,0,kesehatan,hoaxid_hf,2021-06-06
hf-2072,[SALAH] Bahaya Donor Darah Dari Orang yang Sudah Divaksin Covid-19 – TurnBackHoax.ID,0,kesehatan,hoaxid_hf,2021-06-04
hf-2073,[SALAH] Video 450 Kantong Jenazah Covid-19 Berisikan Kertas – TurnBackHoax.ID,0,kesehatan,hoaxid_hf,2021-06-04
hf-2074,[SALAH] Menerima Donor Darah dari Orang yang Sudah di Vaksinasi Covid-19 Berbahaya – TurnBackHoax.ID,0,kesehatan,hoaxid_hf,2021-06-04
hf-2090,[SALAH] Suntikan Vaksin Kosong di Indonesia – TurnBackHoax.ID,0,kesehatan,hoaxid_hf,2021-05-31
hf-2095,"[SALAH] Campuran Air Kelapa Muda, Jeruk Nipis dan Garam dapat Menyembuhkan Covid-19 – TurnBackHoax.ID",0,kesehatan,hoaxid_hf,2021-05-30
hf-2101,"[SALAH] Tangkapan Layar “hati2,,, rakyat akan dibunuh vaksin Cina,,,!” Video CNN Indonesia – TurnBackHoax.ID",0,kesehatan,hoaxid_hf,2021-05-29
hf-2111,"[SALAH] Setelah Divaksin, Tubuh Punya Daya Magnetis dan Dapat Dikoneksikan ke Bluetooth – TurnBackHoax.ID",0,kesehatan,hoaxid_hf,2021-05-27
hf-2117,[FALSE] Eating Onions and Dropping Lemon Juice On The Nose Can Treat Covid-19 – TurnBackHoax.ID,0,kesehatan,hoaxid_hf,2021-05-26
hf-2122,[SALAH] Ekstrak Akar Dandelion Dapat Membunuh 98% Sel Kanker Dalam 48 Jam – TurnBackHoax.ID,0,kesehatan,hoaxid_hf,2021-05-25
hf-2131,"[SALAH] Berada Di Sekitar Orang yang Baru Divaksin, Dapat Sebabkan Gangguan Menstruasi Pada Wanita – TurnBackHoax.ID",0,kesehatan,hoaxid_hf,2021-05-23
hf-2132,[SALAH] Memakan Bawang Merah dan Meneteskan Air Perasan Lemon ke Hidung Dapat Mengobati Covid-19 – TurnBackHoax.ID,0,kesehatan,hoaxid_hf,2021-05-23
hf-2133,[SALAH] Luka Warga Palestina Akibat Serangan Israel Ternyata Hasil Make Up – TurnBackHoax.ID,0,kesehatan,hoaxid_hf,2021-05-23
hf-2147,[SALAH] Vaksin Covid-19 Mengandung Microchip Magnetik – TurnBackHoax.ID,0,kesehatan,hoaxid_hf,2021-05-21
hf-2149,[SALAH] Video “Warga Malaysia antri nginep di stadion shah alam…semua positif covid 19” – TurnBackHoax.ID,0,kesehatan,hoaxid_hf,2021-05-20
hf-2154,[SALAH] Obat dan Bahan Herbal Mencegah Covid – TurnBackHoax.ID,0,kesehatan,hoaxid_hf,2021-05-20
hf-2161,[SALAH] Jumlah Kasus COVID-19 di JATIM Meledak – TurnBackHoax.ID,0,kesehatan,hoaxid_hf,2021-05-18
hf-2185,[SALAH] Video Pernyataan “Netanyahu Akan Membunuh Muslim dengan Vaksin” – TurnBackHoax.ID,0,kesehatan,hoaxid_hf,2021-05-14
hf-2186,[SALAH] Vaksin Covid-19 Beresiko Tinggi Bagi Perempuan yang Sedang Menstruasi – TurnBackHoax.ID,0,kesehatan,hoaxid_hf,2021-05-14
hf-2190,"[SALAH] Jengkol, Pete, Pepaya Sebabkan Stroke! Dapat Reda Dengan Mengeluarkan Darah Dari Ujung Jari – TurnBackHoax.ID",0,kesehatan,hoaxid_hf,2021-05-12
hf-2200,"[SALAH] Indonesia berduka, 10 Dokter meninggal pada hari yang sama akibat terinfeksi Covid-19 – TurnBackHoax.ID",0,kesehatan,hoaxid_hf,2021-05-11
hf-2202,[SALAH] Mengonsumsi Air Hangat dan Berkumur Dengan Air Garam Dapat Hilangkan Virus Corona – TurnBackHoax.ID,0,kesehatan,hoaxid_hf,2021-05-10
hf-2212,[SALAH] Video Warga India Menyerang Kendaraan Tenaga Medis dan Menolak PCR – TurnBackHoax.ID,0,kesehatan,hoaxid_hf,2021-05-09
hf-2217,[SALAH] Mendeteksi Virus Corona dengan Menahan Napas 10 Detik – TurnBackHoax.ID,0,kesehatan,hoaxid_hf,2021-05-08
hf-2228,[SALAH] Foto Hasil CT Scan Paru-Paru Orang Yang Telah Divaksin dan Belum Divaksin – TurnBackHoax.ID,0,kesehatan,hoaxid_hf,2021-05-05
hf-2241,[SALAH] Foto “Kremasi massal saat melonjaknya jumlah kasus infeksi Covid-19 India” – TurnBackHoax.ID,0,kesehatan,hoaxid_hf,2021-05-04
hf-2244,"[SALAH] Covid-19 Adalah Bakteri yang Terpapar Radiasi, Sumber: Kementerian Kesehatan Rusia – TurnBackHoax.ID",0,kesehatan,hoaxid_hf,2021-05-03
hf-2254,[SALAH] Video “Seseorang yang wafat karena terinfeksi virus Covid-19 mempercayakan teman baiknya untuk membuang uangnya di Times Square di New York” – TurnBackHoax.ID,0,kesehatan,hoaxid_hf,2021-05-02
hf-2277,[SALAH] Foto Syuting Film Horor agar Masyarakat Indonesia Mau Divaksin – TurnBackHoax.ID,0,kesehatan,hoaxid_hf,2021-04-29
hf-2286,[SALAH] Bantuan Dana dari BPJS Kesehatan – TurnBackHoax.ID,0,kesehatan,hoaxid_hf,2021-04-27
hf-2296,[SALAH] Foto Seorang Lansia Menggunakan Alat Bantu Pernapasan di Jalan karena Kasus Covid-19 di India Meningkat Drastis – TurnBackHoax.ID,0,kesehatan,hoaxid_hf,2021-04-25
hf-2300,"[FALSE] Inhaling Mothballs, Cloves, Carom Seeds, and Eucalyptus Oil Can Relieve Shortness of Breath Due to COVID-19 Infection – TurnBackHoax.ID",0,kesehatan,hoaxid_hf,2021-04-25
hf-2304,[SALAH] Ketua DPRD Mimika Meninggal Akibat Vaksin – TurnBackHoax.ID,0,kesehatan,hoaxid_hf,2021-04-24
hf-2314,"[SALAH] Menghirup Kapur Barus, Cengkeh, Biji Karom, dan Minyak Kayu Putih dapat Meredakan Sesak Nafas Akibat Infeksi COVID-19 – TurnBackHoax.ID",0,kesehatan,hoaxid_hf,2021-04-23
hf-2326,[FALSE] All Covid-19 Vaccine Test Animals Are Proven to Die Because of Vaccine Injections – TurnBackHoax.ID,0,kesehatan,hoaxid_hf,2021-04-22
hf-2330,[SALAH] Makan Bawang Mentah dan Garam bisa Ubah Positif Covid-19 Menjadi Negatif setelah 15 Menit – TurnBackHoax.ID,0,kesehatan,hoaxid_hf,2021-04-21
hf-2332,"[SALAH] Kenaikan Limfosit Usai Vaksin, Sebabkan Kematian – TurnBackHoax.ID",0,kesehatan,hoaxid_hf,2021-04-21
hf-2338,[SALAH] Video Membuang Uang di Times Square untuk Teman Baiknya yang Meninggal karena Covid-19 – TurnBackHoax.ID,0,kesehatan,hoaxid_hf,2021-04-20
hf-2341,[SALAH] Meletakkan Bawang di Bawah Telapak Kaki Dapat Menyembuhkan Kanker dan Malaria – TurnBackHoax.ID,0,kesehatan,hoaxid_hf,2021-04-20
hf-2346,[SALAH] Video Seorang Kakek Ditahan Karena Tidak Memakai Masker Setelah Vaksinasi – TurnBackHoax.ID,0,kesehatan,hoaxid_hf,2021-04-19
hf-2352,[SALAH] Seluruh Hewan Percobaan Vaksin Covid-19 Terbukti Mati Karena Suntik Vaksin – TurnBackHoax.ID,0,kesehatan,hoaxid_hf,2021-04-19
hf-2354,[SALAH] Tim Vaksinasi GSP Cari Data Penerima Vaksin – TurnBackHoax.ID,0,kesehatan,hoaxid_hf,2021-04-19
hf-2370,"[SALAH] Positif Covid Disebabkan oleh Kekurangan Vitamin, Bukan oleh Virus – TurnBackHoax.ID",0,kesehatan,hoaxid_hf,2021-04-16
hf-2371,"[SALAH] “vaksin korongna itu mRNA, ini bukan vaksin tapi terapi gen, mRNA ini jadi instruksi untuk menyebabkan mutasi” – TurnBackHoax.ID",0,kesehatan,hoaxid_hf,2021-04-16
hf-2376,[SALAH] Kota Tarakan Kalimantan Utara Bebas Covid-19 – TurnBackHoax.ID,0,kesehatan,hoaxid_hf,2021-04-15
hf-2389,[FALSE] The use of masks can cause death due to Covid-19 – TurnBackHoax.ID,0,kesehatan,hoaxid_hf,2021-04-13
hf-2394,[SALAH] “Korban Vaksin Lagi. Kini anggota Brimob di Maluku” – TurnBackHoax.ID,0,kesehatan,hoaxid_hf,2021-04-13
hf-2395,[SALAH] Pemerintah Inggris Menurunkan Status Covid-19 Karena Covid-19 Bisa Sembuh dengan Paracetamol – TurnBackHoax.ID,0,kesehatan,hoaxid_hf,2021-04-13
hf-2403,[SALAH] Penggunaan Masker dapat Menyebabkan Kematian Akibat Covid-19 – TurnBackHoax.ID,0,kesehatan,hoaxid_hf,2021-04-11
hf-2406,[SALAH] Foto “Munarman udah divaksin” – TurnBackHoax.ID,0,kesehatan,hoaxid_hf,2021-04-10
hf-2407,[SALAH] Pembersih Alat Rapid Test Corona Bisa Sebabkan Kanker – TurnBackHoax.ID,0,kesehatan,hoaxid_hf,2021-04-09
hf-2412,[SALAH] Muhammadiyah Larang Masyarakat dengan KTP Non-Islam Ikut Vaksin – TurnBackHoax.ID,0,kesehatan,hoaxid_hf,2021-04-08
hf-2417,[SALAH] Vaksin Melemahkan Kekuatan TNI – TurnBackHoax.ID,0,kesehatan,hoaxid_hf,2021-04-08
hf-2426,"[SALAH] Artikel berjudul “China Tidak Bisa Berbohong Lagi, WHO Akhirnya Bongkar Asal Usul Virus Corona yang Sebenarnya, Benarkah Dunia Sudah Dibohongi Selama Ini?” – TurnBackHoax.ID",0,kesehatan,hoaxid_hf,2021-04-07
hf-2428,"[SALAH] Video “Lebih banyak mayat bertumpuk akibat COVID, tapi salah satunya menghisap rokok” – TurnBackHoax.ID",0,kesehatan,hoaxid_hf,2021-04-06
hf-2430,[SALAH] Makanan Kaleng dari Thailand Menularkan Virus AIDS – TurnBackHoax.ID,0,kesehatan,hoaxid_hf,2021-04-06
hf-2431,[SALAH] Website Portal Vaksin Covid-19 “corporate-realty.co” – TurnBackHoax.ID,0,kesehatan,hoaxid_hf,2021-04-06
hf-2433,[SALAH] Vaksin Covid-19 Merusak Sel Otak dan Sel Darah – TurnBackHoax.ID,0,kesehatan,hoaxid_hf,2021-04-06
hf-2444,[SALAH] “vaksin di Drive thrue banyak yg dibohongin Begini SDM kita” – TurnBackHoax.ID,0,kesehatan,hoaxid_hf,2021-04-02
hf-2464,[SALAH] Bantuan Penanganan Covid-19 untuk Pondok Pesantren dan Panti Asuhan oleh Wakil Ketua DPRD Pasuruan – TurnBackHoax.ID,0,kesehatan,hoaxid_hf,2021-03-31
hf-2470,"[SALAH] Khawatir Tim Medis Lupa Jenis Vaksin yang Diberikan, Sertifikat Vaksin Harus Disimpan – TurnBackHoax.ID",0,kesehatan,hoaxid_hf,2021-03-30
hf-2476,[SALAH] Ekstrak Nanas Bisa Dijadikan Obat Virus Corona – TurnBackHoax.ID,0,kesehatan,hoaxid_hf,2021-03-29
hf-2480,[SALAH] “setelah vaksin Covid-19 selama 5 bulan tak boleh minum yg mengandung alkohol” – TurnBackHoax.ID,0,kesehatan,hoaxid_hf,2021-03-28
hf-2483,"[SALAH] Vaksin Berbasis mRna, Dapat Menyebabkan Kanker – TurnBackHoax.ID",0,kesehatan,hoaxid_hf,2021-03-25
hf-2484,[SALAH] Pancaran Radiasi Wifi Berakibat Kanker Darah Pada Anak – TurnBackHoax.ID,0,kesehatan,hoaxid_hf,2021-03-25
hf-2485,[SALAH] “Yg vaksin jgn Lupa Kalau bisa sesuaikan Surat vaccine Nanti itu namanya sesuai Passport” – TurnBackHoax.ID,0,kesehatan,hoaxid_hf,2021-03-25
hf-2494,[SALAH] “Tulisan ini dari kawan-kawan komunitas IDI (Ikatan Dokter Indonesia)” – TurnBackHoax.ID,0,kesehatan,hoaxid_hf,2021-03-24
hf-2495,[SALAH] Tentara Angkatan Laut Australia Mengalami Efek Samping Parah setelah Divaksin Covid-19 – TurnBackHoax.ID,0,kesehatan,hoaxid_hf,2021-03-23
hf-2506,[SALAH] Rumput Paragis untuk Menyembuhkan Kanker – TurnBackHoax.ID,0,kesehatan,hoaxid_hf,2021-03-22
hf-2509,[SALAH] Pengumuman Jadwal Vaksinasi untuk Umum di Wilayah Jawa Barat Maret 2021 oleh Gubernur – TurnBackHoax.ID,0,kesehatan,hoaxid_hf,2021-03-22
hf-2516,[SALAH] Foto Gubernur Korea Selatan Menggunakan Jaket saat Divaksin – TurnBackHoax.ID,0,kesehatan,hoaxid_hf,2021-03-21
hf-2517,[SALAH] 17 Negara Melarang Penyebaran Vaksin AstraZeneca – TurnBackHoax.ID,0,kesehatan,hoaxid_hf,2021-03-21
hf-2519,[SALAH] Lowongan Kerja Dinas Kesehatan Kabupaten Bojonegoro – TurnBackHoax.ID,0,kesehatan,hoaxid_hf,2021-03-19
hf-2526,[SALAH] Episode Sitkom Bajaj Bajuri Ramalkan Virus Corona Tahun 2021 – TurnBackHoax.ID,0,kesehatan,hoaxid_hf,2021-03-17
hf-2528,[SALAH] Tidak Ada Kasus Covid-19 di Bhutan karena Penduduknya Vegetarian – TurnBackHoax.ID,0,kesehatan,hoaxid_hf,2021-03-16
hf-2529,[SALAH] Vaksin Sinovac Kadaluwarsa 25 Maret 2021 dan Dibuat Sebelum Pandemi – TurnBackHoax.ID,0,kesehatan,hoaxid_hf,2021-03-16
hf-2536,[SALAH] Vaksinasi Covid-19 untuk Warga Non DKI Jakarta di Istora Senayan – TurnBackHoax.ID,0,kesehatan,hoaxid_hf,2021-03-14
hf-2545,[SALAH] Pesan Berantai Whatsapp Bantuan Sosial Finansial Rp3.550.000 Dari BPJS Kesehatan – TurnBackHoax.ID,0,kesehatan,hoaxid_hf,2021-03-13
hf-2547,"[SALAH] “Vaksin Sinovac, Vaksin yg sebenarnya di peruntukkan untuk ayam” – TurnBackHoax.ID",0,kesehatan,hoaxid_hf,2021-03-13
hf-2548,[SALAH] Rusia Menemukan bahwa Covid-19 Tidak Disebabkan oleh Virus – TurnBackHoax.ID,0,kesehatan,hoaxid_hf,2021-03-12
hf-2555,"[SALAH] Bio Farma Mengadakan Vaksinasi Covid-19 pada Jumat, 12 Maret 2021 – TurnBackHoax.ID",0,kesehatan,hoaxid_hf,2021-03-12
hf-2557,[SALAH] Vaksin Sinovac berisikan Virus Hidup yang dilemahkan serta mengandung Sel Vero dan Bahan-Bahan Berbahaya – TurnBackHoax.ID,0,kesehatan,hoaxid_hf,2021-03-11
hf-2558,[SALAH] Video “Vaksinasi di.mall T.Anggrek” – TurnBackHoax.ID,0,kesehatan,hoaxid_hf,2021-03-11
hf-2561,[SALAH] Menghirup Uap Panas Teh Herbal Dapat Mencegah dan Menyembuhkan COVID-19 – TurnBackHoax.ID,0,kesehatan,hoaxid_hf,2021-03-10
hf-2569,[SALAH] Pesan Berantai Video “Potensi Bahaya Vaksin COVID-19” – TurnBackHoax.ID,0,kesehatan,hoaxid_hf,2021-03-07
hf-2571,[SALAH] Uap Panas Hasil Rebusan Daun Jambu dapat Mengobati Covid-19 – TurnBackHoax.ID,0,kesehatan,hoaxid_hf,2021-03-07
hf-2572,[SALAH] Terdapat Paku Dalam Kapsul Obat – TurnBackHoax.ID,0,kesehatan,hoaxid_hf,2021-03-07
hf-2573,[SALAH] Vaksin Moderna Dirancang untuk Mengubah DNA Manusia – TurnBackHoax.ID,0,kesehatan,hoaxid_hf,2021-03-07
hf-2577,[SALAH] Pemberian Vaksin Covid-19 oleh Badan Litbangkes – TurnBackHoax.ID,0,kesehatan,hoaxid_hf,2021-03-06
hf-2578,[SALAH] “kenapa semua nya meninggal dengan ciri ciri penyebab yg sama seperti korban vaksin Covid-19 lain di luar negeri” – TurnBackHoax.ID,0,kesehatan,hoaxid_hf,2021-03-05
hf-2587,[SALAH] Vaksinasi di PPSDMK Cukup Bawa KTP Sebagai Syarat – TurnBackHoax.ID,0,kesehatan,hoaxid_hf,2021-03-03
hf-2600,"[SALAH] “Anosmia Bukan Gejala khas Virus, Minum aja Mecobalamin 5 cap setiap 1 jam sampai diare ringan” – TurnBackHoax.ID",0,kesehatan,hoaxid_hf,2021-03-01
hf-2609,[SALAH] BPJS Kesehatan Memberikan Bantuan Dana Rp50 Juta Kepada TKW – TurnBackHoax.ID,0,kesehatan,hoaxid_hf,2021-02-27
hf-2611,[SALAH] Akun WhatsApp Juru Bicara Vaksinasi Covid-19 Meminta Sejumlah Dana – TurnBackHoax.ID,0,kesehatan,hoaxid_hf,2021-02-27
hf-2619,[SALAH] Demonstrasi Memprotes Kebijakan Covid-19 di Romania – TurnBackHoax.ID,0,kesehatan,hoaxid_hf,2021-02-26
hf-2622,[SALAH] Memakai Masker Secara Terus Menerus Akan Menyebabkan Kanker Paru-Paru – TurnBackHoax.ID,0,kesehatan,hoaxid_hf,2021-02-25
hf-2630,[SALAH] Bantuan 37 Juta Rupiah dari BPJS Kesehatan – TurnBackHoax.ID,0,kesehatan,hoaxid_hf,2021-02-24
hf-2631,[SALAH] Foto Efek Samping Yang Dialami Setelah Vaksinasi Moderna Covid-19 – TurnBackHoax.ID,0,kesehatan,hoaxid_hf,2021-02-24
hf-2642,[SALAH] Pernyataan Ketua Satgas Covid terkait Hirup Uap Air Panas Membunuh Virus Corona – TurnBackHoax.ID,0,kesehatan,hoaxid_hf,2021-02-23
hf-2649,[SALAH] “Tips Kesehatan Membuang Batu Empedu” – TurnBackHoax.ID,0,kesehatan,hoaxid_hf,2021-02-23
hf-2661,[SALAH] “setelah di vaksin maka kasus HIV dan kanker akan meledak” – TurnBackHoax.ID,0,kesehatan,hoaxid_hf,2021-02-20
hf-2662,[SALAH] “wabah flu Spanyol penyebabnya bukan virus melainkan gejala pneumonia oleh bakteri akibat oleh karena adanya wajib masker” – TurnBackHoax.ID,0,kesehatan,hoaxid_hf,2021-02-20
hf-2679,"[SALAH] “TERKUAK, Ternyata Jemaah Haji Indonesia Ditolak Bukan Karena Covid 19” – TurnBackHoax.ID",0,kesehatan,hoaxid_hf,2021-02-18
hf-2682,[SALAH] Jambu Kristal Putih Dapat Menangkal Covid-19 – TurnBackHoax.ID,0,kesehatan,hoaxid_hf,2021-02-17
hf-2698,"[SALAH] “Covid-19 BUKAN Virus, Sumber : Kementerian Kesehatan Italy” – TurnBackHoax.ID",0,kesehatan,hoaxid_hf,2021-02-14
hf-2705,[SALAH] Kondisi Seorang Remaja Perempuan Setelah Vaksinasi Covid-19 – TurnBackHoax.ID,0,kesehatan,hoaxid_hf,2021-02-12
hf-2716,[SALAH] Vietnam Tanpa Kasus Kematian Akibat Covid-19 karena Campuran Teh Panas dan Lemon – TurnBackHoax.ID,0,kesehatan,hoaxid_hf,2021-02-11
hf-2720,[SALAH] Kematian Ustadz Maaher akibat Disuntik Vaksin – TurnBackHoax.ID,0,kesehatan,hoaxid_hf,2021-02-11
hf-2724,[SALAH] Minum Air Hangat 4 Kali Sehari Dapat Menyembuhkan Covid-19 – TurnBackHoax.ID,0,kesehatan,hoaxid_hf,2021-02-10
hf-2732,"[SALAH] “SETAHUN Koma di Rumah Sakit, Begitu Siuman Pria Ini Syok Orang-orang Tercinta Meninggal karena Covid” – TurnBackHoax.ID",0,kesehatan,hoaxid_hf,2021-02-09
hf-2744,[SALAH] Fenomena Banjir Darah di Pekalongan – TurnBackHoax.ID,0,kesehatan,hoaxid_hf,2021-02-07
hf-2758,[SALAH] Yahya Waloni Menuai Balasan dari Ucapannya yang Menantang Covid-19 dan Enggan Menggunakan Masker – TurnBackHoax.ID,0,kesehatan,hoaxid_hf,2021-02-07
hf-2759,[SALAH] Obat Klorin Dioksida Temuan Prof Dr Richard Claproth Dapat Menyembuhkan Covid-19 – TurnBackHoax.ID,0,kesehatan,hoaxid_hf,2021-02-07
hf-2761,[SALAH] Video Air Rebusan Belimbing Wuluh Dapat Mencegah dan Menyembuhkan Covid-19 – TurnBackHoax.ID,0,kesehatan,hoaxid_hf,2021-02-06
hf-2769,[SALAH] Ramuan Penangkal Covid-19 oleh Kemenkes – TurnBackHoax.ID,0,kesehatan,hoaxid_hf,2021-02-05
hf-2778,[SALAH] Menteri Kesehatan Thailand Menangis Saat Disuntik Vaksin Covid-19 – TurnBackHoax.ID,0,kesehatan,hoaxid_hf,2021-02-03
hf-2779,[SALAH] Bantuan Covid-19 untuk Pemilik SIM A dan C oleh Asuransi Jasa Raharja – TurnBackHoax.ID,0,kesehatan,hoaxid_hf,2021-02-03
hf-2784,[SALAH] “Satu2nya negara yg tidak ada COVID19-nya TANZANIA. Mereka gak pernah adakan Rapid Test n PCR kepada penduduknya” – TurnBackHoax.ID,0,kesehatan,hoaxid_hf,2021-02-03
hf-2788,[SALAH] Pesan Berantai “Paradox vaksin” – TurnBackHoax.ID,0,kesehatan,hoaxid_hf,2021-02-02
hf-2789,"[SALAH] “test Ge Nose C19, Mudah n murah. Rp 15 rb, 10 detik, akurasi 99,9%. Gak hrs swab, gak hrs diambil darah” – TurnBackHoax.ID",0,kesehatan,hoaxid_hf,2021-02-02
hf-2796,[SALAH] Dua Kekasih Tidak Lepas Berpelukan Setelah Berhubungan Intim di Jalan – TurnBackHoax.ID,0,kesehatan,hoaxid_hf,2021-01-31
hf-2798,[SALAH] “Gereja Haramkan Vaksin kok MUI Halalkan Vaksin?” – TurnBackHoax.ID,0,kesehatan,hoaxid_hf,2021-01-31
hf-2806,[SALAH] Lianhua Qingwen Dapat Digunakan Sebagai Obat Covid-19 – TurnBackHoax.ID,0,kesehatan,hoaxid_hf,2021-01-28
hf-2810,[SALAH] Nomor Palsu Satgas Covid-19 Beredar di Whatsapp – TurnBackHoax.ID,0,kesehatan,hoaxid_hf,2021-01-28
hf-2813,[SALAH] Berkumur dengan Air Hangat dan Air Garam Dapat Menghilangkan Virus Corona – TurnBackHoax.ID,0,kesehatan,hoaxid_hf,2021-01-28
hf-2815,[SALAH] Minum Air Kelapa Sebagai Penangkal Racun Usai Divaksin – TurnBackHoax.ID,0,kesehatan,hoaxid_hf,2021-01-27
hf-2817,[SALAH] Kumham Hapus Sanksi Pidana setelah Anak Buah Megawati Tolak Vaksin – TurnBackHoax.ID,0,kesehatan,hoaxid_hf,2021-01-26
hf-2821,"[SALAH] Karena Disuntik Vaksin, Dokter di Palembang Meninggal – TurnBackHoax.ID",0,kesehatan,hoaxid_hf,2021-01-25
hf-2825,[SALAH] “Julio Iglesias meninggal karena covid19” – TurnBackHoax.ID,0,kesehatan,hoaxid_hf,2021-01-24
hf-2827,"[SALAH] “Kesan Abdul Somad Saat Divaksin: Ndak Terasa Sakit, Tak Sesakit Ditinggal Pas Lagi Sayang-Sayangnya” – TurnBackHoax.ID",0,kesehatan,hoaxid_hf,2021-01-24
hf-2828,[SALAH] Foto “anak korban vaksinasi covid” – TurnBackHoax.ID,0,kesehatan,hoaxid_hf,2021-01-24
hf-2830,[SALAH] Indonesia Tidak Dapat Menggugat Jika Vaksin Bermasalah – TurnBackHoax.ID,0,kesehatan,hoaxid_hf,2021-01-23
hf-2834,[SALAH] Ketua BPOM Ditekan dan Diancam Untuk Keluarkan Vaksin Sinovac – TurnBackHoax.ID,0,kesehatan,hoaxid_hf,2021-01-23
hf-2840,[SALAH] “VAKSINASI PRESIDEN HARUS DIULANG DAN HATI-HATI DENGAN VAKSINASI” – TurnBackHoax.ID,0,kesehatan,hoaxid_hf,2021-01-22
hf-2841,[SALAH] Tangkapan Layar Video CNN Memberitakan Rakyat akan dibunuh oleh Vaksin dari Tiongkok – TurnBackHoax.ID,0,kesehatan,hoaxid_hf,2021-01-21
hf-2842,[SALAH] Diagram Chip 5G pada Vaksin Covid-19 – TurnBackHoax.ID,0,kesehatan,hoaxid_hf,2021-01-21
hf-2844,[SALAH] Obat COVID-19 Dexamethasone Lebih Murah dari Harga Vaksin COVID-19 – TurnBackHoax.ID,0,kesehatan,hoaxid_hf,2021-01-21
hf-2852,[SALAH] “Eric tohir sang missionaris chip covid-19” – TurnBackHoax.ID,0,kesehatan,hoaxid_hf,2021-01-21
hf-2853,"[SALAH] Pernyataan IDI Terkait Aspartame dalam Minuman Instan Sebabkan Kanker, Diabetes, dan Pengerasan Sumsum Tulang Belakang – TurnBackHoax.ID",0,kesehatan,hoaxid_hf,2021-01-20
hf-2856,[SALAH] “5 cara utk meningkatkan ANTI BODY” dari Regu Pembasmi Covid-19 – TurnBackHoax.ID,0,kesehatan,hoaxid_hf,2021-01-20
hf-2863,[SALAH] Video Bill Gates Rapat dengan CIA Mengenai Vaksin Pada Tahun 2005 – TurnBackHoax.ID,0,kesehatan,hoaxid_hf,2021-01-20
hf-2864,[SALAH] Video Puluhan Santri Pingsan Setelah Vaksin Covid-19 Sinovac – TurnBackHoax.ID,0,kesehatan,hoaxid_hf,2021-01-19
hf-2865,[SALAH] Singapura Hentikan Vaksinasi Setelah 48 Orang Meninggal di Negaranya – TurnBackHoax.ID,0,kesehatan,hoaxid_hf,2021-01-19
hf-2870,[SALAH] Video “Setelah disuntik vaksin pingsan tak sadarkan diri” – TurnBackHoax.ID,0,kesehatan,hoaxid_hf,2021-01-19
hf-2873,[SALAH] “Kasdim 0817 Gresik Mayor Sugeng Riyadi meninggal akibat disuntik vaksin” – TurnBackHoax.ID,0,kesehatan,hoaxid_hf,2021-01-18
hf-2874,[SALAH] Merokok Bisa Menghadang Virus Corona – TurnBackHoax.ID,0,kesehatan,hoaxid_hf,2021-01-18
hf-2876,[SALAH] “Vaksin covid-19 itu telah bermutasi menjadi ribuan covid-19 baru di seluruh dunia” – TurnBackHoax.ID,0,kesehatan,hoaxid_hf,2021-01-18
hf-2877,[SALAH] Pembagian Masker Gratis Dicampur Obat Bius – TurnBackHoax.ID,0,kesehatan,hoaxid_hf,2021-01-18
hf-2883,"[SALAH] Jokowi Bukan Disuntik Vaksin, Melainkan Suntik Vitamin – TurnBackHoax.ID",0,kesehatan,hoaxid_hf,2021-01-17
hf-2885,"[SALAH] Jika Sudah Disuntik Vaksin Covid-19, Tidak Perlu Mematuhi Protokol Kesehatan – TurnBackHoax.ID",0,kesehatan,hoaxid_hf,2021-01-17
hf-2889,"[SALAH] “Berita Terbaru Hari Ini ~ 48 Orang Te.was Setelah Di Vaksin Coro.na, Agenda Ja.hat Re.zim Terungkap!” – TurnBackHoax.ID",0,kesehatan,hoaxid_hf,2021-01-16
hf-2892,[SALAH] “Kronologi Syekh Ali Jabar Wafat 2 jam sebelum beliau wafat tak disangka ternyata karna vaksin ini??” – TurnBackHoax.ID,0,kesehatan,hoaxid_hf,2021-01-16
hf-2896,[SALAH] “Ketua Fraksi PDIP saja ga mau di vaksin” – TurnBackHoax.ID,0,kesehatan,hoaxid_hf,2021-01-16
hf-2904,[SALAH] Terapi Uap Panas dan Minyak Kayu Putih Dapat Membunuh Virus Corona – TurnBackHoax.ID,0,kesehatan,hoaxid_hf,2021-01-15
hf-2905,[SALAH] Presiden Terpilih AS Joe Bidden Mundur Karena Alasan Kesehatan – TurnBackHoax.ID,0,kesehatan,hoaxid_hf,2021-01-15
hf-2907,[SALAH] Jokowi Kejang dan Meninggal Dunia setelah Disuntik Vaksin – TurnBackHoax.ID,0,kesehatan,hoaxid_hf,2021-01-15
hf-2910,[SALAH] Pesan Whatsapp Undangan Rakernas Peningkatan Kinerja Tenaga Kesehatan oleh Dinkes DKI – TurnBackHoax.ID,0,kesehatan,hoaxid_hf,2021-01-15
hf-2915,[SALAH] Jokowi Menggunakan Vaksin Buatan Eropa – TurnBackHoax.ID,0,kesehatan,hoaxid_hf,2021-01-14
hf-2917,[SALAH] “Rakyat Aceh menolak vaksin covid19 karena menurut para ulama Aceh itu haram” – TurnBackHoax.ID,0,kesehatan,hoaxid_hf,2021-01-14
hf-2919,[SALAH] Obat Covid-19 dari Asap Batok Kelapa – TurnBackHoax.ID,0,kesehatan,hoaxid_hf,2021-01-13
hf-2922,[SALAH] “Kemasan vaksin Sinovac ga pake ampulan Didalam box vaksin sudah ada spuit khusus yg sdh ada vaksin nya” – TurnBackHoax.ID,0,kesehatan,hoaxid_hf,2021-01-13
hf-2925,"[SALAH] Video “antri Pemakaman Covid-19 di Tegal Alur,JKT. Hidup antri, mau dikuburpun antri.” – TurnBackHoax.ID",0,kesehatan,hoaxid_hf,2021-01-13
hf-2926,[SALAH] Hirup Uap Air Panas Dua Kali Sehari Dapat Menangkal Covid-19 – TurnBackHoax.ID,0,kesehatan,hoaxid_hf,2021-01-13
hf-2931,[SALAH] Tiongkok dan Luhut Pandjaitan Merencanakan Pembunuhan Massal Terhadap Pribumi dengan 40 Ribu Ton Alat Tes Covid-19 – TurnBackHoax.ID,0,kesehatan,hoaxid_hf,2021-01-12
hf-2932,[SALAH] 21% Pasien Mengalami Efek Samping Setelah Memakai Vaksin Moderna – TurnBackHoax.ID,0,kesehatan,hoaxid_hf,2021-01-12
hf-2933,[SALAH] Setengah Karyawan BTC Pangkalpinang Positif Covid-19 – TurnBackHoax.ID,0,kesehatan,hoaxid_hf,2021-01-12
hf-2934,[SALAH] Pesan Berantai Rekrutmen Relawan Untuk Merawat Pasien Covid 19 di Wisma Atlet Oleh Dokter Irna – TurnBackHoax.ID,0,kesehatan,hoaxid_hf,2021-01-12
hf-2945,[SALAH] Video “vaksin AstraZeneca menggunakan MRC-5” – TurnBackHoax.ID,0,kesehatan,hoaxid_hf,2021-01-11
hf-2946,[SALAH] “COVID-19 adalah tipuan terbesar yang pernah dilakukan dan hanya flu buruk lainnya” – TurnBackHoax.ID,0,kesehatan,hoaxid_hf,2021-01-11
hf-2947,[SALAH] “sakit mendadak oleh vaksin” – TurnBackHoax.ID,0,kesehatan,hoaxid_hf,2021-01-10
hf-2955,[SALAH] Hanya 13 Ribu Orang di Britania Raya yang Terinfeksi Covid-19 pada Tahun 2020 – TurnBackHoax.ID,0,kesehatan,hoaxid_hf,2021-01-09
hf-2958,[SALAH] Penerima Vaksin Perdana Meninggal Dunia Usai Disuntik Vaksin Pfizer – TurnBackHoax.ID,0,kesehatan,hoaxid_hf,2021-01-09
hf-2960,[SALAH] “Ternyata VAKSIN Yg Akan Di Suntikan Ke Jokowi Berbeda” – TurnBackHoax.ID,0,kesehatan,hoaxid_hf,2021-01-09
hf-2964,[SALAH] “Inalilahi wainailaihi rojiun Telah meninggal..HRS..Di dalam sel karna kena covid…” – TurnBackHoax.ID,0,kesehatan,hoaxid_hf,2021-01-08
hf-2966,[SALAH] Pinjaman Dana Bantuan Covid-19 oleh Bupati Pasuruan Irsyad Yusuf – TurnBackHoax.ID,0,kesehatan,hoaxid_hf,2021-01-08
hf-2967,[SALAH] “vaksin Sinovac disebutkan memberi efek samping pembesaran alat kelamin” – TurnBackHoax.ID,0,kesehatan,hoaxid_hf,2021-01-08
hf-2968,"[SALAH] “Fabiana Souza, penerima perdana suntikan vaksin covid 19 meninggal dunia di RS.Sao Lucas Porto Alegre Brazil Selatan” – TurnBackHoax.ID",0,kesehatan,hoaxid_hf,2021-01-07
hf-2970,[SALAH] Hydro Oxy Mouth Freshener Spray Dapat Cegah dan Sembuhkan Virus Covid-19 – TurnBackHoax.ID,0,kesehatan,hoaxid_hf,2021-01-07
hf-2975,"[SALAH] Vaksin Bermasalah dan Mengerikan, Disuntik Bisa Menjadi Sakit dan Sekarat – TurnBackHoax.ID",0,kesehatan,hoaxid_hf,2021-01-06
hf-2983,[SALAH] “Vaksin Sinovac Covid-19 yang akan di suntikkan kepada warga hanya untuk kelinci percobaan” – TurnBackHoax.ID,0,kesehatan,hoaxid_hf,2021-01-06
hf-2988,[SALAH] “Raja Thailand panggil ulama Islam baca doa tolak bala covid 19” – TurnBackHoax.ID,0,kesehatan,hoaxid_hf,2021-01-05
hf-2989,[SALAH] Vaksin Sinovac Mengandung Sel Kera Hijau Afrika – TurnBackHoax.ID,0,kesehatan,hoaxid_hf,2021-01-05
hf-2991,[SALAH] Tulisan dr. Siti Fadillah terkait Pengobatan Covid-19 – TurnBackHoax.ID,0,kesehatan,hoaxid_hf,2021-01-05
hf-2992,[SALAH] Artikel CNN “Seorang Dokter Merekomendasikan Vaksin Covid19 Disuntikkan di Alat Kelamin Pria – TurnBackHoax.ID,0,kesehatan,hoaxid_hf,2021-01-05
hf-2994,[SALAH] Resep Campuran Teh Hijau dan Lemon Untuk Atasi Covid-19 – TurnBackHoax.ID,0,kesehatan,hoaxid_hf,2021-01-05
hf-3003,[SALAH] Sambal Bawang Bisa Cegah Covid19 – TurnBackHoax.ID,0,kesehatan,hoaxid_hf,2021-01-03
hf-3006,[SALAH] Video Ribuan Jamaah Tanpa Masker Sambut Kedatangan Ustadz Abdul Somad di Tengah Pandemi Covid-19 – TurnBackHoax.ID,0,kesehatan,hoaxid_hf,2021-01-02
hf-3007,[SALAH] “Bill Gates mengatakan dia tidak akan divaksinasi dan CEO Pfizer juga menunda menerima vaksin covid-19” – TurnBackHoax.ID,0,kesehatan,hoaxid_hf,2021-01-02
hf-3008,[SALAH] Minum Teh Dengan Batang Lada Dapat Sembuhkan Covid-19 – TurnBackHoax.ID,0,kesehatan,hoaxid_hf,2021-01-02
hf-3019,[SALAH] “kesimpulan Rob Oswald: COVID 19 adalah khayalan dan fiktif” – TurnBackHoax.ID,0,kesehatan,hoaxid_hf,2021-01-01
hf-3021,[SALAH] “WHO menyatakan bahwa vaksin Sinovac adalah vaksin yang paling lemah” – TurnBackHoax.ID,0,kesehatan,hoaxid_hf,2021-01-01
hf-3022,[SALAH] Istora Senayan Dijadikan Tempat Penampungan Pasien Covid-19 – TurnBackHoax.ID,0,kesehatan,hoaxid_hf,2021-01-01
hf-3029,[SALAH] Video Keadaan RS Covid Wisma Atlet – TurnBackHoax.ID,0,kesehatan,hoaxid_hf,2020-12-30
hf-3042,[SALAH] Tiga Wanita Bintang Iklan Jamu Covid-19 – TurnBackHoax.ID,0,kesehatan,hoaxid_hf,2020-12-28
hf-3043,[SALAH] Tunggakan BPJS Kesehatan Lunas Hanya Dengan Bayar 6 Bulan – TurnBackHoax.ID,0,kesehatan,hoaxid_hf,2020-12-28
hf-3051,[SALAH] Bupati Bojonegoro Dr. Hj. Anna Muawanah terpapar Covid-19 – TurnBackHoax.ID,0,kesehatan,hoaxid_hf,2020-12-28
hf-3057,[SALAH] “Jokowi hari ini tolak di suntik vaksin Covid-19 duluan” – TurnBackHoax.ID,0,kesehatan,hoaxid_hf,2020-12-26
hf-3062,[SALAH] Rekrutmen Kerja Staf Lab Vaksin oleh RSU Mulia Hati – TurnBackHoax.ID,0,kesehatan,hoaxid_hf,2020-12-26
hf-3066,[SALAH] “Rumah Sakit Di Lockdown Karena Pasien Vaksin Covid Pertama Mulai Makan Pasien Lain” – TurnBackHoax.ID,0,kesehatan,hoaxid_hf,2020-12-25
hf-3071,[SALAH] Vaksin Covid-19 Buatan Pfizer Berbentuk Vape – TurnBackHoax.ID,0,kesehatan,hoaxid_hf,2020-12-24
hf-3077,[SALAH] “Syarat Vaksin Gratis Jokowi: BPJS Kesehatan Anda Harus Aktif” – TurnBackHoax.ID,0,kesehatan,hoaxid_hf,2020-12-23
hf-3079,[SALAH] Relawan Alami Gangguan Saraf Setelah Disuntik Vaksin Sinovac – TurnBackHoax.ID,0,kesehatan,hoaxid_hf,2020-12-23
hf-3085,[SALAH] “Paus Fransiskus Mengatakan Vaksin Covid Sekarang Akan Diperlukan Untuk Masuk Surga” – TurnBackHoax.ID,0,kesehatan,hoaxid_hf,2020-12-22
hf-3086,[SALAH] Video Jarum Suntik Menghilang Saat Proses Vaksinasi Covid-19 – TurnBackHoax.ID,0,kesehatan,hoaxid_hf,2020-12-21
hf-3090,[SALAH] Jokowi Akan Menggunakan Vaksin Pfizer dan Vaksin Sinovac Untuk Masyarakat – TurnBackHoax.ID,0,kesehatan,hoaxid_hf,2020-12-21
hf-3096,[SALAH] Foto Polisi dengan Luka Bacok – TurnBackHoax.ID,0,kesehatan,hoaxid_hf,2020-12-20
hf-3098,"[SALAH] Video Perawat Pingsan Setelah Mendapat Vaksin Covid-19, Potensi Genosida Massal – TurnBackHoax.ID",0,kesehatan,hoaxid_hf,2020-12-20
hf-3104,[SALAH] Vaksin yang disimpan -80 Derajat Bukanlah Vaksin Melainkan Agen Transfeksi yang Dapat Memanipulasi Genetika Manusia – TurnBackHoax.ID,0,kesehatan,hoaxid_hf,2020-12-18
hf-3106,[SALAH] Singapura Membuka Vaccine Tourism dan Melakukan Vaksinasi di Bandara Changi – TurnBackHoax.ID,0,kesehatan,hoaxid_hf,2020-12-18
hf-3114,[SALAH] Foto “4 Orang Alami Kelumpuhan Wajah Setelah Disuntik Vaksin Corona” – TurnBackHoax.ID,0,kesehatan,hoaxid_hf,2020-12-17
hf-3117,[SALAH] Kota Manado Zona Hitam Covid-19 – TurnBackHoax.ID,0,kesehatan,hoaxid_hf,2020-12-17
hf-3118,[SALAH] Kandungan Formaldehida pada Vaksin Menyebabkan Leukimia pada Anak – TurnBackHoax.ID,0,kesehatan,hoaxid_hf,2020-12-17
hf-3126,[SALAH] “IDI tolak yg Pertama dpt Vaksin Sinovac China” – TurnBackHoax.ID,0,kesehatan,hoaxid_hf,2020-12-15
hf-3127,[SALAH] 44 Orang Tenaga Kesehatan Positif Covid di RS Tipe B Parepare – TurnBackHoax.ID,0,kesehatan,hoaxid_hf,2020-12-15
hf-3137,[SALAH] Video Konvoi Kemenangan Plat AD Tidak Patuhi Protokol Kesehatan – TurnBackHoax.ID,0,kesehatan,hoaxid_hf,2020-12-13
hf-3143,"[SALAH] Konsumsi Campuran Air Kelapa, Jeruk Nipis, Garam dan Madu Dapat Menyembuhkan Covid-19 – TurnBackHoax.ID",0,kesehatan,hoaxid_hf,2020-12-13
hf-3144,[SALAH] Satu RT di Ciracas Terkena Covid-19 – TurnBackHoax.ID,0,kesehatan,hoaxid_hf,2020-12-13
hf-3148,[SALAH] Pendaftaran Relawan COVID-19 di Wisma Atlet – TurnBackHoax.ID,0,kesehatan,hoaxid_hf,2020-12-13
hf-3158,[SALAH] Ketua Tim Peneliti Pfizer: Vaksin Covid-19 Dapat Menyebabkan Kemandulan bagi Perempuan – TurnBackHoax.ID,0,kesehatan,hoaxid_hf,2020-12-12
hf-3159,[SALAH] Telapak Kaki Relawan Melepuh Efek Samping Suntik Vaksin Covid-19 – TurnBackHoax.ID,0,kesehatan,hoaxid_hf,2020-12-12
hf-3162,"[SALAH] COVID-19 Merupakan Buatan Manusia sebagai Senjata Biologis dari Carolina Utara, Amerika Serikat dan Pasien Nol Bernama Maatje Benassi – TurnBackHoax.ID",0,kesehatan,hoaxid_hf,2020-12-11
hf-3168,[SALAH] Jangan Datang ke Jalan Melong Cikawao karena Satu RT Positif Covid-19 – TurnBackHoax.ID,0,kesehatan,hoaxid_hf,2020-12-11
hf-3173,[SALAH] KPK Lakukan OTT Seorang Dokter Gigi di Surabaya Berkaitan dengan Pilkada 2020 – TurnBackHoax.ID,0,kesehatan,hoaxid_hf,2020-12-10
hf-3187,[SALAH] Minum Minyak Kayu Putih Dapat Menyembuhkan COVID-19 – TurnBackHoax.ID,0,kesehatan,hoaxid_hf,2020-12-08
hf-3189,[SALAH] China Sembuh dari COVID-19 Tanpa Vaksin – TurnBackHoax.ID,0,kesehatan,hoaxid_hf,2020-12-08
hf-3194,"[SALAH] Foto “Enam Jenazah Anggota FPI yang Ditembak Polisi, Berlumuran Darah, Wajah Penuh Luka Lebam” – TurnBackHoax.ID",0,kesehatan,hoaxid_hf,2020-12-08
hf-3198,[SALAH] Gratis Langganan Netflix Selama Satu Tahun karena Pandemi Covid-19 – TurnBackHoax.ID,0,kesehatan,hoaxid_hf,2020-12-07
hf-3203,[SALAH] Kopi Bisa Cegah dan Sembuhkan Covid-19 – TurnBackHoax.ID,0,kesehatan,hoaxid_hf,2020-12-07
hf-3208,[SALAH] “Baru sehari mentrinya jd TSK bantuan covid.19 yg ditilep. Hari ini kantor kemensos terbakar” – TurnBackHoax.ID,0,kesehatan,hoaxid_hf,2020-12-07
hf-3216,"[SALAH] “Yang Punya Kartu Bpjs (Kis) Kesehatan Akan Diberikan Bantuan Uang Tunai Sebesar 2,4 Juta” – TurnBackHoax.ID",0,kesehatan,hoaxid_hf,2020-12-06
hf-3229,"[SALAH] Foto Keadaan Rumah Sakit yang Sepi dari Pasien Covid-19 di Nevada, Amerika Serikat – TurnBackHoax.ID",0,kesehatan,hoaxid_hf,2020-12-04
hf-3235,[SALAH] Kandungan Alumunium pada Vaksin Berbahaya bagi Otak – TurnBackHoax.ID,0,kesehatan,hoaxid_hf,2020-12-02
hf-3266,[SALAH] “Korea Selatan Kelabakan Lihat Warganya Meninggal Satu Persatu Usai Disuntik Vaksin” – TurnBackHoax.ID,0,kesehatan,hoaxid_hf,2020-11-28
hf-3267,[SALAH] Pesan Berantai Donor Darah Gratis Oleh Blood For Life (BFL) Indonesia – TurnBackHoax.ID,0,kesehatan,hoaxid_hf,2020-11-28
hf-3268,[SALAH] Vaksin Covid-19 berbasis mRNA Dapat Mengubah DNA Manusia – TurnBackHoax.ID,0,kesehatan,hoaxid_hf,2020-11-28
hf-3278,"[SALAH] Kebijakan Ticketmaster, Wajibkan Vaksin Covid-19 Sebelum Menghadiri Konser – TurnBackHoax.ID",0,kesehatan,hoaxid_hf,2020-11-27
hf-3279,"[SALAH] Minum Air Panas, Susu Panas, Teh Panas dan Menghirup Uapnya Dapat Membunuh Virus Corona – TurnBackHoax.ID",0,kesehatan,hoaxid_hf,2020-11-27
hf-3280,[SALAH] Video Keramaian Stasiun Kereta Api di India Selama Pandemi COVID-19 – TurnBackHoax.ID,0,kesehatan,hoaxid_hf,2020-11-26
hf-3284,[SALAH] Joe Biden Mengangkat Orang India sebagai Penasehat Politik – TurnBackHoax.ID,0,kesehatan,hoaxid_hf,2020-11-26
hf-3286,[SALAH] COVID-19 adalah Akronim dari “Certification Of Vaccination Identification 2019” dan Penanaman Barcode Implan di Wuhan pada Tahun 2019 – TurnBackHoax.ID,0,kesehatan,hoaxid_hf,2020-11-26
hf-3292,[SALAH] Air Rebusan Bawang Putih Dapat Menyembuhkan COVID-19 – TurnBackHoax.ID,0,kesehatan,hoaxid_hf,2020-11-24
hf-3294,[SALAH] Foto “Viral! Beredar Foto Anies Jenguk Rizieq yang Positif Covid-19” – TurnBackHoax.ID,0,kesehatan,hoaxid_hf,2020-11-24
hf-3295,[SALAH] Test Swab COVID-19 dapat Menyebabkan Lapisan Otak Pecah dan Pendarahan Hingga Kematian dan Pernah Terjadi di Kanada – TurnBackHoax.ID,0,kesehatan,hoaxid_hf,2020-11-24
hf-3300,[SALAH] Corona Adalah Kedok dari Penyakit Radiasi – TurnBackHoax.ID,0,kesehatan,hoaxid_hf,2020-11-23
hf-3315,"[SALAH] “Akibat Suntik Vaksin dari Cina , Masyarakat Zimbabwe Terkena Penyakit Kulit Ber Air.” – TurnBackHoax.ID",0,kesehatan,hoaxid_hf,2020-11-20
hf-3316,[SALAH] Tempurung Kelapa Dapat Mengobati Sakit Gigi Berlubang – TurnBackHoax.ID,0,kesehatan,hoaxid_hf,2020-11-20
hf-3340,[SALAH] Video Pemusik dan Penyanyi Dunia dari Berbagai Agama Menyanyikan Asmaul Husna di Selandia Baru untuk Memohon Berhentinya Wabah COVID-19 – TurnBackHoax.ID,0,kesehatan,hoaxid_hf,2020-11-14
hf-3365,"[SALAH] “Di Tanya soal virus Corona KORLAP FPI: Hanya Imam Besar kami yg punya Penangkal virus Corona, karna Imam besar kami cucu Nabi” – TurnBackHoax.ID",0,kesehatan,hoaxid_hf,2020-11-11
hf-3378,[SALAH] Luhut Positif Covid-19 dan Dilarikan ke RS Militer – TurnBackHoax.ID,0,kesehatan,hoaxid_hf,2020-11-11
hf-3383,[SALAH] 48 Orang di Korea Selatan Meninggal Setelah Disuntik Vaksin COVID-19 – TurnBackHoax.ID,0,kesehatan,hoaxid_hf,2020-11-09
hf-3389,[SALAH] Kisah Dokter yang Kekasihnya Positif Covid-19 di Italia – TurnBackHoax.ID,0,kesehatan,hoaxid_hf,2020-11-09
hf-3429,[SALAH] BPOM Halangi Vaksin yang akan Diberikan – TurnBackHoax.ID,0,kesehatan,hoaxid_hf,2020-11-03
hf-3439,[SALAH] Pemerintah Berikan Bantuan Internet Gratis Selama Pandemi Covid-19 – TurnBackHoax.ID,0,kesehatan,hoaxid_hf,2020-11-02
hf-3447,[SALAH] Pertolongan Pertama Pada Stroke Dengan Tusuk Jari – TurnBackHoax.ID,0,kesehatan,hoaxid_hf,2020-11-01
hf-3481,[SALAH] Presiden Jokowi Menjadi Dokter – TurnBackHoax.ID,0,kesehatan,hoaxid_hf,2020-10-28
hf-3483,[SALAH] Pesan Pembuatan Grup WhatsApp tentang Virus COVID-19 oleh Sekjen Kemenkes – TurnBackHoax.ID,0,kesehatan,hoaxid_hf,2020-10-27
hf-3493,[SALAH] Kawasan Johor Baru Malaysia Terdampak Ekonomi Pandemi Covid-19 – TurnBackHoax.ID,0,kesehatan,hoaxid_hf,2020-10-27
hf-3501,[SALAH] Pandemi Telah Berakhir dan Covid-19 Adalah Flu Biasa – TurnBackHoax.ID,0,kesehatan,hoaxid_hf,2020-10-25
hf-3518,[SALAH] “Pendataan Imunisasi Covid-19 untuk Tenaga Medis dan Non Medis oleh Dinas Kesehatan Provinsi DKI Jakarta” – TurnBackHoax.ID,0,kesehatan,hoaxid_hf,2020-10-23
hf-3522,[SALAH] Daun Sisik Naga Dapat Menyembuhkan Kanker Payudara – TurnBackHoax.ID,0,kesehatan,hoaxid_hf,2020-10-23
hf-3549,[SALAH] Jenazah Pasien Covid-19 Dikubur Masih Pakai Daster dan Tidak Sesuai Syariat Fardhu Kifayah Islam – TurnBackHoax.ID,0,kesehatan,hoaxid_hf,2020-10-20
hf-3565,[SALAH] Vaksin COVID-19 Dapat Mengubah DNA Manusia – TurnBackHoax.ID,0,kesehatan,hoaxid_hf,2020-10-19
hf-3566,"[SALAH] “mana mau media memberita kan polisi yang terluka, mereka beritakan kalo ada perusuh yg terluka” – TurnBackHoax.ID",0,kesehatan,hoaxid_hf,2020-10-19
hf-3574,[SALAH] “TERNYATA SUDAH 10 hari PENDEMO tidak ada yang kena COVID 19” – TurnBackHoax.ID,0,kesehatan,hoaxid_hf,2020-10-18
hf-3579,[SALAH] Presiden Donald Trump Meninggal Dunia karena COVID-19 – TurnBackHoax.ID,0,kesehatan,hoaxid_hf,2020-10-17
hf-3592,"[SALAH] Donald Trump: “Darahku adalah vaksinnya!!!,” – TurnBackHoax.ID",0,kesehatan,hoaxid_hf,2020-10-16
hf-3596,[SALAH] MUI Larang Penggunaan Vaksin Covid-19 yang Didatangkan dari Tiongkok – TurnBackHoax.ID,0,kesehatan,hoaxid_hf,2020-10-16
hf-3609,"[SALAH] “*Dzolim banget Polisi ini,* demonstran terluka dirawat di RS tapi pake cara interogasi penyiksaan” – TurnBackHoax.ID",0,kesehatan,hoaxid_hf,2020-10-15
hf-3610,[SALAH] Harga Vaksin di Indonesia 1000% Lebih Mahal Daripada di Brazil – TurnBackHoax.ID,0,kesehatan,hoaxid_hf,2020-10-15
hf-3612,[SALAH] COVID-19 Tidak Membuat Orang Meninggal Dunia – TurnBackHoax.ID,0,kesehatan,hoaxid_hf,2020-10-15
hf-3627,[SALAH] Foto Dokter Menyatakan COVID-19 Disebarkan Melalui Vaksin – TurnBackHoax.ID,0,kesehatan,hoaxid_hf,2020-10-14
hf-3639,[SALAH] Memakai Masker Menyebabkan Kanker – TurnBackHoax.ID,0,kesehatan,hoaxid_hf,2020-10-12
hf-3653,"[SALAH] “Mereka yang Turun ke Jalanan Hari Ini Jika Besok Mereka Masih Hidup dan Sehat, Artinya Perihal Corona Hanya Politik & Bisnis Semata” – TurnBackHoax.ID",0,kesehatan,hoaxid_hf,2020-10-10
hf-3663,[SALAH] Menghirup Uap Panci Presto Dapat Mengobati COVID-19 – TurnBackHoax.ID,0,kesehatan,hoaxid_hf,2020-10-09
hf-3669,[SALAH] Selembaran Berisi Informasi Daun Teh Tiek Kwan Im Mengandung Obat Bius – TurnBackHoax.ID,0,kesehatan,hoaxid_hf,2020-10-08
hf-3671,[SALAH] Pengumuman Beasiswa Covid-19 Rp4 Juta dari STMIK Royal Kisaran Melalui SMS – TurnBackHoax.ID,0,kesehatan,hoaxid_hf,2020-10-08
hf-3677,[SALAH] Biden Terpapar COVID-19 dan Batuk Terus-Menerus Saat Kampanye – TurnBackHoax.ID,0,kesehatan,hoaxid_hf,2020-10-07
hf-3682,[SALAH] Pesawat “Darurat Bencana” Diluncurkan Karena Donald Trump Positif COVID-19 – TurnBackHoax.ID,0,kesehatan,hoaxid_hf,2020-10-06
hf-3686,[SALAH] Anies Baswedan Terpapar COVID-19 dan Dilarikan ke RS Royal Sunter – TurnBackHoax.ID,0,kesehatan,hoaxid_hf,2020-10-05
hf-3690,[SALAH] Tim Kampanye Donald Trump Galang Dana Untuk Kesembuhan Trump – TurnBackHoax.ID,0,kesehatan,hoaxid_hf,2020-10-04
hf-3699,[SALAH] Hydroxychloroquine Sebagai Obat Malaria di Uganda – TurnBackHoax.ID,0,kesehatan,hoaxid_hf,2020-10-03
hf-3702,"[SALAH] “Emil Saat Diambil Darah untuk Uji Vaksin China, tutup jarumnya belum di buka” – TurnBackHoax.ID",0,kesehatan,hoaxid_hf,2020-10-03
hf-3723,[SALAH] “Cina mentargetkan 100 jt penduduk indonesia mati melalui vaksin cina” – TurnBackHoax.ID,0,kesehatan,hoaxid_hf,2020-10-01
hf-3724,[SALAH] “menghilangkan virus adalah mengkonsumsi lebih banyak makanan dan minuman alkali diatas tingkat keasaman virus” – TurnBackHoax.ID,0,kesehatan,hoaxid_hf,2020-10-01
hf-3732,[SALAH] Peserta BPJS Kesehatan Gratis Diblokir Karena Punya Motor Lebih dari Satu – TurnBackHoax.ID,0,kesehatan,hoaxid_hf,2020-09-30
hf-3736,[SALAH] Tepung Terigu Bisa Obati Luka Bakar – TurnBackHoax.ID,0,kesehatan,hoaxid_hf,2020-09-29
hf-3743,[SALAH] Dua Orang Pria Meninggal Dunia Akibat Kekerasan Polisi Saat Aksi Protes Anti-Vaksin dan Anti-Masker di London – TurnBackHoax.ID,0,kesehatan,hoaxid_hf,2020-09-28
hf-3744,[SALAH] “Pembuatan group WhatsApp ‘INFO WILAYAH PENULARAN COVID-19’ dan pembagian VAKSIN” – TurnBackHoax.ID,0,kesehatan,hoaxid_hf,2020-09-28
hf-3747,[SALAH] Artikel Detik.com “Trans Studio Bandung Tutup Mulai Hari ini Untuk Cegah Penyebaran Virus Corona di Bandung” – TurnBackHoax.ID,0,kesehatan,hoaxid_hf,2020-09-28
hf-3748,[SALAH] “Arief Puyouno: Saya Yakin Dana Penanggulangan Covid-19 di DKI Banyak Penyimpangan Karena Gabenernya Adalah Kaki Tangan Kadrun Gila” – TurnBackHoax.ID,0,kesehatan,hoaxid_hf,2020-09-28
hf-3761,[SALAH] Sultan HB X Sebut Positif-Negatif Covid-19 Sama Saja Karena Semua Orang Pasti Meninggal – TurnBackHoax.ID,0,kesehatan,hoaxid_hf,2020-09-25
hf-3762,[FALSE] “Neem Leaves Can Cure Covid-19” – TurnBackHoax.ID,0,kesehatan,hoaxid_hf,2020-09-25
hf-3779,[SALAH] Akun Facebook Bupati Bekasi Meminta Sumbangan Dana Covid-19 – TurnBackHoax.ID,0,kesehatan,hoaxid_hf,2020-09-23
hf-3782,[SALAH] Kunyah Daun Sirih Untuk Mengatasi Covid-19 – TurnBackHoax.ID,0,kesehatan,hoaxid_hf,2020-09-23
hf-3784,[SALAH] “Daun Mimba Dapat Menyembuhkan Covid-19” – TurnBackHoax.ID,0,kesehatan,hoaxid_hf,2020-09-23
hf-3791,[SALAH] Foto Anies Baswedan Dinobatkan Menjadi Gubernur Terbaik Dunia – TurnBackHoax.ID,0,kesehatan,hoaxid_hf,2020-09-22
hf-3796,[SALAH] Razia Masker Non Medis dengan Denda Rp30 Ribu di Bundaran SMP 5 Malang – TurnBackHoax.ID,0,kesehatan,hoaxid_hf,2020-09-22
hf-3802,[SALAH] “Minum Kopi 3 x Sehari untuk menangkal Covid-19” – TurnBackHoax.ID,0,kesehatan,hoaxid_hf,2020-09-21
hf-3813,[SALAH] Tutorial Mendapat Kuota Gratis 20GB dari Program Covid-19 – TurnBackHoax.ID,0,kesehatan,hoaxid_hf,2020-09-20
hf-3820,"[SALAH] “Ketika di vaksin, microchip yg sangat kecil dipasang tanpa terasa, New Dajjal siap membunuh 7.5 milyard manusia” – TurnBackHoax.ID",0,kesehatan,hoaxid_hf,2020-09-19
hf-3826,[SALAH] 200 Mayat Korban Covid-19 Sekali Kubur di Italia – TurnBackHoax.ID,0,kesehatan,hoaxid_hf,2020-09-18
hf-3829,[SALAH] Foto Peta Persebaran COVID-19 di Jakarta Berwarna Merah dan Hitam – TurnBackHoax.ID,0,kesehatan,hoaxid_hf,2020-09-18
hf-3830,[SALAH] Sejumlah Negara Membeli Produk Alat Test COVID-19 pada Tahun 2017-2018 – TurnBackHoax.ID,0,kesehatan,hoaxid_hf,2020-09-18
hf-3832,"[SALAH] “Ini ada ratusan nyawa dokter yang sudah menjadi korban, Pak Menkes bilang jangan dibesar-besarkan” – TurnBackHoax.ID",0,kesehatan,hoaxid_hf,2020-09-17
hf-3846,"[SALAH] Selama Covid19 Ada, Tidak ada Orang Gila Yang Kena Covid19 – TurnBackHoax.ID",0,kesehatan,hoaxid_hf,2020-09-15
hf-3852,[SALAH] Video Teknik Menahan Napas Untuk Deteksi Covid-19 – TurnBackHoax.ID,0,kesehatan,hoaxid_hf,2020-09-14
hf-3875,[SALAH] Foto Gubernur Anies Memegang Piagam Bertuliskan “PENGHARGAAN Provinsi Jumlah Covid 19 Tertinggi” – TurnBackHoax.ID,0,kesehatan,hoaxid_hf,2020-09-10
hf-3879,[SALAH] Makan Buah Saat Perut Kosong Sembuhkan Kanker – TurnBackHoax.ID,0,kesehatan,hoaxid_hf,2020-09-09
hf-3910,[SALAH] Covid-19 Singkatan dari Certificate of Vaccination Identification with Artificial Intelligence – TurnBackHoax.ID,0,kesehatan,hoaxid_hf,2020-09-06
hf-3912,[SALAH] Beredarnya Obat Progesterex untuk Mensterilkan Perempuan – TurnBackHoax.ID,0,kesehatan,hoaxid_hf,2020-09-05
hf-3918,[SALAH] Pesan Berantai “Salah Satu Cara Untuk Menangkis Virus Covid-19 Dengan Air Garam dan Air Hangat” – TurnBackHoax.ID,0,kesehatan,hoaxid_hf,2020-09-05
hf-3920,"[SALAH] Campuran Air Kelapa Muda, Jeruk Nipis, dan Garam Dapat Mematikan Virus Corona – TurnBackHoax.ID",0,kesehatan,hoaxid_hf,2020-09-04
hf-3934,[SALAH] “getah daun kemangi obat gatal-gatal” – TurnBackHoax.ID,0,kesehatan,hoaxid_hf,2020-09-03
hf-3935,[SALAH] Air Rebusan Pepaya Muda Bisa Sembuhkan Kanker Kelenjar Getah Bening – TurnBackHoax.ID,0,kesehatan,hoaxid_hf,2020-09-03
hf-3937,[SALAH] “Samsung ingin membantu siswa yang membutuhkan ponsel untuk belajar karena pandemi Covid19” – TurnBackHoax.ID,0,kesehatan,hoaxid_hf,2020-09-03
hf-3940,[SALAH] Perdana Menteri Jepang Mundur Karena Terkait Virus Corona – TurnBackHoax.ID,0,kesehatan,hoaxid_hf,2020-09-02
hf-3943,[SALAH] Film Asal Korea Prediksi COVID-19 – TurnBackHoax.ID,0,kesehatan,hoaxid_hf,2020-09-02
hf-3949,[FALSE] Covid-19 drug Ivermectin – TurnBackHoax.ID,0,kesehatan,hoaxid_hf,2020-09-02
hf-3956,[SALAH] Ivermectin Obat Covid-19 – TurnBackHoax.ID,0,kesehatan,hoaxid_hf,2020-09-01
hf-3969,[SALAH] Bantuan Covid-19 oleh BRI Melalui BRIVA – TurnBackHoax.ID,0,kesehatan,hoaxid_hf,2020-08-31
hf-3972,[SALAH] Vaksin Covid Sebabkan Mandul – TurnBackHoax.ID,0,kesehatan,hoaxid_hf,2020-08-30
hf-3973,[SALAH] Dokumen WHO Tidak Menganjurkan untuk Memakai Masker Selama Pandemi COVID-19 – TurnBackHoax.ID,0,kesehatan,hoaxid_hf,2020-08-30
hf-3990,"[SALAH] “gereja semakin sepi yg tinggal cuma pakaian, org nya udh bertobat masuk islam” – TurnBackHoax.ID",0,kesehatan,hoaxid_hf,2020-08-27
hf-4006,[SALAH] Korlap FPI Sebut Imam Besar Kami Punya Penangkal Virus Corona – TurnBackHoax.ID,0,kesehatan,hoaxid_hf,2020-08-25
hf-4026,[SALAH] Mengonsumsi Telur Rebus Saat Tengah Malam dapat Menangkal COVID-19 – TurnBackHoax.ID,0,kesehatan,hoaxid_hf,2020-08-23
hf-4038,[SALAH] Putri Vladimir Putin Meninggal Setelah Dosis Kedua Vaksin COVID – TurnBackHoax.ID,0,kesehatan,hoaxid_hf,2020-08-20
hf-4051,[SALAH] “Tangkapan Layar Pengakuan Relawan Suntik Vaksin Covid-19 yang Menyebut Lupa Punya Hutang tapi Plonga-Plongo” – TurnBackHoax.ID,0,kesehatan,hoaxid_hf,2020-08-18
hf-4060,[SALAH] Pemakaian Masker Menyebabkan Penyakit Legionnaires – TurnBackHoax.ID,0,kesehatan,hoaxid_hf,2020-08-17
hf-4069,[SALAH] Video “Kembang api Olimpiade ditampilkan pada saat ini karena Olimpiade Tokyo ditunda karena covid-19” – TurnBackHoax.ID,0,kesehatan,hoaxid_hf,2020-08-17
hf-4074,[SALAH] Video Rusia Jadi Pemenang Pembuatan Vaksin C19 – TurnBackHoax.ID,0,kesehatan,hoaxid_hf,2020-08-16
hf-4078,"[SALAH] Air Kelapa Muda, Jeruk Nipis, dan Garam Obat Covid-19 – TurnBackHoax.ID",0,kesehatan,hoaxid_hf,2020-08-16
hf-4084,"[SALAH] Foto “Putri Presiden Rusia Vladimir Putin, Orang Pertama yang Sudah Divaksin Dengan Vaksin Tim Kedokteran Rusia” – TurnBackHoax.ID",0,kesehatan,hoaxid_hf,2020-08-15
hf-4112,[SALAH] Video Animasi Penyebaran Virus Corona – TurnBackHoax.ID,0,kesehatan,hoaxid_hf,2020-08-11
hf-4117,[FALSE] Canada Is Already Free From Covid-19 – TurnBackHoax.ID,0,kesehatan,hoaxid_hf,2020-08-11
hf-4119,[SALAH] Kanada Sudah Terbebas dari Covid-19 – TurnBackHoax.ID,0,kesehatan,hoaxid_hf,2020-08-11
hf-4124,[SALAH] Pesan Berantai Kantor Pusat PT Kawan Lama Ditutup Karena Salah Satu Direksi Meninggal dan 10 Orang Karyawan Terpapar Covid-19 – TurnBackHoax.ID,0,kesehatan,hoaxid_hf,2020-08-10
hf-4134,[ACARA] Unlimited Media Partners: Unlimited Talks “Perlukah Kode Etik Bagi Influencer?” – TurnBackHoax.ID,0,kesehatan,hoaxid_hf,2020-08-08
hf-4139,[ACARA] Muhammadiyah COVID-19 Command Center: “Literasi Digital Menghadapi Hoaks di Masa Pandemi” – TurnBackHoax.ID,0,kesehatan,hoaxid_hf,2020-08-08
hf-4142,[SALAH] Setiap Hari Puskesmas di Kelapa Gading Rujuk 10 Pasien COVID-19 ke Wisma Atlet – TurnBackHoax.ID,0,kesehatan,hoaxid_hf,2020-08-07
hf-4144,[FALSE] “99.9% cure rate for Covid and a vaccine with 80% adverse effect rate” – TurnBackHoax.ID,0,kesehatan,hoaxid_hf,2020-08-07
hf-4145,"[SALAH] Foto “1 Agustus 2020, jutaan warga Jerman turun ke jalan menolak kemerdekaannya dirampas dengan dalih virus sepele.” – TurnBackHoax.ID",0,kesehatan,hoaxid_hf,2020-08-07
hf-4147,[SALAH] Pedagang di Pasar Mayestik Meninggal Karena Covid-19 – TurnBackHoax.ID,0,kesehatan,hoaxid_hf,2020-08-07
hf-4150,"[SALAH] “99, 9% Tingkat Kesembuhan Covid dan vaksin dengan tingkat efek merugikan 80%” – TurnBackHoax.ID",0,kesehatan,hoaxid_hf,2020-08-06
hf-4152,"[SALAH] Pesan Berantai Penelitian Online Mahasiswi Ilmu Psikologi Kesehatan, Fakultas Kedokteran Universitas Brawijaya – TurnBackHoax.ID",0,kesehatan,hoaxid_hf,2020-08-06
hf-4154,[SALAH] Himbauan Dokter Bernard Mahfoudz – TurnBackHoax.ID,0,kesehatan,hoaxid_hf,2020-08-06
hf-4158,[BERITA] Dakta 107 FM: “Klaim Obat Corona Hadi Pranoto” – TurnBackHoax.ID,0,kesehatan,hoaxid_hf,2020-08-05
hf-4162,[ACARA] MAFINDO Malang: Bincang Online “Cek Fakta Seputar Covid-19 & Isu Bisnis di Balik Corona” – TurnBackHoax.ID,0,kesehatan,hoaxid_hf,2020-08-05
hf-4163,"[DOKUMENTASI] MAFINDO Jombang: The Fact Talk “Sakit, tapi takut ke layanan kesehatan? Takut kena COVID-19?” – TurnBackHoax.ID",0,kesehatan,hoaxid_hf,2020-08-05
hf-4166,[BERITA] KOMPAS: “Infodemi Membuat Publik Abai dengan Bahaya Covid-19” – TurnBackHoax.ID,0,kesehatan,hoaxid_hf,2020-08-05
hf-4171,"[SALAH] Virus ini punya obat Hydroxychloroquine, Zinc dan Zithromax – TurnBackHoax.ID",0,kesehatan,hoaxid_hf,2020-08-04
hf-4176,[SALAH] Foto Presiden Jokowi Bersama Pelawak di Istana Negara Dikaitkan dengan Covid-19 – TurnBackHoax.ID,0,kesehatan,hoaxid_hf,2020-08-04
hf-4180,[SALAH] Klaim Hadi Pranoto Soal COVID-19 – TurnBackHoax.ID,0,kesehatan,hoaxid_hf,2020-08-04
hf-4181,[BERITA] KBR: “Merebaknya Teori Konspirasi dan Disinformasi Covid” – TurnBackHoax.ID,0,kesehatan,hoaxid_hf,2020-08-04
hf-4192,[FALSE] Ginger Juice and Black Pepper Can Cure Covid-19 – TurnBackHoax.ID,0,kesehatan,hoaxid_hf,2020-08-02
hf-4195,[SALAH] Tangkapan Layar Berita “RK Ajak ABU JANDA Jadi Relawan Uji Vaksin COVID-19 Buatan China” – TurnBackHoax.ID,0,kesehatan,hoaxid_hf,2020-08-02
hf-4196,[SALAH] Jus Jahe dan Lada Hitam Mampu Sembuhkan Covid-19 – TurnBackHoax.ID,0,kesehatan,hoaxid_hf,2020-08-02
hf-4208,[SALAH] Transmart Ditutup Selama 10 Hari Karena Belasan Orang Terpapar Covid-19 – TurnBackHoax.ID,0,kesehatan,hoaxid_hf,2020-08-01
hf-4210,"[SALAH] “Nih yang bikin Covid, si jagoan Wall Street (Rockefeller Foundation)” – TurnBackHoax.ID",0,kesehatan,hoaxid_hf,2020-08-01
hf-4211,[SALAH] China Lakukan Uji Coba Vaksin di Indonesia Karena Kekurangan Monyet – TurnBackHoax.ID,0,kesehatan,hoaxid_hf,2020-07-30
hf-4214,"[SALAH] Foto “Penipuan para medis, termasuk alat tes suhu di kening, itu alat sinar leser tes suhu kabel demi proyek covit” – TurnBackHoax.ID",0,kesehatan,hoaxid_hf,2020-07-30
hf-4218,[SALAH] Gambar “Pengujian Vaksin Covid-19 Telah Sukses” – TurnBackHoax.ID,0,kesehatan,hoaxid_hf,2020-07-29
hf-4221,[SALAH] Jokowi Mendapat Silver Button Karena Mencapai 100.000 Kasus Covid – TurnBackHoax.ID,0,kesehatan,hoaxid_hf,2020-07-29
hf-4224,[SALAH] Foto Tenaga Medis Merangkai Kata ‘BACOT!’ – TurnBackHoax.ID,0,kesehatan,hoaxid_hf,2020-07-29
hf-4229,"[SALAH] “KASAD klarifikasi, anggota TNI di bandung ternyata rata2 membantah Positif kena Covid 19” – TurnBackHoax.ID",0,kesehatan,hoaxid_hf,2020-07-28
hf-4232,[SALAH] Awas Hati-hati Apa Yang Disemprotkan FPI Adalah Virus Corona – TurnBackHoax.ID,0,kesehatan,hoaxid_hf,2020-07-28
hf-4236,[SALAH] “mayat positif covid 19 dikuburkan masih menggunakan daster (tidak sesuai dgn syariat fardhu kifayah islam)” – TurnBackHoax.ID,0,kesehatan,hoaxid_hf,2020-07-28
hf-4248,[SALAH] “hindari Citos byk karyawannya terpapar covid19. Area citos rawan” – TurnBackHoax.ID,0,kesehatan,hoaxid_hf,2020-07-27
hf-4250,[SALAH] Virus Baru bernama SFTS dari China – TurnBackHoax.ID,0,kesehatan,hoaxid_hf,2020-07-27
hf-4258,[SALAH] “Indonesia satu2nya negara didunia yang pemerintahnya bahagia merelakan rakyatnya jadi kelinci percobaan vaksin dari china” – TurnBackHoax.ID,0,kesehatan,hoaxid_hf,2020-07-26
hf-4268,[SALAH] “Duo Sipit… Yg Satu sudah menjadi Dewan Penasehat DenSus….yg Satunya Hendak mau Jadi Dewan Penasehat Mabes Polri” – TurnBackHoax.ID,0,kesehatan,hoaxid_hf,2020-07-24
hf-4271,[SALAH] Daftar Perlengkapan Medis di Rumah Untuk Hadapi Covid-19 – TurnBackHoax.ID,0,kesehatan,hoaxid_hf,2020-07-24
hf-4289,"[SALAH] 71 Pasien Covid-19 Klaster Hajatan Boyolali Dijemput Petugas, Biaya Dibebankan ke Pemilik Hajatan – TurnBackHoax.ID",0,kesehatan,hoaxid_hf,2020-07-22
hf-4293,[SALAH] Kondisi Jenazah Korban Covid-19 Di Rumah Sakit Osmania India – TurnBackHoax.ID,0,kesehatan,hoaxid_hf,2020-07-21
hf-4298,"[SALAH] “Takut Dibunuh, Ahli Virus China Kabur ke AS: Saya Bersaksi Covid-19 Hasil Persekongkolan Jahat” – TurnBackHoax.ID",0,kesehatan,hoaxid_hf,2020-07-21
hf-4316,[SALAH] Covid-19 Tidak Murni Sebabkan Kematian – TurnBackHoax.ID,0,kesehatan,hoaxid_hf,2020-07-17
hf-4321,"[FALSE] Photo “Barack Obama, Anthony Fauci and Melinda Gates visit the Wuhan China Laboratory ‘coronavirus factory’ in 2015” – TurnBackHoax.ID",0,kesehatan,hoaxid_hf,2020-07-16
hf-4322,"[SALAH] Foto “Barack Obama, Anthony Fauci dan Melinda Gates mengunjungi ‘pabrik coronavirus’ Laboratorium Cina Wuhan tahun 2015” – TurnBackHoax.ID",0,kesehatan,hoaxid_hf,2020-07-16
hf-4326,[SALAH] Beberapa RSUD Di Jakarta dan Depok Ditutup Karena Karyawan Positif Covid-19 – TurnBackHoax.ID,0,kesehatan,hoaxid_hf,2020-07-16
hf-4338,[SALAH] Pedagang di Pasar Segiri Positif Covid-19 – TurnBackHoax.ID,0,kesehatan,hoaxid_hf,2020-07-13
hf-4342,[SALAH] Nasi Padang Menjadi Sumber Penularan Covid-19 – TurnBackHoax.ID,0,kesehatan,hoaxid_hf,2020-07-13
hf-4350,[SALAH] “Video pembuangan jenazah-jenazah korban Covid-19 di laut Meksiko” – TurnBackHoax.ID,0,kesehatan,hoaxid_hf,2020-07-12
hf-4358,[SALAH] Video Doa Imam Besar Masjidil Haram Mekah Assyeikh Sudais terhadap Musibah Virus Corona – TurnBackHoax.ID,0,kesehatan,hoaxid_hf,2020-07-11
hf-4380,[SALAH] “Dirut RSUI bersama 2 Direktur RSUI lainnya dan 10 staff RSUI saat ini dirawat di RSUI terkena Covid” – TurnBackHoax.ID,0,kesehatan,hoaxid_hf,2020-07-08
hf-4397,[FALSE] “Actor Javed Haider sells vegetables because there is no work due to the pandemic # COVID19” – TurnBackHoax.ID,0,kesehatan,hoaxid_hf,2020-07-07
hf-4398,[SALAH] “Aktor Javed Haider menjual sayuran karena tidak ada pekerjaan akibat pandemi #COVID19” – TurnBackHoax.ID,0,kesehatan,hoaxid_hf,2020-07-07
hf-4402,[SALAH] Tenaga Medis di Sampang Sengaja Sebarkan Corona Dengan Cara Disuntik – TurnBackHoax.ID,0,kesehatan,hoaxid_hf,2020-07-06
hf-4406,[SALAH] Gambar Tangkapan Layar Berita Viva.co.id Berjudul “Kementan Produksi Massal Kalung Antivirus Corona Bulan Depan” Dengan Foto Headline Kalung Bertaring – TurnBackHoax.ID,0,kesehatan,hoaxid_hf,2020-07-05
hf-4408,"[SALAH] “SEHARI SETELAH DILAKUKAN RAPID TEST COVID-19 KEPADA PARA SANTRI DI KUDUS, 1.000 SANTRI TAK SADARKAN DIRI” – TurnBackHoax.ID",0,kesehatan,hoaxid_hf,2020-07-05
hf-4421,[SALAH] Desain Helm Covid-19 Pada Kompetisi NFL – TurnBackHoax.ID,0,kesehatan,hoaxid_hf,2020-07-03
hf-4431,[SALAH] Menanak Nasi Dengan Bawang Putih Bermanfaat Bagi Kesehatan – TurnBackHoax.ID,0,kesehatan,hoaxid_hf,2020-07-01
hf-4432,[SALAH] Video “Benarkah COVID ada??” – TurnBackHoax.ID,0,kesehatan,hoaxid_hf,2020-07-01
hf-4446,[SALAH] Video “ini demo di Amerika. saat ini di masa pandemik #COVIDー19” – TurnBackHoax.ID,0,kesehatan,hoaxid_hf,2020-06-28
hf-4450,[SALAH] Pesta Homo Seksual di Italia Sebelum Covid-19 Mewabah – TurnBackHoax.ID,0,kesehatan,hoaxid_hf,2020-06-27
hf-4464,"[SALAH] Tak Perlu Ikut Rapid Test, Mencium Bau Cuka Bisa Deteksi Seseorang Terkena Covid-19 Atau Tidak – TurnBackHoax.ID",0,kesehatan,hoaxid_hf,2020-06-25
hf-4466,"[SALAH] Ruang Perawatan Covid di Riau Penuh, Warga Wajib di Rumah Selama Dua Minggu – TurnBackHoax.ID",0,kesehatan,hoaxid_hf,2020-06-25
hf-4471,"[SALAH] Peta Kasus Covid DKI “DKI kembali Zona Merah, Bogor Zona Hitam” – TurnBackHoax.ID",0,kesehatan,hoaxid_hf,2020-06-24
hf-4479,[SALAH] Dokter RSAL Surabaya Meninggal akibat Covid-19 – TurnBackHoax.ID,0,kesehatan,hoaxid_hf,2020-06-23
hf-4485,[SALAH] “corona virus sudah viral di iqro” – TurnBackHoax.ID,0,kesehatan,hoaxid_hf,2020-06-22
hf-4491,"[SALAH] “Menurut laporan WHO, Corona Virus adalah yang paling banyak bertahan di lapisan kubis” – TurnBackHoax.ID",0,kesehatan,hoaxid_hf,2020-06-21
hf-4494,[ACARA] Sosialisasi Waspada COVID-19 – TurnBackHoax.ID,0,kesehatan,hoaxid_hf,2020-06-20
hf-4495,[SALAH] “dokter gigi di Surabaya stres telanjang di jalan karena suaminya dan anaknya mati kena covid” – TurnBackHoax.ID,0,kesehatan,hoaxid_hf,2020-06-20
hf-4499,[SALAH] “bupati Luwu Utara terbaring di RS karena terjatuh dari motornya waktu antar BanSos COvid-19” – TurnBackHoax.ID,0,kesehatan,hoaxid_hf,2020-06-19
hf-4503,[SALAH] “sakitnya apa di diagnosa nya covid” – TurnBackHoax.ID,0,kesehatan,hoaxid_hf,2020-06-18
hf-4509,[SALAH] Pernyataan Ekstrim Menteri Kesehatan Letjen TNI dr. Terawan Agus Putranto Sp. Rad – TurnBackHoax.ID,0,kesehatan,hoaxid_hf,2020-06-18
hf-4512,[SALAH] Abu Vulkanik Dapat Membunuh Virus Corona Karena Mengandung Asam Sulfat – TurnBackHoax.ID,0,kesehatan,hoaxid_hf,2020-06-17
hf-4515,[SALAH] Servis Mobil Gratis “Suzuki Peduli Covid s.id,0,kesehatan,hoaxid_hf,2020-06-17
hf-4520,"[SALAH] Bapak Ibu Meninggal Karena Covid-19, 5 Bersaudara Menunggu Diadopsi – TurnBackHoax.ID",0,kesehatan,hoaxid_hf,2020-06-16
hf-4532,"[FALSE] “In the film captain America, Captain Steve wakes up in modern times and you can see the corona virus” – TurnBackHoax.ID",0,kesehatan,hoaxid_hf,2020-06-15
hf-4533,"[SALAH] “Di film kapten amerika, capten steve bangun pada masa modern dan kamu bisa lihat virus corona” – TurnBackHoax.ID",0,kesehatan,hoaxid_hf,2020-06-15
hf-4545,[BERITA] Idola 92.6 FM Semarang: “Merefleksi Hari Media Sosial di Tengah Pandemi Covid-19” – TurnBackHoax.ID,0,kesehatan,hoaxid_hf,2020-06-12
hf-4552,[SALAH] “Gubernur Jakarta Anies Baswedan mendapat penghargaan terbaik di seluruh dunia dalam penanganan COVID-19” – TurnBackHoax.ID,0,kesehatan,hoaxid_hf,2020-06-11
hf-4556,[SALAH] “Keasang pengarep mampu menangani virus Corona di Jakarta asal menjadi gubernur DKI” – TurnBackHoax.ID,0,kesehatan,hoaxid_hf,2020-06-11
hf-4557,[ACARA] Mitra Wacana – Sinau bareng “Merawat Kewarasan Nalar dari Hoax Saat Pandemi Covid-19” – TurnBackHoax.ID,0,kesehatan,hoaxid_hf,2020-06-11
hf-4564,[SALAH] “seorang pasien kanker melemparkan uang di seluruh koridor rumah sakit” – TurnBackHoax.ID,0,kesehatan,hoaxid_hf,2020-06-11
hf-4565,[SALAH] “Heboh! Pernyataan Dokter Indonesia Soal Covid” – TurnBackHoax.ID,0,kesehatan,hoaxid_hf,2020-06-10
hf-4578,[SALAH] Foto Kondisi Tenggorokan Pasien Positif Covid-19 – TurnBackHoax.ID,0,kesehatan,hoaxid_hf,2020-06-08
hf-4580,[SALAH] Video “DI BALIK COVID-19/CORONA TERNYATA ISI NYA SUDAH HABIS” – TurnBackHoax.ID,0,kesehatan,hoaxid_hf,2020-06-08
hf-4589,[SALAH] “Corona Virus adalah BOHONG. bukan dari Virus tapi dari Bakteri. semua ini diketahui oleh negara Itali” – TurnBackHoax.ID,0,kesehatan,hoaxid_hf,2020-06-06
hf-4595,[SALAH] PKI Nyamar Jadi Dokter – TurnBackHoax.ID,0,kesehatan,hoaxid_hf,2020-06-06
hf-4605,"[SALAH] Santri yang Hidupnya di Pondok Dicurigai Terpapar Covid-19, Yang Keluyuran di Mall Dibiarin Aja – TurnBackHoax.ID",0,kesehatan,hoaxid_hf,2020-06-04
hf-4620,[SALAH] Pasien Covid-19 di Cimahi Kabur Dari Rumah Sakit – TurnBackHoax.ID,0,kesehatan,hoaxid_hf,2020-06-02
hf-4621,"[SALAH] Petugas Rapid Test Jarang Mengganti Sarung Tangan, Bisa Tularkan Covid-19 dari Pasien Sebelumnya – TurnBackHoax.ID",0,kesehatan,hoaxid_hf,2020-06-02
hf-4649,[SALAH] Campuran Garam dan Air Hangat Mampu Hilangkan Virus Corona – TurnBackHoax.ID,0,kesehatan,hoaxid_hf,2020-05-28
hf-4650,[SALAH] “warga Puruk cahu murung raya desa mangkuhui positif covid-19 kabur” – TurnBackHoax.ID,0,kesehatan,hoaxid_hf,2020-05-28
hf-4651,[SALAH] Video “Kisah pilu dari ITALY IBU nya meninggal pasien COVID-19” – TurnBackHoax.ID,0,kesehatan,hoaxid_hf,2020-05-27
hf-4652,[SALAH] “Hari ini 2 kasir Chandra karang dinyatakan positive Covid 19” – TurnBackHoax.ID,0,kesehatan,hoaxid_hf,2020-05-27
hf-4653,"[SALAH] “Di Italia, ketika gereja dibuka kembali, hampir semua jemaatnya sudah meninggal karena COVID” – TurnBackHoax.ID",0,kesehatan,hoaxid_hf,2020-05-27
hf-4656,[SALAH] PBB Tak Beri Bantuan Covid-19 Bagi Negara Yang Tidak Legalkan Aborsi – TurnBackHoax.ID,0,kesehatan,hoaxid_hf,2020-05-26
hf-4657,[SALAH] “Italia mengalahkan COVID-19 “Koagulasi intravaskular diseminata” (Trombosis)” – TurnBackHoax.ID,0,kesehatan,hoaxid_hf,2020-05-26
hf-4664,[FALSE] Ellen DeGeneres Distributes Help for Corona Virus on Facebook – TurnBackHoax.ID,0,kesehatan,hoaxid_hf,2020-05-24
hf-4665,[SALAH] Pegawai Pusat Perbelanjaan Luwes Gading Dijemput Petugas Medis – TurnBackHoax.ID,0,kesehatan,hoaxid_hf,2020-05-24
hf-4667,[SALAH] Ellen DeGeneres Membagikan Bantuan Untuk Virus Corona di Facebook – TurnBackHoax.ID,0,kesehatan,hoaxid_hf,2020-05-24
hf-4669,[SALAH] Video “PENJELASAN AHLI VIRUS BAHWA CORONA TIDAK MEMBUNUH” – TurnBackHoax.ID,0,kesehatan,hoaxid_hf,2020-05-23
hf-4670,[SALAH] Daftar Virus yang Berasal dari China – TurnBackHoax.ID,0,kesehatan,hoaxid_hf,2020-05-23
hf-4675,[SALAH] “WHO: Pria berpenis besar lebih rentan tertular Covid-19” – TurnBackHoax.ID,0,kesehatan,hoaxid_hf,2020-05-22
hf-4679,[SALAH] Sekeluarga Terinfeksi Covid-19 Setelah Menghadiri Acara Ulang Tahun – TurnBackHoax.ID,0,kesehatan,hoaxid_hf,2020-05-22
hf-4683,"[SALAH] “Bukannya memotong gajinya untuk mereka para tim medis, malah memotong tunjangan para tim medis.” – TurnBackHoax.ID",0,kesehatan,hoaxid_hf,2020-05-21
hf-4685,[SALAH] Video Dokter Bule – TurnBackHoax.ID,0,kesehatan,hoaxid_hf,2020-05-20
hf-4686,[SALAH] “Keluarkan nasi dari rice cooker jika sudah matang. Kalau lebih dari 12 jam menjadi pemicu diabetes” – TurnBackHoax.ID,0,kesehatan,hoaxid_hf,2020-05-20
hf-4688,"[SALAH] Golden Swalayan Jadi Klaster Baru Covid-19, Warga Wajib Lapor RT Jika Ingin Berkunjung – TurnBackHoax.ID",0,kesehatan,hoaxid_hf,2020-05-19
hf-4689,[SALAH] Program Mudik Sehat PSBB 2020 Oleh Big Bird – TurnBackHoax.ID,0,kesehatan,hoaxid_hf,2020-05-19
hf-4691,[SALAH] Manager Giant Pal 6 Banjarmasin Meninggal Kena Covid-19 – TurnBackHoax.ID,0,kesehatan,hoaxid_hf,2020-05-19
hf-4697,[SALAH] “Registrasi Ambil Dana Bantuan Anda Covid-19” – TurnBackHoax.ID,0,kesehatan,hoaxid_hf,2020-05-18
hf-4700,[SALAH] “Pemerintah Takkan Umumkan Lagi Kasus Positif Covid-19” – TurnBackHoax.ID,0,kesehatan,hoaxid_hf,2020-05-18
hf-4702,[SALAH] Pasien Covid-19 Meninggal di Rumah Sakit Manaf Kota Jambi – TurnBackHoax.ID,0,kesehatan,hoaxid_hf,2020-05-18
hf-4703,[SALAH] “penerimaan sampel COVID-19 di BBTKLPP Jakarta akan libur pada Hari Raya Idul Fitri” – TurnBackHoax.ID,0,kesehatan,hoaxid_hf,2020-05-18
hf-4704,"[SALAH] “15 Hari Sembuh, Menhub Budi Karya Kembali Dinyatakan Positif Covid-19” – TurnBackHoax.ID",0,kesehatan,hoaxid_hf,2020-05-18
hf-4710,[SALAH] Lowongan Sukarelawan Covid-19 RSUD Dr. Soetomo Surabaya – TurnBackHoax.ID,0,kesehatan,hoaxid_hf,2020-05-17
hf-4712,[FALSE] WHO Mention Vegetarianism Not Affected Covid-19 – TurnBackHoax.ID,0,kesehatan,hoaxid_hf,2020-05-16
hf-4713,[SALAH] WHO Menyebutkan Vegetarian Tidak Kena Covid-19 – TurnBackHoax.ID,0,kesehatan,hoaxid_hf,2020-05-16
hf-4716,[SALAH] 236 Anggota Polisi Positif Covid-19 dan 6 Orang Meninggal Dunia – TurnBackHoax.ID,0,kesehatan,hoaxid_hf,2020-05-16
hf-4717,"[SALAH] Pesan Berantai “ada 13 org penjual daging yg positif covid19, sekarang ini di pasar cileungsi lg dilakukan test swab massal” – TurnBackHoax.ID",0,kesehatan,hoaxid_hf,2020-05-16
hf-4726,[SALAH] Warga India Membuang Patung Ke Sungai Karena Tidak Bisa Menyelamatkan Mereka Dari Virus Corona – TurnBackHoax.ID,0,kesehatan,hoaxid_hf,2020-05-14
hf-4732,[SALAH] Madu Dicampur Bawang Putih Obat Kanker – TurnBackHoax.ID,0,kesehatan,hoaxid_hf,2020-05-14
hf-4733,[SALAH] Ulama Windusari Dijemput Paksa Terkait Covid-19 – TurnBackHoax.ID,0,kesehatan,hoaxid_hf,2020-05-14
hf-4734,[SALAH] Tuduhan Foto Interior Lab Darurat COVID-19 Labkesda DKI Hasil Mencomot – TurnBackHoax.ID,0,kesehatan,hoaxid_hf,2020-05-14
hf-4743,[SALAH] “Vaksin pertama kali dibuat di bawah kekhalifahan Ottoman. Tahun 1717” – TurnBackHoax.ID,0,kesehatan,hoaxid_hf,2020-05-13
hf-4751,[SALAH] Virus Covid-19 Sengaja Dimasukkan kedalam Tubuh Masyarakat Melalui Alat Rapid Test – TurnBackHoax.ID,0,kesehatan,hoaxid_hf,2020-05-12
hf-4754,[SALAH] Donasi Bahan Iftar dan Sahur di Masa Wabah Covid-19 oleh PKS – TurnBackHoax.ID,0,kesehatan,hoaxid_hf,2020-05-12
hf-4759,[SALAH] ”Seorang Pasien Dalam Pengawasan Covid-19 (PDP) Mengamuk di Pintu Rumah sakit Pamekasan Madura” – TurnBackHoax.ID,0,kesehatan,hoaxid_hf,2020-05-11
hf-4760,[SALAH] Pesan Berantai “Taman Raya Tahap V Zona Merah COVID-19” – TurnBackHoax.ID,0,kesehatan,hoaxid_hf,2020-05-11
hf-4767,[SALAH] Kuota 100GB Gratis dari Pemerintah Selama Pandemi Covid-19 – TurnBackHoax.ID,0,kesehatan,hoaxid_hf,2020-05-10
hf-4769,[SALAH] “Ternyata Klaster penyebar Covid-19 terbanyak Indonesia adalah 10.000 lebih pendeta GBI & GPIB” – TurnBackHoax.ID,0,kesehatan,hoaxid_hf,2020-05-10
hf-4777,[SALAH] Terjadi Penyekapan di Apotek Pancasan Kota Bogor – TurnBackHoax.ID,0,kesehatan,hoaxid_hf,2020-05-08
hf-4781,[SALAH] Seorang Kakek di Tulungagung Meninggal Karena Covid-19 – TurnBackHoax.ID,0,kesehatan,hoaxid_hf,2020-05-07
hf-4785,[SALAH] “Setelah adanya Virus Covid-19. Umat Islam Arab banyak yg Murtad” – TurnBackHoax.ID,0,kesehatan,hoaxid_hf,2020-05-07
hf-4786,[SALAH] “Tenaga Medis Covid-19 RSUD Purworejo Ditagih Biaya Rp. 150 Ribu/Malam Oleh Pemkab Karena Telah Tinggal Di Hotel Ganesha” – TurnBackHoax.ID,0,kesehatan,hoaxid_hf,2020-05-07
hf-4788,[SALAH] Satgas Covid-19 Kabupaten Pangkep Semprot Jemaah Shalat Tarawih di Masjid – TurnBackHoax.ID,0,kesehatan,hoaxid_hf,2020-05-07
hf-4789,[SALAH] “menteri kesehatan America sdh menandatangani persetujuan penggunaan chip 666 untuk virus corona” – TurnBackHoax.ID,0,kesehatan,hoaxid_hf,2020-05-07
hf-4790,[SALAH] “Jokowi: Hukuman Seumur Hidup Bagi Kepala Daerah Mainkan Bantuan Covid-19” – TurnBackHoax.ID,0,kesehatan,hoaxid_hf,2020-05-06
hf-4798,[SALAH] Pemerintah Membagikan Kuota 10GB Gratis sebagai Insentif untuk Melawan COVID-19 – TurnBackHoax.ID,0,kesehatan,hoaxid_hf,2020-05-05
hf-4810,[SALAH] Akun Palsu “Bupati Pasuruan Minta Penggalangan Dana Covid-19” – TurnBackHoax.ID,0,kesehatan,hoaxid_hf,2020-05-03
hf-4811,[SALAH] Video “rezim memaksa para kyai utk di suntik dgn dalih utk ketahanan tubuh dari virus..kyai di banten ini tegas menolak!!” – TurnBackHoax.ID,0,kesehatan,hoaxid_hf,2020-05-03
hf-4814,[SALAH] Video “cara pertolongan Emergency Covid 19” – TurnBackHoax.ID,0,kesehatan,hoaxid_hf,2020-05-03
hf-4819,[SALAH] “Jutaan Produksi Rokok Yang Terpapar Covid-19 Beredar Luas Di Masyarakat” – TurnBackHoax.ID,0,kesehatan,hoaxid_hf,2020-05-02
hf-4820,[SALAH] Vietnam Tidak Ada Korban Meninggal Covid-19 Karena Teh dan Lemon – TurnBackHoax.ID,0,kesehatan,hoaxid_hf,2020-05-02
hf-4831,"[SALAH] Dijemput oleh Tim Medis, Kakak Beradik Usia 8 dan 4 Tahun di Tangerang Terjangkit Covid-19 akibat Main di Luar Rumah – TurnBackHoax.ID",0,kesehatan,hoaxid_hf,2020-05-01
hf-4835,[SALAH] “Elisa Granato kelinci percobaan vaksin kopit di inggris meninggal 2 hari setelah divaksin” – TurnBackHoax.ID,0,kesehatan,hoaxid_hf,2020-05-01
hf-4840,[SALAH] “Profesor Dr Tasuku Honjo mengatakan bahwa virus korona itu tidak alami. Cina telah membuatnya” – TurnBackHoax.ID,0,kesehatan,hoaxid_hf,2020-04-29
hf-4842,"[SALAH] SBY Siap Kembalikan Dana Bank Century Rp6,7 Triliun untuk Bantu Covid-19 – TurnBackHoax.ID",0,kesehatan,hoaxid_hf,2020-04-29
hf-4843,"[SALAH] “Apabila ada masyarakat tidak mampu makan, dapat menghubungi nomor pengaduan Bansos Covid19 Kemensos” – TurnBackHoax.ID",0,kesehatan,hoaxid_hf,2020-04-29
hf-4844,[SALAH] Akhirnya Ketangkap Juga Biang Penyebar Virus Corona dan Agen TKA China Ini – TurnBackHoax.ID,0,kesehatan,hoaxid_hf,2020-04-29
hf-4845,[SALAH] Donasi Kaos Oblong Bekas Untuk Tim Medis RSD Wisma Atlet – TurnBackHoax.ID,0,kesehatan,hoaxid_hf,2020-04-29
hf-4846,[SALAH] Sheikh Hamdan Al Maktoum Memberikan Uang Selama COVID-19 – TurnBackHoax.ID,0,kesehatan,hoaxid_hf,2020-04-29
hf-4850,"[SALAH] Akibat Pandemi COVID-19, Keluarga Beberapa Hari Tidak Makan – TurnBackHoax.ID",0,kesehatan,hoaxid_hf,2020-04-28
hf-4853,[DOKUMENTASI] Webinar “Generasi Milenial Mencegah & Mengatasi Virus Corona” – TurnBackHoax.ID,0,kesehatan,hoaxid_hf,2020-04-28
hf-4855,"[SALAH] Karena Pandemi COVID-19, yang Seharusnya Dibebaskan Narapidana Pencuri Ayam, Bukan malah Terpidana Koruptor – TurnBackHoax.ID",0,kesehatan,hoaxid_hf,2020-04-27
hf-4857,[SALAH] Bioskop di Palangka Raya Kembali Buka di Tengah Persebaran Covid-19 – TurnBackHoax.ID,0,kesehatan,hoaxid_hf,2020-04-27
hf-4863,[SALAH] Hanya di Indonesia Narapidana Dibebaskan di Tengah Wabah COVID-19 – TurnBackHoax.ID,0,kesehatan,hoaxid_hf,2020-04-26
hf-4864,[SALAH] Beberapa Negara Membuang Jenazah Pasien Covid-19 Ke Laut – TurnBackHoax.ID,0,kesehatan,hoaxid_hf,2020-04-26
hf-4865,[SALAH] Petugas Kebersihan SMAN 10 Yogyakarta Positif Virus Corona – TurnBackHoax.ID,0,kesehatan,hoaxid_hf,2020-04-26
hf-4869,[SALAH] Video “nasehat dari alm. Erma Yunita Simamora yg meninggal pd tanggal. 20-04-2020 di RS AR Bunda Lbk Linggau” – TurnBackHoax.ID,0,kesehatan,hoaxid_hf,2020-04-25
hf-4871,"[SALAH] Jokowi: Sengaja Saya Bedakan Mudik & Pulang Kampung, untuk Mengelabui Virus Corona – TurnBackHoax.ID",0,kesehatan,hoaxid_hf,2020-04-25
hf-4874,[SALAH] Peta Sebaran Covid-19 Wilayah Situbondo – TurnBackHoax.ID,0,kesehatan,hoaxid_hf,2020-04-24
hf-4884,[SALAH] Dari Ratusan Ribu Tahanan Tidak Ada Satupun Aktivis Islam yang Dibebaskan di Tengah Wabah COVID-19 – TurnBackHoax.ID,0,kesehatan,hoaxid_hf,2020-04-22
hf-4885,[SALAH] Alfamart Menyumbangkan 6000 Kupon Untuk Membantu Melawan COVID-19 – TurnBackHoax.ID,0,kesehatan,hoaxid_hf,2020-04-22
hf-4888,[SALAH] Semua Pasien Positif Covid-19 di Padang Dinyatakan Sembuh – TurnBackHoax.ID,0,kesehatan,hoaxid_hf,2020-04-22
hf-4894,[SALAH] Azan Dapat Melemahkan Virus Corona – TurnBackHoax.ID,0,kesehatan,hoaxid_hf,2020-04-21
hf-4898,[SALAH] RSUD Waluyo Jati Ditutup Karena Semua Petugas Diisolasi Akibat Covid-19 – TurnBackHoax.ID,0,kesehatan,hoaxid_hf,2020-04-20
hf-4905,[SALAH] Foto “Italia telah Gagal Sepenuhnya COVID-19” – TurnBackHoax.ID,0,kesehatan,hoaxid_hf,2020-04-19
hf-4908,[SALAH] Korban Virus Corona – TurnBackHoax.ID,0,kesehatan,hoaxid_hf,2020-04-17
hf-4912,[SALAH] Video “Obat COVID-19 Telah Ditemukan dan Siap Disebarkan ke Seluruh Indonesia” – TurnBackHoax.ID,0,kesehatan,hoaxid_hf,2020-04-17
hf-4915,[SALAH] Obat Virus Corona Ditemukan Hanya Berbahan Lemon dan Teh Hangat – TurnBackHoax.ID,0,kesehatan,hoaxid_hf,2020-04-16
hf-4918,[SALAH] Foto “Ariel NOAH Jadi Relawan Tenaga Medis di tengah pandemi virus corona atau Covid-19” – TurnBackHoax.ID,0,kesehatan,hoaxid_hf,2020-04-16
hf-4919,[SALAH] Video dr. Cheng: Sembuh Dari COVID-19 Cukup dengan Vitamin C – TurnBackHoax.ID,0,kesehatan,hoaxid_hf,2020-04-15
hf-4923,[SALAH] “Ini kiriman video betapa dahsyatnya wabah covid 19 di Amerika” – TurnBackHoax.ID,0,kesehatan,hoaxid_hf,2020-04-15
hf-4927,[SALAH] “ujar Xi Jin Ping Hanya Indonesia Yg Mampu Mengendalikan Covid 19” – TurnBackHoax.ID,0,kesehatan,hoaxid_hf,2020-04-14
hf-4928,[SALAH] Setya Novanto Dibebaskan Karena COVID-19 – TurnBackHoax.ID,0,kesehatan,hoaxid_hf,2020-04-14
hf-4929,[SALAH] Pasien Postif Virus Corona di Sungai Rangit Dijemput Paksa Kepolisian dan Tim Medis – TurnBackHoax.ID,0,kesehatan,hoaxid_hf,2020-04-14
hf-4930,[SALAH] Hotman Paris Berencana Undang BTS dan EXO setelah Virus Corona Teratasi – TurnBackHoax.ID,0,kesehatan,hoaxid_hf,2020-04-14
hf-4932,[SALAH] Jokowi Keluarkan Kartu Corona Indonesia Sehat (KARCIS) – TurnBackHoax.ID,0,kesehatan,hoaxid_hf,2020-04-14
hf-4935,[SALAH] Pesan Berantai PT MOSI Tawarkan Rapid Test Kit COVID-19 – TurnBackHoax.ID,0,kesehatan,hoaxid_hf,2020-04-13
hf-4939,"[SALAH] Insentif Virus Corona, Pemerintah Gratiskan Akses Internet – TurnBackHoax.ID",0,kesehatan,hoaxid_hf,2020-04-12
hf-4940,"[FALSE] “Italy arrest Doctor for intentionally killing over 3,000 coronavirus patients” – TurnBackHoax.ID",0,kesehatan,hoaxid_hf,2020-04-12
hf-4942,[SALAH] Literasi COVID-19 Dari drh. Moh. Indro Cahyono – TurnBackHoax.ID,0,kesehatan,hoaxid_hf,2020-04-12
hf-4943,[SALAH] Dokter Italia Sengaja Membunuh Pasien Virus Corona – TurnBackHoax.ID,0,kesehatan,hoaxid_hf,2020-04-12
hf-4944,[SALAH] Pasien Berstatus Positif Covid-19 di Wilayah Tiban Melarikan Diri – TurnBackHoax.ID,0,kesehatan,hoaxid_hf,2020-04-11
hf-4945,[SALAH] “Bansos PSBB Covid-19 dari Pemda DKI Jakarta Paket sembako senilai 350rb + uang tunai 150rb = 500rb rupiah” – TurnBackHoax.ID,0,kesehatan,hoaxid_hf,2020-04-10
hf-4949,[SALAH] Kumpulan Mobil di Pool Grab Cinere karena Sopir Tidak Sanggup Bayar Kredit Saat Covid-19 – TurnBackHoax.ID,0,kesehatan,hoaxid_hf,2020-04-10
hf-4950,[SALAH] “3 hari kedepan Arus angin dari Utara ke arah Selatan yg membawa wabah (penyakit) akan melewati Indonesia menuju Australian” – TurnBackHoax.ID,0,kesehatan,hoaxid_hf,2020-04-09
hf-4954,[SALAH] Erdogan Tak akan Tutup Mesjid di Turki Selama Pandemi Covid-19 – TurnBackHoax.ID,0,kesehatan,hoaxid_hf,2020-04-09
hf-4958,[SALAH] “Tidak ada sama sekali Ucapan bela sungkawa Presiden kepada dr dan team medis yg berguguran dimedan Covid-19” – TurnBackHoax.ID,0,kesehatan,hoaxid_hf,2020-04-09
hf-4960,[SALAH] Menag Izinkan Masjid Gelar Salat Tarawih Saat Pandemi Covid-19 – TurnBackHoax.ID,0,kesehatan,hoaxid_hf,2020-04-08
hf-4966,[SALAH] Merokok Menghadang Virus Corona Masuk Ke Paru-Paru – TurnBackHoax.ID,0,kesehatan,hoaxid_hf,2020-04-07
hf-4971,[SALAH] Video “Donald Trump di ruqyah sebab sudah stress menghadapi Covid 19” – TurnBackHoax.ID,0,kesehatan,hoaxid_hf,2020-04-06
hf-4972,"[SALAH] “Modus Menghabisi Ustadz, disuntik covid-19 sampai mati” – TurnBackHoax.ID",0,kesehatan,hoaxid_hf,2020-04-06
hf-4973,[SALAH] Mantan Manajer RAPP dan Istri Terpapar COVID-19 – TurnBackHoax.ID,0,kesehatan,hoaxid_hf,2020-04-06
hf-4974,[SALAH] Puncak Persebaran Virus Corona 4 April Hingga 18 April 2020 – TurnBackHoax.ID,0,kesehatan,hoaxid_hf,2020-04-06
hf-4976,[BERITA] Menara Jaringan Telekomunikasi 5G di Inggris Dibakar karena Hoax Virus Corona – TurnBackHoax.ID,0,kesehatan,hoaxid_hf,2020-04-05
hf-4977,[BERITA] Pasien positif Covid -19 di RST Latumeten Ambon masih dalam perawatan – TurnBackHoax.ID,0,kesehatan,hoaxid_hf,2020-04-05
hf-4987,[SALAH] Italia Tidak Bisa Mengontrol Virus dan Mengucapkan Selamat Tinggal kepada Dunia – TurnBackHoax.ID,0,kesehatan,hoaxid_hf,2020-04-04
hf-4988,"[SALAH] Video “Italian millionaire terjun Dari bagunan, karena keluarga nya semua kena virus corona” – TurnBackHoax.ID",0,kesehatan,hoaxid_hf,2020-04-04
hf-4992,"[SALAH] Terlibat Pembuatan COVID-19 di China, FBI Menangkap Profesor Harvard – TurnBackHoax.ID",0,kesehatan,hoaxid_hf,2020-04-03
hf-4994,[SALAH] Rakyat Italia Buang Duit ke Jalan karena Sudah Tidak Berguna Akibat Virus COVID-19 – TurnBackHoax.ID,0,kesehatan,hoaxid_hf,2020-04-03
hf-4997,[SALAH] “jakarta menjadi daerah paling banyak terinfeksi virus covid-19 karena salah pilih gubernur” – TurnBackHoax.ID,0,kesehatan,hoaxid_hf,2020-04-03
hf-4998,[SALAH] “Untuk mengalahkan virus korona adalah mengambil lebih banyak makanan alkali yang berada di atas tingkat pH virus” – TurnBackHoax.ID,0,kesehatan,hoaxid_hf,2020-04-03
hf-5001,[SALAH] Bill Gates akan meluncurkan kapsul implan manusia untuk melawan Virus Corona – TurnBackHoax.ID,0,kesehatan,hoaxid_hf,2020-04-02
hf-5005,"[RILIS PERS] Launching AyoLawanCOVID19.ID, Gerakan Masyarakat Melawan COVID-19 – TurnBackHoax.ID",0,kesehatan,hoaxid_hf,2020-04-02
hf-5006,[SALAH] “Ternyata virus corona dapat diobati dengan cara berendam di AIR LAUT” – TurnBackHoax.ID,0,kesehatan,hoaxid_hf,2020-04-02
hf-5010,[SALAH] “China memang bener” jahat mengirim baju” bundle pakaian bekas di pakai orang” Yg sudah mati akibat virus” – TurnBackHoax.ID,0,kesehatan,hoaxid_hf,2020-04-01
hf-5011,"[SALAH] Imigran China Sengaja Membawa Virus, Tujuannya Membasmi Rakyat +62 – TurnBackHoax.ID",0,kesehatan,hoaxid_hf,2020-04-01
hf-5012,[SALAH] Uap Air Panas Dapat Membunuh Virus Corona – TurnBackHoax.ID,0,kesehatan,hoaxid_hf,2020-04-01
hf-5013,[SALAH] Pasukan Tentara Membantu Melawan Virus Corona di New York – TurnBackHoax.ID,0,kesehatan,hoaxid_hf,2020-04-01
hf-5014,[SALAH] Pelabuhan Merak-Bakauheni Tutup Pasca Persebaran Virus Corona – TurnBackHoax.ID,0,kesehatan,hoaxid_hf,2020-03-31
hf-5015,[SALAH] “Info dari pasien yg sudah sembuh dari RS Persahabatan ..” – TurnBackHoax.ID,0,kesehatan,hoaxid_hf,2020-03-31
hf-5018,[SALAH] Menaruh Amoxilin Dalam Tandon Air Dapat Menangkal Covid-19 – TurnBackHoax.ID,0,kesehatan,hoaxid_hf,2020-03-31
hf-5020,[SALAH] Universitas Brawijaya Kembalikan Uang Kuliah Akibat Persebaran Virus Corona – TurnBackHoax.ID,0,kesehatan,hoaxid_hf,2020-03-31
hf-5024,[FALSE] Video “In America there has been looting everywhere for fear of the corona virus” – TurnBackHoax.ID,0,kesehatan,hoaxid_hf,2020-03-30
hf-5025,[SALAH] Foto “penguburan Jenazah ibu kandung Presiden Joko Widodo meninggal dunia karena Serangan Virus Corona” – TurnBackHoax.ID,0,kesehatan,hoaxid_hf,2020-03-30
hf-5026,[SALAH] Mulai Senin 30 Maret Kota Makassar lockdown lokal untuk mencegah penyebaran Covid-19. – TurnBackHoax.ID,0,kesehatan,hoaxid_hf,2020-03-30
hf-5028,[SALAH] Foto “kumpulan untuk mengakhiri COVID-19 di Cleveland hari ini #EndCOVID” – TurnBackHoax.ID,0,kesehatan,hoaxid_hf,2020-03-30
hf-5031,[FALSE] Picture of “March to End COVID-19 in Cleveland today #EndCOVID” – TurnBackHoax.ID,0,kesehatan,hoaxid_hf,2020-03-30
hf-5035,[SALAH] Video “Di Amerika sudah terjadi penjarahan di mana2 karena ketakutan akan virus corona” – TurnBackHoax.ID,0,kesehatan,hoaxid_hf,2020-03-29
hf-5039,[SALAH] Larangan Keluar Rumah Karena Puncak Penyebaran Virus Corona – TurnBackHoax.ID,0,kesehatan,hoaxid_hf,2020-03-28
hf-5043,[SALAH] “salah satu solusi untuk virus ini adalah secangkir teh sederhana” – TurnBackHoax.ID,0,kesehatan,hoaxid_hf,2020-03-28
hf-5044,[SALAH] Foto “Italia. Tidak ada lagi ruang yang tersedia di rumah sakit. #CoronavirusLockdown” – TurnBackHoax.ID,0,kesehatan,hoaxid_hf,2020-03-28
hf-5045,[SALAH] Tenaga Medis China Didatangkan Untuk Membantu Menangani Covid-19 di Indonesia – TurnBackHoax.ID,0,kesehatan,hoaxid_hf,2020-03-27
hf-5046,[SALAH] Kanika Kapoor Tularkan Virus Corona ke Pangeran Charles – TurnBackHoax.ID,0,kesehatan,hoaxid_hf,2020-03-27
hf-5047,[FALSE] Photos of “Italy. No more spaces are available in hospitals. #CoronavirusLockdown” – TurnBackHoax.ID,0,kesehatan,hoaxid_hf,2020-03-27
hf-5048,"[SALAH] “Muncul Virus Baru di China Selain Corona, #Hantavirus” – TurnBackHoax.ID",0,kesehatan,hoaxid_hf,2020-03-27
hf-5050,[SALAH] 5 Kecamatan di Lampung “Red Zone” COVID-19 – TurnBackHoax.ID,0,kesehatan,hoaxid_hf,2020-03-27
hf-5051,[SALAH] “dampak virus COVID-19 hubungan suami istri jadi terancam” – TurnBackHoax.ID,0,kesehatan,hoaxid_hf,2020-03-27
hf-5056,[SALAH] Daftar Zona Merah Daerah Terjangkit Virus Corona Oleh TNI – TurnBackHoax.ID,0,kesehatan,hoaxid_hf,2020-03-26
hf-5057,[SALAH] Hanya Cicilan Nasabah yang Positif COVID-19 yang Dapat Ditangguhkan – TurnBackHoax.ID,0,kesehatan,hoaxid_hf,2020-03-26
hf-5058,[SALAH] “kuburan massal buat korban #viruscorona di ITALIA” – TurnBackHoax.ID,0,kesehatan,hoaxid_hf,2020-03-26
hf-5060,[BERITA] “LIPI Ungkap Teori Virus Corona Covid-19 Bukan Senjata Biologi” – TurnBackHoax.ID,0,kesehatan,hoaxid_hf,2020-03-26
hf-5062,[SALAH] Saddam Hussein Mengatakan Amerika Mengancam Irak dengan Virus Corona – TurnBackHoax.ID,0,kesehatan,hoaxid_hf,2020-03-25
hf-5064,"[SALAH] “OBAT YANG DIBELI JOKOWI DARI CINA KOMUNIS , SANGAT BERBAHAYA DAN BERAKIBAT KEMATIAN” – TurnBackHoax.ID",0,kesehatan,hoaxid_hf,2020-03-25
hf-5066,[SALAH] Rekrutmen Relawan Penanganan Pasien Virus Corona Oleh Dokter Irna – TurnBackHoax.ID,0,kesehatan,hoaxid_hf,2020-03-24
hf-5067,[SALAH] Foto Terakhir Dokter Hadio Berdiri Di Depan Pagar Temui Anak Sebelum Meninggal Karena Covid-19 – TurnBackHoax.ID,0,kesehatan,hoaxid_hf,2020-03-24
hf-5072,[SALAH] Peta Zona Merah Virus Corona Wilayah Purwokerto – TurnBackHoax.ID,0,kesehatan,hoaxid_hf,2020-03-24
hf-5073,[SALAH] Obat Avigan yang Dipesan Jokowi adalah Obat Pembunuh Janin – TurnBackHoax.ID,0,kesehatan,hoaxid_hf,2020-03-24
hf-5074,[SALAH] Warga Dihimbau Tak Melintas di Depan Toko Spectra Dikarenakan Adanya ODP Akibat Virus Corona – TurnBackHoax.ID,0,kesehatan,hoaxid_hf,2020-03-24
hf-5075,[SALAH] Virus Corona Adalah Sejenis “Jamur Atau Mould” – TurnBackHoax.ID,0,kesehatan,hoaxid_hf,2020-03-24
hf-5077,[SALAH] “Kematian disebabkan COVID-19: Dibalut dalam bag” – TurnBackHoax.ID,0,kesehatan,hoaxid_hf,2020-03-24
hf-5078,[FALSE] “Death due to #COVID19: Wrapped in a bag” – TurnBackHoax.ID,0,kesehatan,hoaxid_hf,2020-03-24
hf-5080,[SALAH] “Bawang merah yang dikupas bisa menyedot dan membunuh virus dan kuman” – TurnBackHoax.ID,0,kesehatan,hoaxid_hf,2020-03-23
hf-5083,"[SALAH] RS Premier Bintaro di-Lockdown, 19 Tenaga Medis Positif COVID-19 – TurnBackHoax.ID",0,kesehatan,hoaxid_hf,2020-03-23
hf-5085,[SALAH] Ratusan Warga China yang Menetap di Indonesia Menuju Singapura karena Virus Corona – TurnBackHoax.ID,0,kesehatan,hoaxid_hf,2020-03-23
hf-5086,[SALAH] Tulisan “TO:FRONT PEMBELA ISLAM” di Foto Paket Bantuan COVID-19 Tiongkok – TurnBackHoax.ID,0,kesehatan,hoaxid_hf,2020-03-23
hf-5087,[SALAH] Foto Perempuan Muslim Uighur yang Dizalimi dan Doanya Memicu Azab Virus Corona – TurnBackHoax.ID,0,kesehatan,hoaxid_hf,2020-03-22
hf-5090,[SALAH] “akan ada penyemprotan racun untuk virus corona dari malaysia dan singapore melalui udara” – TurnBackHoax.ID,0,kesehatan,hoaxid_hf,2020-03-22
hf-5095,[SALAH] Gambar Sampul Koran Tempo “Gotong Royong Melawan Virus Corona” – TurnBackHoax.ID,0,kesehatan,hoaxid_hf,2020-03-22
hf-5096,[SALAH] Wapres Ma’ruf Amin Imbau Umat Islam Sholat Tobat agar Virus Corona Cepat Teratasi – TurnBackHoax.ID,0,kesehatan,hoaxid_hf,2020-03-21
hf-5101,"[SALAH] Gara-Gara Virus Corona, TKA China Digaji 200 Juta Per Tahun – TurnBackHoax.ID",0,kesehatan,hoaxid_hf,2020-03-21
hf-5102,[BERITA] Update status WNA yang Meninggal di Atas Motor Positif COVID-19 – TurnBackHoax.ID,0,kesehatan,hoaxid_hf,2020-03-21
hf-5104,[BERITA] Perkembangan Chloroquine Untuk Obat COVID-19 – TurnBackHoax.ID,0,kesehatan,hoaxid_hf,2020-03-21
hf-5107,"[SALAH] Video “Sholat Jum’atan di China menjadi lautan manusia, orang Islam di Wuhan tidak Satupun yang kena virus corona” – TurnBackHoax.ID",0,kesehatan,hoaxid_hf,2020-03-20
hf-5110,"[SALAH] “DI WUHAN CINA KETIKA TERJADI VIRUS CORONA RAKYAT BERBONDONG2 KE MESJID, DI INDON RAKYAT DILARANG KE MESJID” – TurnBackHoax.ID",0,kesehatan,hoaxid_hf,2020-03-20
hf-5111,[SALAH] “Ganja Mampu Menangkal Covid-19” – TurnBackHoax.ID,0,kesehatan,hoaxid_hf,2020-03-20
hf-5118,"[SALAH]”Di tanya soal virus corona korlap FPI: hanya imam besar kami yg punya penangkal virus corona,karna imam besar kami cucu nabi” – TurnBackHoax.ID",0,kesehatan,hoaxid_hf,2020-03-19
hf-5119,[SALAH] Donald Trump Umumkan Roche Medical Company akan Meluncurkan Vaksin Covid19 Jutaan Dosis Minggu Depan – TurnBackHoax.ID,0,kesehatan,hoaxid_hf,2020-03-19
hf-5120,"[SALAH] Himbauan Penutupan TPU Akibat Virus Corona, Jenazah Diminta Diletakkan Terlebih Dahulu di Rumah – TurnBackHoax.ID",0,kesehatan,hoaxid_hf,2020-03-19
hf-5124,[SALAH] “Coronavirus akan hancur dengan air” – TurnBackHoax.ID,0,kesehatan,hoaxid_hf,2020-03-18
hf-5125,[SALAH] Dosen Kedokteran Gigi UI Meninggal Karena COVID-19 – TurnBackHoax.ID,0,kesehatan,hoaxid_hf,2020-03-18
hf-5126,"[SALAH] Virus Corona Bukanlah Virus, Sinyal 5G yang Sebenarnya Membunuh Orang – TurnBackHoax.ID",0,kesehatan,hoaxid_hf,2020-03-18
hf-5129,[SALAH] Foto “1 korban dlm pengawasan Covid-19 di RS wahidin mks setelah bersalaman dgn Menhub Budi Karya” – TurnBackHoax.ID,0,kesehatan,hoaxid_hf,2020-03-18
hf-5131,[SALAH] Video “ini di PGC evakuasi pasien COVID 19” – TurnBackHoax.ID,0,kesehatan,hoaxid_hf,2020-03-17
hf-5132,[SALAH] Minum Banyak Air dan Berkumur dengan Air Hangat & Garam atau Cuka Dapat Menghilangkan Virus Corona Saat di Tenggorokan – TurnBackHoax.ID,0,kesehatan,hoaxid_hf,2020-03-17
hf-5135,"[SALAH] Mengonsumsi Pisang Dalam Sehari, Membuat Virus Corona Pergi – TurnBackHoax.ID",0,kesehatan,hoaxid_hf,2020-03-17
hf-5138,"[SALAH] “Satu lagi Mentri Kabinet Jokowi Positif terpapar COVID-19, Menteri Nadien Dinyatakan Positif Virus Corona, Jalani Isolasi Secara Mandiri” – TurnBackHoax.ID",0,kesehatan,hoaxid_hf,2020-03-17
hf-5139,[SALAH] “Chloroquine (Obat Malaria Klorokuin) bisa menyembuhkan covid-19” – TurnBackHoax.ID,0,kesehatan,hoaxid_hf,2020-03-17
hf-5140,[SALAH] Surat Edaran Walikota Palembang Soal Virus Corona – TurnBackHoax.ID,0,kesehatan,hoaxid_hf,2020-03-17
hf-5144,[SALAH] “China Akui Dokter Palestina Penemu Vaksin Corona yang Terbukti Ampuh 100 Persen” – TurnBackHoax.ID,0,kesehatan,hoaxid_hf,2020-03-16
hf-5146,[SALAH] COVID-19 Sudah Sampai Purwakarta – TurnBackHoax.ID,0,kesehatan,hoaxid_hf,2020-03-16
hf-5148,[SALAH] “Dua orang Terinfeksi Virus Corona Di Parepare” – TurnBackHoax.ID,0,kesehatan,hoaxid_hf,2020-03-16
hf-5149,[FALSE] “Alcohol kill coronavirus” – TurnBackHoax.ID,0,kesehatan,hoaxid_hf,2020-03-16
hf-5150,[SALAH] “Alkohol Bisa Membunuh Coronavirus Covid-19” – TurnBackHoax.ID,0,kesehatan,hoaxid_hf,2020-03-16
hf-5152,"[SALAH] “orang karangturi,balak cawas,sudah tertular virus corona” – TurnBackHoax.ID",0,kesehatan,hoaxid_hf,2020-03-16
hf-5153,[SALAH] Ditemukannya Virus Corona atau COVID-19 di Tisu Toilet – TurnBackHoax.ID,0,kesehatan,hoaxid_hf,2020-03-16
hf-5158,[SALAH] Kapal Rute Banda Aceh Sabang Distop Karena Virus Corona – TurnBackHoax.ID,0,kesehatan,hoaxid_hf,2020-03-16
hf-5160,[SALAH] “Hasil Pemeriksaan Presiden Jokowi Positif Virus Corona” – TurnBackHoax.ID,0,kesehatan,hoaxid_hf,2020-03-16
hf-5161,[SALAH] “suspect coronavirus ditemukan di salah satu terapis spa Hotel Goldenhands kelapa gading” – TurnBackHoax.ID,0,kesehatan,hoaxid_hf,2020-03-16
hf-5167,[EDUKASI] WHO: “T&J tentang coronavirus (COVID-19)” – TurnBackHoax.ID,0,kesehatan,hoaxid_hf,2020-03-15
hf-5168,[SALAH] “Profesor Chen Horin mengatakan Lemon panas dapat membunuh sel kanker” – TurnBackHoax.ID,0,kesehatan,hoaxid_hf,2020-03-15
hf-5169,[BERITA] Kemendagri Bantah Tito Karnavian Terjangkit Covid-19 – TurnBackHoax.ID,0,kesehatan,hoaxid_hf,2020-03-15
hf-5170,[SALAH] “katanya Ada korban virus Corona di PIK” – TurnBackHoax.ID,0,kesehatan,hoaxid_hf,2020-03-15
hf-5174,[BERITA] Malware “AZORult” di Aplikasi Palsu Peta Sebaran COVID-19 – TurnBackHoax.ID,0,kesehatan,hoaxid_hf,2020-03-14
hf-5175,[SALAH] “Satu pasien virus corona dr Badau otw dirujuk ke rumah sakit rujukan Sintang” – TurnBackHoax.ID,0,kesehatan,hoaxid_hf,2020-03-14
hf-5178,[EDUKASI] WHO: “Saran penyakit Coronavirus (COVID-19) untuk umum: membantah Mitos” – TurnBackHoax.ID,0,kesehatan,hoaxid_hf,2020-03-14
hf-5179,[SALAH] “the Simpsons 1993 memprediksi Corona virus dari China” – TurnBackHoax.ID,0,kesehatan,hoaxid_hf,2020-03-14
hf-5181,"[SALAH] “jangan ke Kokas dulu ya, mall di lockdown karena salah satu staff diatas ada yang suspect Covid-19” – TurnBackHoax.ID",0,kesehatan,hoaxid_hf,2020-03-13
hf-5182,[SALAH] Kokain Membunuh Coronavirus – TurnBackHoax.ID,0,kesehatan,hoaxid_hf,2020-03-13
hf-5186,[FALSE] “Alcoholic drinks can reduce the risk of infection from a coronavirus novel; COVID-19 “ – TurnBackHoax.ID,0,kesehatan,hoaxid_hf,2020-03-12
hf-5187,[SALAH] “minuman beralkohol bisa mengurangi risiko infeksi dari novel coronavirus; COVID-19” – TurnBackHoax.ID,0,kesehatan,hoaxid_hf,2020-03-12
hf-5188,[SALAH] Politisi India: “Urin dan Kotoran Sapi Jadi Obat Virus Corona” – TurnBackHoax.ID,0,kesehatan,hoaxid_hf,2020-03-12
hf-5189,[SALAH] Arahan Gubernur DKI Terkait Himbauan Covid-19 – TurnBackHoax.ID,0,kesehatan,hoaxid_hf,2020-03-12
hf-5193,[SALAH] “Info Terkini : kudus sudah ada 2 org pasien Virus corona” – TurnBackHoax.ID,0,kesehatan,hoaxid_hf,2020-03-12
hf-5195,[SALAH] “Bentuk virus corona setelah diperbesar 2600x” – TurnBackHoax.ID,0,kesehatan,hoaxid_hf,2020-03-12
hf-5198,[SALAH] Daniel Radcliffe Positiv Terinfeksi Corona Covid-19 – TurnBackHoax.ID,0,kesehatan,hoaxid_hf,2020-03-12
hf-5207,[SALAH] Narasi Pesan Himbauan Pencegahan Virus Corona Mengatasnamakan UNICEF – TurnBackHoax.ID,0,kesehatan,hoaxid_hf,2020-03-10
hf-5209,[SALAH] “Selamat datang TKA China sebarkan virus corona #TergagapCorona” – TurnBackHoax.ID,0,kesehatan,hoaxid_hf,2020-03-10
hf-5212,[BERITA] Liputan Media Acara Diskusi Publik MAFINDO: “Mitigasi Hoaks COVID19” – TurnBackHoax.ID,0,kesehatan,hoaxid_hf,2020-03-10
hf-5214,[SALAH] “Pangeran Uni Emirat Arab Dikabarkan Positif Virus Corona” – TurnBackHoax.ID,0,kesehatan,hoaxid_hf,2020-03-09
hf-5215,[BERITA] Klarifikasi Mentari International School tentang Pemberitaan Terinfeksi COVID-19 – TurnBackHoax.ID,0,kesehatan,hoaxid_hf,2020-03-09
hf-5218,"[SALAH] “WHO : Merokok, Salah satu solusi pencegahan Covid-19.” – TurnBackHoax.ID",0,kesehatan,hoaxid_hf,2020-03-08
hf-5225,[SALAH] Foto “Ka’bah sepi dari yang Thawaf karena Virus Corona” – TurnBackHoax.ID,0,kesehatan,hoaxid_hf,2020-03-05
hf-5227,[SALAH] Orang yang Bergolongan Darah O Lebih Rentan Terinfeksi Virus Corona – TurnBackHoax.ID,0,kesehatan,hoaxid_hf,2020-03-05
hf-5231,"[SALAH] “salah satu warga Bekasi ada yg positif terkena virus Corona, meninggal dunia” – TurnBackHoax.ID",0,kesehatan,hoaxid_hf,2020-03-04
hf-5232,[SALAH] Virus Corona Mati dalam Suhu 26-27 Derajat dan Saat Terkena Sinar Matahari – TurnBackHoax.ID,0,kesehatan,hoaxid_hf,2020-03-04
hf-5235,[SALAH] Pesan Berantai WhatsApp Tiga Warga Yogyakarta Terjangkit Virus Corona – TurnBackHoax.ID,0,kesehatan,hoaxid_hf,2020-03-03
hf-5236,[SALAH] 1000 Tiket Pesawat Gratis Untuk WNI Pulang Ke Tanah Air Dari PT Angkasa Pura 1 Karena Virus Corona – TurnBackHoax.ID,0,kesehatan,hoaxid_hf,2020-03-03
hf-5237,[SALAH] Tes Sederhana Untuk Mengenal Virus Corona Hanya Dalam Sepuluh Detik – TurnBackHoax.ID,0,kesehatan,hoaxid_hf,2020-03-03
hf-5242,[SALAH] Video 280 Jemaah Umrah Tertahan di Pesawat dan 18 Di Antaranya Positif Terinfeksi Virus Corona – TurnBackHoax.ID,0,kesehatan,hoaxid_hf,2020-03-02
hf-5244,[SALAH] “Paus Fransiskus dan dua pembantunya dinyatakan positif mengidap Coronavirus” – TurnBackHoax.ID,0,kesehatan,hoaxid_hf,2020-03-01
hf-5245,[BERITA] “Penjelasan 136 Pasien dalam Pengawasan Virus Corona di Indonesia” – TurnBackHoax.ID,0,kesehatan,hoaxid_hf,2020-02-29
hf-5263,"[SALAH] “Tingkat Sulfur Dioksida tinggi di Kota Wuhan tanda kremasi massal korban coronavirus, indikasi ada lebih dari 50.000 korban jiwa dibakar” – TurnBackHoax.ID",0,kesehatan,hoaxid_hf,2020-02-24
hf-5275,[SALAH] Cikarang Siaga 3 Virus Corona Karena Sudah 3 Orang Meninggal di Meikarta – TurnBackHoax.ID,0,kesehatan,hoaxid_hf,2020-02-19
hf-5281,"[SALAH] “Serangan Virus Corona Belum Berakhir, Kini Negeri China Dirundung Serangan Tentara Baru Dalam Bentuk Nyamuk Jumbo dan Burung Gagak” – TurnBackHoax.ID",0,kesehatan,hoaxid_hf,2020-02-19
hf-5284,"[SALAH] “Setelah cina di landa virus corona,allah beri hadiah kpd umat muslim di cina yaitu terbukanya mesjid2 seluruh daratan cina” – TurnBackHoax.ID",0,kesehatan,hoaxid_hf,2020-02-18
hf-5290,[SALAH] Di Bekasi Sudah Ada Terduga Pasien Virus Corona – TurnBackHoax.ID,0,kesehatan,hoaxid_hf,2020-02-17
hf-5292,[SALAH] “SOLAT JUM’AT DI BALIK VIRUS CORONA” – TurnBackHoax.ID,0,kesehatan,hoaxid_hf,2020-02-17
hf-5301,[SALAH] Ditemukan Virus Machupo Dalam Paracetamol – TurnBackHoax.ID,0,kesehatan,hoaxid_hf,2020-02-14
hf-5312,"[FALSE] “In an era of #coronavirus in China, money is no longer the best thing in the world” – TurnBackHoax.ID",0,kesehatan,hoaxid_hf,2020-02-12
hf-5314,[SALAH] Virus Corona Sudah Sampai di Apartemen Taman Anggrek – TurnBackHoax.ID,0,kesehatan,hoaxid_hf,2020-02-12
hf-5315,[SALAH] 7 Penumpang Lion Air Yang Berasal Dari China di Manado Terinfeksi Virus Corona – TurnBackHoax.ID,0,kesehatan,hoaxid_hf,2020-02-12
hf-5316,[SALAH] “Pengemudi ini mencoba ‘kabur’ dari pemeriksaan #CoronaVirusCamp” – TurnBackHoax.ID,0,kesehatan,hoaxid_hf,2020-02-12
hf-5318,[SALAH] “Thailand Berhasil Sembuhkan Pasien Virus Corona dengan Ganja” – TurnBackHoax.ID,0,kesehatan,hoaxid_hf,2020-02-12
hf-5319,[SALAH] Mi Goreng Indonesia Masuk Daftar Makanan Yang Menyebarkan Virus Corona di Australia – TurnBackHoax.ID,0,kesehatan,hoaxid_hf,2020-02-11
hf-5320,[SALAH] Video “puluhan pasien virus corona kejang-kejang” – TurnBackHoax.ID,0,kesehatan,hoaxid_hf,2020-02-11
hf-5321,[SALAH] Dokter Israel Membantu Pasien Corona di China – TurnBackHoax.ID,0,kesehatan,hoaxid_hf,2020-02-10
hf-5322,[SALAH] Foto “tim medis Jepang berjumlah 1.000 tiba di Wuhan” – TurnBackHoax.ID,0,kesehatan,hoaxid_hf,2020-02-10
hf-5323,[SALAH] “Saking takutnya dengan virus corona Orang Cina Islam yang sholat arahnya kemana mana” – TurnBackHoax.ID,0,kesehatan,hoaxid_hf,2020-02-10
hf-5330,Kompilasi Post Periksa Fakta MAFINDO Berkaitan Dengan Virus Corona – TurnBackHoax.ID,0,kesehatan,hoaxid_hf,2020-02-06
hf-5331,[SALAH] Video “Akibat virus Corona Babi di kubur hidup-hidup” – TurnBackHoax.ID,0,kesehatan,hoaxid_hf,2020-02-06
hf-5335,[SALAH] Rumah Sakit Kanusojo Balikpapan Telah Menerima Pasien Positif Virus Corona – TurnBackHoax.ID,0,kesehatan,hoaxid_hf,2020-02-04
hf-5336,[BERITA] Warga Cina Lempar Kucing dan Anjingnya dari Apartemen karena Hoaks Kucing dan Anjing Menularkan Virus Corona – TurnBackHoax.ID,0,kesehatan,hoaxid_hf,2020-02-04
hf-5337,[SALAH] Virus Corona Dapat Menular Melalui Tatapan Mata – TurnBackHoax.ID,0,kesehatan,hoaxid_hf,2020-02-04
hf-5339,[SALAH] “Virus Corona masuk makanan kalengan Cina” – TurnBackHoax.ID,0,kesehatan,hoaxid_hf,2020-02-04
hf-5340,"[SALAH] “Hati-hati untuk wilayah Tanjung Enim, Muara Enim dan sekitarnya. Virus CORONA sudah masuk!” – TurnBackHoax.ID",0,kesehatan,hoaxid_hf,2020-02-03
hf-5343,[SALAH] Dettol Antiseptik Disebut Dapat Membunuh Virus Corona – TurnBackHoax.ID,0,kesehatan,hoaxid_hf,2020-02-03
hf-5345,[SALAH] Video “5 Pasien Suspect Infeksi Virus Corona’ – 1 Meninggal Dunia Di RSU Dr Kariadi Semarang-Indonesia” – TurnBackHoax.ID,0,kesehatan,hoaxid_hf,2020-02-03
hf-5346,[SALAH] Foto “China Dilaporkan Diam-diam Kremasi Korban Virus Corona” – TurnBackHoax.ID,0,kesehatan,hoaxid_hf,2020-02-02
hf-5348,[EDUKASI] “Apa itu coronavirus dan seberapa khawatir kita seharusnya?” – TurnBackHoax.ID,0,kesehatan,hoaxid_hf,2020-02-01
hf-5352,[SALAH] Virus Corona Sudah Sampai di Shah Alam Selangor – TurnBackHoax.ID,0,kesehatan,hoaxid_hf,2020-01-31
hf-5353,[SALAH] Presiden China Mengumumkan Virus Corona Telah Menjadi Epidemi dan Memohon Kepada Umat Islam Mendoakan China – TurnBackHoax.ID,0,kesehatan,hoaxid_hf,2020-01-31
hf-5354,[SALAH] Video “EXPLORE Pasar Wuhan – Virus Corona Diduga Bermunculan” – TurnBackHoax.ID,0,kesehatan,hoaxid_hf,2020-01-30
hf-5357,[SALAH] “Corona virus sudah ada di RS. Bhayangkara Indramayu” – TurnBackHoax.ID,0,kesehatan,hoaxid_hf,2020-01-30
hf-5359,[SALAH] “Pemberitahuan Kementerian Kesehatan: Metode pencegahan virus Corona dengan Minum Air Hangat” – TurnBackHoax.ID,0,kesehatan,hoaxid_hf,2020-01-30
hf-5363,"[SALAH] Diduga Terinfeksi Virus Corona, Seorang Warga di Depok Diisolasi – TurnBackHoax.ID",0,kesehatan,hoaxid_hf,2020-01-29
hf-5365,[SALAH] Coronavirus Memiliki Paten – TurnBackHoax.ID,0,kesehatan,hoaxid_hf,2020-01-29
hf-5367,[SALAH] Ada 3 Orang TKA China PT IWIP Yang Meninggal Dunia Akibat Virus Corona – TurnBackHoax.ID,0,kesehatan,hoaxid_hf,2020-01-29
hf-5369,"[SALAH] “Diduga Terjangkit Virus Corona, Satu Pasien RS Doris Sylvanus Diisolasi” – TurnBackHoax.ID",0,kesehatan,hoaxid_hf,2020-01-28
hf-5370,[SALAH] Daftar Jajanan Makanan di Kabupaten Bantaeng Yang Terjangkit Virus Hepatitis – TurnBackHoax.ID,0,kesehatan,hoaxid_hf,2020-01-28
hf-5371,[SALAH] “Jokowi: Virus corona minum bodrex 5 menit langsung sembuh” – TurnBackHoax.ID,0,kesehatan,hoaxid_hf,2020-01-28
hf-5372,[SALAH] Foto “Virus corona sudah sampai Terminal 3 Internasional Bandara Soekarno-Hatta” – TurnBackHoax.ID,0,kesehatan,hoaxid_hf,2020-01-28
hf-5374,[SALAH] “Di makassar dirawat 1 pasien suspect corona virus” – TurnBackHoax.ID,0,kesehatan,hoaxid_hf,2020-01-28
hf-5377,[SALAH] Air Rebusan Bawang Putih Menyembuhkan Virus Corona – TurnBackHoax.ID,0,kesehatan,hoaxid_hf,2020-01-27
hf-5380,[FALSE] Correlation of Video of Child Fed with Living Tadpoles with Corona Virus – TurnBackHoax.ID,0,kesehatan,hoaxid_hf,2020-01-27
hf-5381,[SALAH] Korelasi Video Anak Disuapi Berudu Hidup dengan Virus Corona – TurnBackHoax.ID,0,kesehatan,hoaxid_hf,2020-01-27
hf-5383,[SALAH] “Kepanikan luar biasa orang2 china akibat #VirusCorona” – TurnBackHoax.ID,0,kesehatan,hoaxid_hf,2020-01-25
hf-5387,[SALAH] Dua Perawat di RS Sardjito Terjangkit Virus Corona – TurnBackHoax.ID,0,kesehatan,hoaxid_hf,2020-01-24
hf-5388,[SALAH] Vaksin Penyebab Autis – TurnBackHoax.ID,0,kesehatan,hoaxid_hf,2020-01-24
hf-5391,[SALAH] Anies Baswedan Dinobatkan Sebagai Gubernur Terbaik di Dunia – TurnBackHoax.ID,0,kesehatan,hoaxid_hf,2020-01-22
hf-5412,[SALAH] Jus Daun Pepaya Mentah Obat DBD – TurnBackHoax.ID,0,kesehatan,hoaxid_hf,2020-01-14
hf-5450,[SALAH] Pelintiran Judul Berita “Dokter Minta Wapres Ma’ruf Amin Beristirahat” – TurnBackHoax.ID,0,kesehatan,hoaxid_hf,2020-01-05
hf-5479,[SALAH] Air Liur Dari Terompet Dapat Sebarkan Penyakit Berbahaya – TurnBackHoax.ID,0,kesehatan,hoaxid_hf,2019-12-30
hf-5511,[SALAH] “Legenda Hello Kitty berasal dari gadis penderita kanker mulut dan Hello Kiity artinya dalam bahasa China adalah Halo Iblis” – TurnBackHoax.ID,0,kesehatan,hoaxid_hf,2019-12-21
hf-5529,[SALAH] Air Nanas Panas Sembuhkan Kanker – TurnBackHoax.ID,0,kesehatan,hoaxid_hf,2019-12-17
hf-5530,[BERITA] Kemenpan RB: Tidak Ada Pengangkatan CPNS Jalur Indonesia Sehat – TurnBackHoax.ID,0,kesehatan,hoaxid_hf,2019-12-17
hf-5571,[SALAH] Minuman Probiotik Dapat Membantu Sembuhkan Kanker – TurnBackHoax.ID,0,kesehatan,hoaxid_hf,2019-12-05
hf-5578,"[SALAH] “UYM: Sholat Dimonas Itu Dosa, Karena Dianggap Riya, Semoga Para Alumni 212 Segera Bertobat” – TurnBackHoax.ID",0,kesehatan,hoaxid_hf,2019-12-04
hf-5614,[SALAH] Foto anak berdarah mahasiswa Poly University korban demo demo rusuh di Hongkong – TurnBackHoax.ID,0,kesehatan,hoaxid_hf,2019-11-23
hf-5658,[SALAH] Gebrakan Menteri Kesehatan yang Baru – TurnBackHoax.ID,0,kesehatan,hoaxid_hf,2019-11-08
hf-5660,[SALAH] Penyumbatan di usus karena konsumsi mie atau spaghetti yang disingkirkan saat dokter melakukan operasi – TurnBackHoax.ID,0,kesehatan,hoaxid_hf,2019-11-08
hf-5665,[SALAH] Virus Babi Hog Cholera Menular pada Manusia – TurnBackHoax.ID,0,kesehatan,hoaxid_hf,2019-11-06
hf-5696,[SALAH] Minum Air Es Saat Cuaca Panas Dapat Mengalami Pecah Pembuluh Darah – TurnBackHoax.ID,0,kesehatan,hoaxid_hf,2019-10-28
hf-5749,[SALAH] Makan Buah Saat Perut Kosong Bisa Sembuhkan Kanker – TurnBackHoax.ID,0,kesehatan,hoaxid_hf,2019-10-10
hf-5766,[SALAH] “Panglima TNI…Udah pada tau kan arahnya kemana.Makan yg banyak ya jendral biar tambah sehat….” – TurnBackHoax.ID,0,kesehatan,hoaxid_hf,2019-10-07
hf-5771,[SALAH] Video Potongan Kanker Menjauhi Bawang Putih Mendekati Emas – TurnBackHoax.ID,0,kesehatan,hoaxid_hf,2019-10-07
hf-5830,[SALAH] Pertolongan pertama pada stroke dengan tusukan jarum ke ujung setiap jari masing-masing atau bagian bawah daun telinga – TurnBackHoax.ID,0,kesehatan,hoaxid_hf,2019-09-23
hf-5900,[SALAH] “jarum suntik di toilet umum penyebar virus hiv” – TurnBackHoax.ID,0,kesehatan,hoaxid_hf,2019-09-05
hf-5932,[SALAH] “MANTAN PRESIDEN RI KE 3 DINOBATKAN SEBAGAI PEMILIK IQ TERTINGGI SEPANJANG SEJARAH MANUSIA NAMUN DISIA-SIAKAN OLEH BANGSA INDONESIA” – TurnBackHoax.ID,0,kesehatan,hoaxid_hf,2019-08-25
hf-5954,[SALAH] “zionis Israel menebar VIRUS AIDS di pembalut wanita” – TurnBackHoax.ID,0,kesehatan,hoaxid_hf,2019-08-18
hf-5956,"[KLARIFIKASI] JANGAN MENGKONSUMSI BAWANG YANG TELAH DIKUPAS, KARENA MENYERAP KUMAN DAN VIRUS DI UDARA – TurnBackHoax.ID",0,kesehatan,hoaxid_hf,2019-08-17
hf-6056,[SALAH] Daftar Obat Terlarang BPOM (Kop Surat RS Siloam) – TurnBackHoax.ID,0,kesehatan,hoaxid_hf,2019-07-17
hf-6070,"[SALAH] Imunisasi adalah tipu daya zionist, yang sebenarnya memasukkan bibit penyakit untuk jangka pendek maupun panjang – TurnBackHoax.ID",0,kesehatan,hoaxid_hf,2019-07-14
hf-6088,[SALAH] Khanzarof : Hasil Cloning Dokter Hewan Amerika dan Rusia yang berasal dari Campuran Kambing dan Babi – TurnBackHoax.ID,0,kesehatan,hoaxid_hf,2019-07-10
hf-6100,[SALAH] Pesan Dari Pangdam IX Udayana Tentang Cek Gula Darah Dengan Jarum Bervirus AIDS – TurnBackHoax.ID,0,kesehatan,hoaxid_hf,2019-07-08
hf-6126,"[KLARIFIKASI] DISEBUT ADA MAFIA LAKUKAN JUAL BELI DARAH HASIL DONOR, PMI ANGKAT BICARA – TurnBackHoax.ID",0,kesehatan,hoaxid_hf,2019-07-01
hf-6221,[SALAH] Jokowi di Mata Internasional dijuluki “Tangan Berdarah” – TurnBackHoax.ID,0,kesehatan,hoaxid_hf,2019-05-25
hf-6241,[SALAH] Meninggalnya Serda Supran Sida Dikaitkan dengan Virus Cacar Monyet – TurnBackHoax.ID,0,kesehatan,hoaxid_hf,2019-05-20
hf-6274,"[BENAR] Klarifikasi dari Dinkes terkait Informasi Ramuan Minyak Tanah yang Bisa Mengobati Penyakit Asam Urat, Kolesterol, dan Tekanan Darah Tinggi – TurnBackHoax.ID",0,kesehatan,hoaxid_hf,2019-05-10
hf-6294,[SALAH] Cuci Bersih Kurma Karena Mengandung Virus Corona yang Berasal dari Kelelawar – TurnBackHoax.ID,0,kesehatan,hoaxid_hf,2019-05-06
hf-6356,[SALAH] “Ketua KPU 2014 Husni Kamil Mayatnya Penuh Bercak Darah” – TurnBackHoax.ID,0,kesehatan,hoaxid_hf,2019-04-23
hf-6609,[SALAH] “Terdapat obat bius di daun teh Tiek Kwan Im” – TurnBackHoax.ID,0,kesehatan,hoaxid_hf,2019-02-19
hf-6629,[SALAH] Ali Mochtar Ngabalin Diserang Stroke Karena Doanya Sendiri – TurnBackHoax.ID,0,kesehatan,hoaxid_hf,2019-02-13
hf-6653,Kutu Jepang utk DIABETES. – TurnBackHoax.ID,0,kesehatan,hoaxid_hf,2019-02-08
hf-6662,[SALAH] Tes Merkuri pada Kosmetik Dengan Emas. – TurnBackHoax.ID,0,kesehatan,hoaxid_hf,2019-02-07
hf-6679,"[SALAH] “Stroke Kambuh, Prabowo Batal Orasi Politik di Acara Fraksi PKS” – TurnBackHoax.ID",0,kesehatan,hoaxid_hf,2019-02-04
hf-6755,[SALAH] Ustaz Arifin Ilham Berobat Ke Malaysia Naik Jet Pribadi Milik Prabowo – TurnBackHoax.ID,0,kesehatan,hoaxid_hf,2019-01-11
hf-6850,[SALAH] “Orang penyakitan kok Nyapres” – TurnBackHoax.ID,0,kesehatan,hoaxid_hf,2018-12-19
hf-6942,[SALAH] Megawati Soekarnoputri Dirawat di Rumah Sakit karena Stroke – TurnBackHoax.ID,0,kesehatan,hoaxid_hf,2018-11-08
hf-7054,[HOAX] “INSTITUT PENCEGAHAN KANKER MENGUMUMKAN RANKING SAYURAN ANTI KANKER: …” – TurnBackHoax.ID,0,kesehatan,hoaxid_hf,2018-10-09
hf-7069,[SALAH] “zionis Israel menebar VIRUS AIDS disetiap pembalut wanita” – TurnBackHoax.ID,0,kesehatan,hoaxid_hf,2018-10-03
hf-7162,[SALAH] Foto Bibir Miring Prabowo Petanda Stroke Ringan – TurnBackHoax.ID,0,kesehatan,hoaxid_hf,2018-09-14
hf-7237,"[BENAR] DIRUMORKAN PUNYA ATURAN BARU PEMBATASAN WAKTU PASIEN BERTEMU DOKTER, BPJS ANGKAT BICARA – TurnBackHoax.ID",0,kesehatan,hoaxid_hf,2018-08-29
hf-7240,[BENAR] “KPAI Bantah 55 Anak Meninggal karena Korban Vaksin” – TurnBackHoax.ID,0,kesehatan,hoaxid_hf,2018-08-28
hf-7260,[BERITA] “MUI Ajak Masyarakat Tak Ragu untuk Vaksin MR” – TurnBackHoax.ID,0,kesehatan,hoaxid_hf,2018-08-23
hf-7289,[BENAR] “BMKG Menilai Pemberitaan Aljazeera yang Mengatakan Polusi Udara di Jakarta ‘Tidak Sehat’ Jelang Asian Games adalah Berlebihan” – TurnBackHoax.ID,0,kesehatan,hoaxid_hf,2018-08-18
hf-7302,[BENAR] Dinkes Aceh Membantah Atas Isu Pelajar Lumpuh Setelah Vaksin MR – TurnBackHoax.ID,0,kesehatan,hoaxid_hf,2018-08-15
hf-7322,"[BENAR] “Bukan disebabkan vaksin, siswa MI di Palembang tewas karena radang otak” – TurnBackHoax.ID",0,kesehatan,hoaxid_hf,2018-08-09
hf-7337,[BENAR] “Pihak Keluarga Almarhumah Siswi SMPN 2 Semen Bantah ‘SA’ Meninggal dalam Kondisi Telinga Berdarah dan HP Berantakan di Lantai ” – TurnBackHoax.ID,0,kesehatan,hoaxid_hf,2018-08-06
hf-7339,[SALAH] “Racun Vaksin apa yg kalian tebarkan” – TurnBackHoax.ID,0,kesehatan,hoaxid_hf,2018-08-05
hf-7340,"[SALAH] “Bahan vaksin dari darah babi, …” – TurnBackHoax.ID",0,kesehatan,hoaxid_hf,2018-08-05
hf-7342,[KLARIFIKASI] “Pare Tidak Serta-merta Bisa Menyembuhkan Kanker” – TurnBackHoax.ID,0,kesehatan,hoaxid_hf,2018-08-04
hf-7413,[BENAR] “Parasetamol Tidak Mengandung Virus Machupo” – TurnBackHoax.ID,0,kesehatan,hoaxid_hf,2018-07-17
hf-7426,[SALAH] Surat Perintah Pendataan Tenaga Medis dan Non Medis Rumah Sakit Tahun 2018 – TurnBackHoax.ID,0,kesehatan,hoaxid_hf,2018-07-14
hf-7438,[SALAH] PEMBULUH DARAH DI MATA PECAH AKIBAT SERING BERMAIN HP – TurnBackHoax.ID,0,kesehatan,hoaxid_hf,2018-07-11
hf-7454,[BENAR] Selebaran Poster Acara Penobatan Miss Waria Banten 2018 – TurnBackHoax.ID,0,kesehatan,hoaxid_hf,2018-07-05
hf-7535,"[SALAH] Dr Gupta mengatakan, tidak ada yang harus mati kanker kecuali keluar dari kecerobohan; – TurnBackHoax.ID",0,kesehatan,hoaxid_hf,2018-06-11
hf-7544,[SALAH] Sebuah Akun Facebook Minta Donasi Untuk Anak Penderita Kanker Tulang – TurnBackHoax.ID,0,kesehatan,hoaxid_hf,2018-06-07
hf-7568,"[SALAH] BEGAL BERAKSI DI WILAYAH CILEWEUNG, KORBAN WANITA ALAMI LUKA BACOK – TurnBackHoax.ID",0,kesehatan,hoaxid_hf,2018-05-31
hf-7577,[BENAR] Edy Rahmayadi Tidak Terkena Stroke – TurnBackHoax.ID,0,kesehatan,hoaxid_hf,2018-05-28
hf-7613,[SALAH] Tes Gula Darah untuk Menyebarkan AIDS di Medan – TurnBackHoax.ID,0,kesehatan,hoaxid_hf,2018-05-17
hf-7634,[BENAR] Klarifikasi Dinas Kesehatan Kota Palopo Terkait Isu Beredarnya Obat Kedaluwarsa – TurnBackHoax.ID,0,kesehatan,hoaxid_hf,2018-05-11
hf-7739,"[SALAH] CALON GUBERNUR SULSEL, NURDIN ABDULLAH DERITA KANKER DI LEHER – TurnBackHoax.ID",0,kesehatan,hoaxid_hf,2018-04-13
hf-7743,[BENAR] Klarifikasi Rumah Sakit Umum Cut Nyak Dien (RSU-CND) Meulaboh Terkait Isu Keluarnya Dokter Spesialis Jantung Karena Tak Digaji – TurnBackHoax.ID,0,kesehatan,hoaxid_hf,2018-04-12
hf-7781,[SALAH] “9 Merek Pembalut di Indonesia Penyebab Kanker” – TurnBackHoax.ID,0,kesehatan,hoaxid_hf,2018-04-01
hf-7782,[BERITA] “Dokter ini Aktif ‘Sembuhkan’ Pasien dari Kabar Hoax” – TurnBackHoax.ID,0,kesehatan,hoaxid_hf,2018-04-01
hf-7784,[SALAH] “Penyakit Makula” – TurnBackHoax.ID,0,kesehatan,hoaxid_hf,2018-03-30
hf-7846,[SALAH] BAHAYA MAKANAN ANAK KINDER JOY BISA SEBABKAN KANKER – TurnBackHoax.ID,0,kesehatan,hoaxid_hf,2018-03-16
hf-7865,[BENAR] Klarifikasi Dinas Kesehatan Kabupaten Cianjur Terkait Kabar Bocah Bernama Muhammad Zihad Menderita Gizi Buruk – TurnBackHoax.ID,0,kesehatan,hoaxid_hf,2018-03-13
hf-7917,[HOAX] PRABOWO SUBIANTO SEMPAT ALAMI STROKE SEBANYAK 3 KALI – TurnBackHoax.ID,0,kesehatan,hoaxid_hf,2018-02-28
hf-7930,[HOAX] “Satanisme Buah Disuntik Darah Mengandung HIV” – TurnBackHoax.ID,0,kesehatan,hoaxid_hf,2018-02-25
hf-7949,[HOAX] NYALAKAN AC TANPA BUKA KACA SAAT PERTAMA MASUK MOBIL BISA SEBABKAN KANKER – TurnBackHoax.ID,0,kesehatan,hoaxid_hf,2018-02-21
hf-8006,[DISINFORMASI] “MANTAN PRESIDEN RI KE 3 DI NOBATKAN SEBAGAI PEMILIK IQ TERTINGGI SEPANJANG SEJARAH MANUSIA NAMUN DI SIA SIAKAN OLEH BANGSA INDONESIA” – TurnBackHoax.ID,0,kesehatan,hoaxid_hf,2018-02-03
hf-8078,[HOAX] Dokter Anti Vaksin Asal Amerika Serikat – TurnBackHoax.ID,0,kesehatan,hoaxid_hf,2018-01-10
hf-8152,"[BERITA] “Hina Panglima TNI dan Jokowi di Medsos, Dokter di Sumbar Ditangkap” – TurnBackHoax.ID",0,kesehatan,hoaxid_hf,2017-12-16
hf-8186,[KLARIFIKASI] “BPJS Tak Tanggung Jaminan Kesehatan Untuk Perokok” – TurnBackHoax.ID,0,kesehatan,hoaxid_hf,2017-12-08
hf-8193,[HOAX] Foto Pengendara Ojol yang Berdarah Dipukuli Sopir Taksi – TurnBackHoax.ID,0,kesehatan,hoaxid_hf,2017-12-06
hf-8216,[ISU] EFEK SAMPING VAKSIN KANKER SERVIKS – TurnBackHoax.ID,0,kesehatan,hoaxid_hf,2017-11-29
hf-8221,[KLARIFIKASI] “BPJS Tak Tanggung Biaya Pengobatan 8 Penyakit Katastropik” – TurnBackHoax.ID,0,kesehatan,hoaxid_hf,2017-11-27
hf-8240,[HOAX] “Penjual Air Kesehatan Sebar Hoax Pemanis Buatan” – TurnBackHoax.ID,0,kesehatan,hoaxid_hf,2017-11-21
hf-8261,[HOAX] “Donor Sperma di Fakultas Kedokteran Universitas Indonesia” – TurnBackHoax.ID,0,kesehatan,hoaxid_hf,2017-11-17
hf-8274,[BERITA] “Eksperimen: Mengupas Hoax ‘Potongan Kanker’ yang Menjauhi Bawang Putih” – TurnBackHoax.ID,0,kesehatan,hoaxid_hf,2017-11-16
hf-8299,[HOAX] “POTONGAN KANKER BERGERAK JAUHI BAWANG PUTIH” – TurnBackHoax.ID,0,kesehatan,hoaxid_hf,2017-11-09
hf-8335,"[DISINFORMASI] @Metro_TV: “Kembali Tenang Berdagang di Trotoar Tanah Abang”, portal-islam.id: “Serang Anies-Sandi Dengan Berita Hoax, Metro TV DIPERMALUKAN Haji Lulung” – TurnBackHoax.ID",0,kesehatan,hoaxid_hf,2017-10-26
hf-8367,[DISINFORMASI] Registrasi Kartu SIM Card Perlukah Nama Ibu kandung ? – TurnBackHoax.ID,0,kesehatan,hoaxid_hf,2017-10-19
hf-8377,(HOAX) Makam Berdarah – TurnBackHoax.ID,0,kesehatan,hoaxid_hf,2017-10-16
hf-8421,[DISINFORMASI] Pesan Berantai Tentang Penyebab Penyakit Dalam Organ Tubuh – TurnBackHoax.ID,0,kesehatan,hoaxid_hf,2017-10-04
hf-8425,"[HOAX, HASUT, & PROVOKASI] Bra Yang Berisi Cairan Penyebab Kanker Payudara – TurnBackHoax.ID",0,kesehatan,hoaxid_hf,2017-10-03
hf-8451,(HOAX) Yayasan Miracle Hope Ingin Membantu Untuk Mengobati Penderita Kanker Jenis Apapun – TurnBackHoax.ID,0,kesehatan,hoaxid_hf,2017-09-24
hf-8470,(HOAX): Waspada Dokter Palsu PKI tularkan HIV,0,kesehatan,hoaxid_hf,2017-09-18
hf-8488,[HOAX] Biksu Myanmar Terkena Azab Penyakit Misteri – TurnBackHoax.ID,0,kesehatan,hoaxid_hf,2017-09-07
hf-8519,"[HOAX] RS Gatot Subroto Jkt, sdh mulai ada pengobatan tumor ganas",0,kesehatan,hoaxid_hf,2017-08-12
hf-8528,"[EDUKASI, BERITA] Rangkuman 40 Berita Hoax Kesehatan Terbanyak – TurnBackHoax.ID",0,kesehatan,hoaxid_hf,2017-07-19
hf-8544,"[HOAX] Fluoride Sangat Berbahaya, Bisa Menyebabkan Kanker – TurnBackHoax.ID",0,kesehatan,hoaxid_hf,2017-06-28
hf-8625,[HOAX] Soda Kue Dicampur Madu Dapat Menyembuhkan Kanker – TurnBackHoax.ID,0,kesehatan,hoaxid_hf,2017-04-09
hf-8638,[HOAX] BAHAYA OBAT BIUS UNTUK WANITA PROGESTEREX – TurnBackHoax.ID,0,kesehatan,hoaxid_hf,2017-03-22
hf-8669,HOAX: Daftar Obat Terlarang BPOM (Kop Surat RS Siloam) – TurnBackHoax.ID,0,kesehatan,hoaxid_hf,2017-03-06
hf-8689,HOAX: Parasetamol Mengandung Virus – TurnBackHoax.ID,0,kesehatan,hoaxid_hf,2017-02-27
hf-8694,[HOAX] PARACETAMOL MENGANDUNG VIRUS MACHUPO – TurnBackHoax.ID,0,kesehatan,hoaxid_hf,2017-02-22
hf-8751,(HOAX) Mengkonsumsi Sayap dan Ceker Ayam yang Disuntik Hormon Dapat Menyebabkan Kanker – TurnBackHoax.ID,0,kesehatan,hoaxid_hf,2017-02-08
hf-8770,(DISINFORMASI): Pengobatan Jantung Koroner dengan Terapi Kelasi (Chelation) Bisa Gantikan Angioplasty – TurnBackHoax.ID,0,kesehatan,hoaxid_hf,2017-02-02
hf-8819,(HOAX): FPI Bubarkan Pengobatan Gratis DPP PDI Perjuangan di Tambora – TurnBackHoax.ID,0,kesehatan,hoaxid_hf,2017-01-17
hf-8847,"[HOAX] Laetrile alias Amygdalin adalah Vitamin B17, dan Satu-Satunya Obat Yang Diperlukan Untuk Sembuhkan Kanker – TurnBackHoax.ID",0,kesehatan,hoaxid_hf,2017-01-07
hf-8882,(EDUKASI): Panduan Bersosial Media Secara Sehat – TurnBackHoax.ID,0,kesehatan,hoaxid_hf,2016-12-22
hf-8951,[HOAX] ADA BESI TIPIS DI DALAM OBAT – TurnBackHoax.ID,0,kesehatan,hoaxid_hf,2016-12-06
hf-8971,HOAX: Vaksin Kanker Serviks Menyebabkan Menopause Dini – TurnBackHoax.ID,0,kesehatan,hoaxid_hf,2016-12-01
hf-8983,[ISU] VAKSIN KANKER SERVIKS SEBABKAN MENOPOUSE DINI – TurnBackHoax.ID,0,kesehatan,hoaxid_hf,2016-11-28
hf-8988,[EDUKASI] Tips Bermedia Sosial Sehat Ala Ahmad Mustofa Bari – TurnBackHoax.ID,0,kesehatan,hoaxid_hf,2016-11-27
hf-9010,(HOAX) Makanan Kalengan Dari Thailand Mengandung Virus AIDS – TurnBackHoax.ID,0,kesehatan,hoaxid_hf,2016-11-21
hf-9072,"[HOAX] Gubernur Papua, Lukas Enembe Hadir di Rapat KTT Amerika Serikat – Afrika – TurnBackHoax.ID",0,kesehatan,hoaxid_hf,2016-09-10
hf-9161,[HOAX] Pengendara Ojol Bersimbah Darah Akibat Dipukuli oleh Para Sopir Taksi – TurnBackHoax.ID,0,kesehatan,hoaxid_hf,2016-03-23
hf-9185,(FITNAH) Warsito dilarang melakukan Riset kanker oleh Pemerintah – TurnBackHoax.ID,0,kesehatan,hoaxid_hf,2016-02-06
hf-9236,HOAX : Pembalut Yahudi Yang Ditanami Virus HIV – TurnBackHoax.ID,0,kesehatan,hoaxid_hf,2015-11-21
hf-9278,Jurnal Medis Tidak Nyatakan Potensi Penularan Orang Sebelum Divaksin Covid-19 Lebih Rendah,0,kesehatan,hoaxid_hf,2022-08-03
hf-9293,Jurnal Medis Tidak Nyatakan Potensi Penularan Orang Sebelum Divaksin Covid-19 Lebih Rendah,0,kesehatan,hoaxid_hf,2022-08-03
hf-9308,INFOGRAFIK: Beredarnya Informasi Keliru tentang Kewajiban Skrining Peserta BPJS Kesehatan,0,kesehatan,hoaxid_hf,2022-07-29
hf-9315,[HOAKS] Menggosokkan Hidrogen Peroksida pada Kulit Sembuhkan Kanker,0,kesehatan,hoaxid_hf,2022-07-29
hf-9323,Meta Pertimbangkan Perubahan Kebijakan soal Misinformasi Covid-19,0,kesehatan,hoaxid_hf,2022-07-27
hf-9328,[KLARIFIKASI] BPJS Kesehatan Mewajibkan Skrining Mulai 17 Juli 2022,0,kesehatan,hoaxid_hf,2022-07-27
hf-9349,[HOAKS] Meninggalnya Tjahjo Kumolo Dikaitkan dengan Vaksin mRNA,0,kesehatan,hoaxid_hf,2022-07-22
hf-9352,INFOGRAFIK: Benarkah Kucing Bisa Menularkan Covid-19 ke Manusia?,0,kesehatan,hoaxid_hf,2022-07-22
hf-9356,[HOAKS] Vaksinasi Covid-19 Buat Tingkat Kesuburan pada Pria Menurun,0,kesehatan,hoaxid_hf,2022-07-21
hf-9358,[HOAKS] Ramuan Air Panas dan Pare untuk Membunuh Sel Kanker,0,kesehatan,hoaxid_hf,2022-07-21
hf-9361,[HOAKS] Vaksinasi Bertujuan Memasukkan Mikrocip 666 ke Tubuh Manusia,0,kesehatan,hoaxid_hf,2022-07-20
hf-9378,"[HOAKS] Vaksin Covid-19 Meningkatkan HIV, Vaksin Cacar Memicu AIDS",0,kesehatan,hoaxid_hf,2022-07-18
hf-9387,[HOAKS] Donny Suhendra Meninggal karena Vaksin,0,kesehatan,hoaxid_hf,2022-07-15
hf-9401,[HOAKS] Vaksin adalah Cairan Beracun,0,kesehatan,hoaxid_hf,2022-07-12
hf-9402,[HOAKS] Parasetamol P-500 Mengandung Virus Machupo,0,kesehatan,hoaxid_hf,2022-07-12
hf-9421,[KLARIFIKASI] Peningkatan Kasus GBS Setelah Vaksinasi Covid-19,0,kesehatan,hoaxid_hf,2022-07-07
hf-9427,CEK FAKTA: Pernyataan Justin Bieber soal Vaksin Covid-19,0,kesehatan,hoaxid_hf,2022-07-06
hf-9433,CEK FAKTA: Gadis Ukraina Diklaim Terluka karena Misil Rusia,0,kesehatan,hoaxid_hf,2022-07-05
hf-9455,INFOGRAFIK: Benarkah Rebusan Putri Malu Berkhasiat Obati Berbagai Penyakit?,0,kesehatan,hoaxid_hf,2022-06-30
hf-9456,[HOAKS] CDC Mengakui Kekebalan Alami Lebih Kuat dari Vaksin Covid-19,0,kesehatan,hoaxid_hf,2022-06-29
hf-9457,CEK FAKTA: Benarkah Vaksin Cacar Penyebab Wabah AIDS pada 1987?,0,kesehatan,hoaxid_hf,2022-06-29
hf-9462,[KLARIFIKASI] Rebusan Putri Malu Berkhasiat Mengobati Berbagai Penyakit,0,kesehatan,hoaxid_hf,2022-06-28
hf-9463,[HOAKS] Dokumen Pfizer Mencantumkan 1.291 Efek Vaksin,0,kesehatan,hoaxid_hf,2022-06-27
hf-9465,[HOAKS] Angka Covid-19 Naik karena Disengaja Jelang Idul Adha,0,kesehatan,hoaxid_hf,2022-06-27
hf-9473,CEK FAKTA: Benarkah Vaksin Covid-19 Meningkatkan Sindrom Kematian Mendadak?,0,kesehatan,hoaxid_hf,2022-06-25
hf-9476,[HOAKS] Pada 2025 Tidak Bisa Tarik Tunai di ATM jika Tidak Divaksin,0,kesehatan,hoaxid_hf,2022-06-24
hf-9489,Berbagai Hoaks tentang Cara Menyembuhkan Kanker,0,kesehatan,hoaxid_hf,2022-06-22
hf-9492,"Resep Parutan Kulit Lemon Beku untuk Penderita Kanker, Ini Kata Dokter",0,kesehatan,hoaxid_hf,2022-06-21
hf-9493,[HOAKS] Vaksin AstraZeneca Menyebabkan Cacar Monyet dan Hepatitis Akut,0,kesehatan,hoaxid_hf,2022-06-21
hf-9496,"Hoaks Capres Muncul meski Pemilu Masih Lama, Dinilai Ganggu Sehatnya Demokrasi",0,kesehatan,hoaxid_hf,2022-06-21
hf-9500,[HOAKS] Makan Buah Saat Perut Kosong Bisa Sembuhkan Kanker,0,kesehatan,hoaxid_hf,2022-06-20
hf-9501,[HOAKS] Bill Gates Telah Memesan 13 Juta Dosis Vaksin Cacar Monyet,0,kesehatan,hoaxid_hf,2022-06-20
hf-9507,CEK FAKTA: Benarkah Empon-empon Sembuhkan PMK pada Sapi ?,0,kesehatan,hoaxid_hf,2022-06-18
hf-9508,CEK FAKTA: Benarkah Bill Gates Telah Menyiapkan Miliaran Vaksin Cacar Monyet?,0,kesehatan,hoaxid_hf,2022-06-17
hf-9513,[HOAKS] Justin Bieber Terkena Sindrom Ramsay Hunt akibat Vaksin Covid-19,0,kesehatan,hoaxid_hf,2022-06-16
hf-9518,[HOAKS] Bahaya Mengonsumsi Daging akibat Adanya Penyakit PMK,0,kesehatan,hoaxid_hf,2022-06-16
hf-9519,CEK FAKTA: Benarkah Vaksin AstraZeneca Sebabkan Cacar Monyet?,0,kesehatan,hoaxid_hf,2022-06-15
hf-9525,Benarkah Penyakit Mulut dan Kuku Sengaja Disebar untuk Halangi Idul Adha?,0,kesehatan,hoaxid_hf,2022-06-14
hf-9527,"Banyak Hoaks soal Tepung Terigu Bisa Sembuhkan Luka Bakar, Ini Faktanya",0,kesehatan,hoaxid_hf,2022-06-14
hf-9539,"Hati-hati Testimoni Obat Menyembuhkan Long Covid, Jangan Langsung Percaya",0,kesehatan,hoaxid_hf,2022-06-10
hf-9542,"Muncul Hoaks Obat Diet Thailand Sembuhkan Long Covid, Ini Faktanya",0,kesehatan,hoaxid_hf,2022-06-09
hf-9543,[HOAKS] Rebusan Tepung Kanji Berkhasiat Mengobati Asam Lambung,0,kesehatan,hoaxid_hf,2022-06-09
hf-9558,[HOAKS] Kerokan Kulit Batang Mangga Berkhasiat Mengobati Sakit Gigi,0,kesehatan,hoaxid_hf,2022-06-07
hf-9564,[HOAKS] Twit Senator AS Rand Paul soal Bukti Vaksin Covid-19 Berbahaya,0,kesehatan,hoaxid_hf,2022-06-06
hf-9578,[HOAKS] Pesan dari Pangdam IX/Udayana soal Penyebaran HIV/AIDS Lewat Cek Gula Darah Gratis,0,kesehatan,hoaxid_hf,2022-05-31
hf-9580,[HOAKS] Cairan Batang Pisang untuk Obat Lambung dan Kerontokan Rambut,0,kesehatan,hoaxid_hf,2022-05-31
hf-9590,INFOGRAFIK: Benarkah Monkeypox Disebabkan Vaksin dan Terkait Covid-19?,0,kesehatan,hoaxid_hf,2022-05-28
hf-9600,"Monkeypox Bukan Disebabkan Vaksin atau Covid-19, Ini Kata Epidemiolog",0,kesehatan,hoaxid_hf,2022-05-26
hf-9601,[HOAKS] Cacar Monyet akibat Efek Samping Vaksin atau VAIDS,0,kesehatan,hoaxid_hf,2022-05-25
hf-9609,[HOAKS] Ilmuwan yang Membuat dan Menjual Virus Corona Sudah Tertangkap,0,kesehatan,hoaxid_hf,2022-05-24
hf-9632,[HOAKS] Lowongan Kerja Dinas Kesehatan Berbagai Daerah,0,kesehatan,hoaxid_hf,2022-05-18
hf-9633,[HOAKS] Tepung Terigu untuk Pertolongan Pertama Luka Bakar,0,kesehatan,hoaxid_hf,2022-05-18
hf-9663,INFOGRAFIK: Berbagai Klaim Keliru Seputar Hepatitis Akut yang Dikaitkan Covid-19,0,kesehatan,hoaxid_hf,2022-05-12
hf-9676,"[KLARIFIKASI] PPKM Belum Berakhir, Diperpanjang Sampai Pandemi Covid-19 Terkendali",0,kesehatan,hoaxid_hf,2022-05-10
hf-9679,[HOAKS] Vaksin Covid-19 Menyebabkan Hepatitis Akut pada Anak,0,kesehatan,hoaxid_hf,2022-05-09
hf-9681,[KLARIFIKASI] Imbauan Kemenkes Terkait Penyakit Hepatitis Akut Misterius,0,kesehatan,hoaxid_hf,2022-05-09
hf-9682,Berbagai Klaim Keliru Seputar Kasus Hepatitis Akut dan Covid-19,0,kesehatan,hoaxid_hf,2022-05-09
hf-9700,[HOAKS] Moderna Memproduksi Virus Corona dan Vaksinnya Sebelum Menyebar di Wuhan,0,kesehatan,hoaxid_hf,2022-04-28
hf-9710,[HOAKS] Pengguna BPJS Kesehatan Melahirkan di Pinggir Jalan Setelah Ditolak RS,0,kesehatan,hoaxid_hf,2022-04-27
hf-9711,[HOAKS] Putusan MA Menyatakan Pandemi Covid-19 Telah Berakhir,0,kesehatan,hoaxid_hf,2022-04-26
hf-9724,"INFOGRAFIK: Hoaks, Nasi Dipanaskan Lebih dari 12 Jam Memicu Diabetes",0,kesehatan,hoaxid_hf,2022-04-23
hf-9731,[HOAKS] Nasi Dipanaskan Lebih dari 12 Jam Memicu Diabetes,0,kesehatan,hoaxid_hf,2022-04-21
hf-9739,"Beredar Film Dokumenter Anti-Vaksin, Klaim Virus Corona adalah Bisa Ular",0,kesehatan,hoaxid_hf,2022-04-20
hf-9761,Kumpulan Hoaks dan Penelusuran Fakta Chip pada Vaksin Covid-19,0,kesehatan,hoaxid_hf,2022-04-14
hf-9770,[HOAKS] Bill Gates Kembangkan Vaksin Covid-19 Mengandung Luciferase,0,kesehatan,hoaxid_hf,2022-04-13
hf-9782,[HOAKS] Vaksin Covid-19 Mengandung Komponen Virus AIDS,0,kesehatan,hoaxid_hf,2022-04-09
hf-9789,INFOGRAFIK: Bantahan IDI Terkait Hoaks Pemecatan Terawan karena Vaksin Nusantara,0,kesehatan,hoaxid_hf,2022-04-08
hf-9792,[HOAKS] Getah Daun Kemangi Bermanfaat Mengobati Gatal pada Kulit,0,kesehatan,hoaxid_hf,2022-04-07
hf-9795,Benarkah Buah Zuriat Meningkatkan Peluang Hamil? Ini Kata Dokter,0,kesehatan,hoaxid_hf,2022-04-07
hf-9797,INFOGRAFIK: Informasi Keliru Vaksin Covid-19 Menyebabkan Stroke,0,kesehatan,hoaxid_hf,2022-04-07
hf-9799,[HOAKS] Daftar Tingkat Kelangsungan Hidup Covid-19 di Atas 99 Persen,0,kesehatan,hoaxid_hf,2022-04-06
hf-9807,[HOAKS] Solidaritas Dokter Keluar dari IDI dan Membentuk IDSI,0,kesehatan,hoaxid_hf,2022-04-05
hf-9808,[KLARIFIKASI] Pemberhentian Terawan dari Keanggotaan IDI karena Vaksin Nusantara,0,kesehatan,hoaxid_hf,2022-04-05
hf-9813,[HOAKS] Ranking dan Peringkat Sayuran Antikanker dari IPB,0,kesehatan,hoaxid_hf,2022-04-04
hf-9820,[HOAKS] Air Rebusan Daun Seledri untuk Menggantikan Terapi Cuci Darah,0,kesehatan,hoaxid_hf,2022-04-02
hf-9823,[KLARIFIKASI] Vaksin AstraZeneca dan Pfizer Berpotensi Serius Menyebabkan Stroke,0,kesehatan,hoaxid_hf,2022-04-01
hf-9829,[HOAKS] Varian Baru Virus Corona dari India Tidak Terdeteksi Alat Tes Covid-19,0,kesehatan,hoaxid_hf,2022-03-31
hf-9836,[HOAKS] Jada Pinkett Smith Alami Kerontokan Rambut akibat Kanker,0,kesehatan,hoaxid_hf,2022-03-29
hf-9847,[HOAKS] Vaksin Covid-19 Pfizer Menyebabkan Ensefalitis,0,kesehatan,hoaxid_hf,2022-03-24
hf-9848,[HOAKS] Video Dokter Pingsan Saat Operasi karena Virus Corona,0,kesehatan,hoaxid_hf,2022-03-24
hf-9853,INFOGRAFIK: Benarkah Rebusan Air Kelapa Muda Bisa Sembuhkan Batu Ginjal?,0,kesehatan,hoaxid_hf,2022-03-24
hf-9855,[HOAKS] Covid-19 Berasal dari Laboratorium Senjata Biologis di Ukraina yang Didanai AS,0,kesehatan,hoaxid_hf,2022-03-23
hf-9860,"INFOGRAFIK: Efek Megadosis Vitamin C, Berbahayakah bagi Kesehatan?",0,kesehatan,hoaxid_hf,2022-03-23
hf-9872,Cek Fakta Sepekan: Hoaks Seputar Kesehatan hingga Penyelundupan Anak,0,kesehatan,hoaxid_hf,2022-03-21
hf-9873,[HOAKS] Marc Marquez Ditolak Rumah Sakit karena Tak Punya Kartu BPJS Kesehatan,0,kesehatan,hoaxid_hf,2022-03-21
hf-9896,[HOAKS] RSUD Cipayung Meng-Covid-kan Pasien,0,kesehatan,hoaxid_hf,2022-03-15
hf-9900,[HOAKS] WHO Menamai Varian Baru Covid-19 dengan Deltacron,0,kesehatan,hoaxid_hf,2022-03-14
hf-9902,Cek Fakta Sepekan: Hoaks Seputar Konflik Rusia-Ukraina hingga Metode Mandi yang Sebabkan Stroke,0,kesehatan,hoaxid_hf,2022-03-14
hf-9904,INFOGRAFIK: Klarifikasi Terkait Anak Suku Kanekes Kebal Suntik Saat Vaksinasi,0,kesehatan,hoaxid_hf,2022-03-14
hf-9911,Waspadai Hoaks Lowongan Kerja untuk Dokter Pribadi Kepala BNPB,0,kesehatan,hoaxid_hf,2022-03-09
hf-9913,"[HOAKS] Jangan Basahi Kepala Terlebih Dulu Saat Mandi, Bisa Sebabkan Stroke",0,kesehatan,hoaxid_hf,2022-03-09
hf-9922,"[HOAKS] Surat Edaran Satgas Penanganan Covid-19, Pandemi Dicabut",0,kesehatan,hoaxid_hf,2022-03-07
hf-9928,Muncul Hoaks yang Menyebut Vaksin Covid-19 Dapat Menyebabkan Sifilis,0,kesehatan,hoaxid_hf,2022-03-04
hf-9953,[HOAKS] Pengobatan Covid-19 Ratu Elizabeth II Gunakan Ivermectin,0,kesehatan,hoaxid_hf,2022-02-24
hf-9954,"Bahaya Mengonsumsi Hujan Es, Ini Penjelasan dari Dokter",0,kesehatan,hoaxid_hf,2022-02-24
hf-9959,Muncul Misinformasi Ratu Elizabeth II Pakai Ivermectin dalam Pengobatan Covid-19,0,kesehatan,hoaxid_hf,2022-02-23
hf-9964,[KLARIFIKASI] Kartu Vaksin Jadi Syarat Beli Minyak Goreng Bersubsidi,0,kesehatan,hoaxid_hf,2022-02-22
hf-9966,[HOAKS] Jasa Pembuatan Sertifikat Vaksin Resmi Tanpa Perlu Suntik,0,kesehatan,hoaxid_hf,2022-02-22
hf-9967,"Ramai Kartu Vaksin Jadi Syarat Beli Minyak Goreng, Ini Tanggapan Indomaret dan Alfamart",0,kesehatan,hoaxid_hf,2022-02-21
hf-9971,[HOAKS] Virus Corona Varian Omicron Berbentuk Swastika Lambang Nazi,0,kesehatan,hoaxid_hf,2022-02-19
hf-9972,[HOAKS] Vaksin Covid-19 Menyebabkan VAIDS,0,kesehatan,hoaxid_hf,2022-02-19
hf-9975,[HOAKS] Ada Kode 5G Setelah Booster Vaksin Covid-19,0,kesehatan,hoaxid_hf,2022-02-19
hf-9979,"[HOAKS] Chemtrail Attack, Penyemprotan Zat Kimia yang Menimbulkan Berbagai Penyakit",0,kesehatan,hoaxid_hf,2022-02-18
hf-9980,[HOAKS] Ratusan Siswa SD Meninggal karena Vaksin,0,kesehatan,hoaxid_hf,2022-02-18
hf-9983,Kumpulan Hoaks dan Penelusuran Fakta Seputar Alat Tes Covid-19,0,kesehatan,hoaxid_hf,2022-02-17
hf-9985,INFOGRAFIK: Anak Penderita Kanker dalam Angka,0,kesehatan,hoaxid_hf,2022-02-17
hf-9986,[HOAKS] Video Manusia Menjadi Zombie karena Terapi Gen dan Virus,0,kesehatan,hoaxid_hf,2022-02-17
hf-9987,"INFOGRAFIK: Beredar Resep Obat untuk Omicron di Medsos, Amankah?",0,kesehatan,hoaxid_hf,2022-02-16
hf-9990,INFOGRAFIK: 7 Vaksin Covid-19 yang Paling Banyak Digunakan,0,kesehatan,hoaxid_hf,2022-02-16
hf-9991,[KLARIFIKASI] Virus Corona Sudah Diprediksi dalam Novel,0,kesehatan,hoaxid_hf,2022-02-16
hf-9998,[HOAKS] Video Kantong Mayat Bergerak Dikaitkan dengan Covid-19,0,kesehatan,hoaxid_hf,2022-02-14
hf-10000,[HOAKS] Pembagian Masker Gratis Mengandung Obat Bius,0,kesehatan,hoaxid_hf,2022-02-14
hf-10004,[HOAKS] BPJS Kesehatan Akan Dinonaktifkan jika Setahun Tidak Dipakai,0,kesehatan,hoaxid_hf,2022-02-11
hf-10006,"Resep Obat untuk Omicron Beredar di Facebook, Bolehkah Digunakan?",0,kesehatan,hoaxid_hf,2022-02-11
hf-10007,[KLARIFIKASI] Cara Menghadapi Covid-19 dari Menkes Portugal,0,kesehatan,hoaxid_hf,2022-02-11
hf-10011,"Omicron Diklaim Akibat Polusi Udara, Ini Bantahan Dokter Paru",0,kesehatan,hoaxid_hf,2022-02-10
hf-10014,[HOAKS] Covid-19 adalah Propaganda Ketakutan yang Tidak Nyata,0,kesehatan,hoaxid_hf,2022-02-09
hf-10019,[HOAKS] Ramuan Obat Herbal untuk Menyembuhkan Varian Omicron,0,kesehatan,hoaxid_hf,2022-02-08
hf-10020,[HOAKS] Video Pria Dipiting Petugas TNI dan Dipaksa Vaksinasi Covid-19,0,kesehatan,hoaxid_hf,2022-02-08
hf-10024,"INFOGRAFIK: 4 Fakta NeoCov, Varian Baru Virus yang Tak Terkait Covid-19",0,kesehatan,hoaxid_hf,2022-02-07
hf-10025,"Cek Fakta Sepekan: Hoaks Erupsi Anak Krakatau, hingga Daftar Obat Covid-19",0,kesehatan,hoaxid_hf,2022-02-07
hf-10028,[HOAKS] Video Penyuntikan Vaksin Kosong di Semarang,0,kesehatan,hoaxid_hf,2022-02-05
hf-10038,[HOAKS] Omicron Bukan Virus tetapi Efek Keracunan Chemtrail,0,kesehatan,hoaxid_hf,2022-02-03
hf-10040,[HOAKS] 10 Negara Mencabut Semua Tindakan Pencegahan Covid-19,0,kesehatan,hoaxid_hf,2022-02-03
hf-10042,[HOAKS] Varian Baru Virus Corona Penyebab Covid-19 Bernama NeoCov,0,kesehatan,hoaxid_hf,2022-02-02
hf-10046,[HOAKS] Daftar Obat Covid-19 dari Perkumpulan Dokter Wisma Atlet,0,kesehatan,hoaxid_hf,2022-01-31
hf-10049,Cek Fakta Sepekan: Hoaks Kopi Sembuhkan Covid-19 hingga Odol untuk Jerawat,0,kesehatan,hoaxid_hf,2022-01-31
hf-10059,[KLARIFIKASI] Inggris Mencabut Status Covid-19 sebagai Pandemi,0,kesehatan,hoaxid_hf,2022-01-27
hf-10064,[KLARIFIKASI] Video 1 Juta Dosis Vaksin Dihancurkan di Nigeria,0,kesehatan,hoaxid_hf,2022-01-26
hf-10068,"Polemik Herbal: Bermanfaat, tetapi Disalahpahami untuk Pengobatan Covid-19",0,kesehatan,hoaxid_hf,2022-01-25
hf-10073,[HOAKS] Ramuan 131 Mencegah Infeksi dan Replikasi Virus,0,kesehatan,hoaxid_hf,2022-01-24
hf-10074,[HOAKS] OTG Tidak Menularkan Virus dan Prinsip Survival di Masa Wabah,0,kesehatan,hoaxid_hf,2022-01-24
hf-10077,[HOAKS] Bill Gates Minta Semua Vaksin Covid-19 Ditarik dari Peredaran,0,kesehatan,hoaxid_hf,2022-01-24
hf-10085,"Hikayat Bawang Putih, Mitos Pengobatan Covid-19 hingga Sakit Telinga",0,kesehatan,hoaxid_hf,2022-01-21
hf-10098,"[HOAKS] Sembuhkan Sakit Gigi dengan Es, Bawang, Cengkeh, atau Jahe",0,kesehatan,hoaxid_hf,2022-01-19
hf-10101,[KLARIFIKASI] Delegasi Indonesia ke Israel Bahas Penanganan Covid-19,0,kesehatan,hoaxid_hf,2022-01-19
hf-10111,"Mengenal Infodemik, Misinformasi yang Menyebar Lebih Cepat dari Virus",0,kesehatan,hoaxid_hf,2022-01-17
hf-10115,Cek Fakta Sepekan: Booster Vaksin Covid-19 hingga Info Gempa,0,kesehatan,hoaxid_hf,2022-01-17
hf-10117,Kominfo Paparkan Sebaran Hoaks Covid-19 dan Vaksin Selama Sepekan,0,kesehatan,hoaxid_hf,2022-01-14
hf-10120,"Pandemi Sudah Hampir 2 Tahun, Kenapa Hoaks Covid-19 Masih Bermunculan?",0,kesehatan,hoaxid_hf,2022-01-14
hf-10121,Epidemiolog Sebut Infodemik Jadi Penghalang Penanganan Pandemi Covid-19,0,kesehatan,hoaxid_hf,2022-01-13
hf-10123,[HOAKS] WHO Minta Peredaran Vaksin di Seluruh Dunia Dihentikan,0,kesehatan,hoaxid_hf,2022-01-13
hf-10124,[HOAKS] Login Facebook Harus Pakai Sertifikat Vaksin,0,kesehatan,hoaxid_hf,2022-01-13
hf-10126,Muncul Hoaks yang Sebut Sertifikat Vaksin Jadi Syarat Login Facebook,0,kesehatan,hoaxid_hf,2022-01-13
hf-10127,[HOAKS] Vaksin Booster Berbayar untuk Masyarakat yang Tidak Punya Kartu BPJS Kesehatan,0,kesehatan,hoaxid_hf,2022-01-12
hf-10128,Kemenkes Bantah Vaksin Booster Berbayar untuk yang Tidak Punya BPJS Kesehatan,0,kesehatan,hoaxid_hf,2022-01-12
hf-10129,[HOAKS] Booster Vaksin Covid-19 Diberikan Setiap 6 Bulan Sekali,0,kesehatan,hoaxid_hf,2022-01-12
hf-10131,Epidemiolog Bantah Hoaks yang Beredar soal Booster Vaksin Covid-19 Setiap 6 Bulan,0,kesehatan,hoaxid_hf,2022-01-12
hf-10133,[HOAKS] CDC Akui Tes PCR Tidak Bisa Bedakan Virus Corona dan Influenza,0,kesehatan,hoaxid_hf,2022-01-11
hf-10142,[HOAKS] Warna Darah Orang yang Sudah Divaksin Lebih Hitam,0,kesehatan,hoaxid_hf,2022-01-08
hf-10143,"Bantah Hoaks Darah Menghitam akibat Vaksin Covid-19, Ini Penjelasan Dokter",0,kesehatan,hoaxid_hf,2022-01-08
hf-10145,[HOAKS] Bahaya Menerima Donasi Darah dari Donor yang Divaksin Covid-19,0,kesehatan,hoaxid_hf,2022-01-08
hf-10146,[HOAKS] Florona adalah Varian Baru Virus Corona,0,kesehatan,hoaxid_hf,2022-01-07
hf-10155,Kominfo: Hoaks Seputar Covid-19 Mengancam Keselamatan Jiwa Masyarakat,0,kesehatan,hoaxid_hf,2022-01-06
hf-10156,[HOAKS] Vaksinasi adalah Genosida dan Menyebabkan Kemandulan,0,kesehatan,hoaxid_hf,2022-01-06
hf-10160,"Tren Hoaks 2022: Omicron, Vaksinasi Anak, hingga Pilpres 2024",0,kesehatan,hoaxid_hf,2022-01-05
hf-10205,Apakah Kucing Bisa Menularkan Covid-19 ke Manusia?,0,kesehatan,hoaxid_hf,2022-07-18
hf-10260,INFOGRAFIK: Vaksin Covid-19 Tangkal Dampak Berat Subvarian Omicron BA.4 dan BA.5,0,kesehatan,hoaxid_hf,2022-06-16
hf-10270,Vaksin Covid-19 Mampu Lawan Penularan Subvarian Omicron BA.4 dan BA.5,0,kesehatan,hoaxid_hf,2022-06-14
hf-10290,"Apakah Akrobat Udara di Film ""Top Gun"" Benar-benar Bisa Dilakukan?",0,kesehatan,hoaxid_hf,2022-06-08
hf-10295,INFOGRAFIK: Kapan Pandemi Covid-19 Bisa Dinyatakan Berakhir?,0,kesehatan,hoaxid_hf,2022-06-07
hf-10299,"Kasus di Indonesia Turun, Kapan Pandemi Covid-19 Dinyatakan Berakhir?",0,kesehatan,hoaxid_hf,2022-06-06
hf-10324,"Vaksin Covid-19 dan ASI Tak Ada Kaitannya dengan Hepatitis Akut, Simak Faktanya",0,kesehatan,hoaxid_hf,2022-05-10
hf-10329,Cerita Dukcapil Paniai Meluruskan Isu Perekaman Iris Mata untuk e-KTP Menghisap Darah,0,kesehatan,hoaxid_hf,2022-04-28
hf-10335,"Vaksin HPV Tidak Berbahaya, Simak Faktanya",0,kesehatan,hoaxid_hf,2022-04-23
hf-10347,"Simak, Ini 3 Hal yang Sudah Diketahui tentang Virus Corona Varian XE",0,kesehatan,hoaxid_hf,2022-04-08
hf-10384,"KABAR DATA: Gempa M 7,4 Guncang Jepang, 4 Orang Tewas 97 Terluka",0,kesehatan,hoaxid_hf,2022-03-17
hf-10399,INFOGRAFIK: Perkembangan Vaksin Merah Putih...,0,kesehatan,hoaxid_hf,2022-03-08
hf-10411,KABAR DATA: Perkembangan Terkini Vaksin Merah Putih Biotis-Airlangga,0,kesehatan,hoaxid_hf,2022-03-02
hf-10416,"KABAR DATA: Rekor 586.113 Kasus Aktif Covid-19, Ini Perjalanan Sejak 24 Juli 2021",0,kesehatan,hoaxid_hf,2022-02-25
hf-10421,"INFOGRAFIK: Kasus Covid-19 dalam Angka Periode 14-21 Februari 2022, Rekor Kasus Tercipta",0,kesehatan,hoaxid_hf,2022-02-22
hf-10422,"Ratu Elizabeth II Positif Covid-19, Begini Riwayat Kesehatannya Sejak 2018",0,kesehatan,hoaxid_hf,2022-02-21
hf-10424,"INFOGRAFIK: Mengenal Virus Corona, Kelompok Virus yang Tak Hanya Sebabkan Covid-19",0,kesehatan,hoaxid_hf,2022-02-21
hf-10435,KABAR DATA: Anak Penderita Kanker dalam Angka...,0,kesehatan,hoaxid_hf,2022-02-15
hf-10446,INFOGRAFIK: Kebijakan Twitter Terkait Misinformasi Covid-19,0,kesehatan,hoaxid_hf,2022-02-09
hf-10456,INFOGRAFIK: Kanker Paling Mematikan di Dunia...,0,kesehatan,hoaxid_hf,2022-02-05
hf-10460,"Cermati, Begini Kebijakan Twitter Terkait Misinformasi Covid-19",0,kesehatan,hoaxid_hf,2022-02-05
hf-10461,Spotify Perbarui Kebijakan Konten Podcast Terkait Covid-19,0,kesehatan,hoaxid_hf,2022-02-05
hf-10462,KABAR DATA: Kanker Paling Mematikan di Dunia,0,kesehatan,hoaxid_hf,2022-02-04
hf-10468,"NeoCov Bukan Varian Baru Penyebab Covid-19, Ini 4 Faktanya",0,kesehatan,hoaxid_hf,2022-02-03
hf-10496,"Booster Gratis untuk Masyarakat, Ini Syarat, Mekanisme, dan Vaksin yang Digunakan",0,kesehatan,hoaxid_hf,2022-01-12
hf-10501,"[Kabar Data] Jelang Pelaksanaan Booster, Seperti Apa Capaian Vaksinasi Covid-19?",0,kesehatan,hoaxid_hf,2022-01-10
hf-10503,[Kabar Data] Efek Samping dan Imunogenisitas 5 Jenis Vaksin Booster yang Disetujui BPOM,0,kesehatan,hoaxid_hf,2022-01-10
hf-10504,INFOGRAFIK: Beda Gejala Covid-19 bagi Orang yang Belum dan Sudah Divaksin,0,kesehatan,hoaxid_hf,2022-01-10
hf-10510,Ini Perbedaan Gejala Covid-19 Sebelum dan Sesudah Disuntik Vaksin,0,kesehatan,hoaxid_hf,2022-01-07
hf-10516,[SALAH] Pesan WhatsApp Bantuan BPJS Kesehatan Sebesar Rp75 Juta,0,kesehatan,hoaxid_hf,
hf-10526,[SALAH] Lowongan Kerja Dinas Kesehatan Kabupaten Kediri,0,kesehatan,hoaxid_hf,
hf-10556,[SALAH] Vaksin COVID-19 Mengandung Luciferase Dan Menjadi Alat Pelacak,0,kesehatan,hoaxid_hf,
hf-10564,[SALAH]: Getah Daun Kemangi Dapat Obati Gatal Pada Kulit,0,kesehatan,hoaxid_hf,
hf-10580,[SALAH]: Informasi Peringkat Sayuran Anti Kanker Oleh Institut Pencegahan Kanker,0,kesehatan,hoaxid_hf,
hf-10592,"Keliru, Yayasan Miracle Hope Membantu Pengobatan Kanker di RS Gatot Subroto dengan Metode Cell Cure",0,kesehatan,hoaxid_hf,
hf-10597,[SALAH] Perusahaan Farmasi Moderna yang Menciptakan Virus Corona,0,kesehatan,hoaxid_hf,
hf-10619,[SALAH] Vaksin Pfizer-BioNTech Dapat Menyebabkan Radang Otak,0,kesehatan,hoaxid_hf,
hf-10634,"Keliru, Equinox Menyebabkan Cuaca Panas Ekstrim dan Sun Stroke",0,kesehatan,hoaxid_hf,
hf-10640,[SALAH] Tiga Orang China Yang Terpapar Varian Baru dari India Tidak Dapat Dideteksi Dengan Alat Test Covid-19 Biasa,0,kesehatan,hoaxid_hf,
hf-10660,[SALAH] Pesepak Bola Qatar Alami Serangan Jantung Setelah Divaksin Covid-19,0,kesehatan,hoaxid_hf,
hf-10662,"Tidak Terbukti, Covid-19 Berasal dari Laboratorium Ukraina",0,kesehatan,hoaxid_hf,
hf-10696,[SALAH] Pengobatan Tumor Ganas/ Kanker CELL CURE RS Gatot Subroto Jakarta,0,kesehatan,hoaxid_hf,
hf-10702,[SALAH] “Jadi Covid adalah tidak natural tapi rekayasa si laboratorium Amerika Serikat di Ukraina untuk senjata biologi”,0,kesehatan,hoaxid_hf,
hf-10705,[SALAH] Arab Saudi Tidak Mewajibkan Masker untuk Jamaah Masjidil Haram dan Masjid Nabawi serta Akan Menyediakan Asuransi Kesehatan,0,kesehatan,hoaxid_hf,
hf-10708,[SALAH] Minum Air Rebusan Rumput Paragis Bisa Sembuhkan Kista Ovarium hingga Epilepsi,0,kesehatan,hoaxid_hf,
hf-10714,[SALAH] Pernyataan Ekstrim Menteri Kesehatan Letjen TNI dr. Terawan Agus Putranto Sp. Rad,0,kesehatan,hoaxid_hf,
hf-10742,"[SALAH] Video “KEMENTERIAN KESEHATAN UKRAINA: 57 MATI, 169 TERLUKA DI SELURUH UKRAINA KARENA SERANGAN RUSIA”",0,kesehatan,hoaxid_hf,
hf-10743,[SALAH] COVID-19 Varian Omicron Adalah Senjata Biologis Buatan,0,kesehatan,hoaxid_hf,
hf-10763,"Menyesatkan, FDA sembunyikan dokumen vaksin Covid-19 Pfizer hingga 75 tahun",0,kesehatan,hoaxid_hf,
hf-10764,"Keliru, Surat Edaran BNPB Cabut Status Pandemi Covid-19",0,kesehatan,hoaxid_hf,
hf-10769,[SALAH] Kulit Bayi Baru Lahir Melepuh karena Sang Ibu Divaksin COVID-19,0,kesehatan,hoaxid_hf,
hf-10772,[SALAH]: Kulit Bayi Baru Lahir Melepuh Karena Ibu Vaksin Covid-19 Saat Hamil,0,kesehatan,hoaxid_hf,
hf-10776,[SALAH] Foto Tangkapan Layar Akun Twitter @BPJSKesehatanRI Yang Mengatakan Ukraina Wajib Gabung BPJS Kesehatan Apabila Ingin Dibantu Indonesia,0,kesehatan,hoaxid_hf,
hf-10780,[SALAH] Lowongan Dokter Pribadi Full Timer untuk Kepala BNPB,0,kesehatan,hoaxid_hf,
hf-10782,"Keliru, Video Dinkes Banten Kesulitan Vaksinasi Covid-19 Terhadap Anak Baduy Luar Karena Dibekali Ilmu Kebal",0,kesehatan,hoaxid_hf,
hf-10800,[SALAH] Covid 19 Meningkat hanya Saat Ibadah Umat Islam,0,kesehatan,hoaxid_hf,
hf-10810,[SALAH] “Covid-19 dinyatakan dicabut dan dinyatakan tidak berlaku dengan surat edaran satgas SE Satgas No 9/2022”,0,kesehatan,hoaxid_hf,
hf-10831,[SALAH] Ilmuwan Jerman Mengumumkan bahwa Berkumur dengan Air Garam dapat Menghilangkan Virus Covid-19,0,kesehatan,hoaxid_hf,
hf-10835,"[SALAH] Vaksin Covid 19 Tidak Berguna, karena Bermutasi menjadi Ribuan Varian Covid Baru",0,kesehatan,hoaxid_hf,
hf-10836,[SALAH] Anjuran Ahli Virologi Agar Penerima Vaksin Dosis Ketiga Tes HIV Karena Vaksin Covid Menyebabkan HIV,0,kesehatan,hoaxid_hf,
hf-10840,[SALAH] Lowongan Pekerjaan Staff Vaksinasi Booster Dinas Kesehatan Provinsi Jawa Barat,0,kesehatan,hoaxid_hf,
hf-10843,[SALAH] Melakukan Tes PCR Sama Dengan Mendapatkan Vaksinasi,0,kesehatan,hoaxid_hf,
hf-10844,[SALAH] Antigen Test Kits Tidak Dapat Diandalkan untuk Mendeteksi Covid-19,0,kesehatan,hoaxid_hf,
hf-10862,[SALAH] Imigran Ilegal di Amerika Serikat Mendapatkan Kebebasan Lebih Untuk Akses Jaminan Kesehatan dan Hak Memilih Pada 2022,0,kesehatan,hoaxid_hf,
hf-10878,"[SALAH] Foto Protes Anti-Vaksin di Canberra, Australia Tahun 2022",0,kesehatan,hoaxid_hf,
hf-10882,[SALAH] Menggunakan Obat Bius setelah Vaksin Covid 19 sebabkan Kematian,0,kesehatan,hoaxid_hf,
hf-10883,"[SALAH] Jangan Panik, Seseorang yang Terinfeksi Covid-19 Varian Omicron Dapat Sembuh Setelah Mengonsumsi Paracetamol 500 mg, Vitamin C 1000 mg, dan Vitamin D3 1000 IU",0,kesehatan,hoaxid_hf,
hf-10887,"[SALAH] Dr. Gupta mengatakan “Tidak seorang pun boleh mati karena kanker, kecuali karena pengabaian”",0,kesehatan,hoaxid_hf,
hf-10891,"Keliru, Asap Putih dari Pesawat adalah Chemtrail yang Sebarkan Virus dan Senjata Biologi",0,kesehatan,hoaxid_hf,
hf-10914,[SALAH] Video Pasien Meninggal 15 Menit setelah Divaksin,0,kesehatan,hoaxid_hf,
hf-10918,[SALAH] Antibodi Covid-19 Membuat ASI Berubah Warna,0,kesehatan,hoaxid_hf,
hf-10921,[SALAH] Deteksi Covid 19 dengan Tahan Napas 10 Detik,0,kesehatan,hoaxid_hf,
hf-10922,[SALAH] Makanan Kaleng Mengandung Virus HIV Aids,0,kesehatan,hoaxid_hf,
hf-10929,[SALAH] Bentuk Virus Omicron Seperti Lambang Nazi,0,kesehatan,hoaxid_hf,
hf-10932,[SALAH] BPJS Kesehatan Berikan Dana Bantuan Rp100 Juta,0,kesehatan,hoaxid_hf,
hf-10942,"Keliru, Klaim Apabila dalam Kondisi Flu Bila Rapid atau Swab Hasilnya Pasti Positif Covid-19",0,kesehatan,hoaxid_hf,
hf-10944,"Keliru, NeoCov Merupakan Varian Baru Covid-19 yang Ditemukan di Afrika Selatan",0,kesehatan,hoaxid_hf,
hf-10947,"Keliru, Covid-19 Datang dan Meningkat Hanya di Momen Ibadah Umat Islam",0,kesehatan,hoaxid_hf,
hf-10950,[SALAH] Terlihat Korban Covid-19 Tergeletak di Jalanan Ternyata Hanya Akting Belaka,0,kesehatan,hoaxid_hf,
hf-10959,[SALAH] Cerita Dalam Novel Telah Memprediksi Adanya Pandemi COVID-19,0,kesehatan,hoaxid_hf,
hf-10961,[SALAH] Mayoritas Penduduk Dunia Belum Divaksin Covid-19,0,kesehatan,hoaxid_hf,
hf-10962,[SALAH] Pidato Henry Kissinger Sebut Vaksin adalah Alat Pengendali Populasi,0,kesehatan,hoaxid_hf,
hf-10964,[SALAH] Garam dan Air Kelapa dapat Hilangkan Vaksin di Dalam Tubuh,0,kesehatan,hoaxid_hf,
hf-10967,[SALAH] Jasa Sertifikat Vaksin melalui Telegram,0,kesehatan,hoaxid_hf,
hf-10971,[SALAH] Omicron Bukanlah Virus Melainkan Akibat Dari Keracunan Chemtrail Yang Disebar Di Udara,0,kesehatan,hoaxid_hf,
hf-10975,[SALAH] Campuran Daun Pepaya dan Jahe Dapat Sembuhkan Omicron,0,kesehatan,hoaxid_hf,
hf-10977,[SALAH] Covid-19 Hoax Karena Narasinya Sudah Ada Sebelum Covid-19 Muncul,0,kesehatan,hoaxid_hf,
hf-10978,[SALAH] Vaksin Booster Menyebabkan Manusia Bertingkah Seperti Zombie,0,kesehatan,hoaxid_hf,
hf-10979,[SALAH] Aplikasi Android untuk Scan Vaksin Covid-19 yang Terhubung Jaringan 5G,0,kesehatan,hoaxid_hf,
hf-10986,[SALAH] Sebuah Koran Menyebut Bill Gates Melakukan Depopulasi Melalui Pemaksaan Vaksinasi,0,kesehatan,hoaxid_hf,
hf-10989,[SALAH] Pembagian Masker Gratis yang Diberi Obat Bius ke Rumah-Rumah Warga,0,kesehatan,hoaxid_hf,
hf-10990,"[SALAH] Video “Nigeria, Minggu 23-01-2022, menghancurkan jutaan Vaksin Covid19 demi melindungi rakyatnya dari kematian akibat Suntikan Vaksin Covid19”",0,kesehatan,hoaxid_hf,
hf-10991,[SALAH] Air Rebusan Pare Dapat Membersihkan Kolesterol dan Semua Penyakit,0,kesehatan,hoaxid_hf,
hf-10994,"Keliru, Pesan Berantai 17 Poin Menghadapi Covid-19 dari Menteri Kesehatan Portugal, Marta Temido",0,kesehatan,hoaxid_hf,
hf-11000,"[SALAH] Dzalim, Cara Vaksin Model Baru Anti Omicron",0,kesehatan,hoaxid_hf,
hf-11001,[SALAH] Foto Lampion untuk Perayaan Imlek Saat Pandemi Covid-19,0,kesehatan,hoaxid_hf,
hf-11006,[SALAH] 5G Dapat Mengganggu Keamanan Penerbangan yang Berarti Juga Berbahaya Bagi Kesehatan Manusia,0,kesehatan,hoaxid_hf,
hf-11008,[SALAH] Sri Sultan Hamengku Buwono X Mengganggap Covid 19 Sandiwara di Bumi NKRI,0,kesehatan,hoaxid_hf,
hf-11012,"Menyesatkan, Nigeria Menghancurkan Satu Juta Dosis Vaksin Covid-19 atas Desakan Kekuatan Rakyat",0,kesehatan,hoaxid_hf,
hf-11013,"Keliru, 10 Negara telah Menganggap Covid-19 hanya Flu Biasa dan Membatalkan Semua Prosedur Wajib Karantina",0,kesehatan,hoaxid_hf,
hf-11015,[SALAH] Atlet Rugby Jordan Michallet Meninggal karena Vaksin Covid-19,0,kesehatan,hoaxid_hf,
hf-11018,[SALAH] Penyuntikan Vaksin Kosong di Semarang,0,kesehatan,hoaxid_hf,
hf-11021,"[SALAH]: Siap-siap Suntik Vaksin Dosis Ketiga, Tak Punya Kartu BPJS Kesehatan Wajib Bayar",0,kesehatan,hoaxid_hf,
hf-11026,"Keliru, Jokowi Merayakan Imlek tanpa Protokol Kesehatan",0,kesehatan,hoaxid_hf,
hf-11027,"Keliru, Menepuk Lengan Dapat Mencegah Segala Penyakit dan Serangan Jantung",0,kesehatan,hoaxid_hf,
hf-11031,[SALAH] Foto Anak Berlumuran Darah Korban Serangan di Yaman,0,kesehatan,hoaxid_hf,
hf-11036,"Keliru, Pesan Berantai Berisi Resep Obat Covid-19 dari Perkumpulan Dokter di RS Wisma Atlet",0,kesehatan,hoaxid_hf,
hf-11042,[SALAH] Pesan Berantai Resep Obat COVID-19,0,kesehatan,hoaxid_hf,
hf-11064,[SALAH] “Luhut dan pak mahfud tidak divaksin dengan alasan usia”,0,kesehatan,hoaxid_hf,
hf-11071,[SALAH] Microsoft Mengembangkan Implan Chip Mikro Untuk Mengumpulkan Informasi Vaksin COVID-19,0,kesehatan,hoaxid_hf,
hf-11076,"Keliru, Daya Rusak Vaksin dapat Dinetralisir dengan Garam Laut dan Air Kelapa Muda",0,kesehatan,hoaxid_hf,
hf-11082,[SALAH] Warga Korea Selatan yang Belum Vaksin Tidak Dapat Mengikuti Pemilu,0,kesehatan,hoaxid_hf,
hf-11090,[SALAH] Jus Daun Pepaya Bisa Sembuhkan DBD,0,kesehatan,hoaxid_hf,
hf-11095,[SALAH] Bill Gates akan Menarik Semua Peredaran Vaksin Covid-19,0,kesehatan,hoaxid_hf,
hf-11097,[SALAH] Video 90% Alat Tes Covid-19 Palsu dan Tidak Berfungsi,0,kesehatan,hoaxid_hf,
hf-11099,[SALAH] Jasa Pembuatan Sertifikat Vaksin Tanpa Harus Melakukan Vaksinasi,0,kesehatan,hoaxid_hf,
hf-11102,[SALAH] Kipas Angin Listrik yang Diletakkan di Dahi Dapat Menghilangkan Virus,0,kesehatan,hoaxid_hf,
hf-11104,[SALAH] Video Protes Melawan Tirani Covid-19 di Belanda,0,kesehatan,hoaxid_hf,
hf-11105,[SALAH] Viagra Dapat Menyembuhkan Covid-19,0,kesehatan,hoaxid_hf,
hf-11106,[SALAH] Pasien Covid-19 Tanpa Gejala Berarti Sehat dan Mendapatkan Hasil Test Positif Palsu,0,kesehatan,hoaxid_hf,
hf-11111,[SALAH] Kedinkes Semarang Menyebar Undangan Rapat Kerja Peningkatan Kinerja Tenaga Kesehatan via WhatsApp,0,kesehatan,hoaxid_hf,
hf-11117,[SALAH] Surat Penunjukan Penyedia Barang/Jasa Kementerian Kesehatan Republik Indonesia Tahun 2022,0,kesehatan,hoaxid_hf,
hf-11123,"Keliru, Surat Terbuka Berisi Klaim Vaksinasi merupakan Program Genosida dan Menyebabkan Mandul",0,kesehatan,hoaxid_hf,
hf-11130,[SALAH] Atlet Tenis Dalila Jakupovic Mengalami Kesulitan Bernapas saat Babak Kualifikasi Australia Open karena Vaksin Covid-19,0,kesehatan,hoaxid_hf,
hf-11139,[SALAH] Login ke Facebook Wajib Gunakan Sertifikat Vaksin,0,kesehatan,hoaxid_hf,
hf-11145,"Keliru, Video 600 Siswa Sekolah Cina di Jakarta Disuntik Vaksin Kosongan hanya untuk Mendapat Sertifikat Vaksin dan Barcode",0,kesehatan,hoaxid_hf,
hf-11152,[SALAH] Daftar Kandungan Bahan Kimia Berbahaya dalam Vaksin Covid-19,0,kesehatan,hoaxid_hf,
hf-11163,[SALAH] Lowongan Kerja Vaksinator di Puskesmas Kota Batu,0,kesehatan,hoaxid_hf,
hf-11164,[SALAH] Vaksin mRNA Sebabkan Kematian Pada Lansia,0,kesehatan,hoaxid_hf,
hf-11177,[SALAH] Benda Logam Menempel pada Lengan setelah divaksin,0,kesehatan,hoaxid_hf,
hf-11178,[SALAH] Pemerintah New Zealand Mengizinkan Euthanasia Secara Spesifik bagi Pasien COVID-19,0,kesehatan,hoaxid_hf,
hf-11184,[SALAH] WHO Mengatakan Vaksinasi di Seluruh Dunia Harus Dihentikan,0,kesehatan,hoaxid_hf,
hf-11191,[SALAH] CDC Mengumumkan Tes PCR Tidak Mampu Membedakan Virus SARS-Cov-2 dan Influenza,0,kesehatan,hoaxid_hf,
hf-11193,"Keliru, Klaim Penamaan Virus Covid-19 Varian Omicron Diambil dari Nama Bintang ke-15 dan Sinar UV Melindungi Indonesia dari Omicron",0,kesehatan,hoaxid_hf,
hf-11210,[SALAH] Video Penduduk Aborigin di Australia Menyambut Pemerintah dengan Busur dan Panah sebagai Bentuk Penolakan Vaksin Covid-19,0,kesehatan,hoaxid_hf,
hf-11212,[SALAH] Warga Korea Selatan yang Belum Vaksin Dilarang Mengikuti Pemilihan Presiden,0,kesehatan,hoaxid_hf,
hf-11217,"Keliru, Pernyataan Robert Malone soal Vaksin mRNA untuk Covid-19 belum Diuji secara Memadai dan Vaksinasi Anak Tidak Bermanfaat.",0,kesehatan,hoaxid_hf,
hf-11218,[SALAH] Varian Baru Covid-19 Bernama Florona,0,kesehatan,hoaxid_hf,
hf-11220,"Keliru, Foto dengan Klaim Vaksin Bisa Mengubah Warna Darah",0,kesehatan,hoaxid_hf,
hf-11226,"Keliru, Video dengan Narasi PBB dan WHO Menghentikan Vaksin di Seluruh Dunia",0,kesehatan,hoaxid_hf,
hf-11227,[SALAH] Varian Baru COVID-19 Bernama Delmicron,0,kesehatan,hoaxid_hf,
hf-11231,"Sebagian Benar, Narasi yang Mengaitkan 79 ribu Orang di Australia Mendapat Efek Samping Serius Vaksin dan Pemerintah Memberikan Kompensasi lebih 6 ribu Dollar",0,kesehatan,hoaxid_hf,
hf-11233,"Sesat, Guru di Eropa dan Amerika Mengajarkan Bahaya Vaksin kepada Anak-anak SD",0,kesehatan,hoaxid_hf,
hf-11235,[SALAH] Nikita Mirzani Minta Masyarakat Berhenti Sebut HRS Sebagai Habib. Dia Itu Hanyalah Seorang Tukang Obat Saja Jangan Mau Dibodohi Bro,0,kesehatan,hoaxid_hf,
hf-11251,"[SALAH] Foto Seorang Akademisi Asal Indonesia Berusia 105 Tahun, Moerhadi, Berbagi Rahasia Kemenanganya atasi Diabetes",0,kesehatan,hoaxid_hf,
hf-11252,[SALAH]: Pemesanan Online Vaksin Covid-19 Sinopharm Melalui E-Commerce,0,kesehatan,hoaxid_hf,
hf-11254,[SALAH] Vaksin mRNA pada Pfizer dan Moderna Berbahaya Bagi Anak-Anak,0,kesehatan,hoaxid_hf,
hf-11259,"[SALAH] Victor Lindelof Gagal Jantung setelah Vaksinasi Covid-19, kemudian Jantungnya Dipasangi Chip",0,kesehatan,hoaxid_hf,
hf-11263,"Keliru, Penamaan Virus Covid-19 Varian Omicron Diambil dari Video Games Buatan Microsoft (Bill Gates) Tahun 1999",0,kesehatan,hoaxid_hf,
hf-11264,"Keliru, Bill Gates Diusir Dari India karena Menyebabkan 47 ribu Anak Cacat setelah Mendapat Vaksin Polio",0,kesehatan,hoaxid_hf,
hf-11274,[SALAH] Link Mendaftarkan Bantuan Covid-19 Bagi yang Mempunyai E-KTP,0,kesehatan,hoaxid_hf,
hf-11290,"Menyesatkan, Fenomena Para Atlet Berjatuhan dan Kasus Gagal Jantung setelah Vaksinasi Covid-19",0,kesehatan,hoaxid_hf,
hf-11298,"Keliru, Video Vaksin Sinovac Untuk Anak Belum Diuji Coba",0,kesehatan,hoaxid_hf,
hf-11304,[SALAH] Judul Berita “Ilmuwan Pfizer Memperingatkan Vaksinasi Mingguan untuk virus Omicron Mungkin Diperlukan untuk Mencegah Lockdown”,0,kesehatan,hoaxid_hf,
hf-11312,"Sesat, Foto yang Dikaitkan dengan Jenazah Rumini yang Tewas Berpelukan saat Erupsi Gunung Semeru",0,kesehatan,hoaxid_hf,
hf-11317,"Keliru, Varian Omicron Disebarkan untuk Memaksa Vaksinasi Covid-19 di Benua Afrika",0,kesehatan,hoaxid_hf,
hf-11320,"Keliru, Dokter Asal Malaysia Dr. Chai Koh Meow Meninggal setelah Mendapat Vaksin Booster Pfizer",0,kesehatan,hoaxid_hf,
hf-11321,"Keliru, 2.620 Bayi Meninggal setelah Mendapatkan Vaksin Covid-19",0,kesehatan,hoaxid_hf,
hf-11330,"Keliru, Rencana Pandemi Covid-19 Dibuat Rockefeller pada 2010",0,kesehatan,hoaxid_hf,
hf-11333,"Keliru, Mahkamah Agung Amerika Serikat Membatalkan Vaksinasi Universal",0,kesehatan,hoaxid_hf,
hf-11337,"Keliru, CEO Pfizer Ditangkap FBI karena Penipuan dan Pemalsuan Data Vaksin",0,kesehatan,hoaxid_hf,
hf-11340,"Keliru, Video 13 Siswa di Afrika Selatan Tewas Setelah Divaksin Covid-19",0,kesehatan,hoaxid_hf,
hf-11346,"Keliru, WHO Sebut Covid-19 Sama dengan Flu Biasa dan 500 Orang Amerika Meninggal karena Vaksin",0,kesehatan,hoaxid_hf,
hf-11357,"Keliru, CEO Pfizer Albert Vorla Menyatakan tanpa Vaksin, Seseorang Bisa Mengimunisasi Dirinya Sendiri",0,kesehatan,hoaxid_hf,
hf-11359,"Sesat, Video Para Nakes Berjoget untuk Merayakan Covid-19",0,kesehatan,hoaxid_hf,
hf-11361,"Keliru, CEO Pfizer Albert Vorla Menyatakan Tanpa Vaksin Seseorang bisa Mengimunisasi Dirinya Sendiri",0,kesehatan,hoaxid_hf,
hf-11364,"Keliru, Ribuan Orang di Indonesia Meninggal Dunia setelah Vaksin Covid-19",0,kesehatan,hoaxid_hf,
hf-11365,"Sebagian Benar, Ilmuwan California Temukan Obat Tetes Mata yang Bisa Membuat Manusia Melihat dalam Kegelapan",0,kesehatan,hoaxid_hf,
hf-11369,"Tidak Terbukti, Klaim Menghentikan Asupan Gula, Minum Perasan Lemon dan Minyak Kelapa Organik Dapat Membunuh Sel Kanker",0,kesehatan,hoaxid_hf,
hf-11370,"Keliru, Risiko Anak di bawah 12 tahun Mengalami Covid-19 hanya 0,001 persen",0,kesehatan,hoaxid_hf,
hf-11377,"Keliru, Vaksin SInovac dan Astrazeneca Mengandung DNA Babi",0,kesehatan,hoaxid_hf,
hf-11383,"Benar, Eropa Tambahkan Gangguan Saraf Langka Dalam Daftar Efek Samping Vaksin AstraZeneca",0,kesehatan,hoaxid_hf,
hf-11386,"Keliru, Vaksin Nusantara Ampuh Hancurkan Semua Jenis Virus Corona dengan Efikasi 100 persen",0,kesehatan,hoaxid_hf,
hf-11387,"Keliru, Informasi Penjualan Vaksin Seharga Rp 1 juta di Situs PeduliLindungi",0,kesehatan,hoaxid_hf,
hf-11396,"Tidak Terbukti, Pemerintah Turki Memesan 5,2 juta Vaksin Nusantara",0,kesehatan,hoaxid_hf,
hf-11399,"Keliru, WHO Mengakui Vaksin Nusantara Aman Digunakan",0,kesehatan,hoaxid_hf,
hf-11400,"Sesat, Pria Keluar Gua Setelah 20 Tahun Hanya Untuk Mendapatkan Vaksin Covid-19",0,kesehatan,hoaxid_hf,
hf-11405,"Keliru, Vaksin Asal Cina sebagai Senjata Pemusnah Massal",0,kesehatan,hoaxid_hf,
hf-11411,"Keliru, Klaim Asap Cair Batok Kelapa Bisa Mengobati COVID-19",0,kesehatan,hoaxid_hf,
hf-11416,"Sebagian Benar, Harga Vaksin AstraZeneca Paling Murah karena Sarah Gilbert Menyerahkan Seluruh Hak Paten",0,kesehatan,hoaxid_hf,
hf-11417,"Keliru, Terapi Uap Minyak Kayu Putih dan Serai Bisa Menghilangkan Sesak Napas Karena Virus",0,kesehatan,hoaxid_hf,
hf-11423,"Keliru, Pesan Berantai Soal Bukti Ilmiah Penularan Virus Corona dari dokter Erlina Burhan",0,kesehatan,hoaxid_hf,
hf-11430,"Sesat, Klaim Video Air Keran Mengandung Covid-19",0,kesehatan,hoaxid_hf,
hf-11432,"Keliru, Organisasi Kesehatan Dunia (WHO) sengaja Menyebarkan Varian Baru Virus Corona",0,kesehatan,hoaxid_hf,
hf-11437,"Sesat, Unggahan yang Berisi Video Vaksin Palsu",0,kesehatan,hoaxid_hf,
hf-11438,"Keliru, Uji Vaksin Covid-19 pada Binatang Menyebabkan Kematian hingga Dihentikan",0,kesehatan,hoaxid_hf,
hf-11440,"Keliru, Nakes Dijadikan Kelinci Percobaan Vaksinasi Ketiga",0,kesehatan,hoaxid_hf,
hf-11442,"Sesat, AS Kirim 4 Juta Dosis Vaksin Moderna yang Tiba di Indonesia Hanya 3 Juta",0,kesehatan,hoaxid_hf,
hf-11445,"Keliru, Menyetop Berita tentang Covid-19 dapat Membuat Pandemi Selesai",0,kesehatan,hoaxid_hf,
hf-11446,"Keliru, Donald Trump Anjurkan Warga AS Gunakan Burqa untuk Mencegah Penularan Covid-19",0,kesehatan,hoaxid_hf,
hf-11448,"Sesat, 3 ambulans kosong diminta berputar-putar untuk menakuti warga agar percaya Covid-19",0,kesehatan,hoaxid_hf,
hf-11449,"Sesat, Klaim Ini Video Pasien Rumah Sakit di Surabaya Dicovidkan dan Jenazahnya Ditangani Secara Tidak Wajar",0,kesehatan,hoaxid_hf,
hf-11450,"Keliru, Susu Beruang (Bear Brand) dapat Menyembuhkan Covid-19",0,kesehatan,hoaxid_hf,
hf-11454,"Keliru, Klaim Ini Video Penyiraman Virus di Madura Lewat Pesawat",0,kesehatan,hoaxid_hf,
hf-11455,"Keliru, Klaim Obat Bius pada Penerima Vaksin Covid-19 Bisa Sebabkan Kematian",0,kesehatan,hoaxid_hf,
hf-11456,"Keliru, Klaim Ini Video Sri Mulyani Vaksinasi Covid-19 Palsu karena Jarum Suntik yang Dipakai Kosong",0,kesehatan,hoaxid_hf,
hf-11457,"Keliru, Pesan Berantai tentang Adanya Genosida Umat Islam Lewat Vaksin Covid-19",0,kesehatan,hoaxid_hf,
hf-11459,"Keliru, Pesan Berantai yang Klaim Ada Ketidakwajaran pada Isu Covid-19 di Indonesia",0,kesehatan,hoaxid_hf,
hf-11461,"Keliru, Urus SIM dan SKCK Harus Tunjukkan Sertifikat Vaksin Covid-19 Per 1 Juli",0,kesehatan,hoaxid_hf,
hf-11463,"Benar, Klaim Pria Ini Ditangkap Polisi karena Tak Percaya Covid-19",0,kesehatan,hoaxid_hf,
hf-11464,"Keliru, Vaksin Covid-19 Mengandung Microchip yang Bisa Nyalakan Lampu",0,kesehatan,hoaxid_hf,
hf-11465,"Keliru, Kolapsnya Christian Eriksen dalam Laga Euro Terkait Vaksin Pfizer",0,kesehatan,hoaxid_hf,
hf-11469,"Sesat, Kadus di Jember yang Meninggal usai Jatuh Sengaja Divonis Covid-19 oleh RS",0,kesehatan,hoaxid_hf,
hf-11472,"Keliru, Klaim Produk Hand Sanitizer di Foto Ini Mengandung Virus Baru",0,kesehatan,hoaxid_hf,
hf-11473,"Sesat, Klaim Pemkot Pekanbaru Tarik Semua Vaksin Covid-19 dari RS karena Tidak Manjur",0,kesehatan,hoaxid_hf,
hf-11475,"Keliru, Vaksin Covid-19 Mengandung Bahan Berbahaya Seperti Aluminium, Formalin, MSG, dan Merkuri",0,kesehatan,hoaxid_hf,
hf-11476,"Keliru, Pesan Berantai yang Sebut Ivermectin Dapat Obati dan Cegah Covid-19",0,kesehatan,hoaxid_hf,
hf-11479,"Keliru, Ribuan Email Anthony Fauci Bocor dan Ungkap Keterlibatannya dalam Pembuatan Covid-19 di Wuhan",0,kesehatan,hoaxid_hf,
hf-11485,"Keliru, Swedia Berhenti Gunakan Tes PCR untuk Deteksi Pasien Covid-19",0,kesehatan,hoaxid_hf,
hf-11488,"Keliru, Klaim Ini Foto-foto Jenazah Covid-19 India yang Dibuang ke Laut dan Hanyut Sampai Malaysia",0,kesehatan,hoaxid_hf,
hf-11489,"Keliru, Klaim Ini Video Pasien Covid-19 di Malaysia yang Dirawat di Luar RS",0,kesehatan,hoaxid_hf,
hf-11494,"Keliru, Pasien Covid-19 yang Terinfeksi Jamur Hitam Ini dari Sri Lanka",0,kesehatan,hoaxid_hf,
hf-11498,"Keliru, Donor Darah dari Penerima Vaksin Covid-19 Berbahaya",0,kesehatan,hoaxid_hf,
hf-11501,"Keliru, Anak-anak Kebal terhadap Virus Corona dan yang Meninggal Tak Ada Kaitannya dengan Covid-19",0,kesehatan,hoaxid_hf,
hf-11504,"Keliru, Vaksin Covid-19 Sebabkan 0,8 Persen Kematian dalam 2 Minggu dan yang Hidup Hanya Bertahan 2 Tahun",0,kesehatan,hoaxid_hf,
hf-11509,"Keliru, Klaim Vaksin Pfizer Mengandung Chip sehingga Magnet Menempel di Lengan yang Disuntik",0,kesehatan,hoaxid_hf,
hf-11512,"Keliru, Klaim Covid-19 Hanya Tipuan Yahudi untuk Atur Ibadah Umat Islam",0,kesehatan,hoaxid_hf,
hf-11514,"Sesat, Warga Malaysia Antri Menginap di Stadion Shah Alam karena Positif Covid-19",0,kesehatan,hoaxid_hf,
hf-11524,"Keliru, Klaim Ini Video Aksi Anarki Warga India Akibat Frustasi karena Covid-19",0,kesehatan,hoaxid_hf,
hf-11525,"Keliru, Rusia Tak Temukan Virus di Hasil Autopsi Jenazah Covid-19",0,kesehatan,hoaxid_hf,
hf-11529,"Keliru, Klaim Ini Bukan Video Kremasi Jenazah Covid-19 di India Tapi Korban Kebocoran Gas",0,kesehatan,hoaxid_hf,
hf-11530,"Sesat, Penyebab Krisis Oksigen di India Bukan Covid-19 Tapi Saluran Gas RS yang Bocor",0,kesehatan,hoaxid_hf,
hf-11532,"Keliru, Klaim Ini Video Ratusan Kantong Jenazah Covid-19 Palsu yang Berisi Kertas",0,kesehatan,hoaxid_hf,
hf-11535,"Keliru, Klaim Ini Foto Kremasi Massal saat Tsunami Covid India",0,kesehatan,hoaxid_hf,
hf-11539,"Keliru, Klaim Microsoft Masukkan Chip ke Vaksin Pfizer",0,kesehatan,hoaxid_hf,
hf-11540,"Benar, Klaim Ini Video Tumpukan Jenazah Covid-19 yang Penuhi RS di India",0,kesehatan,hoaxid_hf,
hf-11542,"Keliru, Klaim Ini Foto Parahnya Covid-19 di India hingga Bikin Warga Pakai Oksigen di Jalanan",0,kesehatan,hoaxid_hf,
hf-11543,"Keliru, Klaim Ini Video Orang Bergelimpangan di India karena Tsunami Covid",0,kesehatan,hoaxid_hf,
hf-11547,"Keliru, Klaim Tak Ada Uji Coba Vaksin Covid-19 pada Hewan yang Berhasil",0,kesehatan,hoaxid_hf,
hf-11550,"Keliru, Pejabat Denmark Meninggal karena Diracun saat Umumkan Larangan Vaksin AstraZeneca",0,kesehatan,hoaxid_hf,
hf-11552,"Sesat, Vaksin Covid-19 Tingkatkan Limfosit yang Mematikan bagi Manusia",0,kesehatan,hoaxid_hf,
hf-11555,"Sesat, Covid-19 Akan Hilang Seiring Ditemukannya Obat Oral Molnupiravir",0,kesehatan,hoaxid_hf,
hf-11557,"Keliru, Klaim mRNA Bukan Vaksin Tapi Terapi Gen untuk Mutasi Virus",0,kesehatan,hoaxid_hf,
hf-11558,"Sesat, Vaksin Covid-19 Sinovac Ilegal karena Tak Punya Sertifikat WHO",0,kesehatan,hoaxid_hf,
hf-11559,"Keliru, Klaim Ini Foto Munarman FPI saat Disuntik Vaksin Covid-19",0,kesehatan,hoaxid_hf,
hf-11562,"Keliru, Presiden Tanzania Meninggal karena Dibungkam Demi Agenda Kontrol Populasi Lewat Vaksinasi",0,kesehatan,hoaxid_hf,
hf-11563,"Keliru, Klaim Anggota Brimob Maluku Ini Korban Vaksin AstraZeneca",0,kesehatan,hoaxid_hf,
hf-11564,"Keliru, Bill Gates Tolak Beri Vaksin ke Anak-anaknya",0,kesehatan,hoaxid_hf,
hf-11567,"Sesat, Klaim Vaksinasi Covid-19 Hanya Percobaan karena Cuma Kantongi Izin Darurat",0,kesehatan,hoaxid_hf,
hf-11570,"Keliru, Klaim Ini Video Tumpukan Jenazah Covid-19 yang Salah Satunya Merokok",0,kesehatan,hoaxid_hf,
hf-11571,"Sesat, Artikel yang Sebut Cina Bohong soal Asal-usul Virus Corona",0,kesehatan,hoaxid_hf,
hf-11574,"Sesat, Pesan Berantai yang Klaim usai Vaksinasi Covid-19 Justru Lebih Rentan Terinfeksi Virus Corona",0,kesehatan,hoaxid_hf,
hf-11580,"Keliru, Inggris Nyatakan Covid-19 Penyakit Menular Biasa karena Konspirasi dan Bisa Diobati Parasetamol",0,kesehatan,hoaxid_hf,
hf-11581,"Keliru, Kebiasaan Minum Air Es Sebabkan Penyakit Jantung",0,kesehatan,hoaxid_hf,
hf-11582,"Keliru, 5 Bulan usai Vaksinasi Covid-19 Dilarang Konsumsi Alkohol dan Tape",0,kesehatan,hoaxid_hf,
hf-11584,"Sesat, Klaim Video Ini Bukti Kebohongan Vaksinasi Covid-19 oleh Yahudi",0,kesehatan,hoaxid_hf,
hf-11586,"Keliru, Pemerintah Wajibkan Nama di Sertifikat Vaksinasi Covid-19 Sesuai Paspor",0,kesehatan,hoaxid_hf,
hf-11589,"Keliru, Pesan Berantai tentang Pandemi Covid-19 Hanya Tipuan yang Diklaim Berasal dari IDI",0,kesehatan,hoaxid_hf,
hf-11591,"Sesat, Klaim Ini Grafik Antibodi usai Vaksinasi Covid-19 Dosis I yang Dekati Nol pada Hari ke-28",0,kesehatan,hoaxid_hf,
hf-11593,"Sesat, Pesan Berantai tentang 4 Vaksin Covid-19 Cina Duduki Peringkat Teratas Vaksin Teraman",0,kesehatan,hoaxid_hf,
hf-11599,"Sesat, Klaim Vaksin Sinovac Dibuat Sebelum Pandemi Covid-19 pada 25 Maret 2019",0,kesehatan,hoaxid_hf,
hf-11604,"Keliru, Sertifikat Vaksinasi dengan Vaksin Pfizer yang Berefek Memperpanjang Ereksi",0,kesehatan,hoaxid_hf,
hf-11605,"Keliru, Klaim Vaksin Sinovac Sebenarnya Ditujukan bagi Ayam dan Barcode Aslinya Ditukar",0,kesehatan,hoaxid_hf,
hf-11608,"Keliru, Klaim Ini Video Vaksinasi Covid-19 di Taman Anggrek yang Ciptakan Kerumunan",0,kesehatan,hoaxid_hf,
hf-11609,"Sesat, Klaim yang Kaitkan Kasus Vaksin Covid-19 Palsu Ini dengan Vaksinasi di Indonesia",0,kesehatan,hoaxid_hf,
hf-11619,"Keliru, Klaim Empat Nakes Ini Meninggal Karena Vaksin Covid-19",0,kesehatan,hoaxid_hf,
hf-11626,"Keliru, Anosmia Bukan Gejala Khas Virus dan Bisa Diobati dengan Mecobalamin",0,kesehatan,hoaxid_hf,
hf-11634,"Keliru, Kematian Covid-19 Irlandia Turun karena Polisi Dilibatkan dalam Pelaporan Kasus",0,kesehatan,hoaxid_hf,
hf-11638,"Keliru, Vaksin Flu Sebabkan Infeksi HIV dan Kanker",0,kesehatan,hoaxid_hf,
hf-11646,"Sesat, Klaim WHO Sebut Virus Corona Berasal dari Kepala Babi dan Bukan Kelelawar",0,kesehatan,hoaxid_hf,
hf-11652,"Keliru, Gubernur Kaltim Isran Noor Ganti Rugi UMKM yang Tutup 6-7 Februari dengan Dana Covid-19",0,kesehatan,hoaxid_hf,
hf-11654,"Keliru, Tak Ada Warga Vietnam yang Meninggal Akibat Covid-19 Karena Minum Teh Panas Campur Lemon",0,kesehatan,hoaxid_hf,
hf-11655,"Keliru, Pria Ini Syok saat Siuman dari Koma Setahun Karena Keluarganya Meninggal Akibat Covid-19",0,kesehatan,hoaxid_hf,
hf-11663,"Keliru, Virus Corona Covid-19 Muncul Karena Adanya Tes Rapid dan PCR",0,kesehatan,hoaxid_hf,
hf-11664,"Keliru, Kasus Covid-19 Terus Naik Karena Urutan Genetik Virusnya Sama dengan Manusia",0,kesehatan,hoaxid_hf,
hf-11666,"Keliru, Jarum Suntik Palsu di Video Ini Disiapkan untuk Vaksinasi Covid-19 Elite Global",0,kesehatan,hoaxid_hf,
hf-11667,"Keliru, Klaim Video Kamala Harris yang Disuntik Ini Bukti Kebohongan Vaksinasi Covid-19",0,kesehatan,hoaxid_hf,
hf-11669,"Keliru, Menkumham Hapus Sanksi Pidana usai Anak Buah Megawati Tolak Vaksinasi Covid-19",0,kesehatan,hoaxid_hf,
hf-11670,"Keliru, Vaksin adalah Senjata Biologis karena Mengandung Racun Seperti AS03 dan MF59",0,kesehatan,hoaxid_hf,
hf-11671,"Sesat, Konsumsi Qusthul Hindi atau Kayu India Bisa Sembuhkan Covid-19",0,kesehatan,hoaxid_hf,
hf-11672,"Keliru, Vaksin Covid-19 Terkait dengan Jaringan 5G dan Sebabkan Wabah Penyakit Baru",0,kesehatan,hoaxid_hf,
hf-11675,"Keliru, Dokter di Palembang Meninggal Karena Vaksin Covid-19 Mengandung Zat Beracun",0,kesehatan,hoaxid_hf,
hf-11676,"Keliru, Klaim Ini Video Prosesi Pemakaman Penyanyi Julio Iglesias yang Meninggal Karena Covid-19",0,kesehatan,hoaxid_hf,
hf-11677,"Keliru, Pakai Masker Membuat CO2 Menumpuk dan Keasaman Tubuh Naik Sehingga Rentan Virus",0,kesehatan,hoaxid_hf,
hf-11680,"Keliru, Vaksin Sinovac Dipasangi GPS atau Chip untuk Lacak Keberadaan Orang yang Telah Divaksin",0,kesehatan,hoaxid_hf,
hf-11681,"Sesat, Klaim Ini Video Seorang Pria yang Pingsan usai Disuntik Vaksin Covid-19",0,kesehatan,hoaxid_hf,
hf-11682,"Keliru, Klaim Ini Video Ratusan Warga yang Terkapar usai Disuntik Vaksin Sinovac",0,kesehatan,hoaxid_hf,
hf-11685,"Keliru, Klaim Foto-foto Ini Terkait 48 Orang yang Tewas Usai Disuntik Vaksin Covid-19",0,kesehatan,hoaxid_hf,
hf-11686,"Keliru, Kepala Staf Kodim Gresik Meninggal Akibat Disuntik Vaksin Covid-19",0,kesehatan,hoaxid_hf,
hf-11687,"Sesat, Pesan Berantai yang Sebut Vaksinasi Covid-19 Presiden Jokowi Harus Diulang",0,kesehatan,hoaxid_hf,
hf-11688,"Keliru, Orang yang Sudah Vaksinasi Covid-19 Tak Perlu Pakai Masker dan Cuci Tangan",0,kesehatan,hoaxid_hf,
hf-11691,"Sesat, Siswi SD Meninggal Karena Vaksin di Tengah Pandemi Covid-19",0,kesehatan,hoaxid_hf,
hf-11694,"Keliru, Klaim Ini Video Mensos Risma dan Mendagri Berjoget Tanpa Masker di Tengah Pandemi Covid-19",0,kesehatan,hoaxid_hf,
hf-11695,"Sesat, Klaim Ini Video Ratusan Santri yang Pingsan usai Disuntik Vaksin di Tengah Pandemi Covid-19",0,kesehatan,hoaxid_hf,
hf-11698,"Keliru, Klaim Ini Video Antrian Masuk Pasien Covid-19 di RSD Wisma Atlet",0,kesehatan,hoaxid_hf,
hf-11699,"Keliru, Jurnal Inggris Sebut Vaksin Covid-19 Sinovac Bikin Alat Kelamin Membesar",0,kesehatan,hoaxid_hf,
hf-11700,"Keliru, Klaim Moeldoko Sebut Vaksin Covid-19 untuk Jokowi Beda dengan yang Tersebar di Masyarakat",0,kesehatan,hoaxid_hf,
hf-11704,"Keliru, Terjadi Penyebaran Penyakit Baru di Kodi NTT Lewat Ikan Tembang dan Tongkol",0,kesehatan,hoaxid_hf,
hf-11705,"Keliru, Vaksin Sinovac Mengandung Bahan Berbahaya dan Virus Hidup yang Dilemahkan",0,kesehatan,hoaxid_hf,
hf-11707,"Keliru, WHO Bandingkan Efektivitas 10 Vaksin Covid-19 dan Sebut Sinovac yang Terendah",0,kesehatan,hoaxid_hf,
hf-11712,"Keliru, Klaim Ini Video Ratusan Pasien Covid-19 yang Dirawat di Istora Senayan",0,kesehatan,hoaxid_hf,
hf-11714,"Tidak Terbukti, Vaksin Cina Akan Bunuh Warga Karena Timbulkan Efek ADE",0,kesehatan,hoaxid_hf,
hf-11717,"Keliru, Paus Fransiskus Sebut Vaksin Covid-19 Tiket Masuk Surga",0,kesehatan,hoaxid_hf,
hf-11718,"Keliru, Vaksin Covid-19 Ubah DNA dan Sebabkan Cacat Genetik Seumur Hidup",0,kesehatan,hoaxid_hf,
hf-11722,"Sesat, Klaim Ini Foto Keluarga Ugur Sahin Penemu Vaksin Covid-19 Pfizer",0,kesehatan,hoaxid_hf,
hf-11724,"Keliru, Media Jepang Beritakan Bansos Covid-19 yang Dikorupsi Pinjaman dari Perdana Menterinya",0,kesehatan,hoaxid_hf,
hf-11725,"Keliru, Klaim Ini Foto Relawan yang Alami Bell's Palsy Akibat Vaksin Covid-19 Pfizer",0,kesehatan,hoaxid_hf,
hf-11732,"Tidak Terbukti, Klaim Terapi Gurah Minyak Kayu Putih Bisa Cegah dan Sembuhkan Covid-19",0,kesehatan,hoaxid_hf,
hf-11741,"Sesat, Foto yang Disebut Vaksinasi Covid-19 di Peru yang Dikawal Tentara",0,kesehatan,hoaxid_hf,
hf-11745,"Sesat, Narasi yang Samakan Sertifikat Vaksin Covid-19 dengan Libellus di Kerajaan Romawi",0,kesehatan,hoaxid_hf,
hf-11746,"Keliru, Video yang Diklaim Berisi Pesan Terakhir Bupati Situbondo yang Meninggal Akibat Covid-19",0,kesehatan,hoaxid_hf,
hf-11752,"Keliru, Foto Bekas Luka di Punggung Warga Zimbabwe yang Diklaim Akibat Vaksin Cina",0,kesehatan,hoaxid_hf,
hf-11758,Tidak Benar Arab Saudi Tutup Kembali Visa Umrah Karena 13 Jemaah Asal Jabar Positif Covid-19,0,kesehatan,hoaxid_hf,
hf-11764,Tuduhan Covid-19 Hanya Konspirasi karena Hasil Tes Positif pada Pepaya dan Kambing di Tanzania Tidak Terbukti,0,kesehatan,hoaxid_hf,
hf-11766,Ini Bukan Video Pemilik Toko yang Bunuh Diri di Roxy Mas karena Dagangannya Sepi Akibat Covid-19,0,kesehatan,hoaxid_hf,
hf-11771,[Fakta atau Hoaks] Benarkah Ini Foto Terawan yang Dapat Penghargaan WHO karena Berhasil Tangani Covid-19?,0,kesehatan,hoaxid_hf,
hf-11776,[Fakta atau Hoaks] Benarkah Jenazah Pasien Covid-19 di Probolinggo Ini Hilang Bola Matanya?,0,kesehatan,hoaxid_hf,
hf-11781,[Fakta atau Hoaks] Benarkah 48 Warga Korsel Tewas usai Terima Vaksin Covid-19?,0,kesehatan,hoaxid_hf,
hf-11784,[Fakta atau Hoaks] Benarkah Ini Video Pendiri Aliansi Dokter Dunia yang Ditangkap usai Bikin Video Bohong tentang Covid-19?,0,kesehatan,hoaxid_hf,
hf-11785,[Fakta atau Hoaks] Benarkah Tusuk 10 Jari dengan Jarum adalah Pertolongan Pertama Stroke?,0,kesehatan,hoaxid_hf,
hf-11789,[Fakta atau Hoaks] Benarkah CDC Sebut Covid-19 Tak Menyebar Lewat Udara sehingga Pakai Masker Tak Berguna?,0,kesehatan,hoaxid_hf,
hf-11793,[Fakta atau Hoaks] Benarkah Tidak Adanya Klaster Demo Tunjukkan Covid-19 adalah Konspirasi?,0,kesehatan,hoaxid_hf,
hf-11795,[Fakta atau Hoaks] Benarkah Klaim-klaim soal Covid-19 oleh Aliansi Dokter Dunia di Video Ini?,0,kesehatan,hoaxid_hf,
hf-11799,[Fakta atau Hoaks] Benarkah Penonton Bioskop Wajib Keluar Studio Tiap 30 Menit saat Pandemi Covid-19?,0,kesehatan,hoaxid_hf,
hf-11805,[Fakta atau Hoaks] Benarkah WHO Sebut Covid-19 Tak Lebih Berbahaya dari Flu?,0,kesehatan,hoaxid_hf,
hf-11812,[Fakta atau Hoaks] Benarkah Ma'ruf Amin Tak Masalah Jika Vaksin Covid-19 dari Cina Tak Halal?,0,kesehatan,hoaxid_hf,
hf-11813,[Fakta atau Hoaks] Benarkah Covid-19 Bohong Belaka Jika Besok Tak Ada Pendemo UU Cipta Kerja yang Sakit atau Meninggal?,0,kesehatan,hoaxid_hf,
hf-11817,[Fakta atau Hoaks] Benarkah Guru dan Ustaz Masuk Kelompok Pertama yang Terima Vaksin Covid-19 tapi TNI dan Polri Tidak?,0,kesehatan,hoaxid_hf,
hf-11824,[Fakta atau Hoaks] Benarkah Pesan Berantai Soal Minum Kopi Bisa Tangkal Covid-19 Ini?,0,kesehatan,hoaxid_hf,
hf-11830,[Fakta atau Hoaks] Benarkah Keluarga Peserta BPJS Kesehatan Dapat BLT Rp 4 Juta Per Orang?,0,kesehatan,hoaxid_hf,
hf-11834,[Fakta atau Hoaks] Benarkah Tak Ada Analis Laboratorium yang Terkena Covid-19?,0,kesehatan,hoaxid_hf,
hf-11840,[Fakta atau Hoaks] Benarkah Hewan Ternak Lebih Kebal pada Infeksi Covid-19?,0,kesehatan,hoaxid_hf,
hf-11845,[Fakta atau Hoaks] Benarkah Pernyataan Sultan HB X Soal Kasus Covid-19 pada 19 September 2020 Hoaks?,0,kesehatan,hoaxid_hf,
hf-11846,[Fakta atau Hoaks] Benarkah Tidak Ada Orang dengan Gangguan Jiwa yang Meninggal Karena Covid-19?,0,kesehatan,hoaxid_hf,
hf-11852,[Fakta atau Hoaks] Benarkah Ini Video Penghuni Apartemen Italia yang Semua Tewas Akibat Covid-19?,0,kesehatan,hoaxid_hf,
hf-11855,"[Fakta atau Hoaks] Benarkah Vaksin Covid-19 Tanamkan Microchip yang Diprogram untuk Bantai 7,5 Miliar Nyawa?",0,kesehatan,hoaxid_hf,
hf-11857,[Fakta atau Hoaks] Benarkah Menkes Terawan Sebut Kematian Dokter Jangan Dibesar-besarkan?,0,kesehatan,hoaxid_hf,
hf-11861,[Fakta atau Hoaks] Benarkah Bandung Ditetapkan Sebagai Zona Hitam Karena Kasus Covid-19 Meningkat?,0,kesehatan,hoaxid_hf,
hf-11862,[Fakta atau Hoaks] Benarkah Ada Pembagian Masker Gratis yang Telah Diberi Obat Bius?,0,kesehatan,hoaxid_hf,
hf-11863,[Fakta atau Hoaks] Benarkah Presiden Belarus Klaim IMF Tawarkan Suap untuk Pembatasan Covid-19?,0,kesehatan,hoaxid_hf,
hf-11866,[Fakta atau Hoaks] Benarkah Wamenlu Sebut WNA Juga Dilarang Masuk Kecuali TKA Cina Saat Pandemi Covid-19?,0,kesehatan,hoaxid_hf,
hf-11876,[Fakta atau Hoaks] Benarkah Ini Video Demo Covid-19 di Polandia yang Tuntut Pandemi Diakhiri?,0,kesehatan,hoaxid_hf,
hf-11884,[Fakta atau Hoaks] Benarkah Drama Korea My Secret Terrius Prediksi Pandemi Covid-19 Sejak 2018?,0,kesehatan,hoaxid_hf,
hf-11885,"[Fakta atau Hoaks] Benarkah Campuran Air Kelapa, Jeruk Nipis, dan Garam Bisa Matikan Virus Corona Covid-19?",0,kesehatan,hoaxid_hf,
hf-11893,[Fakta atau Hoaks] Benarkah Ini Foto-foto Warga Wuhan yang Bergelimpangan Karena Covid-19?,0,kesehatan,hoaxid_hf,
hf-11897,[Fakta atau Hoaks] Benarkah Hanya Imam Besar FPI yang Punya Penangkal Virus Corona Covid-19?,0,kesehatan,hoaxid_hf,
hf-11903,[Fakta atau Hoaks] Benarkah Putri Putin Tewas Usai Terima Dosis Ke-2 Vaksin Covid-19 Rusia?,0,kesehatan,hoaxid_hf,
hf-11906,[Fakta atau Hoaks] Benarkah Lukisan Tahun 1962 Ini Telah Ramalkan Kehidupan pada 2022 Usai Pandemi Covid-19?,0,kesehatan,hoaxid_hf,
hf-11908,[Fakta atau Hoaks] Benarkah Ini Foto Putri Presiden Putin yang Pertama Terima Vaksin Covid-19?,0,kesehatan,hoaxid_hf,
hf-11916,[Fakta atau Hoaks] Benarkah Virus Corona Covid-19 Dibuat di Lab Militer Partai Komunis Cina?,0,kesehatan,hoaxid_hf,
hf-11918,[Fakta atau Hoaks] Benarkah Suntik KB Bisa Sebabkan Penyakit Kista Ovarium?,0,kesehatan,hoaxid_hf,
hf-11925,[Fakta atau Hoaks] Benarkah Ini Foto Jutaan Warga Jerman yang Demo Terkait Covid-19 pada 1 Agustus 2020?,0,kesehatan,hoaxid_hf,
hf-11933,[Fakta atau Hoaks] Benarkah Vaksin Covid-19 Diuji Coba di Indonesia Karena Lab Cina Kekurangan Monyet?,0,kesehatan,hoaxid_hf,
hf-11934,[Fakta atau Hoaks] Benarkah Rockefeller Foundation Berada di Balik Kemunculan Virus Corona Covid-19?,0,kesehatan,hoaxid_hf,
hf-11936,[Fakta atau Hoaks] Benarkah Tes PCR Tak Bisa Bedakan Terpapar dan Terinfeksi serta Virus Hidup dan Virus Mati?,0,kesehatan,hoaxid_hf,
hf-11937,[Fakta atau Hoaks] Benarkah Indonesia Sudah Borong Vaksin Covid-19 dari Cina Meski WHO Sebut Belum Ada Vaksin Resmi?,0,kesehatan,hoaxid_hf,
hf-11938,[Fakta atau Hoaks] Benarkah Siswa Secapa AD Bantah Positif Covid-19 di Depan Kasad TNI?,0,kesehatan,hoaxid_hf,
hf-11940,[Fakta atau Hoaks] Benarkah Jenazah Pasien Covid-19 yang Berdaster Ini Tak Dimakamkan Sesuai Syariat Islam?,0,kesehatan,hoaxid_hf,
hf-11941,[Fakta atau Hoaks] Benarkah Indonesia Satu-satunya Negara yang Jadi Kelinci Percobaan Vaksin Covid-19 dari Cina?,0,kesehatan,hoaxid_hf,
hf-11951,[Fakta atau Hoaks] Benarkah Ahli Virus Cina Klaim Covid-19 Hasil Persekongkolan Jahat?,0,kesehatan,hoaxid_hf,
hf-11956,[Fakta atau Hoaks] Benarkah Covid-19 Diciptakan untuk Hambat Kebangkitan Umat Islam?,0,kesehatan,hoaxid_hf,
hf-11961,[Fakta atau Hoaks] Benarkah Ini Video Pembuangan Jenazah Korban Covid-19 di Laut Meksiko?,0,kesehatan,hoaxid_hf,
hf-11965,[Fakta atau Hoaks] Benarkah Tidak Ada Kematian yang Murni Disebabkan oleh Covid-19?,0,kesehatan,hoaxid_hf,
hf-11974,[Fakta atau Hoaks] Benarkah Ribuan Santri Tak Sadarkan Diri Usai Ikut Rapid Test Covid-19 dari RS Cina?,0,kesehatan,hoaxid_hf,
hf-11977,[Fakta atau Hoaks] Benarkah Keluarga di India Ini Tewas Karena Daun Pisang yang Terkena Virus Kelelawar?,0,kesehatan,hoaxid_hf,
hf-11984,[Fakta atau Hoaks] Benarkah Covid-19 Singkatan dari Certificate of Vaccination ID dan Konsep New Normal Bermuatan LGBT?,0,kesehatan,hoaxid_hf,
hf-11986,[Fakta atau Hoaks] Benarkah Ini Video Demo di Amerika Saat Pandemi Covid-19?,0,kesehatan,hoaxid_hf,
hf-11994,[Fakta atau Hoaks] Benarkah Mencium Cuka Bisa Deteksi Covid-19 Tanpa Perlu Rapid Test?,0,kesehatan,hoaxid_hf,
hf-12003,[Fakta atau Hoaks] Benarkah WHO Tetapkan Covid-19 Sebagai Pandemi Sehari Setelah Terima Sumbangan Bill Gates?,0,kesehatan,hoaxid_hf,
hf-12008,[Fakta atau Hoaks] Benarkah Imigrasi Tahan 300 WNA Cina yang Bawa Ribuan Senjata Api di Tengah Pandemi Covid-19?,0,kesehatan,hoaxid_hf,
hf-12013,[Fakta atau Hoaks] Benarkah Ini Lima Bersaudara di Surabaya yang Menunggu Diadopsi Karena Orang Tuanya Meninggal Akibat Covid-19?,0,kesehatan,hoaxid_hf,
hf-12014,[Fakta atau Hoaks] Benarkah Anies Dapat Penghargaan Gubernur Terbaik Penanganan Covid-19 di KTT CAC?,0,kesehatan,hoaxid_hf,
hf-12016,[Fakta atau Hoaks] Benarkah Ini Foto Uang yang Dibuang Pasien Kanker Karena Frustasi Tak Bisa Sembuh?,0,kesehatan,hoaxid_hf,
hf-12017,[Fakta atau Hoaks] Benarkah Jenazah di Video Ini adalah Pasien Covid-19 yang Organ Dalamnya Telah Diambil?,0,kesehatan,hoaxid_hf,
hf-12018,[Fakta atau Hoaks] Benarkah Virus Flu Babi Lebih Ganas Ketimbang Virus Corona Covid-19?,0,kesehatan,hoaxid_hf,
hf-12019,[Fakta atau Hoaks] Benarkah Vodka Bisa Kurangi Risiko Terinfeksi Virus Corona Covid-19?,0,kesehatan,hoaxid_hf,
hf-12020,[Fakta atau Hoaks] Benarkah Pesan Berantai Soal Petugas Rapid Test Covid-19 yang Tak Ganti Sarung Tangan?,0,kesehatan,hoaxid_hf,
hf-12023,[Fakta atau Hoaks] Benarkah Isi Tulisan yang Berjudul Dugaan Konspirasi Covid-19 Bukan Isapan Jempol?,0,kesehatan,hoaxid_hf,
hf-12025,[Fakta atau Hoaks] Benarkah Ramuan Herbal Bernama Mio Kopi Bisa Obati Covid-19?,0,kesehatan,hoaxid_hf,
hf-12026,[Fakta atau Hoaks] Benarkah Ini Video Demo Mahasiswa yang Tuntut Jokowi Mundur Saat Pandemi Covid-19?,0,kesehatan,hoaxid_hf,
hf-12027,[Fakta atau Hoaks] Benarkah Parahnya Kasus Covid-19 di Surabaya adalah Konspirasi Elite Global?,0,kesehatan,hoaxid_hf,
hf-12031,[Fakta atau Hoaks] Benarkah Tentara Merah Cina yang Menyamar Ditangkap di Karawang Saat Pandemi Covid-19?,0,kesehatan,hoaxid_hf,
hf-12032,[Fakta atau Hoaks] Benarkah Video Ricuh di RS Pancaran Kasih Manado Ini Tunjukkan Covid-19 adalah Bisnis?,0,kesehatan,hoaxid_hf,
hf-12033,[Fakta atau Hoaks] Benarkah Daun Sungkai Dapat Obati Pasien Covid-19?,0,kesehatan,hoaxid_hf,
hf-12034,[Fakta atau Hoaks] Benarkah Foto-foto Warga Beratribut Palu Arit Ini Terkait dengan Kebangkitan PKI Saat Pandemi Covid-19?,0,kesehatan,hoaxid_hf,
hf-12035,[Fakta atau Hoaks] Benarkah Ada Penangkapan Mobil Berstiker Palu Arit di Tengah Pandemi Covid-19?,0,kesehatan,hoaxid_hf,
hf-12036,[Fakta atau Hoaks] Benarkah Ini Foto-foto Malaysia yang Sapu Habis WNA Termasuk TKI Saat Pandemi Covid-19?,0,kesehatan,hoaxid_hf,
hf-12037,[Fakta atau Hoaks] Benarkah Mantan Rektor Unhas Ini Sebut Covid-19 Bisa Disembuhkan dengan Minyak Kayu Putih?,0,kesehatan,hoaxid_hf,
hf-12038,[Fakta atau Hoaks] Benarkah Covid-19 Hanya Flu Biasa dan Hasil Rekayasa untuk Cari Untung?,0,kesehatan,hoaxid_hf,
hf-12039,[Fakta atau Hoaks] Benarkah Pesan Berantai Soal Virus Hanya Bisa Dikalahkan Antibodi Ini Berasal dari Dekan IPB?,0,kesehatan,hoaxid_hf,
hf-12040,[Fakta atau Hoaks] Benarkah Tocilizumab adalah Obat yang 90 Persen Bisa Sembuhkan Covid-19 Meski Pasien Kritis?,0,kesehatan,hoaxid_hf,
hf-12041,[Fakta atau Hoaks] Benarkah Ini Video Gereja Italia yang Hampir Semua Jemaatnya Meninggal Akibat Covid-19 Saat Dibuka Kembali?,0,kesehatan,hoaxid_hf,
hf-12042,[Fakta atau Hoaks] Benarkah Campuran Air Hangat dan Garam Bisa Hilangkan Virus Corona Covid-19?,0,kesehatan,hoaxid_hf,
hf-12043,[Fakta atau Hoaks] Benarkah Dokter Italia Temukan Sebab Kematian Covid-19 adalah Bakteri Bukan Virus?,0,kesehatan,hoaxid_hf,
hf-12044,[Fakta atau Hoaks] Benarkah Tes PCR Tak Bisa Tunjukkan Jenis Virus Corona Covid-19?,0,kesehatan,hoaxid_hf,
hf-12045,[Fakta atau Hoaks] Benarkah Virus Corona Covid-19 Tidak Bahaya dan Tidak Sebabkan Kematian?,0,kesehatan,hoaxid_hf,
hf-12047,[Fakta atau Hoaks] Benarkah Ini Video dan Foto Konser yang Dihadiri Presiden Jokowi Saat Pandemi Covid-19?,0,kesehatan,hoaxid_hf,
hf-12048,[Fakta atau Hoaks] Benarkah Pemerintah Tak Akan Lagi Umumkan Kasus Positif Covid-19?,0,kesehatan,hoaxid_hf,
hf-12049,[Fakta atau Hoaks] Benarkah Ini Video Keramaian Pasar di Palembang Saat Pandemi Covid-19?,0,kesehatan,hoaxid_hf,
hf-12050,[Fakta atau Hoaks] Benarkah Muncul Serangan Tawon Pembunuh di Tengah Pandemi Covid-19?,0,kesehatan,hoaxid_hf,
hf-12051,[Fakta atau Hoaks] Benarkah Ini Video Warga Sumbar yang Usir Turis Cina dan Bakar Perusahaannya Saat Pandemi Covid-19?,0,kesehatan,hoaxid_hf,
hf-12053,[Fakta atau Hoaks] Benarkah Menhub Budi Karya Kembali Dinyatakan Positif Covid-19?,0,kesehatan,hoaxid_hf,
hf-12054,[Fakta atau Hoaks] Benarkah Ini Video Kiai di Banten yang Dipaksa Suntik Vaksin Covid-19?,0,kesehatan,hoaxid_hf,
hf-12055,[Fakta atau Hoaks] Benarkah Ini Video Patung-patung di India yang Dibuang Karena Tak Bisa Selamatkan dari Covid-19?,0,kesehatan,hoaxid_hf,
hf-12056,[Fakta atau Hoaks] Benarkah Ini Video Serangan Serangga Beracun di India Saat Pandemi Covid-19?,0,kesehatan,hoaxid_hf,
hf-12062,[Fakta atau Hoaks] Benarkah Polisi AS Sebut Kematian Bing Liu Terkait Risetnya Soal Covid-19?,0,kesehatan,hoaxid_hf,
hf-12064,[Fakta atau Hoaks] Benarkah Klaim Judy Mikovits Soal Virus Corona dalam Film Dokumenter Plandemic?,0,kesehatan,hoaxid_hf,
hf-12067,[Fakta atau Hoaks] Benarkah Kemenhub Izinkan Warga untuk Mudik Saat Pandemi Covid-19?,0,kesehatan,hoaxid_hf,
hf-12069,[Fakta atau Hoaks] Benarkah Ini Video TKA Cina di Morowali yang Bikin Ulah Saat Pandemi Covid-19?,0,kesehatan,hoaxid_hf,
hf-12070,[Fakta atau Hoaks] Benarkah Amerika Tanamkan Chip 666 ke Tubuh Warganya di Tengah Pandemi Covid-19?,0,kesehatan,hoaxid_hf,
hf-12072,[Fakta atau Hoaks] Benarkah Jokowi Sebut Kepala Daerah yang Mainkan Bantuan Covid-19 Bakal Dihukum Seumur Hidup?,0,kesehatan,hoaxid_hf,
hf-12075,[Fakta atau Hoaks] Benarkah Korban Covid-19 di Aceh Hanya Satu Orang Karena Tetap Salat Berjamaah?,0,kesehatan,hoaxid_hf,
hf-12078,[Fakta atau Hoaks] Benarkah Gibran Salahkan Rakyat yang Tak Patuhi Aturan Pemerintah Atas Merebaknya Covid-19?,0,kesehatan,hoaxid_hf,
hf-12081,[Fakta atau Hoaks] Benarkah Ini Video Kakak-Adik di Tangerang yang Kena Covid-19 Usai Bermain di Luar Rumah?,0,kesehatan,hoaxid_hf,
hf-12084,[Fakta atau Hoaks] Benarkah Peneliti Cina Ini Sebut Virus Corona Hanya Satu dari 1.500 Virus yang Tersimpan di Lab Wuhan?,0,kesehatan,hoaxid_hf,
hf-12085,[Fakta atau Hoaks] Benarkah Pemerintah Italia Minta Pembacaan Al Quran di Tengah Pandemi Covid-19?,0,kesehatan,hoaxid_hf,
hf-12086,[Fakta atau Hoaks] Benarkah Gubernur Sumut Edy Rahmayadi Instruksikan Masjid Dibuka Seluas-luasnya Saat Pandemi Covid-19?,0,kesehatan,hoaxid_hf,
hf-12088,[Fakta atau Hoaks] Benarkah Bill Gates Bikin Vaksin Corona yang Dipasang Microchip?,0,kesehatan,hoaxid_hf,
hf-12089,[Fakta atau Hoaks] Benarkah Virus Corona Covid-19 Bisa Menular Lewat Kentut?,0,kesehatan,hoaxid_hf,
hf-12097,[Fakta atau Hoaks] Benarkah Ini Video Uji Coba tentang Virus Corona yang Takut Suara Azan?,0,kesehatan,hoaxid_hf,
hf-12113,[Fakta atau Hoaks] Benarkah Virus Corona Covid-19 Tidak Kuat dengan Cuaca di Wilayah Seperti Indonesia?,0,kesehatan,hoaxid_hf,
hf-12114,[Fakta atau Hoaks] Benarkah Ini Bentuk Virus Corona yang Berhasil Difoto Ilmuwan India?,0,kesehatan,hoaxid_hf,
hf-12115,[Fakta atau Hoaks] Benarkah Pesan Berantai tentang Penjelasan Ilmiah Corona Ini dari Ahli Virus Indro Cahyono?,0,kesehatan,hoaxid_hf,
hf-12118,[SALAH] Bill Gates Pembuat Virus Covid-19,0,kesehatan,hoaxid_hf,
hf-12123,[SALAH] Dokter di Malaysia Meninggal Setelah Mendapatkan Vaksin Pfizer,0,kesehatan,hoaxid_hf,
hf-12136,[SALAH] Benarkah Guinness World Record Menobatkan Model Asal Sudan sebagai “The Queen of Darkness”?,0,kesehatan,hoaxid_hf,
hf-12144,"[SALAH] Foto “Kisah Haru Erupsi Semeru, Tak Rela Tinggalkan Sang Ibu yang Sudah Renta, Rumini Ditemukan Tewas Berpelukan di Rumahnya..”",0,kesehatan,hoaxid_hf,
hf-12153,[SALAH] Gejala Varian Omicron Disebabkan oleh Komplikasi Vaksin Covid-19,0,kesehatan,hoaxid_hf,
hf-12157,[SALAH] Foto Supermarket di Jerman Memasang Pagar Pembatas untuk Memisahkan Pengunjung yang Sudah Divaksin dan Belum Divaksin,0,kesehatan,hoaxid_hf,
hf-12160,"[SALAH] Mandi Detox Menggunakan Campuran Garam Epsom, Baking Soda, Borax, dan Indian Healing Clay Mampu Mengeluarkan Kandungan Vaksin Covid yang Sebelumnya Telah Disuntikkan Kepada Seseorang",0,kesehatan,hoaxid_hf,
hf-12166,[SALAH] COVID-19 Varian Omicron Sudah Diprediksi Sejak Juli 2021,0,kesehatan,hoaxid_hf,
hf-12167,[SALAH] Video Wawancara CEO BioNTech Menolak Divaksin Karena Alasan Keamanan,0,kesehatan,hoaxid_hf,
hf-12178,"[SALAH] Komik Phantom Meramalkan Kemunculan ""China Virus""",0,kesehatan,hoaxid_hf,
hf-12186,[SALAH] Vaksin Sebabkan Sperma Membeku dan Mr P Mengecil,0,kesehatan,hoaxid_hf,
hf-12188,[SALAH] Protes Vaksinasi di Yunani Berakhir Ricuh,0,kesehatan,hoaxid_hf,
hf-12189,"[SALAH] Menempelkan Bawang Putih Di Telinga, Dapat Sembuhkan Sakit Kepala",0,kesehatan,hoaxid_hf,
hf-12194,[SALAH] Pemerintah Paksakan Vaksin Booster,0,kesehatan,hoaxid_hf,
hf-12201,[SALAH] Komik “Phantom” yang Terbit Tahun 1957 Memprediksi Munculnya Covid-19,0,kesehatan,hoaxid_hf,
hf-12206,[SALAH] Mandi dengan Soda Kue hingga Boraks dapat Menghilangkan Racun pada Orang yang Divaksin COVID-19,0,kesehatan,hoaxid_hf,
hf-12208,[SALAH] Rapid Test Device Berlabel Positif dan Negatif Sudah Dimuat Virus,0,kesehatan,hoaxid_hf,
hf-12209,[SALAH] FDA: Suntikan Booster Vaksinasi Pfizer Berpotensi Infeksi Berat pada Hati,0,kesehatan,hoaxid_hf,
hf-12212,"[SALAH] Foto Demo Melanggar Covid dan Vaksinasi di Wina, Austria",0,kesehatan,hoaxid_hf,
hf-12215,[SALAH] Video Wanita Tak Bermasker Menolak untuk Duduk Bersebelahan dengan Pria yang Belum Divaksin,0,kesehatan,hoaxid_hf,
hf-12216,[SALAH] Konsumsi Buah Dalam Keadaan Perut Kosong Dapat Sembuhkan Kanker,0,kesehatan,hoaxid_hf,
hf-12220,[SALAH] Terdapat Parasit yang Mematikan di Dalam Vaksin Covid-19,0,kesehatan,hoaxid_hf,
hf-12221,[SALAH] Sayur Pakis Bisa Menyebabkan Kanker,0,kesehatan,hoaxid_hf,
hf-12223,[SALAH] Darah Orang yang Sudah Divaksin COVID-19 Tidak Sehat,0,kesehatan,hoaxid_hf,
hf-12226,[SALAH] Jepang Menggunakan Ivermectin dan Menghentikan Vaksin untuk Memberantas Virus Covid-19,0,kesehatan,hoaxid_hf,
hf-12228,[SALAH] PPKM Level 4 Pada 24 Desember 2021 Karena Ada Varian Covid-19 Baru,0,kesehatan,hoaxid_hf,
hf-12233,[SALAH] Swab PCR Merupakan Cara untuk Melakukan Vaksinasi,0,kesehatan,hoaxid_hf,
hf-12235,[SALAH] Aliansi Dokter Dunia Mengatakan Bahwa Varian Delta Tidak Ada,0,kesehatan,hoaxid_hf,
hf-12240,[SALAH] Vaksinasi Covid-19 Menyebabkan Seseorang Terkena Kanker,0,kesehatan,hoaxid_hf,
hf-12241,[SALAH] Pemerintah Terapkan PPKM Level 4 Pada 24 Desember karena Ada Varian Covid-19 Baru,0,kesehatan,hoaxid_hf,
hf-12252,[SALAH] Video Politisi Austria Pingsan Usai Disuntik Vaksin,0,kesehatan,hoaxid_hf,
hf-12256,[SALAH] Akun Facebook Kabid P2P Dinkes Sampang dokter Yuliono,0,kesehatan,hoaxid_hf,
hf-12261,[SALAH] Istri CEO Pfizer Albert Bourla Tewas Akibat Komplikasi Vaksin COVID-19,0,kesehatan,hoaxid_hf,
hf-12265,[SALAH] Rumah Sakit Australia Penuh Karena Pasien Mengalami Efek Samping Vaksin,0,kesehatan,hoaxid_hf,
hf-12272,[SALAH] SMS Hadiah dari BPJS Kesehatan Sebesar Rp75 Juta,0,kesehatan,hoaxid_hf,
hf-12274,[SALAH] Mahkamah Agung Amerika Serikat Telah Membatalkan Vaksinasi Masal,0,kesehatan,hoaxid_hf,
hf-12289,[SALAH] Petai dan Jengkol dapat Sebabkan Stroke,0,kesehatan,hoaxid_hf,
hf-12294,[SALAH] Tautan Pengecekan Bantuan Covid-19 Sebesar Rp600.000 bagi Pemilik KTP atau SIM,0,kesehatan,hoaxid_hf,
hf-12299,[SALAH] Pemerintah Akan Suntik Paksa Vaksin Mematikan pada 22 Februari 2022,0,kesehatan,hoaxid_hf,
hf-12300,[SALAH] Bayi Dilahirkan dengan Kelainan Genetik Akibat Ibunya Disuntik Vaksin Covid-19,0,kesehatan,hoaxid_hf,
hf-12310,[SALAH] Vaksin Covid-19 Mengandung Graphene Oxide yang Bereaksi pada Getaran Musik,0,kesehatan,hoaxid_hf,
hf-12321,[SALAH] Pfizer Tambahkan Tromethamine pada Vaksin Covid-19 untuk Anak Sehingga Tingkatkan Risiko Radang Jantung,0,kesehatan,hoaxid_hf,
hf-12322,[SALAH] Pemerintah Suntik Paksa Vaksin Mematikan secara Massal pada 22 Februari 2022,0,kesehatan,hoaxid_hf,
hf-12326,[SALAH] Robot Dirancang untuk Memberikan Vaksinasi Secara Paksa,0,kesehatan,hoaxid_hf,
hf-12331,[SALAH] 13 Anak Sekolah di Afrika Meninggal Karena Vaksin Covid-19,0,kesehatan,hoaxid_hf,
hf-12337,[SALAH] Foto Kemasan Vaksin Sinovac “Only for clinical trial”,0,kesehatan,hoaxid_hf,
hf-12341,[SALAH] Foto Keluarga Agus Harimurti Yudhoyono Berwisata saat SBY Berobat Kanker Prostat di AS,0,kesehatan,hoaxid_hf,
hf-12352,[SALAH] Pertolongan Pertama Luka Bakar Dengan Tepung Terigu,0,kesehatan,hoaxid_hf,
hf-12358,[SALAH] Poster tentang Penyakit Stroke yang Menyerang Anak-anak sebagai Efek Samping Covid-19,0,kesehatan,hoaxid_hf,
hf-12374,[SALAH] Seorang Anak Meninggal Setelah Divaksinasi Covid-19,0,kesehatan,hoaxid_hf,
hf-12388,[SALAH] Mendeteksi Kesehatan Jantung dengan Memasukkan Tangan ke dalam Air Dingin Selama 30 Detik,0,kesehatan,hoaxid_hf,
hf-12404,[SALAH] Video Jenazah Covid-19 yang Sedang Merokok,0,kesehatan,hoaxid_hf,
hf-12406,[SALAH] Menghirup Cuka dapat Menyembuhkan Covid-19,0,kesehatan,hoaxid_hf,
hf-12410,[SALAH] 600 Pelajar China Diberikan Vaksin Kosong di DKI Jakarta,0,kesehatan,hoaxid_hf,
hf-12412,[SALAH] Daftar Minuman Instan yang Dapat Sebabkan Diabetes dan Matikan Sumsum Tulang,0,kesehatan,hoaxid_hf,
hf-12416,[SALAH] Minum Air Es Setelah Cuaca Panas Dapat Membuat Pembuluh Darah Pecah,0,kesehatan,hoaxid_hf,
hf-12420,[SALAH] Studi FDA: Vaksin Pfizer Membuat Orang Lebih Rentan Tertular Covid-19,0,kesehatan,hoaxid_hf,
hf-12421,[SALAH] Scan MRI Harus Dihindari Penerima Vaksin Covid-19,0,kesehatan,hoaxid_hf,
hf-12422,[SALAH] Daun Kemangi Obat Penghilang Gatal Kulit,0,kesehatan,hoaxid_hf,
hf-12425,[SALAH] Uni Eropa Akan Menghentikan Program Vaksin Covid-19 Mulai Oktober 2021,0,kesehatan,hoaxid_hf,
hf-12427,[SALAH] Video Pidato Anthony Fauci Mengembangkan Virus Influenza Baru,0,kesehatan,hoaxid_hf,
hf-12430,[SALAH] Judul Berita ITV tentang Seorang Pria Bersedia Divaksin setelah Membuat Tiga Orang Temannya Meninggal karena Covid-19,0,kesehatan,hoaxid_hf,
hf-12434,[SALAH] Balita divaksin “Upaya Menuju Pemusnahan Massal Umat Islam”,0,kesehatan,hoaxid_hf,
hf-12439,[SALAH] IPB Mengumumkan Ranking Sayuran Anti Kanker,0,kesehatan,hoaxid_hf,
hf-12446,[SALAH] Pilot Pesawat Maskapai Delta Meninggal setelah Divaksin,0,kesehatan,hoaxid_hf,
hf-12447,[SALAH] Kasus Positif Covid-19 di Surabaya Naik,0,kesehatan,hoaxid_hf,
hf-12453,[SALAH] Dana Bantuan Kesehatan & Modal Usaha dari Pusat BPJS Kesehatan,0,kesehatan,hoaxid_hf,
hf-12454,[SALAH] Tetesan Jeruk Nipis Dapat Mengobati Mata,0,kesehatan,hoaxid_hf,
hf-12456,[SALAH] Darah Orang yang Divaksin Covid-19 Menjadi Tidak Normal dan Tidak Bisa Donor Darah,0,kesehatan,hoaxid_hf,
hf-12460,[SALAH] Mengonsumsi Bawang Dayak dapat Menyembuhkan Getah Bening hingga Kanker,0,kesehatan,hoaxid_hf,
hf-12462,[SALAH] Minum Air Es Setelah Makan Dapat Sebabkan Kanker,0,kesehatan,hoaxid_hf,
hf-12471,[SALAH] CDC Amerika Serikat Memperingatkan Adanya Penyakit Mirip Polio yang Akan Muncul Pada Akhir Tahun 2021,0,kesehatan,hoaxid_hf,
hf-12473,[SALAH]: Situs Pedulilindungiq.com dan Minta Dana Rp1 Juta Untuk Vaksin Covid-19,0,kesehatan,hoaxid_hf,
hf-12476,[SALAH] Penampakan Protes Wajib Vaksin di Melbourne Tahun 2021,0,kesehatan,hoaxid_hf,
hf-12478,[SALAH] Covid-19 adalah Rencana Depopulasi Dunia,0,kesehatan,hoaxid_hf,
hf-12484,"[SALAH] Sertifikat Vaksin Menjadi Syarat Pengisian BBM di SPBU Wilayah Trumon Raya, Aceh Selatan",0,kesehatan,hoaxid_hf,
hf-12486,[SALAH] Gadget dan Wifi Sebabkan Kanker Darah,0,kesehatan,hoaxid_hf,
hf-12488,[SALAH] Foto PM Singapura Mengantre Vaksin Covid-19,0,kesehatan,hoaxid_hf,
hf-12494,[SALAH] Pesan WhatsApp “Nanas panas ~ dapat membunuh sel kanker!”,0,kesehatan,hoaxid_hf,
hf-12495,[SALAH] Air Rebusan Kayu Manis Dapat Menurunkan Kadar Gula Darah Bagi Penderita Diabetes,0,kesehatan,hoaxid_hf,
hf-12504,[SALAH] WHO Merencanakan Modifikasi Genetik Manusia Melalui Vaksinasi,0,kesehatan,hoaxid_hf,
hf-12505,[SALAH] “Utsmaniy menjadi pelopor dalam penanganan wabah melalui vaksinasi”,0,kesehatan,hoaxid_hf,
hf-12510,[SALAH] Video “Rakyat Menang.. !! Pemerintah Rumania menutup semua pusat vaksin..!”,0,kesehatan,hoaxid_hf,
hf-12512,[SALAH] Vaksin Covid-19 Dapat Mengubah Warna Darah,0,kesehatan,hoaxid_hf,
hf-12516,[SALAH] Tukul Arwana Alami Pendarahan Otak karena Vaksin,0,kesehatan,hoaxid_hf,
hf-12527,[SALAH] Video Demo Menolak Wajib Vaksin di Brazil,0,kesehatan,hoaxid_hf,
hf-12536,[SALAH] Pesan Berantai Cek Gula Darah Gratis sebagai Modus Menyebarkan HIV,0,kesehatan,hoaxid_hf,
hf-12540,[SALAH] Bill Gates Menyarankan Melakukan Depopulasi Dengan Vaksinasi Untuk Solusi Nol Karbon,0,kesehatan,hoaxid_hf,
hf-12541,[SALAH] Pendaftaran Vaksin Nusantara melalui WhatsApp,0,kesehatan,hoaxid_hf,
hf-12547,[SALAH] Mengonsumsi Labu Kuning Dapat Menyembuhkan Covid-19,0,kesehatan,hoaxid_hf,
hf-12554,[SALAH] Vaksin Bukan Syarat Penerbangan Internasional,0,kesehatan,hoaxid_hf,
hf-12557,"[SALAH] Siaran tvOneNews “Harta Pejabat Meningkat Drastis Selama Pandemi, Bonus Jual Corona dan Vaksin”",0,kesehatan,hoaxid_hf,
hf-12561,[SALAH] Panggilan Telepon Informasi Seputar Vaksinasi,0,kesehatan,hoaxid_hf,
hf-12563,[SALAH] Mulai 1 Oktober Pasien Covid Tidak Ditanggung Kemenkes,0,kesehatan,hoaxid_hf,
hf-12584,[SALAH] Judul Berita ITV tentang Efek Samping Vaksin yang Membuat Wajah Menjadi Merah,0,kesehatan,hoaxid_hf,
hf-12588,[SALAH] Banjir Darah di Bandara Kabul,0,kesehatan,hoaxid_hf,
hf-12591,[SALAH] Cat Kuku Pendeteksi Obat Pemerkosa termasuk obat GHB,0,kesehatan,hoaxid_hf,
hf-12592,[SALAH] Artikel CNN dengan Judul “Healthy 40-year Old COVID Victim’s Last Words: I blame unvaccinated for this”,0,kesehatan,hoaxid_hf,
hf-12612,[SALAH] Yakult Dapat Mencegah Kanker Paru-paru,0,kesehatan,hoaxid_hf,
hf-12616,[SALAH] Pesan Berantai Tim Vaksinasi GSP Meminta Data Pribadi,0,kesehatan,hoaxid_hf,
hf-12617,[SALAH] Mencuci Hidung Dengan Garam Menghilangkan Virus Corona,0,kesehatan,hoaxid_hf,
hf-12625,[SALAH] Muammar Gaddafi Prediksi Covid-19,0,kesehatan,hoaxid_hf,
hf-12626,[SALAH] Obat Covid-19 Molnulpiravir Mulai Beredar September Mendatang,0,kesehatan,hoaxid_hf,
hf-12628,[SALAH] Mengonsumsi Banyak Petai Bisa Mengatasi Sakit Kaki hingga Kanker,0,kesehatan,hoaxid_hf,
hf-12637,"[SALAH] Munarman Kritis Total, nasibnya memilukan",0,kesehatan,hoaxid_hf,
hf-12642,"[SALAH] Campuran Air Kelapa Muda, Jeruk Nipis, Garam, dan Madu dapat Mengobati Covid-19",0,kesehatan,hoaxid_hf,
hf-12644,"[SALAH] “WAPRES: VAKSIN MERUPAKAN PERINTAH AGAMA DAN HUKUMNYA WAJIB, MENOLAK MASUK NERAKA??”",0,kesehatan,hoaxid_hf,
hf-12652,"[SALAH] Vaksin Corona Mengandung Babi, Dapat Mengubah DNA, dan Membuat Manusia Jadi Zombie",0,kesehatan,hoaxid_hf,
hf-12672,[SALAH] Vaksin di Gedung Gradika Bakti ditujukan untuk 18-59 Tahun,0,kesehatan,hoaxid_hf,
hf-12679,[SALAH] Pesan Berantai dari Ketua Satgas Covid-19 Dwiyono terkait Metode Menghirup Uap Air Panas untuk Membunuh Virus Corona,0,kesehatan,hoaxid_hf,
hf-12682,[SALAH] Video “Biang covid bill gates kena timpuk dari orang yg geram padanya”,0,kesehatan,hoaxid_hf,
hf-12689,[SALAH] Oseltamivir Obat Covid-19 Berbahaya dan Mematikan,0,kesehatan,hoaxid_hf,
hf-12691,[SALAH] Informasi Vaksin Dosis 1 dan 2 16 Agustus 2021 di RSAL dr. Ramelan Surabaya,0,kesehatan,hoaxid_hf,
hf-12692,[SALAH] Sertifikat Vaksin Covid-19 Bukan Syarat Administrasi,0,kesehatan,hoaxid_hf,
hf-12698,"[SALAH] Munarman Kritis Total, nasibnya memilukan",0,kesehatan,hoaxid_hf,
hf-12706,[SALAH] Foto Aksi Demo Paspor Kesehatan di Paris pada 7 Agustus 2021,0,kesehatan,hoaxid_hf,
hf-12707,[SALAH] Masyarakat Suku Baduy Tidak Pernah Divaksin dalam Ratusan Tahun,0,kesehatan,hoaxid_hf,
hf-12721,[SALAH] Covid-19 Singkatan dari Certification of Vaccination Identification Artificial Intelligence,0,kesehatan,hoaxid_hf,
hf-12726,[SALAH] Tidak Boleh Mengonsumsi Makanan dan Minuman yang Mengandung Alkohol dan Soda setelah Vaksin Covid-19,0,kesehatan,hoaxid_hf,
hf-12728,[SALAH] Hasil Perhitungan Data Orang yang Sudah Divaksinasi Lebih Banyak Terpapar Varian Delta dan Peluang Kematian Lebih Tinggi,0,kesehatan,hoaxid_hf,
hf-12735,[SALAH] Rockefeller Foundation Telah Rencanakan Skenario Pandemi Covid-19 Sejak 2010,0,kesehatan,hoaxid_hf,
hf-12747,"[SALAH] Virus Corona Katanya Ganas dan Mematikan, Tapi yang Mati Selalu di Rumah Sakit",0,kesehatan,hoaxid_hf,
hf-12752,[SALAH] Suku Baduy Tidak Divaksin Covid-19,0,kesehatan,hoaxid_hf,
hf-12753,[SALAH] Video Wawancara CEO Pfizer yang Menolak Divaksin pada Agustus 2021,0,kesehatan,hoaxid_hf,
hf-12754,"[SALAH] Vaksin Astrazeneca, Pfizer, dan Moderna Berafiliasi dengan Bluetooth kecuali Sinovac",0,kesehatan,hoaxid_hf,
hf-12755,[SALAH] Covid-19 Bermutasi Menjadi Virus Baru yang Lebih Berbahaya dan Vaksinasi Timbulkan Virus Lain Dari Covid-19,0,kesehatan,hoaxid_hf,
hf-12757,[SALAH] Dokumen Bank Dunia Tetapkan Covid-19 Sampai Tahun 2025,0,kesehatan,hoaxid_hf,
hf-12760,"[SALAH] “Vaksin Corona Tidak Terbukti Aman dan Efektif, Coronavirus Sama seperti Flu Biasa, Ini adalah Pandemi Palsu”",0,kesehatan,hoaxid_hf,
hf-12762,"[SALAH] Semua Pasien Positif Covid-19 di New South Wales, Australia Sudah Divaksinasi",0,kesehatan,hoaxid_hf,
hf-12770,[SALAH] Dukun Meninggal karena Covid-19 Setelah Menghirup Napas Pasien Covid-19,0,kesehatan,hoaxid_hf,
hf-12771,[SALAH] Video Sebut Bocoran Jadwal Varian Covid-19 Diluncurkan,0,kesehatan,hoaxid_hf,
hf-12772,[SALAH] Air Rebusan Nanas Bisa Membunuh Sel Kanker,0,kesehatan,hoaxid_hf,
hf-12773,[SALAH] Jadwal Vaksinasi Massal di Royal Plaza Surabaya Tanggal 2-6 Agustus 2021,0,kesehatan,hoaxid_hf,
hf-12774,[SALAH] SMS Bantuan BPJS Kesehatan Sebesar Rp78 Juta,0,kesehatan,hoaxid_hf,
hf-12777,[SALAH] Vaksin Covid-19 AstraZeneca Dibuat Sejak 2018,0,kesehatan,hoaxid_hf,
hf-12778,[SALAH] Air Nanas Panas Bisa Membunuh Sel Kanker,0,kesehatan,hoaxid_hf,
hf-12779,[SALAH] Foto Jadwal Perilisan Varian Covid-19,0,kesehatan,hoaxid_hf,
hf-12782,[SALAH] Pernyataan Moh Indro Cahyono “TERBONGKAR SUDAH!!! FAKTA COVID 19”,0,kesehatan,hoaxid_hf,
hf-12788,"[SALAH] “Tanggal pembuatan vaksin adalah 2018, setahun sebelum Covid-19 melanda”",0,kesehatan,hoaxid_hf,
hf-12794,[SALAH] Bantuan PPKM Rp1 Juta Bagi Pemilik Sertifikat Vaksinasi,0,kesehatan,hoaxid_hf,
hf-12797,[SALAH] Daun Sungkai dapat Menangkal Covid-19,0,kesehatan,hoaxid_hf,
hf-12798,[SALAH] BNPB Membuka Donasi Kaos Oblong bagi Tenaga Medis dan Relawan Satgas Covid 19,0,kesehatan,hoaxid_hf,
hf-12803,[SALAH] Data Pendonor Plasma Darah Konvalesen Area Jogja,0,kesehatan,hoaxid_hf,
hf-12807,"[SALAH] Gambar Artikel Kompas berjudul “Hemoglobin Rendah dan Butuh Tranfusi Darah, Karl Marx Pilih Pendonor yang Hafal Das Kapital “",0,kesehatan,hoaxid_hf,
hf-12809,[SALAH] Orang yang Pernah Terinfeksi Covid-19 Memiliki Imunitas Lebih Baik Ketimbang yang Divaksin,0,kesehatan,hoaxid_hf,
hf-12810,[SALAH] Air Keran Positif Covid-19,0,kesehatan,hoaxid_hf,
hf-12811,[SALAH] Vaksin dengan Pfizer Dapat Menularkan Virus ke Orang yang Belum Divaksin,0,kesehatan,hoaxid_hf,
hf-12815,[SALAH] Vaksin Mengandung Racun Berbahaya,0,kesehatan,hoaxid_hf,
hf-12818,[SALAH] CNN Indonesia Menawarkan Hadiah agar Warga Bersedia Divaksin,0,kesehatan,hoaxid_hf,
hf-12819,[SALAH] Foto Beberapa Jenazah Covid-19 di Bekasi,0,kesehatan,hoaxid_hf,
hf-12821,[SALAH] Mata Jenazah Covid-19 diambil tanpa Sepengetahuan Keluarga,0,kesehatan,hoaxid_hf,
hf-12823,[SALAH] Video “pengurusan Covid di Indon”,0,kesehatan,hoaxid_hf,
hf-12827,[SALAH] Foto Suasana Demo Anti-Vaksin di Prancis,0,kesehatan,hoaxid_hf,
hf-12835,"[SALAH] Ketentuan Baru, Mau Buat KTP Harus Punya Sertifikat Vaksin",0,kesehatan,hoaxid_hf,
hf-12840,[SALAH] Barcode pada Vaksin Covid-19 Mengontrol Manusia Sampai Mati,0,kesehatan,hoaxid_hf,
hf-12841,[SALAH] “AKHIRNYA!! DUNIA SETUJUI VAKSIN NUSANTARA”,0,kesehatan,hoaxid_hf,
hf-12842,[SALAH] Campuran Lemon dan Soda Kue Dapat Membunuh Virus Corona,0,kesehatan,hoaxid_hf,
hf-12846,[SALAH] Minuman Penambah Imun untuk Cegah Penularan Virus COVID-19,0,kesehatan,hoaxid_hf,
hf-12847,[SALAH] Bawang Putih Bisa Keluarkan Cairan di Paru-paru Akibat Covid-19,0,kesehatan,hoaxid_hf,
hf-12850,"[SALAH] Video Kondisi Gibran “BERITA TERBARU HARI INI~ISTANA BANJIR TANGIS,VIRUS MENGGROGOTI TUBUHNYA HINGGA BEGINI~VIRAL NEWS JKW”",0,kesehatan,hoaxid_hf,
hf-12851,"[SALAH] Singapura Negara Pertama yang Lakukan Otopsi Jenazah Covid-19, Sumber Kemenkes Singapura",0,kesehatan,hoaxid_hf,
hf-12852,[SALAH] Pernyataan “Semua orang yang divaksinasi akan mati dalam 2 tahun” oleh Luc Montagnier,0,kesehatan,hoaxid_hf,
hf-12860,[SALAH] “Semangkin Gawat Indonesia sekarang ini! Banyaknya Rumah Sakit Penerima Vaksin Palsu!”,0,kesehatan,hoaxid_hf,
hf-12861,[SALAH] Nilai CT Pada Tes PCR Menentukan Kesembuhan Pasien Covid-19,0,kesehatan,hoaxid_hf,
hf-12863,[SALAH] Banyaknya Varian Covid-19 Muncul Setelah Vaksinasi Dilakukan,0,kesehatan,hoaxid_hf,
hf-12864,[SALAH] Labu Kuning Kukus Dapat Sembuhkan Covid-19,0,kesehatan,hoaxid_hf,
hf-12865,[SALAH] Chemtrails Penyebar Virus Penyakit Muncul di Langit Pantura,0,kesehatan,hoaxid_hf,
hf-12867,[SALAH] Kurir Tetap Bekerja Meski Terpapar Covid-19,0,kesehatan,hoaxid_hf,
hf-12868,[SALAH] Foto Ajakan untuk Stop Upload Berita Covid-19 oleh Pemerintah Kabupaten Gresik,0,kesehatan,hoaxid_hf,
hf-12869,[SALAH] Tabung Selam Dapat Digunakan sebagai Pengganti Tabung Oksigen Medis,0,kesehatan,hoaxid_hf,
hf-12871,"[SALAH] Video “Di Probolinggo, 16 Juli 2021 Meninggal bersama 5 orang serumah setelah di vaksin”",0,kesehatan,hoaxid_hf,
hf-12872,[SALAH] Video “Potensi Bahaya Vaksin COVID-19”,0,kesehatan,hoaxid_hf,
hf-12876,[SALAH] Air Keran Dapat Positif Covid-19 Setelah Ditest Menggunakan Device Rapid Test Antigen,0,kesehatan,hoaxid_hf,
hf-12877,[SALAH] Daun Teh Pinus Putih hentikan bahaya Vaksin Covid-19,0,kesehatan,hoaxid_hf,
hf-12882,[SALAH] “Tidak ada mesjid yang akan ditutup di Turki dari ancaman virus corona”,0,kesehatan,hoaxid_hf,
hf-12894,[SALAH] Berkumur dengan Air Garam dan Meminum Air Hangat Dapat Membunuh Virus Corona di Dalam Perut,0,kesehatan,hoaxid_hf,
hf-12897,"[SALAH] Cuci Hidung dengan NaCl 0,9% dapat Menghilangkan Virus dan Bakteri di Lubang Hidung",0,kesehatan,hoaxid_hf,
hf-12902,[SALAH] Detektor Radiasi Elektromagnetik dapat Mendeteksi Radiasi dari Vaksin Covid-19,0,kesehatan,hoaxid_hf,
hf-12905,[SALAH] Video Akting Plandemi Jenazah Pasien Covid-19 dapat Bergerak,0,kesehatan,hoaxid_hf,
hf-12907,"[SALAH] Racikan Air Kelapa Muda, Jeruk Nipis, Garam, dan Madu dapat Membunuh Virus Covid-19",0,kesehatan,hoaxid_hf,
hf-12908,[SALAH] Seorang Pria Tewas karena Makan Durian setelah Divaksin,0,kesehatan,hoaxid_hf,
hf-12909,[SALAH] FDA Amerika Sebut Invermectin Dapat Digunakan Untuk Sembuhkan Covid-19,0,kesehatan,hoaxid_hf,
hf-12919,[SALAH] Air Rebusan Bawang Putih Dapat Menyembuhkan Covid,0,kesehatan,hoaxid_hf,
hf-12921,[SALAH] “Varian baru Covid-19 tidak lain dari infeksi protein spike dari vaksin”,0,kesehatan,hoaxid_hf,
hf-12923,[SALAH] Suara Adzan Di Masjid Dapat Mengecilkan Virus Corona,0,kesehatan,hoaxid_hf,
hf-12925,"[SALAH] Campuran Air Panas dan Lemon, Rahasia Vietnam Tak Alami Kasus Kematian Akibat Covid-19",0,kesehatan,hoaxid_hf,
hf-12938,"[SALAH] Virus Corona Sangat Ganas Dan Menakutkan, Tapi Anehnya yang Mati Semua Di Rumah Sakit",0,kesehatan,hoaxid_hf,
hf-12940,[SALAH] Per 1 Juli 2021 Mengurus SIM dan SKCK Membutuhkan Sertifikat Vaksin Covid,0,kesehatan,hoaxid_hf,
hf-12941,[SALAH] Ketersediaan Ventilator Cukup Memadai dan Obat Ivermectin Sudah Akan Diproduksi Massal,0,kesehatan,hoaxid_hf,
hf-12948,[SALAH] Foto “Orang India membuang ribuan berhala ke jalan karena ketidakmampuan mereka melindungi masyarakat dari virus Corona”,0,kesehatan,hoaxid_hf,
hf-12949,[SALAH] CT Value Sebagai Penentu Kesembuhan Pasien Covid-19,0,kesehatan,hoaxid_hf,
hf-12950,[SALAH] Insentif Tenaga Kesehatan Selama Pandemi Covid-19 Dihentikan Pemerintah Pusat,0,kesehatan,hoaxid_hf,
hf-12953,[SALAH] Foto Daftar Obat Dari RS Yang Bisa Digunakan Sendiri oleh Pasien Covid-19,0,kesehatan,hoaxid_hf,
hf-12954,"Sebuah artikel online membagikan dokumen rahasia yang bocor dan disandingkan dengan sebuah informasi yang mengklaim bahwa Perusahaan Biofarmasi Moderna, Inc mengembangkan Vaksin Covid-19 sebelum muncu",0,kesehatan,hoaxid_hf,
hf-12959,[SALAH] Pesan Berantai BFL (Blood For Life) Indonesia untuk Kebutuhan Donor Darah,0,kesehatan,hoaxid_hf,
hf-12961,[SALAH] Sinar X dalam TV Tabung Dapat Membunuh Virus dalam 8 Jam,0,kesehatan,hoaxid_hf,
hf-12967,[SALAH] WHO Tetapkan Indonesia Sebagai Negara High Risk Covid-19,0,kesehatan,hoaxid_hf,
hf-12968,[SALAH] Daftar Obat dari RS yang Bisa Digunakan Sendiri oleh Pasien Covid-19,0,kesehatan,hoaxid_hf,
hf-12971,[SALAH] Parasetamol P-500 mengandung virus Machupo,0,kesehatan,hoaxid_hf,
hf-12972,[SALAH] Video “Sri Mulyani suntik vaksin utk pencitraan tp kamera gak bisa boong di jarum suntik ga ada isi vaksin nya”,0,kesehatan,hoaxid_hf,
hf-12981,[SALAH] Meminum Minuman Panas dan Menghirup Uap Panas Dapat Membunuh Virus Corona,0,kesehatan,hoaxid_hf,
hf-12984,[SALAH] Anies Baswedan Hanya Mengurusi Asbak dan Tidak Mengurusi Covid di Jakarta,0,kesehatan,hoaxid_hf,
hf-12986,[SALAH] Covid-19 Tidak Mematikan,0,kesehatan,hoaxid_hf,
hf-12990,[SALAH] Rajin Wudhu Aman dari Virus,0,kesehatan,hoaxid_hf,
hf-12992,[SALAH] Resep Obat Untuk Pasien Covid-19,0,kesehatan,hoaxid_hf,
hf-12993,"[SALAH] Jateng Membludak, Media TV Hanya Liput Covid-19 di DKI Jakarta",0,kesehatan,hoaxid_hf,
hf-12995,[SALAH] Vaksinasi Massal Gratis 22 Juni 2021 di Kota Bogor untuk Umum 18 Tahun Ke Atas,0,kesehatan,hoaxid_hf,
hf-12996,[SALAH] Konsumsi Nigella Oil Menghilangkan Pendarahan di Tenggorokan Orang yang Terdampak Covid,0,kesehatan,hoaxid_hf,
hf-12998,[SALAH] Pesan Berantai “SANDIWARA CORONA” dari Ikatan Dokter Indonesia (IDI),0,kesehatan,hoaxid_hf,
hf-13000,"[SALAH] Mengandung Virus Baru, Merek Handsanitizer ‘Farah’ Dapat Sebabkan Tangan Melepuh",0,kesehatan,hoaxid_hf,
hf-13030,"[SALAH] “Pemkot Pekanbaru, Riau menarik vaksin Covid-19 karena keampuhan vaksin masih tarik ulur”",0,kesehatan,hoaxid_hf,
hf-13031,[SALAH] Pesepakbola Christian Eriksen Terkena Serangan Jantung setelah Divaksin,0,kesehatan,hoaxid_hf,
hf-13033,[SALAH] Vaksinasi Sebabkan Varian Baru COVID-19,0,kesehatan,hoaxid_hf,
hf-13039,[SALAH] Foto “The Last Moment Dokter Hadio”,0,kesehatan,hoaxid_hf,
hf-13041,[SALAH] Pemberian Obat Bius usai Vaksinasi Covid-19 Bisa Akibatkan Kematian,0,kesehatan,hoaxid_hf,
hf-13054,[SALAH] Video “Eric Tohir Sangat Terbuka Menjelaskan Tentang Chip yang Ada dalam Vaksin Covid-19”,0,kesehatan,hoaxid_hf,
hf-13082,[SALAH] Foto-foto “Orang Mati COVID-19 yang Dilempar ke Laut Tiba di Laut Sabah”,0,kesehatan,hoaxid_hf,
hf-13089,[SALAH] Bahaya Donor Darah Dari Orang yang Sudah Divaksin Covid-19,0,kesehatan,hoaxid_hf,
hf-13090,[SALAH] Video 450 Kantong Jenazah Covid-19 Berisikan Kertas,0,kesehatan,hoaxid_hf,
hf-13091,[SALAH] Menerima Donor Darah dari Orang yang Sudah di Vaksinasi Covid-19 Berbahaya,0,kesehatan,hoaxid_hf,
hf-13110,[SALAH] Suntikan Vaksin Kosong di Indonesia,0,kesehatan,hoaxid_hf,
hf-13115,"[SALAH] Campuran Air Kelapa Muda, Jeruk Nipis dan Garam dapat Menyembuhkan Covid-19",0,kesehatan,hoaxid_hf,
hf-13120,"[SALAH] Tangkapan Layar “hati2,,, rakyat akan dibunuh vaksin Cina,,,!” Video CNN Indonesia",0,kesehatan,hoaxid_hf,
hf-13130,"[SALAH] Setelah Divaksin, Tubuh Punya Daya Magnetis dan Dapat Dikoneksikan ke Bluetooth",0,kesehatan,hoaxid_hf,
hf-13140,[SALAH] Ekstrak Akar Dandelion Dapat Membunuh 98% Sel Kanker Dalam 48 Jam,0,kesehatan,hoaxid_hf,
hf-13149,"[SALAH] Berada Di Sekitar Orang yang Baru Divaksin, Dapat Sebabkan Gangguan Menstruasi Pada Wanita",0,kesehatan,hoaxid_hf,
hf-13150,[SALAH] Memakan Bawang Merah dan Meneteskan Air Perasan Lemon ke Hidung Dapat Mengobati Covid-19,0,kesehatan,hoaxid_hf,
hf-13151,[SALAH] Luka Warga Palestina Akibat Serangan Israel Ternyata Hasil Make Up,0,kesehatan,hoaxid_hf,
hf-13156,[SALAH] Gejala Baru pada Virus Corona Covid-19 yang Bermutasi,0,kesehatan,hoaxid_hf,
hf-13166,[SALAH] Vaksin Covid-19 Mengandung Microchip Magnetik,0,kesehatan,hoaxid_hf,
hf-13168,[SALAH] Video “Warga Malaysia antri nginep di stadion shah alam…semua positif covid 19”,0,kesehatan,hoaxid_hf,
hf-13173,[SALAH] Obat dan Bahan Herbal Mencegah Covid,0,kesehatan,hoaxid_hf,
hf-13175,[SALAH] Magnet Bisa Menempel pada Lengan Orang yang Sudah Divaksin Covid-19,0,kesehatan,hoaxid_hf,
hf-13183,[SALAH] Jumlah Kasus COVID-19 di JATIM Meledak,0,kesehatan,hoaxid_hf,
hf-13205,[SALAH] Video Pernyataan “Netanyahu Akan Membunuh Muslim dengan Vaksin”,0,kesehatan,hoaxid_hf,
hf-13206,[SALAH] Vaksin Covid-19 Beresiko Tinggi Bagi Perempuan yang Sedang Menstruasi,0,kesehatan,hoaxid_hf,
hf-13210,"[SALAH] Jengkol, Pete, Pepaya Sebabkan Stroke! Dapat Reda Dengan Mengeluarkan Darah Dari Ujung Jari",0,kesehatan,hoaxid_hf,
hf-13222,"[SALAH] Indonesia berduka, 10 Dokter meninggal pada hari yang sama akibat terinfeksi Covid-19",0,kesehatan,hoaxid_hf,
hf-13224,[SALAH] Mengonsumsi Air Hangat dan Berkumur Dengan Air Garam Dapat Hilangkan Virus Corona,0,kesehatan,hoaxid_hf,
hf-13234,[SALAH] Video Warga India Menyerang Kendaraan Tenaga Medis dan Menolak PCR,0,kesehatan,hoaxid_hf,
hf-13239,[SALAH] Mendeteksi Virus Corona dengan Menahan Napas 10 Detik,0,kesehatan,hoaxid_hf,
hf-13249,[SALAH] Foto Hasil CT Scan Paru-Paru Orang Yang Telah Divaksin dan Belum Divaksin,0,kesehatan,hoaxid_hf,
hf-13263,[SALAH] Foto “Kremasi massal saat melonjaknya jumlah kasus infeksi Covid-19 India”,0,kesehatan,hoaxid_hf,
hf-13266,[SALAH] Pesan Berantai Mengatasnamakan Satgas Covid-19 Pusat,0,kesehatan,hoaxid_hf,
hf-13269,"[SALAH] Covid-19 Adalah Bakteri yang Terpapar Radiasi, Sumber: Kementerian Kesehatan Rusia",0,kesehatan,hoaxid_hf,
hf-13278,[SALAH] Video “Seseorang yang wafat karena terinfeksi virus Covid-19 mempercayakan teman baiknya untuk membuang uangnya di Times Square di New York”,0,kesehatan,hoaxid_hf,
hf-13302,[SALAH] Foto Syuting Film Horor agar Masyarakat Indonesia Mau Divaksin,0,kesehatan,hoaxid_hf,
hf-13312,[SALAH] Vaksin Covid-19 Pfizer Bakal Ditambah Chip Microsoft untuk Kurangi Gejala,0,kesehatan,hoaxid_hf,
hf-13313,[SALAH] Bantuan Dana dari BPJS Kesehatan,0,kesehatan,hoaxid_hf,
hf-13323,[SALAH] Foto Seorang Lansia Menggunakan Alat Bantu Pernapasan di Jalan karena Kasus Covid-19 di India Meningkat Drastis,0,kesehatan,hoaxid_hf,
hf-13329,[SALAH] Ketua DPRD Mimika Meninggal Akibat Vaksin,0,kesehatan,hoaxid_hf,
hf-13339,"[SALAH] Menghirup Kapur Barus, Cengkeh, Biji Karom, dan Minyak Kayu Putih dapat Meredakan Sesak Nafas Akibat Infeksi COVID-19",0,kesehatan,hoaxid_hf,
hf-13358,[SALAH] Makan Bawang Mentah dan Garam bisa Ubah Positif Covid-19 Menjadi Negatif setelah 15 Menit,0,kesehatan,hoaxid_hf,
hf-13360,"[SALAH] Kenaikan Limfosit Usai Vaksin, Sebabkan Kematian",0,kesehatan,hoaxid_hf,
hf-13368,[SALAH] Video Membuang Uang di Times Square untuk Teman Baiknya yang Meninggal karena Covid-19,0,kesehatan,hoaxid_hf,
hf-13371,[SALAH] Meletakkan Bawang di Bawah Telapak Kaki Dapat Menyembuhkan Kanker dan Malaria,0,kesehatan,hoaxid_hf,
hf-13376,[SALAH] Video Seorang Kakek Ditahan Karena Tidak Memakai Masker Setelah Vaksinasi,0,kesehatan,hoaxid_hf,
hf-13381,[SALAH] Seluruh Hewan Percobaan Vaksin Covid-19 Terbukti Mati Karena Suntik Vaksin,0,kesehatan,hoaxid_hf,
hf-13383,[SALAH] Tim Vaksinasi GSP Cari Data Penerima Vaksin,0,kesehatan,hoaxid_hf,
hf-13398,"[SALAH] Positif Covid Disebabkan oleh Kekurangan Vitamin, Bukan oleh Virus",0,kesehatan,hoaxid_hf,
hf-13399,"[SALAH] “vaksin korongna itu mRNA, ini bukan vaksin tapi terapi gen, mRNA ini jadi instruksi untuk menyebabkan mutasi”",0,kesehatan,hoaxid_hf,
hf-13404,[SALAH] Kota Tarakan Kalimantan Utara Bebas Covid-19,0,kesehatan,hoaxid_hf,
hf-13407,[SALAH] Pentagon Ciptakan Mikrochip Deteksi Covid-19,0,kesehatan,hoaxid_hf,
hf-13424,[SALAH] “Korban Vaksin Lagi. Kini anggota Brimob di Maluku”,0,kesehatan,hoaxid_hf,
hf-13425,[SALAH] Pemerintah Inggris Menurunkan Status Covid-19 Karena Covid-19 Bisa Sembuh dengan Paracetamol,0,kesehatan,hoaxid_hf,
hf-13433,[SALAH] Penggunaan Masker dapat Menyebabkan Kematian Akibat Covid-19,0,kesehatan,hoaxid_hf,
hf-13436,[SALAH] Foto “Munarman udah divaksin”,0,kesehatan,hoaxid_hf,
hf-13437,[SALAH] Pembersih Alat Rapid Test Corona Bisa Sebabkan Kanker,0,kesehatan,hoaxid_hf,
hf-13443,[SALAH] Muhammadiyah Larang Masyarakat dengan KTP Non-Islam Ikut Vaksin,0,kesehatan,hoaxid_hf,
hf-13444,[SALAH] Vaksin Covid-19 Pfizer Dijual Online di Malaysia,0,kesehatan,hoaxid_hf,
hf-13450,[SALAH] Vaksin Melemahkan Kekuatan TNI,0,kesehatan,hoaxid_hf,
hf-13459,"[SALAH] Artikel berjudul “China Tidak Bisa Berbohong Lagi, WHO Akhirnya Bongkar Asal Usul Virus Corona yang Sebenarnya, Benarkah Dunia Sudah Dibohongi Selama Ini?”",0,kesehatan,hoaxid_hf,
hf-13461,"[SALAH] Video “Lebih banyak mayat bertumpuk akibat COVID, tapi salah satunya menghisap rokok”",0,kesehatan,hoaxid_hf,
hf-13463,[SALAH] Makanan Kaleng dari Thailand Menularkan Virus AIDS,0,kesehatan,hoaxid_hf,
hf-13464,[SALAH] Website Portal Vaksin Covid-19 “corporate-realty.co”,0,kesehatan,hoaxid_hf,
hf-13466,[SALAH] Vaksin Covid-19 Merusak Sel Otak dan Sel Darah,0,kesehatan,hoaxid_hf,
hf-13472,[SALAH] Vaksin Bisa Merusak Sel Darah dan Sel Otak,0,kesehatan,hoaxid_hf,
hf-13481,[SALAH] “vaksin di Drive thrue banyak yg dibohongin Begini SDM kita”,0,kesehatan,hoaxid_hf,
hf-13493,[SALAH] Postingan Terkait Antibodi dan Covid-19 dari Dekan IPB,0,kesehatan,hoaxid_hf,
hf-13494,[SALAH] Air Rebusan Pare Bisa Membunuh Sel Kanker,0,kesehatan,hoaxid_hf,
hf-13503,[SALAH] Bantuan Penanganan Covid-19 untuk Pondok Pesantren dan Panti Asuhan oleh Wakil Ketua DPRD Pasuruan,0,kesehatan,hoaxid_hf,
hf-13509,"[SALAH] Khawatir Tim Medis Lupa Jenis Vaksin yang Diberikan, Sertifikat Vaksin Harus Disimpan",0,kesehatan,hoaxid_hf,
hf-13517,[SALAH] Ekstrak Nanas Bisa Dijadikan Obat Virus Corona,0,kesehatan,hoaxid_hf,
hf-13521,[SALAH] “setelah vaksin Covid-19 selama 5 bulan tak boleh minum yg mengandung alkohol”,0,kesehatan,hoaxid_hf,
hf-13524,[SALAH] Guru di Garut Lumpuh Usai Divaksin Covid-19,0,kesehatan,hoaxid_hf,
hf-13525,[SALAH] Dilarang Mengonsumsi Tape Singkong Usai Divaksin Covid-19,0,kesehatan,hoaxid_hf,
hf-13526,"[SALAH] Vaksin Berbasis mRna, Dapat Menyebabkan Kanker",0,kesehatan,hoaxid_hf,
hf-13527,[SALAH] Pancaran Radiasi Wifi Berakibat Kanker Darah Pada Anak,0,kesehatan,hoaxid_hf,
hf-13528,[SALAH] “Yg vaksin jgn Lupa Kalau bisa sesuaikan Surat vaccine Nanti itu namanya sesuai Passport”,0,kesehatan,hoaxid_hf,
hf-13538,[SALAH] “Tulisan ini dari kawan-kawan komunitas IDI (Ikatan Dokter Indonesia)”,0,kesehatan,hoaxid_hf,
hf-13539,[SALAH] Tentara Angkatan Laut Australia Mengalami Efek Samping Parah setelah Divaksin Covid-19,0,kesehatan,hoaxid_hf,
hf-13552,[SALAH] Rumput Paragis untuk Menyembuhkan Kanker,0,kesehatan,hoaxid_hf,
hf-13555,[SALAH] Pengumuman Jadwal Vaksinasi untuk Umum di Wilayah Jawa Barat Maret 2021 oleh Gubernur,0,kesehatan,hoaxid_hf,
hf-13556,[SALAH] Vaksin Covid-19 Sirup untuk yang Takut Disuntik,0,kesehatan,hoaxid_hf,
hf-13564,[SALAH] Foto Gubernur Korea Selatan Menggunakan Jaket saat Divaksin,0,kesehatan,hoaxid_hf,
hf-13565,[SALAH] 17 Negara Melarang Penyebaran Vaksin AstraZeneca,0,kesehatan,hoaxid_hf,
hf-13566,[SALAH] Foto Botol Vaksin Kadrun,0,kesehatan,hoaxid_hf,
hf-13569,[SALAH] Pesan Berantai Berisi Grafik Kadar Antibodi usai Divaksin Covid-19,0,kesehatan,hoaxid_hf,
hf-13570,[SALAH] Lowongan Kerja Dinas Kesehatan Kabupaten Bojonegoro,0,kesehatan,hoaxid_hf,
hf-13573,"[SALAH] Pemilik Rekening BRI yang Telah Divaksin Dapat Bantuan Rp 1,5 Juta",0,kesehatan,hoaxid_hf,
hf-13574,[SALAH] Pesan Berantai Informasi Vaksin Covid-19 Paling Aman dari Artikel New York Times,0,kesehatan,hoaxid_hf,
hf-13579,[SALAH] Episode Sitkom Bajaj Bajuri Ramalkan Virus Corona Tahun 2021,0,kesehatan,hoaxid_hf,
hf-13581,[SALAH] Tidak Ada Kasus Covid-19 di Bhutan karena Penduduknya Vegetarian,0,kesehatan,hoaxid_hf,
hf-13582,[SALAH] Vaksin Sinovac Kadaluwarsa 25 Maret 2021 dan Dibuat Sebelum Pandemi,0,kesehatan,hoaxid_hf,
hf-13591,[SALAH] Vaksinasi Covid-19 untuk Warga Non DKI Jakarta di Istora Senayan,0,kesehatan,hoaxid_hf,
hf-13600,[SALAH] Pesan Berantai Whatsapp Bantuan Sosial Finansial Rp3.550.00 Dari BPJS Kesehatan,0,kesehatan,hoaxid_hf,
hf-13602,"[SALAH] “Vaksin Sinovac, Vaksin yg sebenarnya di peruntukkan untuk ayam”",0,kesehatan,hoaxid_hf,
hf-13603,[SALAH] Rusia Menemukan bahwa Covid-19 Tidak Disebabkan oleh Virus,0,kesehatan,hoaxid_hf,
hf-13604,[SALAH] Rebusan Daun Jambu Biji Dicampur Cuka Bisa Bunuh Virus Covid-19,0,kesehatan,hoaxid_hf,
hf-13605,[SALAH] Sentra Vaksinasi Covid-19 Istora Senayan Terbuka untuk Semua Pemegang KTP,0,kesehatan,hoaxid_hf,
hf-13612,"[SALAH] Bio Farma Mengadakan Vaksinasi Covid-19 pada Jumat, 12 Maret 2021",0,kesehatan,hoaxid_hf,
hf-13614,[SALAH] Vaksin Sinovac berisikan Virus Hidup yang dilemahkan serta mengandung Sel Vero dan Bahan-Bahan Berbahaya,0,kesehatan,hoaxid_hf,
hf-13615,[SALAH] Video “Vaksinasi di.mall T.Anggrek”,0,kesehatan,hoaxid_hf,
hf-13618,[SALAH] Menghirup Uap Panas Teh Herbal Dapat Mencegah dan Menyembuhkan COVID-19,0,kesehatan,hoaxid_hf,
hf-13627,[SALAH] Banyak Data Orang Meninggal Dunia Akibat Vaksin Covid-19,0,kesehatan,hoaxid_hf,
hf-13628,[SALAH] Pesan Berantai Video “Potensi Bahaya Vaksin COVID-19”,0,kesehatan,hoaxid_hf,
hf-13630,[SALAH] Uap Panas Hasil Rebusan Daun Jambu dapat Mengobati Covid-19,0,kesehatan,hoaxid_hf,
hf-13631,[SALAH] Terdapat Paku Dalam Kapsul Obat,0,kesehatan,hoaxid_hf,
hf-13632,[SALAH] Vaksin Moderna Dirancang untuk Mengubah DNA Manusia,0,kesehatan,hoaxid_hf,
hf-13636,[SALAH] Pemberian Vaksin Covid-19 oleh Badan Litbangkes,0,kesehatan,hoaxid_hf,
hf-13637,[SALAH] “kenapa semua nya meninggal dengan ciri ciri penyebab yg sama seperti korban vaksin Covid-19 lain di luar negeri”,0,kesehatan,hoaxid_hf,
hf-13646,[SALAH] Vaksinasi di PPSDMK Cukup Bawa KTP Sebagai Syarat,0,kesehatan,hoaxid_hf,
hf-13655,[SALAH] Vaksin Covid-19 Bisa Bikin Wanita Mandul,0,kesehatan,hoaxid_hf,
hf-13663,"[SALAH] “Anosmia Bukan Gejala khas Virus, Minum aja Mecobalamin 5 cap setiap 1 jam sampai diare ringan”",0,kesehatan,hoaxid_hf,
hf-13672,[SALAH] BPJS Kesehatan Memberikan Bantuan Dana Rp50 Juta Kepada TKW,0,kesehatan,hoaxid_hf,
hf-13674,[SALAH] Akun WhatsApp Juru Bicara Vaksinasi Covid-19 Meminta Sejumlah Dana,0,kesehatan,hoaxid_hf,
hf-13681,[SALAH] Demonstrasi Memprotes Kebijakan Covid-19 di Romania,0,kesehatan,hoaxid_hf,
hf-13686,[SALAH] Memakai Masker Secara Terus Menerus Akan Menyebabkan Kanker Paru-Paru,0,kesehatan,hoaxid_hf,
hf-13694,[SALAH] Bantuan 37 Juta Rupiah dari BPJS Kesehatan,0,kesehatan,hoaxid_hf,
hf-13695,[SALAH] Foto Efek Samping Yang Dialami Setelah Vaksinasi Moderna Covid-19,0,kesehatan,hoaxid_hf,
hf-13706,[SALAH] Pernyataan Ketua Satgas Covid terkait Hirup Uap Air Panas Membunuh Virus Corona,0,kesehatan,hoaxid_hf,
hf-13713,[SALAH] “Tips Kesehatan Membuang Batu Empedu”,0,kesehatan,hoaxid_hf,
hf-13725,[SALAH] “setelah di vaksin maka kasus HIV dan kanker akan meledak”,0,kesehatan,hoaxid_hf,
hf-13726,[SALAH] “wabah flu Spanyol penyebabnya bukan virus melainkan gejala pneumonia oleh bakteri akibat oleh karena adanya wajib masker”,0,kesehatan,hoaxid_hf,
hf-13743,"[SALAH] “TERKUAK, Ternyata Jemaah Haji Indonesia Ditolak Bukan Karena Covid 19”",0,kesehatan,hoaxid_hf,
hf-13746,[SALAH] Jambu Kristal Putih Dapat Menangkal Covid-19,0,kesehatan,hoaxid_hf,
hf-13762,"[SALAH] “Covid-19 BUKAN Virus, Sumber : Kementerian Kesehatan Italy”",0,kesehatan,hoaxid_hf,
hf-13769,[SALAH] Kondisi Seorang Remaja Perempuan Setelah Vaksinasi Covid-19,0,kesehatan,hoaxid_hf,
hf-13780,[SALAH] Vietnam Tanpa Kasus Kematian Akibat Covid-19 karena Campuran Teh Panas dan Lemon,0,kesehatan,hoaxid_hf,
hf-13784,[SALAH] Kematian Ustadz Maaher akibat Disuntik Vaksin,0,kesehatan,hoaxid_hf,
hf-13785,[SALAH] Dokter Italia Temukan Penyebab Covid-19 dari Bakteri Terpapar 5G,0,kesehatan,hoaxid_hf,
hf-13790,[SALAH] Minum Air Hangat 4 Kali Sehari Dapat Menyembuhkan Covid-19,0,kesehatan,hoaxid_hf,
hf-13798,[SALAH] Vietnam Tanpa Kasus Kematian Covid-19 karena Minum Teh Panas Dicampur Lemon,0,kesehatan,hoaxid_hf,
hf-13799,[SALAH] Video Tata Cara Hilangkan Covid-19 Saat Isolasi Mandiri di Rumah,0,kesehatan,hoaxid_hf,
hf-13800,"[SALAH] “SETAHUN Koma di Rumah Sakit, Begitu Siuman Pria Ini Syok Orang-orang Tercinta Meninggal karena Covid”",0,kesehatan,hoaxid_hf,
hf-13812,[SALAH] Fenomena Banjir Darah di Pekalongan,0,kesehatan,hoaxid_hf,
hf-13825,[SALAH] Pekalongan Dilanda Banjir Darah,0,kesehatan,hoaxid_hf,
hf-13829,[SALAH] Yahya Waloni Menuai Balasan dari Ucapannya yang Menantang Covid-19 dan Enggan Menggunakan Masker,0,kesehatan,hoaxid_hf,
hf-13830,[SALAH] Obat Klorin Dioksida Temuan Prof Dr Richard Claproth Dapat Menyembuhkan Covid-19,0,kesehatan,hoaxid_hf,
hf-13832,[SALAH] Video Air Rebusan Belimbing Wuluh Dapat Mencegah dan Menyembuhkan Covid-19,0,kesehatan,hoaxid_hf,
hf-13838,[SALAH] Tanzania Terbebas dari Covid-19,0,kesehatan,hoaxid_hf,
hf-13842,[SALAH] Ramuan Penangkal Covid-19 oleh Kemenkes,0,kesehatan,hoaxid_hf,
hf-13847,[SALAH] Air Rebusan Belimbing Bisa Cegah dan Sembuhkan Covid-19,0,kesehatan,hoaxid_hf,
hf-13852,[SALAH] Menteri Kesehatan Thailand Menangis Saat Mendapat Vaksin Covid-19,0,kesehatan,hoaxid_hf,
hf-13853,[SALAH] Bantuan Covid-19 untuk Pemilik SIM A dan C oleh Asuransi Jasa Raharja,0,kesehatan,hoaxid_hf,
hf-13858,[SALAH] “Satu2nya negara yg tidak ada COVID19-nya TANZANIA. Mereka gak pernah adakan Rapid Test n PCR kepada penduduknya”,0,kesehatan,hoaxid_hf,
hf-13862,[SALAH] Pesan Berantai “Paradox vaksin”,0,kesehatan,hoaxid_hf,
hf-13863,"[SALAH] “test Ge Nose C19, Mudah n murah. Rp 15 rb, 10 detik, akurasi 99,9%. Gak hrs swab, gak hrs diambil darah”",0,kesehatan,hoaxid_hf,
hf-13872,[SALAH] Dua Kekasih Tidak Lepas Berpelukan Setelah Berhubungan Intim di Jalan,0,kesehatan,hoaxid_hf,
hf-13874,[SALAH] “Gereja Haramkan Vaksin kok MUI Halalkan Vaksin?”,0,kesehatan,hoaxid_hf,
hf-13883,[SALAH] Lianhua Qingwen Dapat Digunakan Sebagai Obat Covid-19,0,kesehatan,hoaxid_hf,
hf-13887,[SALAH] Nomor Palsu Satgas Covid-19 Beredar di Whatsapp,0,kesehatan,hoaxid_hf,
hf-13889,[SALAH] Berkumur dengan Air Hangat dan Air Garam Dapat Menghilangkan Virus Corona,0,kesehatan,hoaxid_hf,
hf-13892,[SALAH] Legenda Bisbol AS Hank Aaron Meninggal Dunia Usai Disuntik Vaksin Covid-19,0,kesehatan,hoaxid_hf,
hf-13893,[SALAH] Minum Air Kelapa Sebagai Penangkal Racun Usai Divaksin,0,kesehatan,hoaxid_hf,
hf-13895,[SALAH] Kumham Hapus Sanksi Pidana setelah Anak Buah Megawati Tolak Vaksin,0,kesehatan,hoaxid_hf,
hf-13899,"[SALAH] Karena Disuntik Vaksin, Dokter di Palembang Meninggal",0,kesehatan,hoaxid_hf,
hf-13902,[SALAH] “Julio Iglesias meninggal karena covid19”,0,kesehatan,hoaxid_hf,
hf-13904,"[SALAH] “Kesan Abdul Somad Saat Divaksin: Ndak Terasa Sakit, Tak Sesakit Ditinggal Pas Lagi Sayang-Sayangnya”",0,kesehatan,hoaxid_hf,
hf-13905,[SALAH] Foto “anak korban vaksinasi covid”,0,kesehatan,hoaxid_hf,
hf-13907,[SALAH] Indonesia Tidak Dapat Menggugat Jika Vaksin Bermasalah,0,kesehatan,hoaxid_hf,
hf-13911,[SALAH] Ketua BPOM Ditekan dan Diancam Untuk Keluarkan Vaksin Sinovac,0,kesehatan,hoaxid_hf,
hf-13912,[SALAH] Dokter di Palembang Meninggal Dunia Usai Disuntik Covid-19,0,kesehatan,hoaxid_hf,
hf-13918,[SALAH] “VAKSINASI PRESIDEN HARUS DIULANG DAN HATI-HATI DENGAN VAKSINASI”,0,kesehatan,hoaxid_hf,
hf-13919,[SALAH] Tangkapan Layar Video CNN Memberitakan Rakyat akan dibunuh oleh Vaksin dari Tiongkok,0,kesehatan,hoaxid_hf,
hf-13920,[SALAH] Diagram Chip 5G pada Vaksin Covid-19,0,kesehatan,hoaxid_hf,
hf-13922,[SALAH] Obat COVID-19 Dexamethasone Lebih Murah dari Harga Vaksin COVID-19,0,kesehatan,hoaxid_hf,
hf-13930,[SALAH] Penjelasan Erick Thohir Terkait Chip COVID-19 dalam Vaksin Dapat Mengontrol Manusia Seumur Hidup,0,kesehatan,hoaxid_hf,
hf-13931,"[SALAH] Pernyataan IDI Terkait Aspartame dalam Minuman Instan Sebabkan Kanker, Diabetes, dan Pengerasan Sumsum Tulang Belakang",0,kesehatan,hoaxid_hf,
hf-13934,[SALAH] “5 cara utk meningkatkan ANTI BODY” dari Regu Pembasmi Covid-19,0,kesehatan,hoaxid_hf,
hf-13937,[SALAH] Video Korban Bergelimpangan Setelah Disuntik Vaksin Sinovac,0,kesehatan,hoaxid_hf,
hf-13942,[SALAH] Video Bill Gates Rapat dengan CIA Mengenai Vaksin Pada Tahun 2005,0,kesehatan,hoaxid_hf,
hf-13943,[SALAH] Video Puluhan Santri Pingsan Setelah Vaksin Covid-19 Sinovac,0,kesehatan,hoaxid_hf,
hf-13944,[SALAH] Singapura Hentikan Vaksinasi Setelah 48 Orang Meninggal di Negaranya,0,kesehatan,hoaxid_hf,
hf-13948,[SALAH] Vaksin Sinovac di Indonesia Dipasang Chip,0,kesehatan,hoaxid_hf,
hf-13951,[SALAH] Video “Setelah disuntik vaksin pingsan tak sadarkan diri”,0,kesehatan,hoaxid_hf,
hf-13954,[SALAH] “Kasdim 0817 Gresik Mayor Sugeng Riyadi meninggal akibat disuntik vaksin”,0,kesehatan,hoaxid_hf,
hf-13955,[SALAH] Merokok Bisa Menghadang Virus Corona,0,kesehatan,hoaxid_hf,
hf-13957,[SALAH] “Vaksin covid-19 itu telah bermutasi menjadi ribuan covid-19 baru di seluruh dunia”,0,kesehatan,hoaxid_hf,
hf-13958,[SALAH] Pembagian Masker Gratis Dicampur Obat Bius,0,kesehatan,hoaxid_hf,
hf-13961,[SALAH] Video Seorang Pemuda Pingsan Setelah Divaksin di NTB,0,kesehatan,hoaxid_hf,
hf-13964,"[SALAH] Jokowi Bukan Disuntik Vaksin, Melainkan Suntik Vitamin",0,kesehatan,hoaxid_hf,
hf-13968,"[SALAH] Jika Sudah Disuntik Vaksin Covid-19, Tidak Perlu Mematuhi Protokol Kesehatan",0,kesehatan,hoaxid_hf,
hf-13972,"[SALAH] “Berita Terbaru Hari Ini ~ 48 Orang Te.was Setelah Di Vaksin Coro.na, Agenda Ja.hat Re.zim Terungkap!”",0,kesehatan,hoaxid_hf,
hf-13975,[SALAH] “Kronologi Syekh Ali Jabar Wafat 2 jam sebelum beliau wafat tak disangka ternyata karna vaksin ini??”,0,kesehatan,hoaxid_hf,
hf-13979,[SALAH] “Ketua Fraksi PDIP saja ga mau di vaksin”,0,kesehatan,hoaxid_hf,
hf-13987,[SALAH] Presiden Terpilih AS Joe Bidden Mundur Karena Alasan Kesehatan,0,kesehatan,hoaxid_hf,
hf-13989,[SALAH] Jokowi Kejang dan Meninggal Dunia setelah Disuntik Vaksin,0,kesehatan,hoaxid_hf,
hf-13990,[SALAH] Terapi Uap Panas dan Minyak Kayu Putih Dapat Membunuh Virus Corona,0,kesehatan,hoaxid_hf,
hf-13993,[SALAH] Pesan Whatsapp Undangan Rakernas Peningkatan Kinerja Tenaga Kesehatan oleh Dinkes DKI,0,kesehatan,hoaxid_hf,
hf-13998,[SALAH] Jokowi Menggunakan Vaksin Buatan Eropa,0,kesehatan,hoaxid_hf,
hf-14000,[SALAH] “Rakyat Aceh menolak vaksin covid19 karena menurut para ulama Aceh itu haram”,0,kesehatan,hoaxid_hf,
hf-14002,[SALAH] Obat Covid-19 dari Asap Batok Kelapa,0,kesehatan,hoaxid_hf,
hf-14006,[SALAH] Dokter dan Perawat di RS Purwakarta Tolak Disuntik Vaksin,0,kesehatan,hoaxid_hf,
hf-14007,[SALAH] “Kemasan vaksin Sinovac ga pake ampulan Didalam box vaksin sudah ada spuit khusus yg sdh ada vaksin nya”,0,kesehatan,hoaxid_hf,
hf-14010,"[SALAH] Video “antri Pemakaman Covid-19 di Tegal Alur,JKT. Hidup antri, mau dikuburpun antri.”",0,kesehatan,hoaxid_hf,
hf-14011,[SALAH] Hirup Uap Air Panas Dua Kali Sehari Dapat Menangkal Covid-19,0,kesehatan,hoaxid_hf,
hf-14016,[SALAH] Tiongkok dan Luhut Pandjaitan Merencanakan Pembunuhan Massal Terhadap Pribumi dengan 40 Ribu Ton Alat Tes Covid-19,0,kesehatan,hoaxid_hf,
hf-14017,[SALAH] 21% Pasien Mengalami Efek Samping Setelah Memakai Vaksin Moderna,0,kesehatan,hoaxid_hf,
hf-14018,[SALAH] Setengah Karyawan BTC Pangkalpinang Positif Covid-19,0,kesehatan,hoaxid_hf,
hf-14019,[SALAH] Pesan Berantai Rekrutmen Relawan Untuk Merawat Pasien Covid 19 di Wisma Atlet Oleh Dokter Irna,0,kesehatan,hoaxid_hf,
hf-14030,[SALAH] Foto Kondisi Katak setelah Divaksin,0,kesehatan,hoaxid_hf,
hf-14033,[SALAH] Video “vaksin AstraZeneca menggunakan MRC-5”,0,kesehatan,hoaxid_hf,
hf-14034,[SALAH] “COVID-19 adalah tipuan terbesar yang pernah dilakukan dan hanya flu buruk lainnya”,0,kesehatan,hoaxid_hf,
hf-14035,[SALAH] “sakit mendadak oleh vaksin”,0,kesehatan,hoaxid_hf,
hf-14043,[SALAH] Hanya 13 Ribu Orang di Britania Raya yang Terinfeksi Covid-19 pada Tahun 2020,0,kesehatan,hoaxid_hf,
hf-14046,[SALAH] Penerima Vaksin Perdana Meninggal Dunia Usai Disuntik Vaksin Pfizer,0,kesehatan,hoaxid_hf,
hf-14048,[SALAH] “Ternyata VAKSIN Yg Akan Di Suntikan Ke Jokowi Berbeda”,0,kesehatan,hoaxid_hf,
hf-14052,[SALAH] “Inalilahi wainailaihi rojiun Telah meninggal..HRS..Di dalam sel karna kena covid…”,0,kesehatan,hoaxid_hf,
hf-14055,[SALAH] Vaksin Covid-19 dari China Musnahkan Penduduk Pribumi,0,kesehatan,hoaxid_hf,
hf-14056,[SALAH] Pinjaman Dana Bantuan Covid-19 oleh Bupati Pasuruan Irsyad Yusuf,0,kesehatan,hoaxid_hf,
hf-14057,[SALAH] “vaksin Sinovac disebutkan memberi efek samping pembesaran alat kelamin”,0,kesehatan,hoaxid_hf,
hf-14058,"[SALAH] “Fabiana Souza, penerima perdana suntikan vaksin covid 19 meninggal dunia di RS.Sao Lucas Porto Alegre Brazil Selatan”",0,kesehatan,hoaxid_hf,
hf-14060,[SALAH] Hydro Oxy Mouth Freshener Spray Dapat Cegah dan Sembuhkan Virus Covid-19,0,kesehatan,hoaxid_hf,
hf-14062,[SALAH] Tulisan Najwa Shihab soal Covid-19,0,kesehatan,hoaxid_hf,
hf-14066,"[SALAH] Vaksin Bermasalah dan Mengerikan, Disuntik Bisa Menjadi Sakit dan Sekarat",0,kesehatan,hoaxid_hf,
hf-14074,[SALAH] “Vaksin Sinovac Covid-19 yang akan di suntikkan kepada warga hanya untuk kelinci percobaan”,0,kesehatan,hoaxid_hf,
hf-14079,[SALAH] “Raja Thailand panggil ulama Islam baca doa tolak bala covid 19”,0,kesehatan,hoaxid_hf,
hf-14080,[SALAH] Vaksin Sinovac Mengandung Sel Kera Hijau Afrika,0,kesehatan,hoaxid_hf,
hf-14082,[SALAH] Tulisan dr. Siti Fadillah terkait Pengobatan Covid-19,0,kesehatan,hoaxid_hf,
hf-14085,[SALAH] Artikel CNN “Seorang Dokter Merekomendasikan Vaksin Covid19 Disuntikkan di Alat Kelamin Pria,0,kesehatan,hoaxid_hf,
hf-14087,[SALAH] Resep Campuran Teh Hijau dan Lemon Untuk Atasi Covid-19,0,kesehatan,hoaxid_hf,
hf-14091,[SALAH] Minum Teh Batang Lada Bisa Sembuhkan Covid-19,0,kesehatan,hoaxid_hf,
hf-14098,[SALAH] Sambal Bawang Bisa Cegah Covid19,0,kesehatan,hoaxid_hf,
hf-14101,[SALAH] Video Ribuan Jamaah Tanpa Masker Sambut Kedatangan Ustadz Abdul Somad di Tengah Pandemi Covid-19,0,kesehatan,hoaxid_hf,
hf-14102,[SALAH] “Bill Gates mengatakan dia tidak akan divaksinasi dan CEO Pfizer juga menunda menerima vaksin covid-19”,0,kesehatan,hoaxid_hf,
hf-14103,[SALAH] Minum Teh Dengan Batang Lada Dapat Sembuhkan Covid-19,0,kesehatan,hoaxid_hf,
hf-14114,[SALAH] “kesimpulan Rob Oswald: COVID 19 adalah khayalan dan fiktif”,0,kesehatan,hoaxid_hf,
hf-14115,[SALAH] “WHO menyatakan bahwa vaksin Sinovac adalah vaksin yang paling lemah”,0,kesehatan,hoaxid_hf,
hf-14116,[SALAH] Istora Senayan Dijadikan Tempat Penampungan Pasien Covid-19,0,kesehatan,hoaxid_hf,
hf-14133,[SALAH] Bill Gates dan CEO Pfizer Menolak Disuntik Vaksin Covid-19,0,kesehatan,hoaxid_hf,
hf-14135,[SALAH] Video Keadaan RS Covid Wisma Atlet,0,kesehatan,hoaxid_hf,
hf-14137,[SALAH] Video Petugas Medis Pakai Jarum Palsu Saat Vaksinasi,0,kesehatan,hoaxid_hf,
hf-14150,[SALAH] Tiga Wanita Bintang Iklan Jamu Covid-19,0,kesehatan,hoaxid_hf,
hf-14151,[SALAH] Tunggakan BPJS Kesehatan Lunas Hanya Dengan Bayar 6 Bulan,0,kesehatan,hoaxid_hf,
hf-14161,[SALAH] Bupati Bojonegoro Dr. Hj. Anna Muawanah terpapar Covid-19,0,kesehatan,hoaxid_hf,
hf-14167,[SALAH] “Jokowi hari ini tolak di suntik vaksin Covid-19 duluan”,0,kesehatan,hoaxid_hf,
hf-14172,[SALAH] Rekrutmen Kerja Staf Lab Vaksin oleh RSU Mulia Hati,0,kesehatan,hoaxid_hf,
hf-14176,[SALAH] “Rumah Sakit Di Lockdown Karena Pasien Vaksin Covid Pertama Mulai Makan Pasien Lain”,0,kesehatan,hoaxid_hf,
hf-14181,[SALAH] Vaksin Covid-19 Buatan Pfizer Berbentuk Vape,0,kesehatan,hoaxid_hf,
hf-14187,[SALAH] “Syarat Vaksin Gratis Jokowi: BPJS Kesehatan Anda Harus Aktif”,0,kesehatan,hoaxid_hf,
hf-14189,[SALAH] Relawan Alami Gangguan Saraf Setelah Disuntik Vaksin Sinovac,0,kesehatan,hoaxid_hf,
hf-14195,[SALAH] “Paus Fransiskus Mengatakan Vaksin Covid Sekarang Akan Diperlukan Untuk Masuk Surga”,0,kesehatan,hoaxid_hf,
hf-14196,[SALAH] Video Jarum Suntik Menghilang Saat Proses Vaksinasi Covid-19,0,kesehatan,hoaxid_hf,
hf-14199,[SALAH] Video Perawat Meninggal Dunia Usai Disuntik Vaksin Covid-19,0,kesehatan,hoaxid_hf,
hf-14202,[SALAH] Jokowi Akan Menggunakan Vaksin Pfizer dan Vaksin Sinovac Untuk Masyarakat,0,kesehatan,hoaxid_hf,
hf-14208,[SALAH] Foto Polisi dengan Luka Bacok,0,kesehatan,hoaxid_hf,
hf-14210,"[SALAH] Video Perawat Pingsan Setelah Mendapat Vaksin Covid-19, Potensi Genosida Massal",0,kesehatan,hoaxid_hf,
hf-14216,[SALAH] Vaksin yang disimpan -80 Derajat Bukanlah Vaksin Melainkan Agen Transfeksi yang Dapat Memanipulasi Genetika Manusia,0,kesehatan,hoaxid_hf,
hf-14218,[SALAH] Singapura Membuka Vaccine Tourism dan Melakukan Vaksinasi di Bandara Changi,0,kesehatan,hoaxid_hf,
hf-14228,[SALAH] Foto “4 Orang Alami Kelumpuhan Wajah Setelah Disuntik Vaksin Corona”,0,kesehatan,hoaxid_hf,
hf-14233,[SALAH] Kota Manado Zona Hitam Covid-19,0,kesehatan,hoaxid_hf,
hf-14234,[SALAH] Kandungan Formaldehida pada Vaksin Menyebabkan Leukimia pada Anak,0,kesehatan,hoaxid_hf,
hf-14244,[SALAH] “IDI tolak yg Pertama dpt Vaksin Sinovac China”,0,kesehatan,hoaxid_hf,
hf-14245,[SALAH] 44 Orang Tenaga Kesehatan Positif Covid di RS Tipe B Parepare,0,kesehatan,hoaxid_hf,
hf-14247,[SALAH] Singapura Lakukan Vaksinasi Covid-19 di Bandara Changi,0,kesehatan,hoaxid_hf,
hf-14248,[SALAH] IDI Tolak Vaksinasi Covid-19,0,kesehatan,hoaxid_hf,
hf-14257,[SALAH] Pesan Berantai Larangan ke Kota Malang Akibat Covid-19,0,kesehatan,hoaxid_hf,
hf-14259,[SALAH] Video Konvoi Kemenangan Plat AD Tidak Patuhi Protokol Kesehatan,0,kesehatan,hoaxid_hf,
hf-14265,"[SALAH] Konsumsi Campuran Air Kelapa, Jeruk Nipis, Garam dan Madu Dapat Menyembuhkan Covid-19",0,kesehatan,hoaxid_hf,
hf-14266,[SALAH] Satu RT di Ciracas Terkena Covid-19,0,kesehatan,hoaxid_hf,
hf-14270,[SALAH] Pendaftaran Relawan COVID-19 di Wisma Atlet,0,kesehatan,hoaxid_hf,
hf-14280,[SALAH] Ketua Tim Peneliti Pfizer: Vaksin Covid-19 Dapat Menyebabkan Kemandulan bagi Perempuan,0,kesehatan,hoaxid_hf,
hf-14281,[SALAH] Telapak Kaki Relawan Melepuh Efek Samping Suntik Vaksin Covid-19,0,kesehatan,hoaxid_hf,
hf-14284,"[SALAH] COVID-19 Merupakan Buatan Manusia sebagai Senjata Biologis dari Carolina Utara, Amerika Serikat dan Pasien Nol Bernama Maatje Benassi",0,kesehatan,hoaxid_hf,
hf-14292,[SALAH] Jangan Datang ke Jalan Melong Cikawao karena Satu RT Positif Covid-19,0,kesehatan,hoaxid_hf,
hf-14297,[SALAH] KPK Lakukan OTT Seorang Dokter Gigi di Surabaya Berkaitan dengan Pilkada 2020,0,kesehatan,hoaxid_hf,
hf-14303,[SALAH] Minum Minyak Kayu Putih Melancarkan Napas Pasien Covid-19,0,kesehatan,hoaxid_hf,
hf-14333,[SALAH] Minum Minyak Kayu Putih Dapat Menyembuhkan COVID-19,0,kesehatan,hoaxid_hf,
hf-14335,[SALAH] China Sembuh dari COVID-19 Tanpa Vaksin,0,kesehatan,hoaxid_hf,
hf-14344,"[SALAH] Foto “Enam Jenazah Anggota FPI yang Ditembak Polisi, Berlumuran Darah, Wajah Penuh Luka Lebam”",0,kesehatan,hoaxid_hf,
hf-14348,[SALAH] Gratis Langganan Netflix Selama Satu Tahun karena Pandemi Covid-19,0,kesehatan,hoaxid_hf,
hf-14353,[SALAH] Kopi Bisa Cegah dan Sembuhkan Covid-19,0,kesehatan,hoaxid_hf,
hf-14358,[SALAH] “Baru sehari mentrinya jd TSK bantuan covid.19 yg ditilep. Hari ini kantor kemensos terbakar”,0,kesehatan,hoaxid_hf,
hf-14366,"[SALAH] “Yang Punya Kartu Bpjs (Kis) Kesehatan Akan Diberikan Bantuan Uang Tunai Sebesar 2,4 Juta”",0,kesehatan,hoaxid_hf,
hf-14379,"[SALAH] Foto Keadaan Rumah Sakit yang Sepi dari Pasien Covid-19 di Nevada, Amerika Serikat",0,kesehatan,hoaxid_hf,
hf-14388,[SALAH] Kandungan Alumunium pada Vaksin Berbahaya bagi Otak,0,kesehatan,hoaxid_hf,
hf-14423,[SALAH] “Korea Selatan Kelabakan Lihat Warganya Meninggal Satu Persatu Usai Disuntik Vaksin”,0,kesehatan,hoaxid_hf,
hf-14424,[SALAH] Pesan Berantai Donor Darah Gratis Oleh Blood For Life (BFL) Indonesia,0,kesehatan,hoaxid_hf,
hf-14427,[SALAH] Vaksin Covid-19 berbasis mRNA Dapat Mengubah DNA Manusia,0,kesehatan,hoaxid_hf,
hf-14437,"[SALAH] Kebijakan Ticketmaster, Wajibkan Vaksin Covid-19 Sebelum Menghadiri Konser",0,kesehatan,hoaxid_hf,
hf-14438,"[SALAH] Minum Air Panas, Susu Panas, Teh Panas dan Menghirup Uapnya Dapat Membunuh Virus Corona",0,kesehatan,hoaxid_hf,
hf-14439,[SALAH] Video Keramaian Stasiun Kereta Api di India Selama Pandemi COVID-19,0,kesehatan,hoaxid_hf,
hf-14443,[SALAH] Joe Biden Mengangkat Orang India sebagai Penasehat Politik,0,kesehatan,hoaxid_hf,
hf-14445,[SALAH] COVID-19 adalah Akronim dari “Certification Of Vaccination Identification 2019” dan Penanaman Barcode Implan di Wuhan pada Tahun 2019,0,kesehatan,hoaxid_hf,
hf-14449,[SALAH] Video Pesan Terakhir Bupati Situbondo Sebelum Meninggal Akibat Covid-19,0,kesehatan,hoaxid_hf,
hf-14451,[SALAH] Rebusan Daun Pepaya Muda hingga Daun Belimbing Bisa Sembuhkan Tumor dalam 24 Jam,0,kesehatan,hoaxid_hf,
hf-14453,[SALAH] Penyebab Flu Spanyol Adalah Bakteri dari Vaksin Meningitis,0,kesehatan,hoaxid_hf,
hf-14456,[SALAH] Air Rebusan Bawang Putih Dapat Menyembuhkan COVID-19,0,kesehatan,hoaxid_hf,
hf-14458,[SALAH] Foto “Viral! Beredar Foto Anies Jenguk Rizieq yang Positif Covid-19”,0,kesehatan,hoaxid_hf,
hf-14459,[SALAH] Test Swab COVID-19 dapat Menyebabkan Lapisan Otak Pecah dan Pendarahan Hingga Kematian dan Pernah Terjadi di Kanada,0,kesehatan,hoaxid_hf,
hf-14466,[SALAH] Corona Adalah Kedok dari Penyakit Radiasi,0,kesehatan,hoaxid_hf,
hf-14481,"[SALAH] “Akibat Suntik Vaksin dari Cina , Masyarakat Zimbabwe Terkena Penyakit Kulit Ber Air.”",0,kesehatan,hoaxid_hf,
hf-14482,[SALAH] Tempurung Kelapa Dapat Mengobati Sakit Gigi Berlubang,0,kesehatan,hoaxid_hf,
hf-14493,[SALAH] Foto Suasana Vaksinasi Covid-19 di Peru,0,kesehatan,hoaxid_hf,
hf-14498,[SALAH] Tempurung Kelapa Bisa Sembuhkan Gigi Berlubang,0,kesehatan,hoaxid_hf,
hf-14499,[SALAH] Radiasi Layar Handphone Bisa Sebabkan Mata Berdarah,0,kesehatan,hoaxid_hf,
hf-14505,[SALAH] Pepaya dan Kambing di Tanzania Positif Covid-19,0,kesehatan,hoaxid_hf,
hf-14513,[SALAH] Covid-19 Bisa Sembuh Hanya Pakai Obat Kumur,0,kesehatan,hoaxid_hf,
hf-14514,[SALAH] Stroke Bisa Muncul Saat Membasahi Kepala di Awal Mandi,0,kesehatan,hoaxid_hf,
hf-14518,[SALAH] Video Pemusik dan Penyanyi Dunia dari Berbagai Agama Menyanyikan Asmaul Husna di Selandia Baru untuk Memohon Berhentinya Wabah COVID-19,0,kesehatan,hoaxid_hf,
hf-14551,"[SALAH] “Di Tanya soal virus Corona KORLAP FPI: Hanya Imam Besar kami yg punya Penangkal virus Corona, karna Imam besar kami cucu Nabi”",0,kesehatan,hoaxid_hf,
hf-14563,[SALAH] Luhut Positif Covid-19 dan Dilarikan ke RS Militer,0,kesehatan,hoaxid_hf,
hf-14570,[SALAH] 48 Orang di Korea Selatan Meninggal Setelah Disuntik Vaksin COVID-19,0,kesehatan,hoaxid_hf,
hf-14576,[SALAH] Kisah Dokter yang Kekasihnya Positif Covid-19 di Italia,0,kesehatan,hoaxid_hf,
hf-14619,[SALAH] Video Penangkapan Ketua Aliansi Dokter Sedunia Penyebar Hoaks Covid-19,0,kesehatan,hoaxid_hf,
hf-14622,[SALAH] BPOM Halangi Vaksin yang akan Diberikan,0,kesehatan,hoaxid_hf,
hf-14629,[SALAH] Petinggi WHO Terpapar Covid-19,0,kesehatan,hoaxid_hf,
hf-14633,[SALAH] Pemerintah Berikan Bantuan Internet Gratis Selama Pandemi Covid-19,0,kesehatan,hoaxid_hf,
hf-14640,[SALAH] Pertolongan Pertama Pada Stroke Dengan Tusuk Jari,0,kesehatan,hoaxid_hf,
hf-14654,[SALAH] “TERNYATA SUDAH 10 hari PENDEMO tidak ada yang kena COVID 19”,0,kesehatan,hoaxid_hf,
hf-14657,[SALAH] Memakai Masker Menyebabkan Kanker,0,kesehatan,hoaxid_hf,
hf-14684,[SALAH] Presiden Jokowi Menjadi Dokter,0,kesehatan,hoaxid_hf,
hf-14686,[SALAH] Pesan Pembuatan Grup WhatsApp tentang Virus COVID-19 oleh Sekjen Kemenkes,0,kesehatan,hoaxid_hf,
hf-14696,[SALAH] Kawasan Johor Baru Malaysia Terdampak Ekonomi Pandemi Covid-19,0,kesehatan,hoaxid_hf,
hf-14705,[SALAH] Pandemi Telah Berakhir dan Covid-19 Adalah Flu Biasa,0,kesehatan,hoaxid_hf,
hf-14721,[SALAH] “Pendataan Imunisasi Covid-19 untuk Tenaga Medis dan Non Medis oleh Dinas Kesehatan Provinsi DKI Jakarta”,0,kesehatan,hoaxid_hf,
hf-14725,[SALAH] Daun Sisik Naga Dapat Menyembuhkan Kanker Payudara,0,kesehatan,hoaxid_hf,
hf-14750,[SALAH] Jenazah Pasien Covid-19 Dikubur Masih Pakai Daster dan Tidak Sesuai Syariat Fardhu Kifayah Islam,0,kesehatan,hoaxid_hf,
hf-14764,[SALAH] Vaksin COVID-19 Dapat Mengubah DNA Manusia,0,kesehatan,hoaxid_hf,
hf-14765,"[SALAH] “mana mau media memberita kan polisi yang terluka, mereka beritakan kalo ada perusuh yg terluka”",0,kesehatan,hoaxid_hf,
hf-14772,[SALAH] Presiden Donald Trump Meninggal Dunia karena COVID-19,0,kesehatan,hoaxid_hf,
hf-14781,[SALAH] Pesawat “Darurat Bencana” Diluncurkan Karena Donald Trump Positif COVID-19,0,kesehatan,hoaxid_hf,
hf-14783,[SALAH] Hydroxychloroquine Sebagai Obat Malaria di Uganda,0,kesehatan,hoaxid_hf,
hf-14790,"[SALAH] Donald Trump: “Darahku adalah vaksinnya!!!,”",0,kesehatan,hoaxid_hf,
hf-14794,[SALAH] MUI Larang Penggunaan Vaksin Covid-19 yang Didatangkan dari Tiongkok,0,kesehatan,hoaxid_hf,
hf-14807,"[SALAH] “*Dzolim banget Polisi ini,* demonstran terluka dirawat di RS tapi pake cara interogasi penyiksaan”",0,kesehatan,hoaxid_hf,
hf-14808,[SALAH] Harga Vaksin di Indonesia 1000% Lebih Mahal Daripada di Brazil,0,kesehatan,hoaxid_hf,
hf-14810,[SALAH] COVID-19 Tidak Membuat Orang Meninggal Dunia,0,kesehatan,hoaxid_hf,
hf-14820,[SALAH] COVID-19 Tidak Membuat Orang Meninggal Dunia,0,kesehatan,hoaxid_hf,
hf-14825,[SALAH] Foto Dokter Menyatakan COVID-19 Disebarkan Melalui Vaksin,0,kesehatan,hoaxid_hf,
hf-14837,[SALAH] Selembaran Berisi Informasi Daun Teh Tiek Kwan Im Mengandung Obat Bius,0,kesehatan,hoaxid_hf,
hf-14839,[SALAH] Pengumuman Beasiswa Covid-19 Rp4 Juta dari STMIK Royal Kisaran Melalui SMS,0,kesehatan,hoaxid_hf,
hf-14842,[SALAH] Biden Terpapar COVID-19 dan Batuk Terus-Menerus Saat Kampanye,0,kesehatan,hoaxid_hf,
hf-14847,[SALAH] Anies Baswedan Terpapar COVID-19 dan Dilarikan ke RS Royal Sunter,0,kesehatan,hoaxid_hf,
hf-14850,[SALAH] Tim Kampanye Donald Trump Galang Dana Untuk Kesembuhan Trump,0,kesehatan,hoaxid_hf,
hf-14866,"[SALAH] “Mereka yang Turun ke Jalanan Hari Ini Jika Besok Mereka Masih Hidup dan Sehat, Artinya Perihal Corona Hanya Politik & Bisnis Semata”",0,kesehatan,hoaxid_hf,
hf-14873,[SALAH] Menghirup Uap Panci Presto Dapat Mengobati COVID-19,0,kesehatan,hoaxid_hf,
hf-14888,"[SALAH] “Emil Saat Diambil Darah untuk Uji Vaksin China, tutup jarumnya belum di buka”",0,kesehatan,hoaxid_hf,
hf-14910,[SALAH] “Cina mentargetkan 100 jt penduduk indonesia mati melalui vaksin cina”,0,kesehatan,hoaxid_hf,
hf-14912,[SALAH] “menghilangkan virus adalah mengkonsumsi lebih banyak makanan dan minuman alkali diatas tingkat keasaman virus”,0,kesehatan,hoaxid_hf,
hf-14921,[SALAH]Peserta BPJS Kesehatan Gratis Diblokir karena punya motor lebih dari satu.,0,kesehatan,hoaxid_hf,
hf-14923,[SALAH] Tepung Terigu Bisa Obati Luka Bakar,0,kesehatan,hoaxid_hf,
hf-14929,[SALAH] Dua Orang Pria Meninggal Dunia Akibat Kekerasan Polisi Saat Aksi Protes Anti-Vaksin dan Anti-Masker di London,0,kesehatan,hoaxid_hf,
hf-14930,[SALAH] “Pembuatan group WhatsApp ‘INFO WILAYAH PENULARAN COVID-19’ dan pembagian VAKSIN”,0,kesehatan,hoaxid_hf,
hf-14932,[SALAH] Artikel Detik.com “Trans Studio Bandung Tutup Mulai Hari ini Untuk Cegah Penyebaran Virus Corona di Bandung”,0,kesehatan,hoaxid_hf,
hf-14933,[SALAH] “Arief Puyouno: Saya Yakin Dana Penanggulangan Covid-19 di DKI Banyak Penyimpangan Karena Gabenernya Adalah Kaki Tangan Kadrun Gila”,0,kesehatan,hoaxid_hf,
hf-14963,"[SALAH] Santri yang Hidupnya di Pondok Dicurigai Terpapar Covid-19, Yang Keluyuran di Mall Dibiarin Aja",0,kesehatan,hoaxid_hf,
hf-14970,[SALAH] Sultan HB X Sebut Positif-Negatif Covid-19 Sama Saja Karena Semua Orang Pasti Meninggal,0,kesehatan,hoaxid_hf,
hf-14986,[SALAH] Akun Facebook Bupati Bekasi Meminta Sumbangan Dana Covid-19,0,kesehatan,hoaxid_hf,
hf-14989,[SALAH] Kunyah Daun Sirih Untuk Mengatasi Covid-19,0,kesehatan,hoaxid_hf,
hf-14991,[SALAH] “Daun Mimba Dapat Menyembuhkan Covid-19”,0,kesehatan,hoaxid_hf,
hf-14997,[SALAH] Foto Anies Baswedan Dinobatkan Menjadi Gubernur Terbaik Dunia,0,kesehatan,hoaxid_hf,
hf-15001,[SALAH] Razia Masker Non Medis dengan Denda Rp30 Ribu di Bundaran SMP 5 Malang,0,kesehatan,hoaxid_hf,
hf-15009,[SALAH] “Minum Kopi 3 x Sehari untuk menangkal Covid-19”,0,kesehatan,hoaxid_hf,
hf-15018,[SALAH] Tutorial Mendapat Kuota Gratis 20GB dari Program Covid-19,0,kesehatan,hoaxid_hf,
hf-15026,"[SALAH] “Ketika di vaksin, microchip yg sangat kecil dipasang tanpa terasa, New Dajjal siap membunuh 7.5 milyard manusia”",0,kesehatan,hoaxid_hf,
hf-15031,[SALAH] 200 Mayat Korban Covid-19 Sekali Kubur di Italia,0,kesehatan,hoaxid_hf,
hf-15034,[SALAH] Foto Peta Persebaran COVID-19 di Jakarta Berwarna Merah dan Hitam,0,kesehatan,hoaxid_hf,
hf-15035,[SALAH] Sejumlah Negara Membeli Produk Alat Test COVID-19 pada Tahun 2017-2018,0,kesehatan,hoaxid_hf,
hf-15037,"[SALAH] “Ini ada ratusan nyawa dokter yang sudah menjadi korban, Pak Menkes bilang jangan dibesar-besarkan”",0,kesehatan,hoaxid_hf,
hf-15050,"[SALAH] Selama Covid19 Ada, Tidak ada Orang Gila Yang Kena Covid19",0,kesehatan,hoaxid_hf,
hf-15056,[SALAH] Video Teknik Menahan Napas Untuk Deteksi Covid-19,0,kesehatan,hoaxid_hf,
hf-15078,[SALAH] Foto Gubernur Anies Memegang Piagam Bertuliskan “PENGHARGAAN Provinsi Jumlah Covid 19 Tertinggi”,0,kesehatan,hoaxid_hf,
hf-15079,[SALAH] Makan Buah Saat Perut Kosong Sembuhkan Kanker,0,kesehatan,hoaxid_hf,
hf-15109,[SALAH] Beredarnya Obat Progesterex untuk Mensterilkan Perempuan,0,kesehatan,hoaxid_hf,
hf-15111,[SALAH] Covid-19 Singkatan dari Certificate of Vaccination Identification with Artificial Intelligence,0,kesehatan,hoaxid_hf,
hf-15116,[SALAH] Pesan Berantai “Salah Satu Cara Untuk Menangkis Virus Covid-19 Dengan Air Garam dan Air Hangat”,0,kesehatan,hoaxid_hf,
hf-15118,"[SALAH] Campuran Air Kelapa Muda, Jeruk Nipis, dan Garam Dapat Mematikan Virus Corona",0,kesehatan,hoaxid_hf,
hf-15120,[SALAH] Air Rebusan Pepaya Muda Bisa Sembuhkan Kanker Kelenjar Getah Bening,0,kesehatan,hoaxid_hf,
hf-15121,[SALAH] “getah daun kemangi obat gatal-gatal”,0,kesehatan,hoaxid_hf,
hf-15135,Samsung ingin membantu siswa yang membutuhkan ponsel untuk belajar karena pandemi Covid19,0,kesehatan,hoaxid_hf,
hf-15137,[SALAH] Perdana Menteri Jepang Mundur Karena Terkait Virus Corona,0,kesehatan,hoaxid_hf,
hf-15141,[SALAH] Film Asal Korea Prediksi COVID-19,0,kesehatan,hoaxid_hf,
hf-15156,[SALAH] Ivermectin Obat Covid-19,0,kesehatan,hoaxid_hf,
hf-15160,[SALAH] Peta Sebaran Covid-19 Wilayah Situbondo,0,kesehatan,hoaxid_hf,
hf-15164,[SALAH] Semua Pasien Positif Covid-19 di Padang Dinyatakan Sembuh,0,kesehatan,hoaxid_hf,
hf-15166,[SALAH] Azan Dapat Melemahkan Virus Corona,0,kesehatan,hoaxid_hf,
hf-15167,[SALAH] RSUD Waluyo Jati Ditutup Karena Semua Petugas Diisolasi Akibat Covid-19,0,kesehatan,hoaxid_hf,
hf-15170,[SALAH] Foto “Italia telah Gagal Sepenuhnya COVID-19”,0,kesehatan,hoaxid_hf,
hf-15172,[SALAH] Korban Virus Corona,0,kesehatan,hoaxid_hf,
hf-15174,[SALAH] Video “Obat COVID-19 Telah Ditemukan dan Siap Disebarkan ke Seluruh Indonesia”,0,kesehatan,hoaxid_hf,
hf-15176,[SALAH] Pasien Postif Virus Corona di Sungai Rangit Dijemput Paksa Kepolisian dan Tim Medis,0,kesehatan,hoaxid_hf,
hf-15177,[SALAH] Hotman Paris Berencana Undang BTS dan EXO setelah Virus Corona Teratasi,0,kesehatan,hoaxid_hf,
hf-15182,[SALAH] Literasi COVID-19 Dari drh. Moh. Indro Cahyono,0,kesehatan,hoaxid_hf,
hf-15183,[SALAH] Dokter Italia Sengaja Membunuh Pasien Virus Corona,0,kesehatan,hoaxid_hf,
hf-15184,[SALAH] Pasien Berstatus Positif Covid-19 di Wilayah Tiban Melarikan Diri,0,kesehatan,hoaxid_hf,
hf-15185,[SALAH] “Bansos PSBB Covid-19 dari Pemda DKI Jakarta Paket sembako senilai 350rb + uang tunai 150rb = 500rb rupiah”,0,kesehatan,hoaxid_hf,
hf-15188,[SALAH] Kumpulan Mobil di Pool Grab Cinere karena Sopir Tidak Sanggup Bayar Kredit Saat Covid-19,0,kesehatan,hoaxid_hf,
hf-15190,[SALAH] “Tidak ada sama sekali Ucapan bela sungkawa Presiden kepada dr dan team medis yg berguguran dimedan Covid-19”,0,kesehatan,hoaxid_hf,
hf-15197,[SALAH] “jakarta menjadi daerah paling banyak terinfeksi virus covid-19 karena salah pilih gubernur”,0,kesehatan,hoaxid_hf,
hf-15200,[SALAH] “Ternyata virus corona dapat diobati dengan cara berendam di AIR LAUT”,0,kesehatan,hoaxid_hf,
hf-15202,[SALAH] Pelabuhan Merak-Bakauheni Tutup Pasca Persebaran Virus Corona,0,kesehatan,hoaxid_hf,
hf-15203,[SALAH] Universitas Brawijaya Kembalikan Uang Kuliah Akibat Persebaran Virus Corona,0,kesehatan,hoaxid_hf,
hf-15204,[SALAH] “salah satu solusi untuk virus ini adalah secangkir teh sederhana”,0,kesehatan,hoaxid_hf,
hf-15205,[SALAH] Foto “Italia. Tidak ada lagi ruang yang tersedia di rumah sakit. #CoronavirusLockdown”,0,kesehatan,hoaxid_hf,
hf-15206,[SALAH] Kanika Kapoor Tularkan Virus Corona ke Pangeran Charles,0,kesehatan,hoaxid_hf,
hf-15207,[SALAH] “dampak virus COVID-19 hubungan suami istri jadi terancam”,0,kesehatan,hoaxid_hf,
hf-15208,[SALAH] Daftar Zona Merah Daerah Terjangkit Virus Corona Oleh TNI,0,kesehatan,hoaxid_hf,
hf-15211,[SALAH] Hanya Cicilan Nasabah yang Positif COVID-19 yang Dapat Ditangguhkan,0,kesehatan,hoaxid_hf,
hf-15212,[SALAH] “kuburan massal buat korban #viruscorona di ITALIA”,0,kesehatan,hoaxid_hf,
hf-15215,[SALAH] Peta Zona Merah Virus Corona Wilayah Purwokerto,0,kesehatan,hoaxid_hf,
hf-15216,[SALAH] Warga Dihimbau Tak Melintas di Depan Toko Spectra Dikarenakan Adanya ODP Akibat Virus Corona,0,kesehatan,hoaxid_hf,
hf-15218,[SALAH] Ratusan Warga China yang Menetap di Indonesia Menuju Singapura karena Virus Corona,0,kesehatan,hoaxid_hf,
hf-15219,[SALAH] Tulisan “TO:FRONT PEMBELA ISLAM” di Foto Paket Bantuan COVID-19 Tiongkok,0,kesehatan,hoaxid_hf,
hf-15220,[SALAH] “minuman beralkohol bisa mengurangi risiko infeksi dari novel coronavirus; COVID-19”,0,kesehatan,hoaxid_hf,
hf-15222,[SALAH] Arahan Gubernur DKI Terkait Himbauan Covid-19,0,kesehatan,hoaxid_hf,
hf-15223,[SALAH] “Info Terkini : kudus sudah ada 2 org pasien Virus corona”,0,kesehatan,hoaxid_hf,
hf-15224,[SALAH] “Bentuk virus corona setelah diperbesar 2600x”,0,kesehatan,hoaxid_hf,
hf-15227,"[SALAH] Jokowi: Sengaja Saya Bedakan Mudik & Pulang Kampung, untuk Mengelabui Virus Corona",0,kesehatan,hoaxid_hf,
hf-15228,[SALAH] Video “nasehat dari alm. Erma Yunita Simamora yg meninggal pd tanggal. 20-04-2020 di RS AR Bunda Lbk Linggau”,0,kesehatan,hoaxid_hf,
hf-15229,[SALAH] Beberapa Negara Membuang Jenazah Pasien Covid-19 Ke Laut,0,kesehatan,hoaxid_hf,
hf-15231,[SALAH] Daniel Radcliffe Positiv Terinfeksi Corona Covid-19,0,kesehatan,hoaxid_hf,
hf-15233,[SALAH] Narasi Pesan Himbauan Pencegahan Virus Corona Mengatasnamakan UNICEF,0,kesehatan,hoaxid_hf,
hf-15236,[SALAH] Bantuan Covid-19 oleh BRI Melalui BRIVA,0,kesehatan,hoaxid_hf,
hf-15237,"[SALAH] Akibat Pandemi COVID-19, Keluarga Beberapa Hari Tidak Makan",0,kesehatan,hoaxid_hf,
hf-15242,[SALAH] Foto “Ka’bah sepi dari yang Thawaf karena Virus Corona”,0,kesehatan,hoaxid_hf,
hf-15244,"[SALAH] “salah satu warga Bekasi ada yg positif terkena virus Corona, meninggal dunia”",0,kesehatan,hoaxid_hf,
hf-15245,[SALAH] “Elisa Granato kelinci percobaan vaksin kopit di inggris meninggal 2 hari setelah divaksin”,0,kesehatan,hoaxid_hf,
hf-15247,[SALAH] Pesan Berantai WhatsApp Tiga Warga Yogyakarta Terjangkit Virus Corona,0,kesehatan,hoaxid_hf,
hf-15248,[SALAH] “Paus Fransiskus dan dua pembantunya dinyatakan positif mengidap Coronavirus”,0,kesehatan,hoaxid_hf,
hf-15252,"[SALAH] Dijemput oleh Tim Medis, Kakak Beradik Usia 8 dan 4 Tahun di Tangerang Terjangkit Covid-19 akibat Main di Luar Rumah",0,kesehatan,hoaxid_hf,
hf-15253,"[SALAH] “Serangan Virus Corona Belum Berakhir, Kini Negeri China Dirundung Serangan Tentara Baru Dalam Bentuk Nyamuk Jumbo dan Burung Gagak”",0,kesehatan,hoaxid_hf,
hf-15254,"[SALAH] “Setelah cina di landa virus corona,allah beri hadiah kpd umat muslim di cina yaitu terbukanya mesjid2 seluruh daratan cina”",0,kesehatan,hoaxid_hf,
hf-15258,[SALAH] Di Bekasi Sudah Ada Terduga Pasien Virus Corona,0,kesehatan,hoaxid_hf,
hf-15260,[SALAH] “SOLAT JUM’AT DI BALIK VIRUS CORONA”,0,kesehatan,hoaxid_hf,
hf-15267,[SALAH] Virus Corona Sudah Sampai di Apartemen Taman Anggrek,0,kesehatan,hoaxid_hf,
hf-15268,[SALAH] 7 Penumpang Lion Air Yang Berasal Dari China di Manado Terinfeksi Virus Corona,0,kesehatan,hoaxid_hf,
hf-15269,[SALAH] Video “Akibat virus Corona Babi di kubur hidup-hidup”,0,kesehatan,hoaxid_hf,
hf-15272,[SALAH] Akun Palsu “Bupati Pasuruan Minta Penggalangan Dana Covid-19”,0,kesehatan,hoaxid_hf,
hf-15273,[SALAH] Rumah Sakit Kanusojo Balikpapan Telah Menerima Pasien Positif Virus Corona,0,kesehatan,hoaxid_hf,
hf-15274,[SALAH] “Virus Corona masuk makanan kalengan Cina”,0,kesehatan,hoaxid_hf,
hf-15276,"[SALAH] “Hati-hati untuk wilayah Tanjung Enim, Muara Enim dan sekitarnya. Virus CORONA sudah masuk!”",0,kesehatan,hoaxid_hf,
hf-15280,[SALAH] Dettol Antiseptik Disebut Dapat Membunuh Virus Corona,0,kesehatan,hoaxid_hf,
hf-15281,[SALAH] Video “5 Pasien Suspect Infeksi Virus Corona’ – 1 Meninggal Dunia Di RSU Dr Kariadi Semarang-Indonesia”,0,kesehatan,hoaxid_hf,
hf-15282,"[SALAH] Golden Swalayan Jadi Klaster Baru Covid-19, Warga Wajib Lapor RT Jika Ingin Berkunjung",0,kesehatan,hoaxid_hf,
hf-15284,"[SALAH] “Bukannya memotong gajinya untuk mereka para tim medis, malah memotong tunjangan para tim medis.”",0,kesehatan,hoaxid_hf,
hf-15286,[SALAH] Video “EXPLORE Pasar Wuhan – Virus Corona Diduga Bermunculan”,0,kesehatan,hoaxid_hf,
hf-15289,[SALAH] Vaksin Covid Sebabkan Mandul,0,kesehatan,hoaxid_hf,
hf-15290,[SALAH] Dokumen WHO Tidak Menganjurkan untuk Memakai Masker Selama Pandemi COVID-19,0,kesehatan,hoaxid_hf,
hf-15294,[SALAH] “Corona virus sudah ada di RS. Bhayangkara Indramayu”,0,kesehatan,hoaxid_hf,
hf-15301,"[SALAH] Diduga Terinfeksi Virus Corona, Seorang Warga di Depok Diisolasi",0,kesehatan,hoaxid_hf,
hf-15302,[SALAH] Ada 3 Orang TKA China PT IWIP Yang Meninggal Dunia Akibat Virus Corona,0,kesehatan,hoaxid_hf,
hf-15303,[SALAH] “Jokowi: Virus corona minum bodrex 5 menit langsung sembuh”,0,kesehatan,hoaxid_hf,
hf-15307,[SALAH] Foto “Virus corona sudah sampai Terminal 3 Internasional Bandara Soekarno-Hatta”,0,kesehatan,hoaxid_hf,
hf-15308,[SALAH] “Di makassar dirawat 1 pasien suspect corona virus”,0,kesehatan,hoaxid_hf,
hf-15309,[SALAH] Dua Perawat di RS Sardjito Terjangkit Virus Corona,0,kesehatan,hoaxid_hf,
hf-15312,[SALAH] Sekeluarga Terinfeksi Covid-19 Setelah Menghadiri Acara Ulang Tahun,0,kesehatan,hoaxid_hf,
hf-15317,"[SALAH] “gereja semakin sepi yg tinggal cuma pakaian, org nya udh bertobat masuk islam”",0,kesehatan,hoaxid_hf,
hf-15318,[SALAH] Video “PENJELASAN AHLI VIRUS BAHWA CORONA TIDAK MEMBUNUH”,0,kesehatan,hoaxid_hf,
hf-15319,[SALAH] Pegawai Pusat Perbelanjaan Luwes Gading Dijemput Petugas Medis,0,kesehatan,hoaxid_hf,
hf-15334,[SALAH] Korlap FPI Sebut Imam Besar Kami Punya Penangkal Virus Corona,0,kesehatan,hoaxid_hf,
hf-15345,[SALAH] “Pemerintah Takkan Umumkan Lagi Kasus Positif Covid-19”,0,kesehatan,hoaxid_hf,
hf-15354,[SALAH] Mengonsumsi Telur Rebus Saat Tengah Malam dapat Menangkal COVID-19,0,kesehatan,hoaxid_hf,
hf-15365,[SALAH] Putri Vladimir Putin Meninggal Setelah Dosis Kedua Vaksin COVID,0,kesehatan,hoaxid_hf,
hf-15378,[SALAH] “Tangkapan Layar Pengakuan Relawan Suntik Vaksin Covid-19 yang Menyebut Lupa Punya Hutang tapi Plonga-Plongo”,0,kesehatan,hoaxid_hf,
hf-15387,[SALAH] Pemakaian Masker Menyebabkan Penyakit Legionnaires,0,kesehatan,hoaxid_hf,
hf-15394,[SALAH] Video “Kembang api Olimpiade ditampilkan pada saat ini karena Olimpiade Tokyo ditunda karena covid-19”,0,kesehatan,hoaxid_hf,
hf-15398,[SALAH] Video Rusia Jadi Pemenang Pembuatan Vaksin C19,0,kesehatan,hoaxid_hf,
hf-15403,"[SALAH] Air Kelapa Muda, Jeruk Nipis, dan Garam Obat Covid-19",0,kesehatan,hoaxid_hf,
hf-15408,"[SALAH] Foto “Putri Presiden Rusia Vladimir Putin, Orang Pertama yang Sudah Divaksin Dengan Vaksin Tim Kedokteran Rusia”",0,kesehatan,hoaxid_hf,
hf-15418,[SALAH] Tenaga Medis China Didatangkan Untuk Membantu Menangani Covid-19 di Indonesia,0,kesehatan,hoaxid_hf,
hf-15432,[SALAH] Video Animasi Penyebaran Virus Corona,0,kesehatan,hoaxid_hf,
hf-15437,[SALAH] Kanada Sudah Terbebas dari Covid-19,0,kesehatan,hoaxid_hf,
hf-15443,[SALAH] Pesan Berantai Kantor Pusat PT Kawan Lama Ditutup Karena Salah Satu Direksi Meninggal dan 10 Orang Karyawan Terpapar Covid-19,0,kesehatan,hoaxid_hf,
hf-15456,[SALAH] Setiap Hari Puskesmas di Kelapa Gading Rujuk 10 Pasien COVID-19 ke Wisma Atlet,0,kesehatan,hoaxid_hf,
hf-15457,"[SALAH] Foto “1 Agustus 2020, jutaan warga Jerman turun ke jalan menolak kemerdekaannya dirampas dengan dalih virus sepele.”",0,kesehatan,hoaxid_hf,
hf-15459,[SALAH] Pedagang di Pasar Mayestik Meninggal Karena Covid-19,0,kesehatan,hoaxid_hf,
hf-15461,"[SALAH] “99, 9% Tingkat Kesembuhan Covid dan vaksin dengan tingkat efek merugikan 80%”",0,kesehatan,hoaxid_hf,
hf-15464,"[SALAH] Pesan Berantai Penelitian Online Mahasiswi Ilmu Psikologi Kesehatan, Fakultas Kedokteran Universitas Brawijaya",0,kesehatan,hoaxid_hf,
hf-15466,[SALAH] Himbauan Dokter Bernard Mahfoudz,0,kesehatan,hoaxid_hf,
hf-15478,"[SALAH] Virus ini punya obat Hydroxychloroquine, Zinc dan Zithromax",0,kesehatan,hoaxid_hf,
hf-15484,[SALAH] Foto Presiden Jokowi Bersama Pelawak di Istana Negara Dikaitkan dengan Covid-19,0,kesehatan,hoaxid_hf,
hf-15487,[SALAH] Klaim Hadi Pranoto Soal COVID-19,0,kesehatan,hoaxid_hf,
hf-15500,[SALAH] Tangkapan Layar Berita “RK Ajak ABU JANDA Jadi Relawan Uji Vaksin COVID-19 Buatan China”,0,kesehatan,hoaxid_hf,
hf-15501,[SALAH] Jus Jahe dan Lada Hitam Mampu Sembuhkan Covid-19,0,kesehatan,hoaxid_hf,
hf-15513,"[SALAH] “Nih yang bikin Covid, si jagoan Wall Street (Rockefeller Foundation)”",0,kesehatan,hoaxid_hf,
hf-15514,[SALAH] Transmart Ditutup Selama 10 Hari Karena Belasan Orang Terpapar Covid-19,0,kesehatan,hoaxid_hf,
hf-15516,"[SALAH] Foto “Penipuan para medis, termasuk alat tes suhu di kening, itu alat sinar leser tes suhu kabel demi proyek covit”",0,kesehatan,hoaxid_hf,
hf-15517,[SALAH] China Lakukan Uji Coba Vaksin di Indonesia Karena Kekurangan Monyet,0,kesehatan,hoaxid_hf,
hf-15522,[SALAH] Gambar “Pengujian Vaksin Covid-19 Telah Sukses”,0,kesehatan,hoaxid_hf,
hf-15527,[SALAH] Jokowi Mendapat Silver Button Karena Mencapai 100.000 Kasus Covid,0,kesehatan,hoaxid_hf,
hf-15528,[SALAH] Foto Tenaga Medis Merangkai Kata ‘BACOT!’,0,kesehatan,hoaxid_hf,
hf-15532,"[SALAH] “KASAD klarifikasi, anggota TNI di bandung ternyata rata2 membantah Positif kena Covid 19”",0,kesehatan,hoaxid_hf,
hf-15534,[SALAH] Awas Hati-hati Apa Yang Disemprotkan FPI Adalah Virus Corona,0,kesehatan,hoaxid_hf,
hf-15538,[SALAH] “mayat positif covid 19 dikuburkan masih menggunakan daster (tidak sesuai dgn syariat fardhu kifayah islam)”,0,kesehatan,hoaxid_hf,
hf-15550,[SALAH] “hindari Citos byk karyawannya terpapar covid19. Area citos rawan”,0,kesehatan,hoaxid_hf,
hf-15555,[SALAH] “Indonesia satu2nya negara didunia yang pemerintahnya bahagia merelakan rakyatnya jadi kelinci percobaan vaksin dari china”,0,kesehatan,hoaxid_hf,
hf-15556,[SALAH] Virus Baru bernama SFTS dari China,0,kesehatan,hoaxid_hf,
hf-15569,[SALAH] “Duo Sipit… Yg Satu sudah menjadi Dewan Penasehat DenSus….yg Satunya Hendak mau Jadi Dewan Penasehat Mabes Polri”,0,kesehatan,hoaxid_hf,
hf-15572,[SALAH] Daftar Perlengkapan Medis di Rumah Untuk Hadapi Covid-19,0,kesehatan,hoaxid_hf,
hf-15580,[SALAH] Foto Terakhir Dokter Hadio Berdiri Di Depan Pagar Temui Anak Sebelum Meninggal Karena Covid-19,0,kesehatan,hoaxid_hf,
hf-15581,[SALAH] “Selamat datang TKA China sebarkan virus corona #TergagapCorona”,0,kesehatan,hoaxid_hf,
hf-15590,"[SALAH] 71 Pasien Covid-19 Klaster Hajatan Boyolali Dijemput Petugas, Biaya Dibebankan ke Pemilik Hajatan",0,kesehatan,hoaxid_hf,
hf-15596,[SALAH] Kondisi Jenazah Korban Covid-19 Di Rumah Sakit Osmania India,0,kesehatan,hoaxid_hf,
hf-15600,"[SALAH] “Takut Dibunuh, Ahli Virus China Kabur ke AS: Saya Bersaksi Covid-19 Hasil Persekongkolan Jahat”",0,kesehatan,hoaxid_hf,
hf-15618,[SALAH] Covid-19 Tidak Murni Sebabkan Kematian,0,kesehatan,hoaxid_hf,
hf-15624,"[SALAH] Foto “Barack Obama, Anthony Fauci dan Melinda Gates mengunjungi ‘pabrik coronavirus’ Laboratorium Cina Wuhan tahun 2015”",0,kesehatan,hoaxid_hf,
hf-15628,[SALAH] Beberapa RSUD Di Jakarta dan Depok Ditutup Karena Karyawan Positif Covid-19,0,kesehatan,hoaxid_hf,
hf-15640,[SALAH] Pedagang di Pasar Segiri Positif Covid-19,0,kesehatan,hoaxid_hf,
hf-15642,[SALAH] Nasi Padang Menjadi Sumber Penularan Covid-19,0,kesehatan,hoaxid_hf,
hf-15651,[SALAH] “Video pembuangan jenazah-jenazah korban Covid-19 di laut Meksiko”,0,kesehatan,hoaxid_hf,
hf-15659,[SALAH] Video Doa Imam Besar Masjidil Haram Mekah Assyeikh Sudais terhadap Musibah Virus Corona,0,kesehatan,hoaxid_hf,
hf-15663,"[SALAH] “Muncul Virus Baru di China Selain Corona, #Hantavirus”",0,kesehatan,hoaxid_hf,
hf-15680,[SALAH] “Dirut RSUI bersama 2 Direktur RSUI lainnya dan 10 staff RSUI saat ini dirawat di RSUI terkena Covid”,0,kesehatan,hoaxid_hf,
hf-15694,[SALAH] “Aktor Javed Haider menjual sayuran karena tidak ada pekerjaan akibat pandemi #COVID19”,0,kesehatan,hoaxid_hf,
hf-15698,[SALAH] Tenaga Medis di Sampang Sengaja Sebarkan Corona Dengan Disuntik,0,kesehatan,hoaxid_hf,
hf-15703,"[SALAH] “SEHARI SETELAH DILAKUKAN RAPID TEST COVID-19 KEPADA PARA SANTRI DI KUDUS, 1.000 SANTRI TAK SADARKAN DIRI”",0,kesehatan,hoaxid_hf,
hf-15704,[SALAH] Gambar Tangkapan Layar Berita Viva.co.id Berjudul “Kementan Produksi Massal Kalung Antivirus Corona Bulan Depan” Dengan Foto Headline Kalung Bertaring,0,kesehatan,hoaxid_hf,
hf-15712,[SALAH] Larangan Keluar Rumah Karena Puncak Penyebaran Virus Corona,0,kesehatan,hoaxid_hf,
hf-15718,[SALAH] Desain Helm Covid-19 Pada Kompetisi NFL,0,kesehatan,hoaxid_hf,
hf-15728,[SALAH] Video “Benarkah COVID ada??”,0,kesehatan,hoaxid_hf,
hf-15744,[SALAH] Foto Kondisi Tenggorokan Pasien Positif Covid-19,0,kesehatan,hoaxid_hf,
hf-15748,"Search Results for [SALAH] “Menurut laporan WHO, Corona Virus adalah yang paling banyak bertahan di lapisan kubis”",0,kesehatan,hoaxid_hf,
hf-15751,[SALAH] Video “ini demo di Amerika. saat ini di masa pandemik #COVIDー19”,0,kesehatan,hoaxid_hf,
hf-15753,[SALAH] Pesta Homo Seksual di Italia Sebelum Covid-19 Mewabah,0,kesehatan,hoaxid_hf,
hf-15756,"[SALAH] Petugas Rapid Test Jarang Mengganti Sarung Tangan, Bisa Tularkan Covid-19 dari Pasien Sebelumnya",0,kesehatan,hoaxid_hf,
hf-15771,"[SALAH] Tak Perlu Ikut Rapid Test, Mencium Bau Cuka Bisa Deteksi Seseorang Terkena Covid-19 Atau Tidak",0,kesehatan,hoaxid_hf,
hf-15773,"[SALAH] Ruang Perawatan Covid di Riau Penuh, Warga Wajib di Rumah Selama Dua Minggu",0,kesehatan,hoaxid_hf,
hf-15777,[SALAH] “seorang pasien kanker melemparkan uang di seluruh koridor rumah sakit”,0,kesehatan,hoaxid_hf,
hf-15779,[SALAH] “Keasang pengarep mampu menangani virus Corona di Jakarta asal menjadi gubernur DKI”,0,kesehatan,hoaxid_hf,
hf-15781,[SALAH] “Heboh! Pernyataan Dokter Indonesia Soal Covid”,0,kesehatan,hoaxid_hf,
hf-15786,"[SALAH] Peta Kasus Covid DKI “DKI kembali Zona Merah, Bogor Zona Hitam”",0,kesehatan,hoaxid_hf,
hf-15790,[SALAH] “Gubernur Jakarta Anies Baswedan mendapat penghargaan terbaik di seluruh dunia dalam penanganan COVID-19”,0,kesehatan,hoaxid_hf,
hf-15795,[SALAH] Dokter RSAL Surabaya Meninggal akibat Covid-19,0,kesehatan,hoaxid_hf,
hf-15797,[SALAH] “corona virus sudah viral di iqro”,0,kesehatan,hoaxid_hf,
hf-15812,[SALAH] “dokter gigi di Surabaya stres telanjang di jalan karena suaminya dan anaknya mati kena covid”,0,kesehatan,hoaxid_hf,
hf-15815,[SALAH] “bupati Luwu Utara terbaring di RS karena terjatuh dari motornya waktu antar BanSos COvid-19”,0,kesehatan,hoaxid_hf,
hf-15817,[SALAH] “sakitnya apa di diagnosa nya covid”,0,kesehatan,hoaxid_hf,
hf-15824,[SALAH] Pernyataan Ekstrim Menteri Kesehatan Letjen TNI dr. Terawan Agus Putranto Sp. Rad,0,kesehatan,hoaxid_hf,
hf-15825,"[SALAH] Insentif Virus Corona, Pemerintah Gratiskan Akses Internet",0,kesehatan,hoaxid_hf,
hf-15827,[SALAH] Abu Vulkanik Dapat Membunuh Virus Corona Karena Mengandung Asam Sulfat,0,kesehatan,hoaxid_hf,
hf-15828,[SALAH] Servis Mobil Gratis “Suzuki Peduli Covid s.id/SuzukiPeduliCovid”,0,kesehatan,hoaxid_hf,
hf-15838,"[SALAH] Bapak Ibu Meninggal Karena Covid-19, 5 Bersaudara Menunggu Diadopsi",0,kesehatan,hoaxid_hf,
hf-15844,"[SALAH] “Di film kapten amerika, capten steve bangun pada masa modern dan kamu bisa lihat virus corona”",0,kesehatan,hoaxid_hf,
hf-15853,[SALAH] Video “DI BALIK COVID-19/CORONA TERNYATA ISI NYA SUDAH HABIS”,0,kesehatan,hoaxid_hf,
hf-15855,[SALAH] “Corona Virus adalah BOHONG. bukan dari Virus tapi dari Bakteri. semua ini diketahui oleh negara Itali”,0,kesehatan,hoaxid_hf,
hf-15857,[SALAH] “Corona Virus adalah BOHONG. bukan dari Virus tapi dari Bakteri. semua ini diketahui oleh negara Itali”,0,kesehatan,hoaxid_hf,
hf-15870,[SALAH] PKI Nyamar Jadi Dokter,0,kesehatan,hoaxid_hf,
hf-15881,[SALAH] Pasien Covid-19 di Cimahi Kabur Dari Rumah Sakit,0,kesehatan,hoaxid_hf,
hf-15901,[SALAH] Campuran Garam dan Air Hangat Mampu Hilangkan Virus Corona,0,kesehatan,hoaxid_hf,
hf-15902,[SALAH] “warga Puruk cahu murung raya desa mangkuhui positif covid-19 kabur”,0,kesehatan,hoaxid_hf,
hf-15903,[SALAH] Video “Kisah pilu dari ITALY IBU nya meninggal pasien COVID-19”,0,kesehatan,hoaxid_hf,
hf-15904,[SALAH] “Hari ini 2 kasir Chandra karang dinyatakan positive Covid 19”,0,kesehatan,hoaxid_hf,
hf-15905,"[SALAH] “Di Italia, ketika gereja dibuka kembali, hampir semua jemaatnya sudah meninggal karena COVID”",0,kesehatan,hoaxid_hf,
hf-15907,[SALAH] “Italia mengalahkan COVID-19 “Koagulasi intravaskular diseminata” (Trombosis)”,0,kesehatan,hoaxid_hf,
hf-15915,[SALAH] Ellen DeGeneres Membagikan Bantuan Untuk Virus Corona di Facebook,0,kesehatan,hoaxid_hf,
hf-15916,[SALAH] Daftar Virus yang Berasal dari China,0,kesehatan,hoaxid_hf,
hf-15918,[SALAH] “WHO: Pria berpenis besar lebih rentan tertular Covid-19”,0,kesehatan,hoaxid_hf,
hf-15920,[SALAH] Video Dokter Bule,0,kesehatan,hoaxid_hf,
hf-15921,[SALAH] “Keluarkan nasi dari rice cooker jika sudah matang. Kalau lebih dari 12 jam menjadi pemicu diabetes”,0,kesehatan,hoaxid_hf,
hf-15922,[SALAH] Program Mudik Sehat PSBB 2020 Oleh Big Bird,0,kesehatan,hoaxid_hf,
hf-15926,[SALAH] “Registrasi Ambil Dana Bantuan Anda Covid-19”,0,kesehatan,hoaxid_hf,
hf-15930,[SALAH] “penerimaan sampel COVID-19 di BBTKLPP Jakarta akan libur pada Hari Raya Idul Fitri”,0,kesehatan,hoaxid_hf,
hf-15931,[SALAH] Manager Giant Pal 6 Banjarmasin Meninggal Kena Covid-19,0,kesehatan,hoaxid_hf,
hf-15934,[SALAH] Pasien Covid-19 Meninggal di Rumah Sakit Manaf Kota Jambi,0,kesehatan,hoaxid_hf,
hf-15935,"[SALAH] “15 Hari Sembuh, Menhub Budi Karya Kembali Dinyatakan Positif Covid-19”",0,kesehatan,hoaxid_hf,
hf-15942,[SALAH] 236 Anggota Polisi Positif Covid-19 dan 6 Orang Meninggal Dunia,0,kesehatan,hoaxid_hf,
hf-15946,[SALAH] Lowongan Sukarelawan Covid-19 RSUD Dr. Soetomo Surabaya,0,kesehatan,hoaxid_hf,
hf-15947,[SALAH] WHO Menyebutkan Vegetarian Tidak Kena Covid-19,0,kesehatan,hoaxid_hf,
hf-15948,"[SALAH] Pesan Berantai “ada 13 org penjual daging yg positif covid19, sekarang ini di pasar cileungsi lg dilakukan test swab massal”",0,kesehatan,hoaxid_hf,
hf-15957,[SALAH] Warga India Membuang Patung Ke Sungai Karena Tidak Bisa Menyelamatkan Mereka Dari Virus Corona,0,kesehatan,hoaxid_hf,
hf-15959,[SALAH] Tuduhan Foto Interior Lab Darurat COVID-19 Labkesda DKI Hasil Mencomot,0,kesehatan,hoaxid_hf,
hf-15969,[SALAH] Madu Dicampur Bawang Putih Obat Kanker,0,kesehatan,hoaxid_hf,
hf-15970,[SALAH] Ulama Windusari Dijemput Paksa Terkait Covid-19,0,kesehatan,hoaxid_hf,
hf-15973,[SALAH] “Vaksin pertama kali dibuat di bawah kekhalifahan Ottoman. Tahun 1717”,0,kesehatan,hoaxid_hf,
hf-15976,[SALAH] Virus Covid-19 Sengaja Dimasukkan kedalam Tubuh Masyarakat Melalui Alat Rapid Test,0,kesehatan,hoaxid_hf,
hf-15981,[SALAH] Donasi Bahan Iftar dan Sahur di Masa Wabah Covid-19 oleh PKS,0,kesehatan,hoaxid_hf,
hf-15989,[SALAH] Kuota 100GB Gratis dari Pemerintah Selama Pandemi Covid-19,0,kesehatan,hoaxid_hf,
hf-15991,[SALAH] “Ternyata Klaster penyebar Covid-19 terbanyak Indonesia adalah 10.000 lebih pendeta GBI & GPIB”,0,kesehatan,hoaxid_hf,
hf-15996,[SALAH] Terjadi Penyekapan di Apotek Pancasan Kota Bogor,0,kesehatan,hoaxid_hf,
hf-15999,[SALAH] Seorang Kakek di Tulungagung Meninggal Karena Covid-19,0,kesehatan,hoaxid_hf,
hf-16002,[SALAH] “Setelah adanya Virus Covid-19. Umat Islam Arab banyak yg Murtad”,0,kesehatan,hoaxid_hf,
hf-16003,[SALAH] “Tenaga Medis Covid-19 RSUD Purworejo Ditagih Biaya Rp. 150 Ribu/Malam Oleh Pemkab Karena Telah Tinggal Di Hotel Ganesha”,0,kesehatan,hoaxid_hf,
hf-16004,[SALAH] Satgas Covid-19 Kabupaten Pangkep Semprot Jemaah Shalat Tarawih di Masjid,0,kesehatan,hoaxid_hf,
hf-16005,[SALAH] “menteri kesehatan America sdh menandatangani persetujuan penggunaan chip 666 untuk virus corona”,0,kesehatan,hoaxid_hf,
hf-16008,[SALAH] ”Seorang Pasien Dalam Pengawasan Covid-19 (PDP) Mengamuk di Pintu Rumah sakit Pamekasan Madura”,0,kesehatan,hoaxid_hf,
hf-16009,[SALAH] Pesan Berantai “Taman Raya Tahap V Zona Merah COVID-19”,0,kesehatan,hoaxid_hf,
hf-16017,[SALAH] “Jokowi: Hukuman Seumur Hidup Bagi Kepala Daerah Mainkan Bantuan Covid-19”,0,kesehatan,hoaxid_hf,
hf-16019,[SALAH] Pemerintah Membagikan Kuota 10GB Gratis sebagai Insentif untuk Melawan COVID-19,0,kesehatan,hoaxid_hf,
hf-16023,[SALAH] Video “rezim memaksa para kyai utk di suntik dgn dalih utk ketahanan tubuh dari virus..kyai di banten ini tegas menolak!!”,0,kesehatan,hoaxid_hf,
hf-16025,[SALAH] Video “cara pertolongan Emergency Covid 19”,0,kesehatan,hoaxid_hf,
hf-16027,[SALAH] “Jutaan Produksi Rokok Yang Terpapar Covid-19 Beredar Luas Di Masyarakat”,0,kesehatan,hoaxid_hf,
hf-16028,[SALAH] Vietnam Tidak Ada Korban Meninggal Covid-19 Karena Teh dan Lemon,0,kesehatan,hoaxid_hf,
hf-16032,[SALAH] Erdogan Tak akan Tutup Mesjid di Turki Selama Pandemi Covid-19,0,kesehatan,hoaxid_hf,
hf-16034,[SALAH] “Profesor Dr Tasuku Honjo mengatakan bahwa virus korona itu tidak alami. Cina telah membuatnya”,0,kesehatan,hoaxid_hf,
hf-16035,"[SALAH] SBY Siap Kembalikan Dana Bank Century Rp6,7 Triliun untuk Bantu Covid-19",0,kesehatan,hoaxid_hf,
hf-16036,"[SALAH] “Apabila ada masyarakat tidak mampu makan, dapat menghubungi nomor pengaduan Bansos Covid19 Kemensos”",0,kesehatan,hoaxid_hf,
hf-16037,[SALAH] Akhirnya Ketangkap Juga Biang Penyebar Virus Corona dan Agen TKA China Ini,0,kesehatan,hoaxid_hf,
hf-16038,[SALAH] Donasi Kaos Oblong Bekas Untuk Tim Medis RSD Wisma Atlet,0,kesehatan,hoaxid_hf,
hf-16041,[SALAH] Bioskop di Palangka Raya Kembali Buka di Tengah Persebaran Covid-19,0,kesehatan,hoaxid_hf,
hf-16043,[SALAH] Sheikh Hamdan Al Maktoum Memberikan Uang Selama COVID-19,0,kesehatan,hoaxid_hf,
hf-16046,"[SALAH] Karena Pandemi COVID-19, yang Seharusnya Dibebaskan Narapidana Pencuri Ayam, Bukan malah Terpidana Koruptor",0,kesehatan,hoaxid_hf,
hf-16049,[SALAH] Hanya di Indonesia Narapidana Dibebaskan di Tengah Wabah COVID-19,0,kesehatan,hoaxid_hf,
hf-16050,[SALAH] Petugas Kebersihan SMAN 10 Yogyakarta Positif Virus Corona,0,kesehatan,hoaxid_hf,
hf-16055,[SALAH] Dari Ratusan Ribu Tahanan Tidak Ada Satupun Aktivis Islam yang Dibebaskan di Tengah Wabah COVID-19,0,kesehatan,hoaxid_hf,
hf-16056,[SALAH] Alfamart Menyumbangkan 6000 Kupon Untuk Membantu Melawan COVID-19,0,kesehatan,hoaxid_hf,
hf-16063,[SALAH] Foto “Ariel NOAH Jadi Relawan Tenaga Medis di tengah pandemi virus corona atau Covid-19”,0,kesehatan,hoaxid_hf,
hf-16065,[SALAH] “Ini kiriman video betapa dahsyatnya wabah covid 19 di Amerika”,0,kesehatan,hoaxid_hf,
hf-16069,[SALAH] “ujar Xi Jin Ping Hanya Indonesia Yg Mampu Mengendalikan Covid 19”,0,kesehatan,hoaxid_hf,
hf-16070,[SALAH] Obat Virus Corona Ditemukan Hanya Berbahan Lemon dan Teh Hangat,0,kesehatan,hoaxid_hf,
hf-16072,[SALAH] Video dr. Cheng: Sembuh Dari COVID-19 Cukup dengan Vitamin C,0,kesehatan,hoaxid_hf,
hf-16076,[SALAH] Setya Novanto Dibebaskan Karena COVID-19,0,kesehatan,hoaxid_hf,
hf-16077,[SALAH] Jokowi Keluarkan Kartu Corona Indonesia Sehat (KARCIS),0,kesehatan,hoaxid_hf,
hf-16078,[SALAH] Pesan Berantai PT MOSI Tawarkan Rapid Test Kit COVID-19,0,kesehatan,hoaxid_hf,
hf-16083,[SALAH] Menag Izinkan Masjid Gelar Salat Tarawih Saat Pandemi Covid-19,0,kesehatan,hoaxid_hf,
hf-16087,[SALAH] Merokok Menghadang Virus Corona Masuk Ke Paru-Paru,0,kesehatan,hoaxid_hf,
hf-16089,[SALAH] Video “Donald Trump di ruqyah sebab sudah stress menghadapi Covid 19”,0,kesehatan,hoaxid_hf,
hf-16090,"[SALAH] “Modus Menghabisi Ustadz, disuntik covid-19 sampai mati”",0,kesehatan,hoaxid_hf,
hf-16092,[BERITA] Menara Jaringan Telekomunikasi 5G di Inggris Dibakar karena Hoax Virus Corona,0,kesehatan,hoaxid_hf,
hf-16093,[BERITA] Pasien positif Covid -19 di RST Latumeten Ambon masih dalam perawatan,0,kesehatan,hoaxid_hf,
hf-16099,[SALAH] Mantan Manajer RAPP dan Istri Terpapar COVID-19,0,kesehatan,hoaxid_hf,
hf-16100,[SALAH] Puncak Persebaran Virus Corona 4 April Hingga 18 April 2020,0,kesehatan,hoaxid_hf,
hf-16102,"[SALAH] Terlibat Pembuatan COVID-19 di China, FBI Menangkap Profesor Harvard",0,kesehatan,hoaxid_hf,
hf-16105,"[SALAH] Video “Italian millionaire terjun Dari bagunan, karena keluarga nya semua kena virus corona”",0,kesehatan,hoaxid_hf,
hf-16106,[SALAH] “Info dari pasien yg sudah sembuh dari RS Persahabatan ..”,0,kesehatan,hoaxid_hf,
hf-16107,[SALAH] “Untuk mengalahkan virus korona adalah mengambil lebih banyak makanan alkali yang berada di atas tingkat pH virus”,0,kesehatan,hoaxid_hf,
hf-16113,[SALAH] Italia Tidak Bisa Mengontrol Virus dan Mengucapkan Selamat Tinggal kepada Dunia,0,kesehatan,hoaxid_hf,
hf-16114,[SALAH] “China memang bener” jahat mengirim baju” bundle pakaian bekas di pakai orang” Yg sudah mati akibat virus”,0,kesehatan,hoaxid_hf,
hf-16115,[SALAH] Menaruh Amoxilin Dalam Tandon Air Dapat Menangkal Covid-19,0,kesehatan,hoaxid_hf,
hf-16116,[SALAH] Rakyat Italia Buang Duit ke Jalan karena Sudah Tidak Berguna Akibat Virus COVID-19,0,kesehatan,hoaxid_hf,
hf-16119,[SALAH] Bill Gates akan meluncurkan kapsul implan manusia untuk melawan Virus Corona,0,kesehatan,hoaxid_hf,
hf-16122,"[SALAH] Imigran China Sengaja Membawa Virus, Tujuannya Membasmi Rakyat +62",0,kesehatan,hoaxid_hf,
hf-16123,[SALAH] Uap Air Panas Dapat Membunuh Virus Corona,0,kesehatan,hoaxid_hf,
hf-16124,[SALAH] Pasukan Tentara Membantu Melawan Virus Corona di New York,0,kesehatan,hoaxid_hf,
hf-16127,[SALAH] Foto “penguburan Jenazah ibu kandung Presiden Joko Widodo meninggal dunia karena Serangan Virus Corona”,0,kesehatan,hoaxid_hf,
hf-16129,[SALAH] Foto “kumpulan untuk mengakhiri COVID-19 di Cleveland hari ini #EndCOVID”,0,kesehatan,hoaxid_hf,
hf-16132,[SALAH] Video “Di Amerika sudah terjadi penjarahan di mana2 karena ketakutan akan virus corona”,0,kesehatan,hoaxid_hf,
hf-16137,[SALAH] Mulai Senin 30 Maret Kota Makassar lockdown lokal untuk mencegah penyebaran Covid-19.,0,kesehatan,hoaxid_hf,
hf-16143,[SALAH] 5 Kecamatan di Lampung “Red Zone” COVID-19,0,kesehatan,hoaxid_hf,
hf-16145,[SALAH] “Kematian disebabkan COVID-19: Dibalut dalam bag”,0,kesehatan,hoaxid_hf,
hf-16147,[SALAH] “Bawang merah yang dikupas bisa menyedot dan membunuh virus dan kuman”,0,kesehatan,hoaxid_hf,
hf-16152,[SALAH] Rekrutmen Relawan Penanganan Pasien Virus Corona Oleh Dokter Irna,0,kesehatan,hoaxid_hf,
hf-16153,[SALAH] “akan ada penyemprotan racun untuk virus corona dari malaysia dan singapore melalui udara”,0,kesehatan,hoaxid_hf,
hf-16155,[SALAH] Saddam Hussein Mengatakan Amerika Mengancam Irak dengan Virus Corona,0,kesehatan,hoaxid_hf,
hf-16158,[SALAH] Gambar Sampul Koran Tempo “Gotong Royong Melawan Virus Corona”,0,kesehatan,hoaxid_hf,
hf-16159,"[SALAH] “OBAT YANG DIBELI JOKOWI DARI CINA KOMUNIS , SANGAT BERBAHAYA DAN BERAKIBAT KEMATIAN”",0,kesehatan,hoaxid_hf,
hf-16161,[SALAH] Obat Avigan yang Dipesan Jokowi adalah Obat Pembunuh Janin,0,kesehatan,hoaxid_hf,
hf-16162,[SALAH] Virus Corona Adalah Sejenis “Jamur Atau Mould”,0,kesehatan,hoaxid_hf,
hf-16164,"[SALAH] RS Premier Bintaro di-Lockdown, 19 Tenaga Medis Positif COVID-19",0,kesehatan,hoaxid_hf,
hf-16167,[SALAH] Wapres Ma’ruf Amin Imbau Umat Islam Sholat Tobat agar Virus Corona Cepat Teratasi,0,kesehatan,hoaxid_hf,
hf-16168,[SALAH] Foto Perempuan Muslim Uighur yang Dizalimi dan Doanya Memicu Azab Virus Corona,0,kesehatan,hoaxid_hf,
hf-16173,"[SALAH] Gara-Gara Virus Corona, TKA China Digaji 200 Juta Per Tahun",0,kesehatan,hoaxid_hf,
hf-16174,[BERITA] Update status WNA yang Meninggal di Atas Motor Positif COVID-19,0,kesehatan,hoaxid_hf,
hf-16177,[BERITA] Perkembangan Chloroquine Untuk Obat COVID-19,0,kesehatan,hoaxid_hf,
hf-16179,"[SALAH] Video “Sholat Jum’atan di China menjadi lautan manusia, orang Islam di Wuhan tidak Satupun yang kena virus corona”",0,kesehatan,hoaxid_hf,
hf-16183,[SALAH] “Ganja Mampu Menangkal Covid-19”,0,kesehatan,hoaxid_hf,
hf-16186,"[SALAH] “DI WUHAN CINA KETIKA TERJADI VIRUS CORONA RAKYAT BERBONDONG2 KE MESJID, DI INDON RAKYAT DILARANG KE MESJID”",0,kesehatan,hoaxid_hf,
hf-16192,"[SALAH]”Di tanya soal virus corona korlap FPI: hanya imam besar kami yg punya penangkal virus corona,karna imam besar kami cucu nabi”",0,kesehatan,hoaxid_hf,
hf-16193,[SALAH] Donald Trump Umumkan Roche Medical Company akan Meluncurkan Vaksin Covid19 Jutaan Dosis Minggu Depan,0,kesehatan,hoaxid_hf,
hf-16194,"[SALAH] Himbauan Penutupan TPU Akibat Virus Corona, Jenazah Diminta Diletakkan Terlebih Dahulu di Rumah",0,kesehatan,hoaxid_hf,
hf-16198,[SALAH] “Coronavirus akan hancur dengan air”,0,kesehatan,hoaxid_hf,
hf-16200,[SALAH] Dosen Kedokteran Gigi UI Meninggal Karena COVID-19,0,kesehatan,hoaxid_hf,
hf-16203,[SALAH] Foto “1 korban dlm pengawasan Covid-19 di RS wahidin mks setelah bersalaman dgn Menhub Budi Karya”,0,kesehatan,hoaxid_hf,
hf-16204,"[SALAH] Virus Corona Bukanlah Virus, Sinyal 5G yang Sebenarnya Membunuh Orang",0,kesehatan,hoaxid_hf,
hf-16206,[SALAH] Video “ini di PGC evakuasi pasien COVID 19.”,0,kesehatan,hoaxid_hf,
hf-16207,[SALAH] Minum Banyak Air dan Berkumur dengan Air Hangat & Garam atau Cuka Dapat Menghilangkan Virus Corona Saat di Tenggorokan,0,kesehatan,hoaxid_hf,
hf-16210,"[SALAH] “Satu lagi Mentri Kabinet Jokowi Positif terpapar COVID-19, Menteri Nadien Dinyatakan Positif Virus Corona, Jalani Isolasi Secara Mandiri”",0,kesehatan,hoaxid_hf,
hf-16211,[SALAH] “Chloroquine (Obat Malaria Klorokuin) bisa menyembuhkan covid-19”,0,kesehatan,hoaxid_hf,
hf-16215,[SALAH] “China Akui Dokter Palestina Penemu Vaksin Corona yang Terbukti Ampuh 100 Persen”,0,kesehatan,hoaxid_hf,
hf-16217,[SALAH] COVID-19 Sudah Sampai Purwakarta,0,kesehatan,hoaxid_hf,
hf-16219,[SALAH] “Alkohol Bisa Membunuh Coronavirus Covid-19”,0,kesehatan,hoaxid_hf,
hf-16220,[SALAH] “Dua orang Terinfeksi Virus Corona Di Parepare”,0,kesehatan,hoaxid_hf,
hf-16221,"[SALAH] “orang karangturi,balak cawas,sudah tertular virus corona”",0,kesehatan,hoaxid_hf,
hf-16225,[SALAH] Kapal Rute Banda Aceh Sabang Distop Karena Virus Corona,0,kesehatan,hoaxid_hf,
hf-16227,[SALAH] “Hasil Pemeriksaan Presiden Jokowi Positif Virus Corona”,0,kesehatan,hoaxid_hf,
hf-16228,[SALAH] “suspect coronavirus ditemukan di salah satu terapis spa Hotel Goldenhands kelapa gading”,0,kesehatan,hoaxid_hf,
hf-16230,"[SALAH] Mengonsumsi Pisang Dalam Sehari, Membuat Virus Corona Pergi",0,kesehatan,hoaxid_hf,
hf-16235,[SALAH] Surat Edaran Walikota Palembang Soal Virus Corona,0,kesehatan,hoaxid_hf,
hf-16238,[EDUKASI] WHO: “T&J tentang coronavirus (COVID-19)”,0,kesehatan,hoaxid_hf,
hf-16239,[SALAH] “Profesor Chen Horin mengatakan Lemon panas dapat membunuh sel kanker”,0,kesehatan,hoaxid_hf,
hf-16240,[BERITA] Kemendagri Bantah Tito Karnavian Terjangkit Covid-19,0,kesehatan,hoaxid_hf,
hf-16241,"[SALAH] “jangan ke Kokas dulu ya, mall di lockdown karena salah satu staff diatas ada yang suspect Covid-19”",0,kesehatan,hoaxid_hf,
hf-16242,[SALAH] “the Simpsons 1993 memprediksi Corona virus dari China”,0,kesehatan,hoaxid_hf,
hf-16243,[SALAH] “Satu pasien virus corona dr Badau otw dirujuk ke rumah sakit rujukan Sintang”,0,kesehatan,hoaxid_hf,
hf-16244,[BERITA] Malware “AZORult” di Aplikasi Palsu Peta Sebaran COVID-19,0,kesehatan,hoaxid_hf,
hf-16247,[SALAH] “katanya Ada korban virus Corona di PIK”,0,kesehatan,hoaxid_hf,
hf-16248,[SALAH] Ditemukannya Virus Corona atau COVID-19 di Tisu Toilet,0,kesehatan,hoaxid_hf,
hf-16250,[SALAH] Kokain Membunuh Coronavirus,0,kesehatan,hoaxid_hf,
hf-16254,[SALAH] “Pangeran Uni Emirat Arab Dikabarkan Positif Virus Corona”,0,kesehatan,hoaxid_hf,
hf-16255,[BERITA] Klarifikasi Mentari International School tentang Pemberitaan Terinfeksi COVID-19,0,kesehatan,hoaxid_hf,
hf-16258,"[SALAH] “WHO : Merokok, Salah satu solusi pencegahan Covid-19.”",0,kesehatan,hoaxid_hf,
hf-16264,[SALAH] Orang yang Bergolongan Darah O Lebih Rentan Terinfeksi Virus Corona,0,kesehatan,hoaxid_hf,
hf-16265,[SALAH] Virus Corona Mati dalam Suhu 26-27 Derajat dan Saat Terkena Sinar Matahari,0,kesehatan,hoaxid_hf,
hf-16268,[SALAH] 1000 Tiket Pesawat Gratis Untuk WNI Pulang Ke Tanah Air Dari PT Angkasa Pura 1 Karena Virus Corona,0,kesehatan,hoaxid_hf,
hf-16269,[SALAH] Tes Sederhana Untuk Mengenal Virus Corona Hanya Dalam Sepuluh Detik,0,kesehatan,hoaxid_hf,
hf-16271,[SALAH] Video 280 Jemaah Umrah Tertahan di Pesawat dan 18 Di Antaranya Positif Terinfeksi Virus Corona,0,kesehatan,hoaxid_hf,
hf-16279,"[SALAH] “Tingkat Sulfur Dioksida tinggi di Kota Wuhan tanda kremasi massal korban coronavirus, indikasi ada lebih dari 50.000 korban jiwa dibakar”",0,kesehatan,hoaxid_hf,
hf-16287,[SALAH] Cikarang Siaga 3 Virus Corona Karena Sudah 3 Orang Meninggal di Meikarta,0,kesehatan,hoaxid_hf,
hf-16297,[SALAH] Ditemukan Virus Machupo Dalam Paracetamol,0,kesehatan,hoaxid_hf,
hf-16301,[SALAH] Mi Goreng Indonesia Masuk Daftar Makanan Yang Menyebarkan Virus Corona di Australia,0,kesehatan,hoaxid_hf,
hf-16302,[SALAH] “Thailand Berhasil Sembuhkan Pasien Virus Corona dengan Ganja”,0,kesehatan,hoaxid_hf,
hf-16303,[SALAH] “Pengemudi ini mencoba ‘kabur’ dari pemeriksaan #CoronaVirusCamp”,0,kesehatan,hoaxid_hf,
hf-16304,[SALAH] Video “puluhan pasien virus corona kejang-kejang”,0,kesehatan,hoaxid_hf,
hf-16305,[SALAH] Foto “tim medis Jepang berjumlah 1.000 tiba di Wuhan”,0,kesehatan,hoaxid_hf,
hf-16306,[SALAH] “Saking takutnya dengan virus corona Orang Cina Islam yang sholat arahnya kemana mana”,0,kesehatan,hoaxid_hf,
hf-16307,[SALAH] Dokter Israel Membantu Pasien Corona di China,0,kesehatan,hoaxid_hf,
hf-16313,[SALAH] Virus Corona Dapat Menular Melalui Tatapan Mata,0,kesehatan,hoaxid_hf,
hf-16315,[SALAH] Foto “China Dilaporkan Diam-diam Kremasi Korban Virus Corona”,0,kesehatan,hoaxid_hf,
hf-16317,[SALAH] Virus Corona Sudah Sampai di Shah Alam Selangor,0,kesehatan,hoaxid_hf,
hf-16318,[SALAH] Presiden China Mengumumkan Virus Corona Telah Menjadi Epidemi dan Memohon Kepada Umat Islam Mendoakan China,0,kesehatan,hoaxid_hf,
hf-16319,[SALAH] Coronavirus Memiliki Paten,0,kesehatan,hoaxid_hf,
hf-16322,"[SALAH] “Diduga Terjangkit Virus Corona, Satu Pasien RS Doris Sylvanus Diisolasi”",0,kesehatan,hoaxid_hf,
hf-16324,[SALAH] Air Rebusan Bawang Putih Menyembuhkan Virus Corona,0,kesehatan,hoaxid_hf,
hf-16326,[SALAH] Korelasi Video Anak Disuapi Berudu Hidup dengan Virus Corona,0,kesehatan,hoaxid_hf,
hf-16327,[SALAH] “Kepanikan luar biasa orang2 china akibat #VirusCorona”,0,kesehatan,hoaxid_hf,
hf-16330,[SALAH] Vaksin Penyebab Autis,0,kesehatan,hoaxid_hf,
hf-16336,[SALAH] Jus Daun Pepaya Mentah Obat DBD,0,kesehatan,hoaxid_hf,
hf-16362,[SALAH] Pelintiran Judul Berita “Dokter Minta Wapres Ma’ruf Amin Beristirahat”,0,kesehatan,hoaxid_hf,
hf-16393,[SALAH] Air Liur Dari Terompet Dapat Sebarkan Penyakit Berbahaya,0,kesehatan,hoaxid_hf,
hf-16422,[SALAH] “Legenda Hello Kitty berasal dari gadis penderita kanker mulut dan Hello Kiity artinya dalam bahasa China adalah Halo Iblis”,0,kesehatan,hoaxid_hf,
hf-16439,[SALAH] Air Nanas Panas Sembuhkan Kanker,0,kesehatan,hoaxid_hf,
hf-16440,[BERITA] Kemenpan RB: Tidak Ada Pengangkatan CPNS Jalur Indonesia Sehat,0,kesehatan,hoaxid_hf,
hf-16452,[SALAH] Air Nanas Panas Sembuhkan Kanker,0,kesehatan,hoaxid_hf,
hf-16453,[BERITA] Kemenpan RB: Tidak Ada Pengangkatan CPNS Jalur Indonesia Sehat,0,kesehatan,hoaxid_hf,
hf-16476,[SALAH] Minuman Probiotik Dapat Membantu Sembuhkan Kanker,0,kesehatan,hoaxid_hf,
hf-16482,"[SALAH] “UYM: Sholat Dimonas Itu Dosa, Karena Dianggap Riya, Semoga Para Alumni 212 Segera Bertobat”",0,kesehatan,hoaxid_hf,
hf-16510,[SALAH] Foto anak berdarah mahasiswa Poly University korban demo demo rusuh di Hongkong,0,kesehatan,hoaxid_hf,
hf-16553,[SALAH] Gebrakan Menteri Kesehatan yang Baru,0,kesehatan,hoaxid_hf,
hf-16555,[SALAH] Penyumbatan di usus karena konsumsi mie atau spaghetti yang disingkirkan saat dokter melakukan operasi,0,kesehatan,hoaxid_hf,
hf-16566,[SALAH] Virus Babi Hog Cholera Menular pada Manusia,0,kesehatan,hoaxid_hf,
hf-16584,[SALAH] RSCM Praktekkan Penyedotan Plug (Sumbatan) Vena/Saluran Darah,0,kesehatan,hoaxid_hf,
hf-16609,[SALAH] Video Potongan Kanker Menjauhi Bawang Putih Mendekati Emas,0,kesehatan,hoaxid_hf,
hf-16634,[SALAH] Pertolongan pertama pada stroke dengan tusukan jarum ke ujung setiap jari masing-masing atau bagian bawah daun telinga,0,kesehatan,hoaxid_hf,
hf-16662,[SALAH] “jarum suntik di toilet umum penyebar virus hiv”,0,kesehatan,hoaxid_hf,
hf-16685,[SALAH] “MANTAN PRESIDEN RI KE 3 DINOBATKAN SEBAGAI PEMILIK IQ TERTINGGI SEPANJANG SEJARAH MANUSIA NAMUN DISIA-SIAKAN OLEH BANGSA INDONESIA”,0,kesehatan,hoaxid_hf,
hf-16704,"[KLARIFIKASI] JANGAN MENGKONSUMSI BAWANG YANG TELAH DIKUPAS, KARENA MENYERAP KUMAN DAN VIRUS DI UDARA",0,kesehatan,hoaxid_hf,
hf-16753,[SALAH] Pesan Dari Pangdam IX Udayana Tentang Cek Gula Darah Dengan Jarum Bervirus AIDS,0,kesehatan,hoaxid_hf,
hf-16774,[SALAH] Khanzarof : Hasil Cloning Dokter Hewan Amerika dan Rusia yang berasal dari Campuran Kambing dan Babi,0,kesehatan,hoaxid_hf,
hf-16804,[SALAH] Jokowi di Mata Internasional dijuluki “Tangan Berdarah”,0,kesehatan,hoaxid_hf,
hf-17061,KH Ma’ruf Amin: Peserta BPJS Kesehatan Capai 215 Juta Peserta,0,kesehatan,hoaxid_hf,
hf-17062,BPJS Hentikan Meng-cover Biaya Pengobatan Kanker,0,kesehatan,hoaxid_hf,
hf-17167,[SALAH] Ali Mochtar Ngabalin Diserang Stroke Karena Doanya Sendiri,0,kesehatan,hoaxid_hf,
hf-17190,[SALAH] Tes Merkuri pada Kosmetik Dengan Emas.,0,kesehatan,hoaxid_hf,
hf-17204,"[SALAH] “Stroke Kambuh, Prabowo Batal Orasi Politik di Acara Fraksi PKS”",0,kesehatan,hoaxid_hf,
hf-17337,[HOAKS] “zionis Israel menebar VIRUS AIDS disetiap pembalut wanita”,0,kesehatan,hoaxid_hf,
hf-17398,[DISINFORMASI] Foto Bibir Miring Prabowo Petanda Stroke Ringan,0,kesehatan,hoaxid_hf,
hf-17497,[KLARIFIKASI] Dinkes Aceh Membantah Atas Isu Pelajar Lumpuh Setelah Vaksin MR,0,kesehatan,hoaxid_hf,
hf-17513,"[BENAR] ""Bukan disebabkan vaksin, siswa MI di Palembang tewas karena radang otak""",0,kesehatan,hoaxid_hf,
hf-17527,"[DISINFORMASI] ""Racun Vaksin apa yg kalian tebarkan""",0,kesehatan,hoaxid_hf,
hf-17528,"[HOAKS] ""Bahan vaksin dari darah babi, ...""",0,kesehatan,hoaxid_hf,
hf-17529,"[KLARIFIKASI] ""Pare Tidak Serta-merta Bisa Menyembuhkan Kanker""",0,kesehatan,hoaxid_hf,
hf-17586,[HOAKS] Surat Perintah Pendataan Tenaga Medis dan Non Medis Rumah Sakit Tahun 2018,0,kesehatan,hoaxid_hf,
hf-17629,[KLARIFIKASI] Selebaran Poster Acara Penobatan Miss Waria Banten 2018,0,kesehatan,hoaxid_hf,
hf-17695,Penipuan Donasi Untuk Anak Kanker Tulang,0,kesehatan,hoaxid_hf,
hf-17702,"[DISINFORMASI] ""Meet Rebecca, Dialah yang Membunuh Petugas Medis Wanita Razzan"" | [DISINFORMASI] ""Meet Rebecca, She is the One Who Killed Female Medic Officer Razzan""",0,kesehatan,hoaxid_hf,
hf-17713,[KLARIFIKASI] Edy Rahmayadi Tidak Terkena Stroke,0,kesehatan,hoaxid_hf,
hf-17731,[HOAKS] Cek Gula Darah yang Dilakukan ISIS untuk Menyebarkan AIDS di Medan,0,kesehatan,hoaxid_hf,
hf-17746,[KLARIFIKASI] Klarifikasi Dinas Kesehatan Kota Palopo Terkait Isu Beredarnya Obat Kedaluwarsa,0,kesehatan,hoaxid_hf,
hf-17759,[HOAKS]: Info Penerimaan Pegawai Non PNS Pada Ditjen Kesmas Kementrian Kesehatan,0,kesehatan,hoaxid_hf,
hf-17787,HOAX: Daftar Obat Terlarang BPOM (Kop Surat RS Siloam),0,kesehatan,hoaxid_hf,
hf-17791,HOAX: Parasetamol Mengandung Virus,0,kesehatan,hoaxid_hf,
hf-17793,[HOAX] PARACETAMOL MENGANDUNG VIRUS MACHUPO,0,kesehatan,hoaxid_hf,
alo-1492834601,"Abetalipoproteinemia - Abetalipoproteinemia adalah kelainan bawaan langka yang menyebabkan tubuh tidak dapat menyerap dan mencerna lemak dengan baik. Akibatnya, penderita abetalipoproteinemia sering mengalami kekurangan vitamin A, D, E, dan K. Abetalipoproteinemia juga dikenal sebagai sindrom Bassen-Kornzweig. Kondisi yang menyebabkan tubuh tidak dapat menyerap lemak ini bisa menimbulkan berbagai gejala, mulai dari diare dengan tinja berminyak, hingga keterlambatan tumbuh kembang. Jumlah kasus abetalipoproteinemia masih terus diteliti sampai saat ini. Namun, penyakit ini diperkirakan hanya terjadi pada sekitar 1 dari 1.000.000 orang. Abetalipoproteinemia disebabkan oleh perubahan (mutasi) gen MTTP. Gen tersebut berfungsi dalam pembentukan lipoprotein beta, yaitu zat yang membantu mengangkut lemak dari makanan agar dapat diserap di usus dan diolah di hati. Mutasi pada gen MTTP membuat pembentukan lipoprotein beta berkurang atau bahkan tidak terbentuk sama sekali. Akibatnya, tubuh sulit untuk menyerap lemak dan vitamin yang larut dalam lemak sehingga penderita abetalipoproteinemia dapat mengalami malnutrisi. Abetalipoproteinemia merupakan kelainan genetik yang dapat diturunkan dari orang tua dan bersifat autosomal recessive. Hal ini berarti risiko anak untuk terkena penyakit tersebut adalah sekitar 25% jika kedua orang tuanya mengalami mutasi gen MTTP. Anak dari kedua orang tua yang memiliki mutasi gen MTTP juga berpeluang sebesar 50% tidak mengalami penyakit abetalipoproteinemia, tetapi menjadi pembawa gen tersebut (carrier).",1,penyakit,alodokter.com,2026-06-28
alo-1492834601-short1,Abetalipoproteinemia adalah kelainan bawaan langka yang menyebabkan tubuh tidak dapat menyerap dan mencerna lemak dengan baik.,1,penyakit,alodokter.com,2026-06-28
alo-1492834601-short2,"Abetalipoproteinemia adalah kelainan bawaan langka yang menyebabkan tubuh tidak dapat menyerap dan mencerna lemak dengan baik. Akibatnya, penderita abetalipoproteinemia sering mengalami kekurangan vitamin A, D, E, dan K.",1,penyakit,alodokter.com,2026-06-28
alo-3122808996,"Ablasi Retina - Ablasi retina adalah kondisi terlepasnya retina dari bagian belakang mata. Kondisi ini tergolong darurat sehingga harus segera ditangani. Jika tidak, ablasi retina dapat menyebabkan kebutaan permanen. Retina adalah lapisan tipis di bagian belakang mata. Lapisan ini berfungsi untuk memproses cahaya yang ditangkap oleh mata. Cahaya yang telah ditangkap akan diubah menjadi sinyal listrik dan diteruskan ke otak yang akan menerjemahkan sinyal tersebut sebagai gambar. Retina yang terlepas dari posisinya dapat menyebabkan penglihatan terganggu. Gangguan tersebut dapat terjadi sebagian atau seluruhnya, tergantung seberapa besar bagian retina yang terlepas. Ablasi retina dapat terjadi pada siapa saja, tetapi lebih sering terjadi pada orang usia di atas 50 tahun. Ablasi retina terjadi ketika retina mata terlepas dari pembuluh darah yang membawa oksigen dan nutrisi. Berdasarkan mekanisme yang menyebabkan lepasnya retina mata, ablasi retina terbagi ke dalam tiga jenis, yaitu: Ablasi retina regmatogenosa merupakan jenis ablasi retina yang paling sering terjadi. Ablasi retina jenis ini terjadi ketika robekan pada retina membuat cairan di tengah bola mata (cairan vitreus) merembes masuk dan menumpuk di belakang retina. Kondisi tersebut membuat lapisan retina terlepas dari dasarnya. Umumnya, robekan pada ablasi retina regmatogenosa terjadi akibat perubahan tekstur pada cairan vitreus seiring pertambahan usia. Robekan juga bisa terjadi karena beberapa",1,penyakit,alodokter.com,2026-06-28
alo-3122808996-short1,Ablasi retina adalah kondisi terlepasnya retina dari bagian belakang mata.,1,penyakit,alodokter.com,2026-06-28
alo-3122808996-short2,Ablasi retina adalah kondisi terlepasnya retina dari bagian belakang mata. Kondisi ini tergolong darurat sehingga harus segera ditangani.,1,penyakit,alodokter.com,2026-06-28
alo-2762838860,"Abortus Imminens - Abortus imminens adalah kondisi yang mengancam keguguran pada kehamilan yang usianya kurang dari 20 minggu. Kondisi ini ditandai dengan perdarahan ringan hingga sedang, tetapi leher rahim tetap tertutup. Penanganan cepat dapat meningkatkan peluang mempertahankan kehamilan. Abortus imminens adalah kondisi di mana terjadi ancaman keguguran tetapi embrio atau janin masih berkembang. Kondisi yang cukup umum terjadi pada 20â30% kehamilan ini sebagian besar dapat diselamatkan jika ditangani dengan cepat.Â Penanganan yang cepat dilakukan bisa mencegah keguguran akibat abortus imminens. Oleh karena itu, pemeriksaan ke dokter diperlukan sesegera mungkin apabila calon ibu mengalami gejala abortus imminens. Penyebab abortus imminens belum dapat diketahui secara pasti. Akan tetapi, beberapa faktor berikut dapat meningkatkan risiko terjadinya abortus imminens: Gejala yang dapat muncul akibat abortus imminens antara lain: Nyeri punggung dan kram perut dapat terjadi secara terus-menerus atau hilang dan timbul. Jika kondisi memburuk, gumpalan darah dapat keluar dari vagina. Jika Anda sedang hamil dan mengalami gejala-gejala yang telah disebutkan di atas, segera ke IGD rumah sakit atau layanan kesehatan terdekat. Bila ragu, Anda bisa bertanya terlebih dahulu lewat Chat Bersama Dokter. Dokter akan memberikan saran perawatan pertama atau merujuk ke rumah sakit terdekat. Penanganan oleh dokter yang dilakukan dengan segera dapat menghindari risiko terjadinya keguguran. Untuk",1,penyakit,alodokter.com,2026-06-28
alo-2762838860-short1,Abortus imminens adalah kondisi yang mengancam keguguran pada kehamilan yang usianya kurang dari 20 minggu.,1,penyakit,alodokter.com,2026-06-28
alo-2762838860-short2,"Abortus imminens adalah kondisi yang mengancam keguguran pada kehamilan yang usianya kurang dari 20 minggu. Kondisi ini ditandai dengan perdarahan ringan hingga sedang, tetapi leher rahim tetap tertutup.",1,penyakit,alodokter.com,2026-06-28
alo-1768119308,"Pengertian Abses - Abses adalah kantong berisi kumpulan nanah yang terbentuk akibat infeksi bakteri. Kantung berisi nanah ini bisa muncul di bagian tubuh mana saja, seperti kulit, mulut, hingga organ dalam, misalnya paru-paru, otak, atau saraf tulang belakang. Abses umumnya tampak seperti benjolan kemerahan yang terasa hangat bila disentuh. Nanah di dalam abses terbentuk dari sel darah putih, sel-sel mati, dan bakteri. Abses umumnya tidak cukup diobati dengan antibiotik, tetapi juga harus dengan membuka dan mengeluarkan nanah di dalamnya. Jika tidak segera diobati, abses bisa semakin besar dan infeksi dapat menyebar ke bagian tubuh lain, bahkan menimbulkan komplikasi serius seperti sepsis. Tidak hanya menyerang manusia, abses juga bisa terjadi pada hewan, misalnya kucing atau anjing. Abses terjadi akibat reaksi alami sistem kekebalan tubuh terhadap infeksi bakteri, virus, jamur, atau parasit yang masuk melalui luka di kulit, seperti sayatan. Saat infeksi terjadi di bagian tubuh tertentu, sel darah putih akan berkumpul di area tersebut untuk melawan penyebab infeksi. Jika tidak segera ditangani, proses tersebut dapat menimbulkan peradangan dan membentuk rongga berisi nanah. Nanah merupakan cairan yang terdiri dari sel darah putih, sel-sel mati, dan bakteri. Jenis bakteri yang paling sering menyebabkan penumpukan nanah adalah Staphylococcus aureus dan Streptococcus pyogenes. Abses dapat terjadi pada siapa",1,penyakit,alodokter.com,2026-06-28
alo-1768119308-short1,Pengertian Abses adalah Abses adalah kantong berisi kumpulan nanah yang terbentuk akibat infeksi bakteri.,1,penyakit,alodokter.com,2026-06-28
alo-1768119308-short2,"Abses adalah kantong berisi kumpulan nanah yang terbentuk akibat infeksi bakteri. Kantung berisi nanah ini bisa muncul di bagian tubuh mana saja, seperti kulit, mulut, hingga organ dalam, misalnya paru-paru, otak, atau saraf tulang belakang.",1,penyakit,alodokter.com,2026-06-28
alo-318972934,"Abses Anus - Abses anus adalah benjolan berisi nanah yang terbentuk di anus. Kondisi ini umumnya terjadi akibat infeksi bakteri di area anus. Abses anus menimbulkan rasa sakit, terutama saat duduk atau buang air besar. Abses anus umumnya ditandai dengan benjolan kecil kemerahan di saluran anus. Pada beberapa kasus, abses juga bisa muncul di bagian akhir usus besar yang tersambung ke anus (rektum). Bila tidak segera ditangani, abses anus dapat menyebabkan terbentuknya saluran tidak normal di anus (fistula ani). Kondisi ini akan membuat rasa sakit memburuk, bahkan menyebabkan kesulitan mengontrol buang air besar. Abses anus terjadi ketika kelenjar-kelenjar di sekeliling anus terinfeksi oleh bakteri. Akibatnya, kelenjar tersebut membesar dan berisiÂ nanah. Beberapa penyebab abses anus antara lain: Abses anus dapat terjadi pada siapa saja, tetapi kondisi ini lebih berisiko terjadi pada orang yang: Abses anus juga lebih mudah terjadi pada ibu hamil, serta bayi dan balita yang masih mengenakan popok. Gejala umum abses anus adalah nyeri di anus atau rektum yang terasa menusuk. Rasa nyeri ini berlangsung terus menerus dan bertambah parah saat duduk, batuk, dan buang air besar. Gejala lain yang dapat muncul akibat abses anus adalah: Periksakan diri Anda keÂ dokterÂ bila mengalami gejala seperti yang telah disebutkan di atas. Abses",1,penyakit,alodokter.com,2026-06-28
alo-318972934-short1,Abses anus adalah benjolan berisi nanah yang terbentuk di anus.,1,penyakit,alodokter.com,2026-06-28
alo-318972934-short2,Abses anus adalah benjolan berisi nanah yang terbentuk di anus. Kondisi ini umumnya terjadi akibat infeksi bakteri di area anus.,1,penyakit,alodokter.com,2026-06-28
alo-907817081,"Abses Gigi - Abses gigi adalah terbentuknya kantung atau benjolan berisi nanah pada gigi. Abses gigi disebabkan oleh infeksi bakteri. Kondisi ini bisa muncul di sekitar akar gigi atau di gusi. Infeksi bakteri penyebab abses gigi umumnya terjadi pada orang yang kebersihan dan kesehatan giginya buruk. Nanah yang berkumpul di benjolan lambat laun akan memperburuk nyeri. Abses gigi dibedakan menjadi beberapa jenis, yaitu: Abses gigi terjadi akibat berkembangnya bakteri di rongga mulut. Bakteri bisa masuk ke dalam gigi melalui lubang atau retakan di gigi penderita, kemudian menyebabkan pembengkakan dan peradangan di ujung akar. Infeksi bakteri ini akan lebih rentan terjadi pada seseorang dengan kondisi di bawah ini: Gejala utama dari abses gigi adalah munculnya rasa sakit di gigi atau gusi yang bisa datang tiba-tiba dan makin memburuk. Gejala lain yang bisa muncul pada penderita abses gigi adalah: Dianjurkan untuk segera memeriksakan diri ke dokter saat gejala muncul agar abses gigi tidak makin parah. Abses gigi dapat menimbulkan komplikasi yang berbahaya untuk penderitanya, yaitu infeksi yang menyebar lebih dalam ke rahang, kepala, dan leher. Segera ke IGD di rumah sakit terdekat jika muncul gejala abses gigi yang disertai pembengkakan pada gusi dan kelenjar getah bening, terutama bila ada keluhan sesak napas. Pemeriksaan kesehatan gigi",1,penyakit,alodokter.com,2026-06-28
alo-907817081-short1,Abses gigi adalah terbentuknya kantung atau benjolan berisi nanah pada gigi.,1,penyakit,alodokter.com,2026-06-28
alo-907817081-short2,Abses gigi adalah terbentuknya kantung atau benjolan berisi nanah pada gigi. Abses gigi disebabkan oleh infeksi bakteri.,1,penyakit,alodokter.com,2026-06-28
alo-436049985,"Abses Hati - Abses hati atau abses hepar adalah kumpulan nanah yang terbentuk di dalam hati akibat infeksi. Kondisi ini umumnya disebabkan oleh infeksi bakteri atau ameba yang masuk ke hati, misalnya melalui luka tusuk pada perut, atau penyebaran infeksi dari organ pencernaan lain. Penderita abses hati biasanya mengalami gejala berupa nyeri pada perut bagian kanan atas, demam, serta penyakit kuning. Jika tidak segera ditangani, abses hati dapat menimbulkan komplikasi yang berakibat fatal. Sebaliknya, bila mendapatkan penanganan dengan baik, peluang kesembuhan abses hati menjadi tinggi. Abses hati paling sering terjadi karena infeksi bakteri dan ameba. Meski demikian, pada beberapa kasus, abses hati juga bisa terjadi karena infeksi jamur. Berdasarkan penyebabnya, abses hati dibagi ke dalam tiga jenis, yaitu: Kuman penyebab abses hati biasanya menyebar ke hati karena adanya infeksi pada organ lain di saluran pencernaan, seperti: Selain karena infeksi pada saluran pencernaan, abses hati juga dapat terjadi pada orang yang mengalami luka tusuk di hati, atau pernah menjalani operasi di perut. Ada beberapa kondisi yang dapat meningkatkan risiko seseorang mengalami abses hati, yaitu: Gejala abses hati umumnya mirip dengan keluhan peradangan saluran empedu. Beberapa gejala yang dapat dialami penderita abses hati adalah: Segera periksakan ke dokter jika mengalami gejala-gejala yang telah disebutkan di",1,penyakit,alodokter.com,2026-06-28
alo-436049985-short1,Abses hati atau abses hepar adalah kumpulan nanah yang terbentuk di dalam hati akibat infeksi.,1,penyakit,alodokter.com,2026-06-28
alo-436049985-short2,"Abses hati atau abses hepar adalah kumpulan nanah yang terbentuk di dalam hati akibat infeksi. Kondisi ini umumnya disebabkan oleh infeksi bakteri atau ameba yang masuk ke hati, misalnya melalui luka tusuk pada perut, atau penyebaran infeksi dari organ pencernaan lain.",1,penyakit,alodokter.com,2026-06-28
alo-1333236590,"Abses Otak - Abses otak atau abses serebri adalahÂ penumpukan nanah di dalam otak akibat infeksi. Abses otak sering disebabkan oleh infeksi bakteri atau jamur di otak yang dipicu oleh cedera kepala, atau infeksi di area tubuh lain yang menyebar ke otak. AbsesÂ otak sering ditandai dengan munculnya sakit kepala berat, demam, kejang, bahkan gangguan kesadaran. Kondisi ini berbahaya karena dapat menyebabkan pembengkakan otak sehingga membutuhkan penanganan yang cepat dan tepat. Penyebab utama abses otak adalah infeksi bakteri atau jamur di jaringan otak. Infeksi tersebut bisa berasal dari infeksi di otak, cedera kepala, prosedur operasi di otak, atau penyebaran infeksi dari organ lain. Jenis bakteri yang paling sering menyebabkan penumpukan nanah di otak berasal dari golonganÂ Bacteriodes, Streptococcus, Staphylococcus, atauÂ Enterobacter. Sedangkan jenis patogen lain yang paling sering menyebabkan terbentuknya abses otak adalah jamurÂ AspergillusÂ atau parasitÂ ToxoplasmaÂ gondii. Ada beberapaÂ faktor yang bisa meningkatkan risiko terjadinya abses otak, yaitu: Gejala abses otakÂ bisa beragam, tergantung pada ukuran dan lokasiÂ abses. Gejala yang muncul bisa berkembang lambat atau cepat. Berikut adalah beberapa gejala abses otak: SegeraÂ ke dokterÂ jika Anda mengalami gejala yang disebutkan di atas, terutama jika sakit kepala hebat disertai demam tinggi, kejang, lumpuh otot, dan sulit berbicara. Abses otak harus",1,penyakit,alodokter.com,2026-06-28
alo-1333236590-short1,Abses otak atau abses serebri adalahÂ penumpukan nanah di dalam otak akibat infeksi.,1,penyakit,alodokter.com,2026-06-28
alo-1333236590-short2,"Abses otak atau abses serebri adalahÂ penumpukan nanah di dalam otak akibat infeksi. Abses otak sering disebabkan oleh infeksi bakteri atau jamur di otak yang dipicu oleh cedera kepala, atau infeksi di area tubuh lain yang menyebar ke otak.",1,penyakit,alodokter.com,2026-06-28
alo-447166229,"Abses Paru - Abses paru adalah kondisi terbentuknya kantung atau rongga yang berisi nanah di paru-paru.Â Kondisi ini menimbulkan gejala utama berupa batuk berdahak yang sering kali mengandung darah atau nanah. Abses paru paling sering terjadi akibat infeksi bakteri. Kondisi ini dapat terjadi kurang dari 6 minggu (akut), atau berlangsung lebih dari 6 minggu (kronis). Jika ditangani dengan baik, abses paru berpeluang besar untuk sembuh. Sebaliknya, abses paru yang tidak diobati dapat menimbulkan komplikasi yang serius dan berakibat fatal. Berdasarkan penyebabnya, abses paru terbagi menjadi dua jenis, yaitu: Abses paru primer terjadi akibat infeksi di dalam paru-paru itu sendiri. Munculnya infeksi di dalam jaringan paru-paru umumnya diakibatkan oleh masuknya cairan atau makanan yang mengandung bakteri secara langsung ke dalam paru-paru (aspirasi paru). Kondisi ini dapat terjadi ketika seseorang tidak sadar akibat pengaruh alkohol atau obat-obatan, terutama obat penenang. Selain akibat aspirasi paru, abses paru primer juga bisa terjadi akibat beberapa kondisi berikut: Abses paru sekunder terjadi ketika infeksi bagian tubuh lain menyebar dan menginfeksi paru-paru. Infeksi ini dapat menyebar melalui berbagai cara, yaitu: Ada sejumlah faktor yang dapat meningkatkan risiko seseorang mengalami abses paru, yaitu: Gejala utama abses paru-paru adalah batuk yang terus-menerus. Batuk dapat disertai dengan dahak yang mengandung darah atau nanah",1,penyakit,alodokter.com,2026-06-28
alo-447166229-short1,Abses paru adalah kondisi terbentuknya kantung atau rongga yang berisi nanah di paru-paru.Â Kondisi ini menimbulkan gejala utama berupa batuk berdahak yang sering kali mengandung darah atau nanah.,1,penyakit,alodokter.com,2026-06-28
alo-447166229-short2,Abses paru adalah kondisi terbentuknya kantung atau rongga yang berisi nanah di paru-paru.Â Kondisi ini menimbulkan gejala utama berupa batuk berdahak yang sering kali mengandung darah atau nanah. Abses paru paling sering terjadi akibat infeksi bakteri.,1,penyakit,alodokter.com,2026-06-28
alo-3351774599,"Abses Payudara - Abses payudara adalah benjolan di payudara yang berisi nanah. Kondisi yang disebut juga dengan bisul payudara ini biasanya disebabkan oleh infeksi, dan sering dialami oleh ibu menyusui. Ibu menyusui yang mengalami abses payudara perlu segera mendapat pengobatan. Namun, jangan khawatir, ibu menyusui dengan abses payudara bisa tetap menyusui anaknya dengan payudara yang tidak terinfeksi. Peradangan jaringan payudara (mastitis) yang tidak segera diobati atau yang disebabkan oleh sumbatan di kelenjar payudara, merupakan penyebab utama berkumpulnya nanah (abses) di payudara. Infeksi payudara sendiri dapat terjadi karena beberapa hal, salah satunya adalah masuknya bakteri dari mulut bayi ke saluran susu melalui retakan di puting. Meski lebih sering terjadi pada ibu menyusui, wanita yang tidak menyusui dan sebagian kecil pria juga dapat mengalami abses payudara. Ada beberapa faktor yang meningkatkan risiko seseorang untuk menderita abses payudara, di antaranya: Abses payudara berbentuk seperti benjolan di bawah kulit, yang bila disentuh terasa lunak dan dapat digerakkan. Akan tetapi, benjolan ini tidak dapat diraba jika abses tumbuh lebih dalam di payudara. Gejala lain yang dialami oleh penderita abses payudara bisa berbeda-beda, tergantung pada tingkat keparahannya. Keluhan yang dapat muncul berupa: Abses payudara terbentuk akibat mastitis yang tidak segera diobati. Oleh sebab itu, ibu menyusui perlu waspada dan",1,penyakit,alodokter.com,2026-06-28
alo-3351774599-short1,Abses payudara adalah benjolan di payudara yang berisi nanah.,1,penyakit,alodokter.com,2026-06-28
alo-3351774599-short2,"Abses payudara adalah benjolan di payudara yang berisi nanah. Kondisi yang disebut juga dengan bisul payudara ini biasanya disebabkan oleh infeksi, dan sering dialami oleh ibu menyusui.",1,penyakit,alodokter.com,2026-06-28
alo-4220135301,"Abses Peritonsil - Abses peritonsil adalah kantong berisi nanah yang terbentuk pada pangkal tenggorokan, tepatnya di dekat amandel.Â Kondisi ini umumnya terjadi sebagai komplikasi dari radang amandel (tonsilitis).Â Â Abses peritonsil bisa menyebabkan nyeri hebat dan pembengkakan pada amandel sehingga penderitanya sulit makan dan minum. Akibatnya, penderita abses peritonsil berisiko mengalami dehidrasi. Jika tidak tertangani dengan baik, infeksi pada abses peritonsil juga dapat menyebar ke kepala dan leher. Selain itu, ukuran abses yang kian membesar juga bisa menyumbat saluran pernapasan dan berakibat fatal. Abses peritonsil paling sering terjadi pada remaja dan dewasa muda, terutama mereka yang sering mengalami radang tenggorokan berulang. Seperti yang telah disebutkan di atas, abses peritonsil paling sering terjadi karena komplikasi dari radang amandel (tonsilitis). Kondisi ini terjadi akibat infeksi bakteri Streptococcus group A yang menyebar ke jaringan di sekitar amandel dan menyebabkan terbentuknya kantong berisi nanah. Bakteri lain yang dapat menyebabkan abses peritonsil adalah Staphylococcus, Pneumococcus, Actinomyces, Neisseria, dan Haemophilus. Pada kasus yang jarang terjadi, abses peritonsil juga bisa disebabkan oleh komplikasi dari infeksi mononukleosis.Â Ada beberapa faktor yang bisa meningkatkan risiko seseorang terkena abses peritonsil, yaitu: Gejala utama abses peritonsil adalah sakit tenggorokan. Selain itu, penderita abses peritonsil juga dapat mengalami gejala berikut: Segera lakukan pemeriksaan ke dokter",1,penyakit,alodokter.com,2026-06-28
alo-4220135301-short1,"Abses peritonsil adalah kantong berisi nanah yang terbentuk pada pangkal tenggorokan, tepatnya di dekat amandel.Â Kondisi ini umumnya terjadi sebagai komplikasi dari radang amandel (tonsilitis).Â Â Abses peritonsil bisa menyebabkan nyeri hebat dan pembengkakan pada amandel sehingga penderitanya sulit makan dan minum.",1,penyakit,alodokter.com,2026-06-28
alo-4220135301-short2,"Abses peritonsil adalah kantong berisi nanah yang terbentuk pada pangkal tenggorokan, tepatnya di dekat amandel.Â Kondisi ini umumnya terjadi sebagai komplikasi dari radang amandel (tonsilitis).Â Â Abses peritonsil bisa menyebabkan nyeri hebat dan pembengkakan pada amandel sehingga penderitanya sulit makan dan minum. Akibatnya, penderita abses peritonsil berisiko mengalami dehidrasi.",1,penyakit,alodokter.com,2026-06-28
alo-2203522155,"Acanthamoeba Keratitis - Acanthamoeba keratitis adalah infeksi langka pada kornea yang dapat menyebabkan nyeri hebat dan gangguan penglihatan serius. Kondisi ini paling sering terjadi pada pengguna lensa kontak, terutama bila kebersihannya tidak terjaga. Pada tahap awal, acanthamoeba keratitis sering kali sulit dikenali karena gejalanya menyerupai infeksi mata lain, seperti keratitis akibat bakteri atau virus. Padahal, infeksi ini dapat berkembang perlahan dan menyebabkan kerusakan kornea yang semakin luas bila tidak ditangani dengan tepat. Oleh karena itu, penting untuk memahami penyebab, gejala, serta pilihan pengobatannya agar risiko komplikasi dapat ditekan sedini mungkin. Acanthamoeba keratitis terjadi ketika protozoa Acanthamoeba masuk dan menginfeksi kornea. Mikroorganisme ini dapat masuk melalui luka kecil atau lecet pada permukaan kornea, yang sering kali terjadi akibat penggunaan lensa kontak. Beberapa faktor yang dapat meningkatkan risiko terjadinya acanthamoeba keratitis, antara lain: Pada kasus yang jarang, infeksi juga dapat terjadi pada orang yang tidak menggunakan lensa kontak, terutama bila mata terpapar air atau tanah yang terkontaminasi dan terdapat luka pada kornea. Gejala acanthamoeba keratitis dapat berkembang secara bertahap dalam beberapa hari hingga minggu. Keluhan yang sering muncul, meliputi: Pada beberapa kasus, dapat terlihat bercak putih atau keabu-abuan pada kornea. Bila tidak ditangani, infeksi dapat semakin dalam dan merusak jaringan kornea. Segera periksakan diri ke",1,penyakit,alodokter.com,2026-06-28
alo-2203522155-short1,Acanthamoeba keratitis adalah infeksi langka pada kornea yang dapat menyebabkan nyeri hebat dan gangguan penglihatan serius.,1,penyakit,alodokter.com,2026-06-28
alo-2203522155-short2,"Acanthamoeba keratitis adalah infeksi langka pada kornea yang dapat menyebabkan nyeri hebat dan gangguan penglihatan serius. Kondisi ini paling sering terjadi pada pengguna lensa kontak, terutama bila kebersihannya tidak terjaga.",1,penyakit,alodokter.com,2026-06-28
alo-2374604358,"Achilles Tendon Rupture - Achilles tendon rupture adalah kondisi robeknya tendon yang menghubungkan otot betis dengan tulang tumit. Cedera ini umumnya menyebabkan nyeri hebat di bagian belakang pergelangan kaki, bengkak pada tumit, serta kesulitan untuk berdiri atau berjalan. Tendon Achilles adalah jaringan terkuat dan terbesar yang berfungsi menggerakkan pergelangan kaki, sepertiÂ berjalan, berlari, berjinjit, dan melompat. Meski begitu, tendon ini dapat robek jika menerima tekanan berat secara tiba-tiba, misalnya saat berolahraga atau mengalami kecelakaan.Â Kondisi robeknya tendon iniÂ disebutÂ Achilles tendon rupture. Kebanyakan robekan pada tendon Achilles terjadi di dekat area tumit. Namun, Achilles tendon rupture juga bisa terjadi di sepanjang tendon Achilles hingga area betis. Tendon Achilles juga bisa robek sebagian atau seluruhnya, tergantung pada cedera yang terjadi. Achilles tendon ruptureÂ adalah cedera engkelÂ yang terjadi akibat tekanan yang meningkat secara tiba-tiba atau sangat cepat pada kaki bagian bawah. Kondisi ini dapat disebabkan oleh beberapa hal berikut: Risiko robekan tendon Achilles dapat meningkat padaÂ orang dengan kondisi atau kebiasaan tertentu, seperti: Gejala Achilles tendon rupture bisa berupa: Jika tendon Achilles yang robek hanya sebagian, gejalanya bisa lebih ringan. Namun, rasa nyeri, pembengkakan, dan memar tetap dapat terjadi dan biasanya penderita masih bisa berjalan walaupun terbatas. Segera periksakan diri ke dokter jika Anda mendengar",1,penyakit,alodokter.com,2026-06-28
alo-2374604358-short1,Achilles tendon rupture adalah kondisi robeknya tendon yang menghubungkan otot betis dengan tulang tumit.,1,penyakit,alodokter.com,2026-06-28
alo-2374604358-short2,"Achilles tendon rupture adalah kondisi robeknya tendon yang menghubungkan otot betis dengan tulang tumit. Cedera ini umumnya menyebabkan nyeri hebat di bagian belakang pergelangan kaki, bengkak pada tumit, serta kesulitan untuk berdiri atau berjalan.",1,penyakit,alodokter.com,2026-06-28
alo-2461702323,"Achondroplasia - Achondroplasia adalah gangguan pertumbuhan tulang yang ditandai dengan tubuh kerdil dan ukuran anggota tubuh yang tidak proporsional.Â Kondisi ini merupakan salah satu jenis gangguan pertumbuhan tulang yang paling sering terjadi. Achondroplasia ditandai dengan ukuran lengan dan tungkai yang pendek sehingga menyebabkan penderitanya memiliki tubuh kerdil (dwarfisme). Achondroplasia merupakan kelainan langka yang hanya terjadi pada 1 dari 15.000â40.000 kelahiran di dunia. Rata-rata tinggi badan penderita achondroplasia dewasa adalah 131 cm pada laki-laki dan 124 cm pada wanita. Meskipun memiliki kondisi fisik berbeda, penderita achondroplasia memiliki tingkat kecerdasan yang normal seperti orang normal pada umumnya. Achondroplasia disebabkan oleh mutasi genetik pada gen FGFR3, yaitu gen yang menghasilkan proteinÂ Fibroblast Growth Factor Receptor 3. Protein ini berperan penting dalam proses osifikasi atau proses perubahan tulang rawan menjadi tulang keras. Mutasi gen FGFR3 menyebabkan protein tersebut tidak berfungsi dengan baik sehingga mengganggu perubahan tulang rawan menjadi tulang keras. Akibatnya, tulang tumbuh lebih pendek dengan bentuk yang tidak normal, terutama tulang di bagian lengan dan tungkai. Mutasi gen FGFR3 pada penderita achondroplasia dapat terjadi melalui dua cara, yaitu: Sebagian besar kasus achondroplasia disebabkan oleh mutasi gen yang tidak diturunkan dari orang tua. Mutasi ini terjadi secara spontan dan belum diketahui penyebabnya. Sekitar 20% kasus achondroplasia",1,penyakit,alodokter.com,2026-06-28
alo-2461702323-short1,Achondroplasia adalah gangguan pertumbuhan tulang yang ditandai dengan tubuh kerdil dan ukuran anggota tubuh yang tidak proporsional.Â Kondisi ini merupakan salah satu jenis gangguan pertumbuhan tulang yang paling sering terjadi.,1,penyakit,alodokter.com,2026-06-28
alo-2461702323-short2,Achondroplasia adalah gangguan pertumbuhan tulang yang ditandai dengan tubuh kerdil dan ukuran anggota tubuh yang tidak proporsional.Â Kondisi ini merupakan salah satu jenis gangguan pertumbuhan tulang yang paling sering terjadi. Achondroplasia ditandai dengan ukuran lengan dan tungkai yang pendek sehingga menyebabkan penderitanya memiliki tubuh kerdil (dwarfisme).,1,penyakit,alodokter.com,2026-06-28
alo-3137336086,"Acrophobia - Acrophobia adalah ketakutan yang berlebihan dan tidak rasional terhadap ketinggian. Penderita acrophobia dapat merasa cemas, gemetar, pusing, hingga sesak napas ketika sedang berada di tempat yang tinggi. Jika tidak ditangani, acrophobia dapat mengganggu aktivitas sehari-hari penderitanya. Merasa takut atau waspada saat berada di ketinggian merupakan hal yang normal terjadi pada sebagian orang. Hal iniÂ dapat membantu untukÂ lebih berhati-hati agar tidak terjatuh. Namun, pada penderita acrophobia, rasa takut tetap muncul meskipun situasinya aman dan tidak membahayakan dirinya. Pada kondisi yang parah, penderita acrophobia bisa merasa cemas ketika sadar bahwa dirinya berada beberapa meter di atas tanah, misalnya di tengah tangga. Kondisi ini juga dapat membuat penderitanya menghindari kegiatan, termasuk interaksi sosial, yangÂ berlangsung di tempat tinggi. Penyebab acrophobia masih diteliti lebih lanjut. Namun, kondisi ini umumnya dapat muncul akibat beberapa faktor berikut: Berbagai jenis situasi atau tempat yang dapat memicu ketakutan berlebihan pada penderita acrophobia antara lain: Gejala acrophobia dapat muncul setiap kali penderita memikirkan, melihat, atau berada di tempat tinggi. Keluhan yang umum dialami antara lain: Ketika berada di tempat yang tinggi, penderita acrophobia umumnya akan langsung mencari sesuatu untuk berpegangan, berlutut, berjongkok, atau merangkak. Hal ini ia lakukan meskipun situasi tersebut aman tidak mengancam dirinya. Selain itu, penderita",1,penyakit,alodokter.com,2026-06-28
alo-3137336086-short1,Acrophobia adalah ketakutan yang berlebihan dan tidak rasional terhadap ketinggian.,1,penyakit,alodokter.com,2026-06-28
alo-3137336086-short2,"Acrophobia adalah ketakutan yang berlebihan dan tidak rasional terhadap ketinggian. Penderita acrophobia dapat merasa cemas, gemetar, pusing, hingga sesak napas ketika sedang berada di tempat yang tinggi.",1,penyakit,alodokter.com,2026-06-28
alo-1292827244,"Actinic Keratosis - Actinic keratosis adalah kondisi kulit yang kasar, menebal, dan bersisik, akibat paparan sinar matahari dalam waktu yang lama. Actinic keratosis, atau disebut juga dengan solar keratosis, juga dapat terjadi akibat penggunaan alat tanning untuk menghitamkan kulit. Solar keratosis umumnya dialami oleh orang usia 40 tahun ke atas dan orang yang sering beraktivitas di bawah sinar matahari dalam waktu yang lama. Actinic keratosis berkembang secara perlahan dan tidak menimbulkan gejala. Meski jarang terjadi, kondisi ini berpotensi menyebabkan kanker kulit. Penyebab utama actinic keratosis adalah paparan sinar matahari atau ultraviolet secara berlebihan. Dengan kata lain, solar keratosis akan lebih banyak terjadi pada orang-orang yang sering beraktivitas di bawah sinar matahari langsung, serta orang yang senang menggunakan tanning bed atau alat penghitam kulit. Actinic keratosis dapat menyerang siapa pun. Meski begitu, seseorang lebih berisiko terkena kondisi tersebut jika: Gejala actinic keratosis umumnya muncul di bagian kulit yang sering terpapar sinar matahari. Namun demikian, tidak semua orang yang sering terpapar sinar matahari akan menderita actinic keratosis. Jika muncul, perubahan yang dapat terjadi pada area kulit yang terdampak adalah: Kelainan kulit ini biasanya terjadi di pelipis, dahi, kulit kepala, wajah, bibir, telinga, leher, lengan, dan punggung tangan. Umumnya, area yang mengalami kelainan akibat solar keratosis",1,penyakit,alodokter.com,2026-06-28
alo-1292827244-short1,"Actinic keratosis adalah kondisi kulit yang kasar, menebal, dan bersisik, akibat paparan sinar matahari dalam waktu yang lama.",1,penyakit,alodokter.com,2026-06-28
alo-1292827244-short2,"Actinic keratosis adalah kondisi kulit yang kasar, menebal, dan bersisik, akibat paparan sinar matahari dalam waktu yang lama. Actinic keratosis, atau disebut juga dengan solar keratosis, juga dapat terjadi akibat penggunaan alat tanning untuk menghitamkan kulit.",1,penyakit,alodokter.com,2026-06-28
alo-2422671028,"Acute Respiratory Distress Syndrome - ARDS atau acute respiratory distress syndrome adalah gangguan pernapasan berat yang disebabkan oleh penumpukan cairan di dalam kantong-kantong udara (alveoli) paru-paru. ARDS merupakan kondisi gawat darurat yang dapat menyebabkan kematian bila tidak segera ditangani. ARDS sering disebabkan oleh penyakit kritis, seperti sepsis atau pneumonia berat. Salah satu penyebab pneumonia yang saat ini sedang menjadi pandemik adalah virus Corona (COVID-19). Menurut sejumlah penelitian, beberapa pasien COVID-19 bisa mengalami ARDS dalam perjalanan penyakitnya. ARDS disebabkan oleh merembesnya cairan dari pembuluh darah kapiler di paru-paru ke dalam alveoli. Alveoli adalah kumpulan kantong udara di dalam paru-paru yang berfungsi sebagai tempat pertukaran oksigen dan karbon dioksida. Normalnya, selaput yang melindungi pembuluh darah kapiler menjaga cairan agar tetap di dalam pembuluh darah. Namun, pada penderita ARDS, cedera atau penyakit berat menyebabkan kerusakan pada membran pelindung tersebut sehingga cairan bocor ke dalam alveoli. Penumpukan cairan tersebut membuat paru-paru tidak bisa terisi udara sehingga pasokan oksigen ke aliran darah dan tubuh menjadi berkurang. Kekurangan pasokan oksigen ini bisa menyebabkan terhentinya fungsi organ, termasuk otak dan ginjal. Jika dibiarkan, kondisi ini akan mengancam nyawa penderitanya. Beberapa kondisi dan penyakit yang bisa menyebabkan ARDS adalah: ARDS biasanya merupakan komplikasi dari kondisi atau penyakit tertentu. Meski begitu, ada beberapa faktor",1,penyakit,alodokter.com,2026-06-28
alo-2422671028-short1,Acute Respiratory Distress Syndrome adalah ARDS atau acute respiratory distress syndrome adalah gangguan pernapasan berat yang disebabkan oleh penumpukan cairan di dalam kantong-kantong udara (alveoli) paru-paru.,1,penyakit,alodokter.com,2026-06-28
alo-2422671028-short2,ARDS atau acute respiratory distress syndrome adalah gangguan pernapasan berat yang disebabkan oleh penumpukan cairan di dalam kantong-kantong udara (alveoli) paru-paru. ARDS merupakan kondisi gawat darurat yang dapat menyebabkan kematian bila tidak segera ditangani.,1,penyakit,alodokter.com,2026-06-28
alo-2985460635,"Adenomiosis - Adenomiosis adalah kondisi ketika endometrium atau lapisan permukaan rongga rahim tumbuh di dalam dinding otot rahim (miometrium). Meski umumnya kondisi ini tidak berbahaya, tetapi dapat menimbulkan perdarahan, nyeri, dan berpengaruh buruk pada kualitas hidup penderitanya. Dalam kondisi normal, jaringan endometrium hanya melapisi permukaan rongga rahim. Pada adenomiosis, jaringan endometrium tetap berfungsi dengan normal, tetapi tumbuh ke dalam lapisan otot rahim. Akibatnya, rahim membengkak pada setiap siklus menstruasi. Kondisi ini dapat dialami oleh wanita di semua kelompok usia, tetapi lebih sering terjadi pada usia 40â50 tahun. Kondisi ini juga biasanya sembuh ketika wanita mengalami menopause. Hingga saat ini, penyebab adenomiosis belum dapat dipastikan. Namun, kondisi ini diduga terkait dengan beberapa faktor berikut: Sebagian besar penderita adenomiosis tidak mengalami gejala apa pun. Namun, pada beberapa kasus, adenomiosis dapat menimbulkan gejala berikut: Lakukan pemeriksaan ke dokter bila mengalami nyeri haid atau dismenore yang tidak tertahankan, terutama bila sudah terjadi dalam 3 siklus berturut-turut dan mengganggu aktivitas. Konsultasikan pula dengan dokter bila perdarahan saat menstruasi lebih banyak dari biasanya atau muncul perdarahan dari vagina setelah menopause. Sebagai langkah awal, dokter akan menanyakan gejala dan melakukan pemeriksaan fisik pada pasien. Pemeriksaan fisik terutama dilakukan pada perut bagian bawah atau panggul, untuk mengetahui apakah terjadi pembesaran",1,penyakit,alodokter.com,2026-06-28
alo-2985460635-short1,Adenomiosis adalah kondisi ketika endometrium atau lapisan permukaan rongga rahim tumbuh di dalam dinding otot rahim (miometrium).,1,penyakit,alodokter.com,2026-06-28
alo-2985460635-short2,"Adenomiosis adalah kondisi ketika endometrium atau lapisan permukaan rongga rahim tumbuh di dalam dinding otot rahim (miometrium). Meski umumnya kondisi ini tidak berbahaya, tetapi dapat menimbulkan perdarahan, nyeri, dan berpengaruh buruk pada kualitas hidup penderitanya.",1,penyakit,alodokter.com,2026-06-28
alo-2218701719,"Adenovirus - Adenovirus adalah kelompok virus yang menyebabkan infeksi pada saluran pernapasan, mata, paru-paru, dan saluran pencernaan. Penyakit ini dapat menyerang siapa saja, tetapi lebih sering menyerang bayi dan balita. Pada sebagian besar kasus, adenovirus menyebabkan infeksi yang ringan. Namun, adenovirus juga dapat menyebabkan infeksi yang serius, terutama jika terjadi pada orang yang memiliki daya tahan tubuh lemah. Saat ini, adenovirus dicurigai sebagai penyebab terjadinya hepatitis akut misterius. Hepatitis akut misterius sendiri adalah hepatitis yang menyerang anak-anak usia di bawah 16 tahun. Menurut penelitian, adenovirus terdeteksi pada 72% dari 126 penderita yang telah menjalani pemeriksaan. Terdapat sekitar lebih dari 100 jenis adenovirus. Dari jumlah tersebut, sekitar 49 jenisnya dapat menginfeksi manusia. Adenovirus dapat menyebabkan infeksi pada berbagai bagian tubuh, seperti saluran pernapasan, saluran pencernaan, serta mata. Beberapa penyakit infeksi yang terjadi akibat adenovirus adalah: Adenovirus sangat menular. Virus ini dapat menyebar melalui beberapa cara, yaitu: Adenovirus dapat menyerang siapa saja. Akan tetapi, ada beberapa faktor yang meningkatkan risiko seseorang terserang adenovirus, yaitu: Gejala infeksi adenovirus umumnya muncul pada 2â14 hari setelah seseorang terpapar virus tersebut. Gejala yang muncul dapat bervariasi, tergantung pada tipe adenovirus dan penyakit yang disebabkan oleh virus tersebut, antara lain: 1. Gejala pada batuk pilek: 2. Gejala pada bronkitis",1,penyakit,alodokter.com,2026-06-28
alo-2218701719-short1,"Adenovirus adalah kelompok virus yang menyebabkan infeksi pada saluran pernapasan, mata, paru-paru, dan saluran pencernaan.",1,penyakit,alodokter.com,2026-06-28
alo-2218701719-short2,"Adenovirus adalah kelompok virus yang menyebabkan infeksi pada saluran pernapasan, mata, paru-paru, dan saluran pencernaan. Penyakit ini dapat menyerang siapa saja, tetapi lebih sering menyerang bayi dan balita.",1,penyakit,alodokter.com,2026-06-28
alo-4103873378,"Pengertian ADHD - ADHD adalah gangguan perkembangan pada otak yang menyebabkan penderitanya sulit berkonsentrasi, hiperaktif, serta munculnya perilaku impulsif. Kondisi ini dapat mempengaruhi prestasi belajar dan mengganggu hubungan sosial penderitanya. ADHD atau attention deficit hyperactivity disorder umumnya mulai muncul sejak masa kanak-kanak dan dapat berlanjut hingga dewasa. Kondisi ini umumnya disebabkan oleh kombinasi faktor genetik dan gangguan pada fungsi otak yang berperan dalam mengatur perhatian, perilaku, serta kemampuan mengendalikan impuls.Â Gejala ADHD kerap disalahartikan sebagai perilaku anak yang sekedar aktif atau sulit diatur, sehingga kondisi ini sering kali terlambat untuk dikenali dan ditangani. Jika tidak ditangani dengan tepat, ADHD dapat berdampak negatif pada berbagai aspek kehidupan penderitanya, mulai dari prestasi akademik, hubungan sosial, hingga kondisi emosional.Â Penyebab ADHD masih membutuhkan penelitian lebih lanjut. Namun, kondisi ini diduga terkait dengan beberapa kondisi di bawah ini:Â Berikut ini adalah beberapa faktor yang bisa meningkatkan risiko terjadinya ADHD, yaitu: Gejala ADHD pada anak-anak umumnya muncul di usia 3 tahun dan makin terlihat seiring bertambahnya usia anak, terutama setelah masuk sekolah atau awal masa pubertas. Namun, gejala ADHD juga bisa saja baru muncul ketika dewasa. ADHD ditandai dengan kesulitan memusatkan perhatian. Penderita ADHD juga menunjukkan perilaku hiperaktif dan impulsif. Berikut ini akan dijelaskan lebih rinci mengenai gejala",1,penyakit,alodokter.com,2026-06-28
alo-4103873378-short1,"Pengertian ADHD adalah ADHD adalah gangguan perkembangan pada otak yang menyebabkan penderitanya sulit berkonsentrasi, hiperaktif, serta munculnya perilaku impulsif.",1,penyakit,alodokter.com,2026-06-28
alo-4103873378-short2,"ADHD adalah gangguan perkembangan pada otak yang menyebabkan penderitanya sulit berkonsentrasi, hiperaktif, serta munculnya perilaku impulsif. Kondisi ini dapat mempengaruhi prestasi belajar dan mengganggu hubungan sosial penderitanya.",1,penyakit,alodokter.com,2026-06-28
alo-1127408570,"Adiksi - Adiksi adalah perilaku menggunakan atau melakukan sesuatu secara terus-menerus, hingga sulit untuk berhenti atau dikendalikan. Kondisi ini bisa berupa kecanduan akan zat atau obat-obatan maupun aktivitas tertentu dalam mendapatkan kepuasan dan ketenangan batin. Adiksi (kecanduan) terjadi akibat gangguan fungsi otak yang membuat penderitanya tidak mampu mengendalikan keinginannya dalam mendapatkan atau melakukan sesuatu. Tidak hanya terhadap obat, adiksi juga bisa terjadi pada perilaku sehari-hari, misalnya kecanduan belanja atau bermain sosial media. Adiksi diawali dari rasa penasaran yang tinggi atau usaha menghibur diri dari masalah hidup. Rasa senang dan puas yang didapatkan dari pemenuhan adiksi bisa membuat pelakunya ketagihan untuk mendapatkannya lagi, sampai akhirnya ia ketergantungan dan tidak peduli pada hal apa pun selain memenuhi adiksinya. Tanpa penanganan yang tepat, adiksi dapat membuat penderitanya melakukan segala cara untuk memenuhi keinginannya walaupun dengan cara yang salah atau melanggar hukum. Hal ini bisa menimbulkan masalah kesehatan serius, serta rusaknya hubungan baik penderita dengan keluarga dan orang lain. Berdasarkan jenisnya, adiksi terbagi dalam dua kategori, yaitu: Adiksi ini terjadi saat seseorang ketergantungan mengonsumsi zat adiktif tertentu yang dapat memberikan efek senang, seperti: Selain zat kimia, adiksi juga bisa melibatkan perilaku tertentu, di antaranya: Adiksi erat kaitannya dengan gangguan fungsi otak dalam mengolah rasa senang atau",1,penyakit,alodokter.com,2026-06-28
alo-1127408570-short1,"Adiksi adalah perilaku menggunakan atau melakukan sesuatu secara terus-menerus, hingga sulit untuk berhenti atau dikendalikan.",1,penyakit,alodokter.com,2026-06-28
alo-1127408570-short2,"Adiksi adalah perilaku menggunakan atau melakukan sesuatu secara terus-menerus, hingga sulit untuk berhenti atau dikendalikan. Kondisi ini bisa berupa kecanduan akan zat atau obat-obatan maupun aktivitas tertentu dalam mendapatkan kepuasan dan ketenangan batin.",1,penyakit,alodokter.com,2026-06-28
alo-3394031452,"Aerophobia - Aerophobia adalah ketakutan berlebih untuk bepergian dengan pesawat terbang. Penderita aerophobia dapat mengalami mual, gemetar, hingga serangan panik saat berada di dalam pesawat, bahkan sejak sebelum lepas landas. Aerophobia dapat dipicu oleh kekhawatiran terhadap berbagai situasi dalam penerbangan, sepertiÂ saat lepas landas, pendaratan, atauÂ turbulensi. Tidak jarang, kondisi ini juga berkaitan dengan fobia lain, seperti fobia ketinggian atau claustrophobia (takut ruang sempit). Bagi orang yang jarang bepergian dengan pesawat, aerophobia mungkin tidak berdampak besar dalam hidupnya. Namun, pada orang yang perlu atau sering bepergian dengan pesawat, aerophobia dapat menjadi gangguan serius yang memengaruhi pekerjaan, hubungan sosial, dan pilihan mobilitas sehari-hari. Penyebab aerophobia cukup beragam dan umumnya dipengaruhi oleh kombinasi faktor psikis, pengalaman pribadi, serta lingkungan sosial. Berikut beberapa faktor yang dapat meningkatkan risiko terjadinya aerophobia: Rasa takut dan cemas pada penderita aerophobia dapat dipicu hal-hal berikut: Pada kasus yang berat, kecemasan bisa muncul jauh sebelum perjalanan, misalnya saat mendapat kabar harus bepergian dengan pesawat. Penderita aerophobia cenderung menghindari hal-hal yang berhubungan dengan penerbangan, seperti: Saat di dalam pesawat, penderita aerophobia dapat mengalami serangan panik. Beberapa gejala serangan panik yang dapat timbul adalah: Jika Anda mengalami gejala seperti yang telah disebutkan di atas, sebaiknya konsultasikan ke dokter. Penanganan yang tepat diperlukan",1,penyakit,alodokter.com,2026-06-28
alo-3394031452-short1,Aerophobia adalah ketakutan berlebih untuk bepergian dengan pesawat terbang.,1,penyakit,alodokter.com,2026-06-28
alo-3394031452-short2,"Aerophobia adalah ketakutan berlebih untuk bepergian dengan pesawat terbang. Penderita aerophobia dapat mengalami mual, gemetar, hingga serangan panik saat berada di dalam pesawat, bahkan sejak sebelum lepas landas.",1,penyakit,alodokter.com,2026-06-28
alo-1601884652,"Afasia - Afasia adalah gangguan berkomunikasi yang disebabkan oleh kerusakan di otak. Gangguan ini dapat memengaruhi kemampuan berbicara dan menulis, serta kemampuan memahami kata-kata saat membaca atau mendengar. Afasia sering disebabkan oleh stroke atau cedera kepala. Penderita afasia umumnya keliru dalam memilih atau merangkai kata-kata menjadi sebuah kalimat yang benar. Selain itu, penderita afasia juga tidak bisa memahami perkataan orang lain. Meski demikian, gangguan dalam berkomunikasi ini tidak memengaruhi tingkat kecerdasan dan daya ingat penderitanya. Afasia bisa terjadi secara tiba-tiba setelah seseorang mengalami stroke atau cedera kepala. Namun, afasia juga dapat terjadi secara bertahap akibat tumor otak atau demensia. Afasia bukan merupakan suatu penyakit, melainkan gejala yang menandai adanya kerusakan di bagian otak yang mengatur bahasa dan komunikasi. Salah satu penyebab kerusakan otak yang paling sering memicu afasia adalah stroke. Saat terserang stroke, tidak adanya aliran darah ke otak menyebabkan kematian sel otak atau kerusakan di bagian otak yang memproses bahasa. Diketahui sekitar 25â40% penderita stroke menderita afasia. Selain stroke, kerusakan otak akibat cedera kepala, tumor otak, atau infeksi di otak (ensefalitis) juga bisa menyebabkan afasia. Dalam kondisi tersebut, afasia biasanya disertai dengan gangguan daya ingat dan gangguan kesadaran. Penyakit yang menyebabkan penurunan fungsi sel-sel otak, seperti demensia dan penyakit Parkinson, juga",1,penyakit,alodokter.com,2026-06-28
alo-1601884652-short1,Afasia adalah gangguan berkomunikasi yang disebabkan oleh kerusakan di otak.,1,penyakit,alodokter.com,2026-06-28
alo-1601884652-short2,"Afasia adalah gangguan berkomunikasi yang disebabkan oleh kerusakan di otak. Gangguan ini dapat memengaruhi kemampuan berbicara dan menulis, serta kemampuan memahami kata-kata saat membaca atau mendengar.",1,penyakit,alodokter.com,2026-06-28
alo-194374676,"Agoraphobia - Agoraphobia atau agorafobia adalah rasa takut atau cemas berlebihan pada tempat atau situasi yang membuat penderitanya merasa panik, terperangkap, tidak berdaya, atau malu. Umumnya, agoraphobia timbul ketika penderitanya bepergian atau berada di tempat-tempat publik, terutama yang ramai. Fobia adalah kondisi ketika seseorang mengalami reaksi ketakutan yang berlebihan terhadap sesuatu. Ketakutan tersebut bisa disebabkan oleh beragam hal, contohnya ada yang merasa takut pada suatu kondisi atau situasi, seperti keramaian, dan ada juga yang merasa takut pada hal-hal yang lebih spesifik, seperti darah atau hewan tertentu. Penderita agoraphobia akan merasa takut dan cemas berlebihan pada beberapa tempat dan kondisi, seperti tempat umum, ruangan tertutup, keramaian, lingkungan di luar rumah, dan transportasi publik. Akibatnya, kehidupan penderita agoraphobia berisiko menjadi sangat terbatas dan terisolasi. Belum diketahui penyebab pasti munculnya agoraphobia. Namun, kondisi ini umumnya timbul saat seseorang pernah mengalami lebih dari satu kaliÂ serangan panikÂ pada suatu tempat atau kondisi tertentu. Hal ini menyebabkan penderita agoraphobia takut dan menghindari tempat atau kondisi tersebut. Agoraphobia dapat dialami seseorang sejak masih kecil, tetapi kondisi ini lebih sering terjadi di usia remaja atau dewasa muda (kurang dari 35 tahun). Selain itu, agoraphobia juga lebih sering ditemukan pada wanita dibandingkan dengan pria. Ada beberapa faktor yang bisa meningkatkan",1,penyakit,alodokter.com,2026-06-28
alo-194374676-short1,"Agoraphobia atau agorafobia adalah rasa takut atau cemas berlebihan pada tempat atau situasi yang membuat penderitanya merasa panik, terperangkap, tidak berdaya, atau malu.",1,penyakit,alodokter.com,2026-06-28
alo-194374676-short2,"Agoraphobia atau agorafobia adalah rasa takut atau cemas berlebihan pada tempat atau situasi yang membuat penderitanya merasa panik, terperangkap, tidak berdaya, atau malu. Umumnya, agoraphobia timbul ketika penderitanya bepergian atau berada di tempat-tempat publik, terutama yang ramai.",1,penyakit,alodokter.com,2026-06-28
alo-1341095310,"Agranulositosis - Agranulositosis adalah kondisi saat sumsum tulang terlalu sedikit membentuk granulosit, yaitu jenis sel darah putih yang berfungsi untuk melawan infeksi. Agranulositosis harus segera ditangani karena dapat menimbulkan komplikasi serius, bahkan sampai mengancam nyawa. Granulosit merupakan kelompok sel darah putih yang terdiri dari neutrofil, eosinofil, dan basofil. Pada agranulositosis, sumsum tulang tidak mampu menghasilkan sel darah putih tertentu dalam jumlah yang cukup. Jenis sel darah putih yang jumlahnya rendah tersebut biasanya adalah neutrofil.Â Dalam keadaan normal, sumsum tulang mampu menghasilkan 1.500 neutrofil per mikroliter darah. Sementara pada agranulositosis, jumlah neutrofil yang terbentuk tidak sampai 100 per mikroliter darah. Pada kondisi seperti ini, tubuh akan lebih mudah terserang infeksi yang berat, bahkan apabila kuman yang menginfeksi tidak berbahaya. Agranulositosis bisa terjadi akibat kelainan genetik yang diturunkan dari orang tua. Agranulositosis yang sudah muncul sejak lahir (kongenital) ini disebut juga dengan sindrom Kostmann. Selain kelainan genetik, agranulositosis juga dapat disebabkan oleh kondisi atau penyakit tertentu. Berikut adalah kondisi atau penyakit yang bisa menyebabkan agranulositosis:Â Ada beberapa jenis obat yang dapat memicu agranulositosis, misalnya metamizole. Jika ragu, Anda bisa berkonsultasi online untuk menanyakan obat apa saja yang perlu dihindari agar Anda tidak terkena kondisi ini. Penderita agranulositosis akan mudah terserang infeksi karena sedikitnya jumlah",1,penyakit,alodokter.com,2026-06-28
alo-1341095310-short1,"Agranulositosis adalah kondisi saat sumsum tulang terlalu sedikit membentuk granulosit, yaitu jenis sel darah putih yang berfungsi untuk melawan infeksi.",1,penyakit,alodokter.com,2026-06-28
alo-1341095310-short2,"Agranulositosis adalah kondisi saat sumsum tulang terlalu sedikit membentuk granulosit, yaitu jenis sel darah putih yang berfungsi untuk melawan infeksi. Agranulositosis harus segera ditangani karena dapat menimbulkan komplikasi serius, bahkan sampai mengancam nyawa.",1,penyakit,alodokter.com,2026-06-28
alo-884886768,"Akalasia - Akalasia adalah kondisi ketika otot kerongkongan tidak mampu mendorong makanan atau minuman untuk masuk ke lambung. Kondisi ini membuat penderitanya dapat mengalami gejala berupa kesulitan menelan, makanan naik kembali ke kerongkongan, serta penurunan berat badan. Ketika seseorang makan atau minum, cincin otot di bagian bawah kerongkongan (lower esophageal sphincter/LES) akan berkontraksi untuk mendorong makanan atau minuman masuk lebih dalam. Selanjutnya, LES akan melemas agar makanan atau minuman dapat masuk ke lambung. Pada akalasia, LES menjadi kaku dan tidak dapat membuka dengan benar. Kondisi ini membuat makanan atau minuman menumpuk di bagian bawah kerongkongan dan terkadang kembali naik ke bagian atas kerongkongan. Meski sama-sama mengakibatkan makanan naik ke tenggorokan, akalasia berbeda dengan penyakit asam lambung (GERD). GERD terjadi akibat LES terlalu lemah sehingga cincin otot kerongkongan tersebut tidak dapat menutup. Akalasia tergolong penyakit yang jarang terjadi. Diperkirakan, kondisi ini terjadi pada 1 dari 100.000 orang. Meski demikian, akalasia dapat menyerang orang dari semua kelompok usia, baik pria maupun wanita. Belum diketahui apa yang menyebabkan akalasia, tetapi ada dugaan akalasia terkait dengan sejumlah kondisi berikut: Selain sejumlah kondisi di atas, akalasia juga dapat terjadi sebagai komplikasi dari penyakit Chagas, kanker lambung, dan limfoma. Akalasia dapat terjadi pada siapa saja. Meski demikian, ada",1,penyakit,alodokter.com,2026-06-28
alo-884886768-short1,Akalasia adalah kondisi ketika otot kerongkongan tidak mampu mendorong makanan atau minuman untuk masuk ke lambung.,1,penyakit,alodokter.com,2026-06-28
alo-884886768-short2,"Akalasia adalah kondisi ketika otot kerongkongan tidak mampu mendorong makanan atau minuman untuk masuk ke lambung. Kondisi ini membuat penderitanya dapat mengalami gejala berupa kesulitan menelan, makanan naik kembali ke kerongkongan, serta penurunan berat badan.",1,penyakit,alodokter.com,2026-06-28
alo-3958862356,"Akantosis Nigrikans - Akantosis nigrikans adalah kondisi kulit yang berubah menjadi lebih gelap, tebal, dan bertekstur seperti beludru. Akantosis nigrikan biasanya terjadi di bagian lipatan tubuh, seperti ketiak, leher, atau selangkangan. Akantosis nigrikans bisa dialami oleh siapa saja, tetapi lebih sering terjadi pada penderita obesitas. Meski tidak menular dan tidak berbahaya, kondisi ini dapat menjadi salah satu tanda dari gangguan kesehatan yang lebih serius. Penyebab akantosis nigrikans belum diketahui secara pasti. Namun, gangguan ini sering terjadi akibat peningkatan kadar insulin dan resistensi insulin. Ada beberapa kondisi yang diduga memicu terjadinya akantosis nigrikans, yaitu: Sebagian besar penderita akantosis nigrikans mengalami resistensi insulin. Pada kondisi ini, insulin tidak bisa bekerja dengan efektif sehingga kadar gula darah meningkat. Akibatnya, penderita akantosis nigrikans bisa terkena diabetes tipe 2. Peningkatan jumlah insulin juga menyebabkan sel-sel kulit di beberapa bagian tubuh berganti lebih cepat. Kondisi ini membuat bagian kulit tertentu berwarna lebih gelap dibandingkan warna kulit di sekitarnya. Akantosis nigrikans sering terjadi pada penderita penyakit yang memengaruhi hormon di dalam tubuh, seperti penyakit Addison, sindrom Cushing, sindrom polikistik ovarium (PCOS), atau hipotiroid. Sejumlah penyakit autoimun, seperti lupus, sindrom SjÃ¶gren, skleroderma, dan penyakit Hashimoto bisa menyebabkan akantosis nigrikans. Faktor lainnya, seperti kanker di lambung, usus, atau hati, juga bisa menyebabkan",1,penyakit,alodokter.com,2026-06-28
alo-3958862356-short1,"Akantosis nigrikans adalah kondisi kulit yang berubah menjadi lebih gelap, tebal, dan bertekstur seperti beludru.",1,penyakit,alodokter.com,2026-06-28
alo-3958862356-short2,"Akantosis nigrikans adalah kondisi kulit yang berubah menjadi lebih gelap, tebal, dan bertekstur seperti beludru. Akantosis nigrikan biasanya terjadi di bagian lipatan tubuh, seperti ketiak, leher, atau selangkangan.",1,penyakit,alodokter.com,2026-06-28
alo-3385094374,"Akromegali - Akromegali adalah kondisi medis ketika tubuh kelebihan hormon pertumbuhan (growth hormone). Kondisi ini umumnya dialami oleh orang dewasa, yang ditandai dengan pertumbuhan berlebihan di berbagai bagian tubuh, terutama kaki, tangan, dan wajah.Â Growth hormone (GH) berperan dalam pertambahan tinggi badan pada masa kanak-kanak. Setelah dewasa, GH akan menjaga kesehatan tulang, organ, dan metabolisme tubuh. Pada akromegali, kadar growth hormone tinggi meningkatkan ukuran tulang yang tidak normal di tangan, kaki, dan wajah. Meskipun dapat dialami oleh segala kelompok usia, akromegali lebih sering terjadi pada orang usia 30â50 tahun. Pada anak-anak, kelebihan hormon pertumbuhan tidak menyebabkan akromegali, tetapiÂ gigantisme. Akromegali terjadi akibat tingginya produksi hormon pertumbuhan atau growth hormone (GH). Pada usia dewasa, peningkatan hormon pertumbuhan biasanya disebabkan oleh adanya tumor.Â Ada dua jenis tumor yang dapat meningkatan produksi GH, yaitu: Sebagian besar kasus akromegali memperlihatkan adanyaÂ tumor pada kelenjar hipofisis (pituitari), yang dapat meningkatkan produksi GH. Kelenjar hipofisis terletak di bagian bawah otak. Fungsinya adalah untuk memproduksi berbagai hormon yang penting bagi tubuh, salah satunya growth hormone. GH memicu organ hati untuk memproduksi insulin-like growth factor I (IGF-I) yang berfungsi sebagai stimulan pertumbuhan tulang dan jaringan tubuh. Kadar GH yang berlebihan akan memengaruhi produksi IGF-I. Akibatnya, terjadi pertumbuhan yang abnormal pada",1,penyakit,alodokter.com,2026-06-28
alo-3385094374-short1,Akromegali adalah kondisi medis ketika tubuh kelebihan hormon pertumbuhan (growth hormone).,1,penyakit,alodokter.com,2026-06-28
alo-3385094374-short2,"Akromegali adalah kondisi medis ketika tubuh kelebihan hormon pertumbuhan (growth hormone). Kondisi ini umumnya dialami oleh orang dewasa, yang ditandai dengan pertumbuhan berlebihan di berbagai bagian tubuh, terutama kaki, tangan, dan wajah.Â Growth hormone (GH) berperan dalam pertambahan tinggi badan pada masa kanak-kanak.",1,penyakit,alodokter.com,2026-06-28
alo-1511534337,"Aktinomikosis - Aktinomikosis adalah infeksi bakteri yang jarang terjadi dan sering menyerang wajah dan leher, tetapi juga dapat mengenai bagian tubuh lain, seperti mulut, dada, panggul, atau perut. Infeksi bakteri ini bisa diobati dengan baik jika dideteksi lebih awal. Aktinomikosis sering ditandai dengan luka yang bernanah atau abses pada area yang terinfeksi. Infeksi ini bisa menyebar dari satu bagian tubuh ke bagian lain, terutama jika ada luka terbuka atau jaringan yang rusak. Aktinomikosis tidak menular dan sering ditemui di negara tropis. Meski jarang terjadi, penyakit ini dapat menimbulkan infeksi yang serius, seperti meningitis. Aktinomikosis disebabkan oleh bakteri Actinomyces, yang biasanya hidup secara normal di rongga mulut, saluran pencernaan, dan saluran kencing. Infeksi terjadi jika bakteri ini masuk ke jaringan tubuh lain, terutama bila ada cedera atau jaringan yang rusak. Meski aktinomikosis dapat terjadi pada siapa saja, ada beberapa faktor yang dapat meningkatkan risiko seseorang lebih rentan terkena penyakit ini, yaitu: Secara umum, aktinomikosis ditandai dengan abses atau borok di lokasi infeksi. Di samping kemunculan abses, gejala lain yang dapat muncul adalah: Aktinomikosis dapat terjadi di bagian tubuh mana saja. Gejala lain yang muncul akan tergantung lokasi terjadinya infeksi, misalnya: Konsultasikan lewat Chat Bersama Dokter jika Anda mengalami gejala di atas, terutama bila",1,penyakit,alodokter.com,2026-06-28
alo-1511534337-short1,"Aktinomikosis adalah infeksi bakteri yang jarang terjadi dan sering menyerang wajah dan leher, tetapi juga dapat mengenai bagian tubuh lain, seperti mulut, dada, panggul, atau perut.",1,penyakit,alodokter.com,2026-06-28
alo-1511534337-short2,"Aktinomikosis adalah infeksi bakteri yang jarang terjadi dan sering menyerang wajah dan leher, tetapi juga dapat mengenai bagian tubuh lain, seperti mulut, dada, panggul, atau perut. Infeksi bakteri ini bisa diobati dengan baik jika dideteksi lebih awal.",1,penyakit,alodokter.com,2026-06-28
alo-3129525559,"Albinisme - Albinisme atau albino adalah kondisi yang menyebabkan tubuh kurang atau tidak memproduksi melanin. Penderita albinisme dapat dikenali dari warna rambut dan kulitnya yang terlihat putih atau pucat. Melanin merupakan pigmen yang dihasilkan tubuh untuk menentukan warna kulit, rambut, dan selaput pelangi (iris) mata. Melanin juga berperan dalam perkembangan saraf mata yang memengaruhi fungsi penglihatan. Kekurangan melanin dapat menyebabkan kelainan warna rambut dan kulit, hingga mengganggu penglihatan. Albinisme tergolong kondisi yang jarang terjadi, yaitu sekitar 1 dari tiap 20.000 bayi lahir. Di Indonesia, kondisi ini lebih dikenal dengan sebutan albino. Albinisme disebabkan oleh perubahan atau mutasi pada gen yang memengaruhi produksi melanin. Melanin merupakan pigmen yang dihasilkan oleh sel melanosit yang terdapat di mata, kulit, dan rambut. Mutasi pada gen-gen tersebut menyebabkan produksi melanin berkurang atau bahkan tidak diproduksi sama sekali. Hal inilah yang menyebabkan munculnya gejala albinisme. Berdasarkan jenis gen yang mengalami mutasi, albinisme terbagi dalam beberapa tipe. Berikut adalah penjelasannya: Albinisme okulokutaneus merupakan albinisme yang paling umum terjadi. Albinisme tipe ini terjadi akibat mutasi pada salah satu dari 7 gen (OCA1 sampai OCA7). Mutasi pada gen ini menyebabkan penurunan produksi melanin di rambut, kulit, dan mata, serta menurunkan fungsi penglihatan. Albinisme okulokutaneus terjadi ketika masing-masing orang tua menurunkan satu",1,penyakit,alodokter.com,2026-06-28
alo-3129525559-short1,Albinisme atau albino adalah kondisi yang menyebabkan tubuh kurang atau tidak memproduksi melanin.,1,penyakit,alodokter.com,2026-06-28
alo-3129525559-short2,Albinisme atau albino adalah kondisi yang menyebabkan tubuh kurang atau tidak memproduksi melanin. Penderita albinisme dapat dikenali dari warna rambut dan kulitnya yang terlihat putih atau pucat.,1,penyakit,alodokter.com,2026-06-28
alo-1505807071,"Pengertian Alergi - Alergi adalah reaksi berlebihan dari sistem kekebalan tubuh terhadap zat tertentu yang sebenarnya tidak berbahaya, seperti debu, makanan, obat-obatan, atau bulu hewan. Kondisi ini dapat menimbulkan berbagai gejala, mulai dari bersin dan ruam kulit hingga reaksi berat yang dapat mengancam nyawa, seperti anafilaksis. Alergi dapat dialami oleh siapa saja, tetapi lebih sering terjadi pada anak-anak dan orang yang memiliki riwayat alergi dalam keluarga. Pada sebagian orang, alergi dapat membaik seiring bertambahnya usia, tetapi ada juga yang menetap hingga dewasa. Kondisi ini dapat memengaruhi kualitas hidup penderitanya, terutama bila sering kambuh atau menimbulkan gejala yang cukup berat. Alergi terjadi ketika sistem kekebalan tubuh bereaksi terhadap alergen. Zat ini sebenarnya tidak berbahaya bagi kebanyakan orang, tetapi pada penderita alergi dapat memicu reaksi imun yang berlebihan. Beberapa alergen yang sering menjadi penyebab alergi, antara lain: Ada beberapa faktor yang dapat meningkatkan risiko seseorang mengalami alergi, yaitu: Gejala alergi dapat berbeda-beda tergantung pada jenis alergi dan bagian tubuh yang terpengaruh. Gejala tersebut dapat muncul dalam hitungan menit hingga beberapa jam setelah terpapar alergen. Beberapa gejala alergi yang umum terjadi adalah: Alergi makanan Alergi obat Alergi sengatan serangga Pada sebagian kasus, alergi dapat menimbulkan anafilaksis, yaitu reaksi alergi berat yang dapat menyebabkan tekanan darah turun,",1,penyakit,alodokter.com,2026-06-28
alo-1505807071-short1,"Pengertian Alergi adalah Alergi adalah reaksi berlebihan dari sistem kekebalan tubuh terhadap zat tertentu yang sebenarnya tidak berbahaya, seperti debu, makanan, obat-obatan, atau bulu hewan.",1,penyakit,alodokter.com,2026-06-28
alo-1505807071-short2,"Alergi adalah reaksi berlebihan dari sistem kekebalan tubuh terhadap zat tertentu yang sebenarnya tidak berbahaya, seperti debu, makanan, obat-obatan, atau bulu hewan. Kondisi ini dapat menimbulkan berbagai gejala, mulai dari bersin dan ruam kulit hingga reaksi berat yang dapat mengancam nyawa, seperti anafilaksis.",1,penyakit,alodokter.com,2026-06-28
alo-2309529232,"Alergi Dingin - Alergi dingin adalah reaksi sistem kekebalan tubuh yang berlebihan terhadap paparan suhu dingin, baik dari udara maupun air. Kondisi ini ditandai dengan munculnya biduran atau bentol dan gatal di kulit beberapa menit setelah tubuh terpapar suhu dingin. Alergi dingin merupakan salah satu kelainan langka yang biasanya terjadi pada remaja yang beranjak dewasa. Reaksi alergi ini umumnya akan hilang dengan sendirinya, tetapi bisa juga diatasi dengan obat antialergi jika dirasa mengganggu. Setelah gejalanya hilang, reaksi alergi dapat kembali muncul jika penderitanya terpapar suhu dingin. Kebanyakan penderita alergi dingin dapat sembuh total setelah beberapa tahun. Namun, dalam beberapa kasus, kondisi ini tidak bisa disembuhkan dan bertahan seumur hidup. Penyebab alergi dingin adalah kulit yang terpapar suhu dingin, baik dari udara maupun air dingin. Paparan ini dapat memicu tubuh melepaskan histamin, yaitu zat kimia yang menimbulkan reaksi alergi pada kulit. Hingga kini, belum diketahui secara pasti mengapa tubuh bereaksi dengan melepaskan histamin saat terkena suhu dingin. Namun, orang yang memiliki kulit sensitif diketahui lebih berisiko mengalami alergi dingin. Beberapa faktor lain yang dapat meningkatkan risiko seseorang terkena alergi dingin adalah: Usia Anak-anak dan remaja merupakan kelompok usia yang paling sering terkena alergi dingin, tetapi biasanya akan sembuh dengan sendirinya dalam waktu beberapa tahun.",1,penyakit,alodokter.com,2026-06-28
alo-2309529232-short1,"Alergi dingin adalah reaksi sistem kekebalan tubuh yang berlebihan terhadap paparan suhu dingin, baik dari udara maupun air.",1,penyakit,alodokter.com,2026-06-28
alo-2309529232-short2,"Alergi dingin adalah reaksi sistem kekebalan tubuh yang berlebihan terhadap paparan suhu dingin, baik dari udara maupun air. Kondisi ini ditandai dengan munculnya biduran atau bentol dan gatal di kulit beberapa menit setelah tubuh terpapar suhu dingin.",1,penyakit,alodokter.com,2026-06-28
alo-3306001746,"Alergi Kacang - Alergi kacang adalah reaksi tubuh yang muncul ketika mengonsumsi kacang atau makanan berbahan dasar kacang. Reaksi tersebut dapat berupa gatal di kulit, bersin-bersin, muntah, hingga diare. Kacang merupakan salah satu jenis makanan yang baik untuk dikonsumsi, karena mengandung nutrisi lengkap, seperti protein, karbohidrat, lemak, vitamin, dan mineral. Beberapa jenis kacang, seperti kacang tanah, kacang lima, almond, mete, kenari, atau walnut, memiliki kandungan nutrisi yang sama. Alergi kacang merupakan salah satu jenis alergi makanan yang sebagian besar dialami oleh anak-anak. Meski demikian, alergi kacang juga dapat dialami oleh orang dewasa. Alergi kacang perlu ditangani untuk mencegah reaksi alergi yang lebih berat, yaitu syok anafilaktik. Alergi kacang terjadi ketika sistem kekebalan tubuh bereaksi dan menganggap kacang sebagai zat yang berbahaya bagi tubuh (alergen). Reaksi ini kemudian memicu tubuh untuk menghasilkan senyawa kimia yang disebut histamin. Histamin tersebut kemudian memicu munculnya gejala alergi. Histamin dapat menyebar melalui pembuluh darah dan memengaruhi berbagai jaringan tubuh, seperti kulit, saluran pernapasan, dan usus. Seseorang dapat mengalami alergi kacang jika: Ada beberapa kelompok orang yang berisiko tinggi menderita alergi kacang, yaitu: Reaksi alergi yang muncul berbeda pada tiap penderita, mulai dari ringan hingga parah. Gejala alergi kacang biasanya mulai muncul dalam hitungan menit sampai jam setelah penderita",1,penyakit,alodokter.com,2026-06-28
alo-3306001746-short1,Alergi kacang adalah reaksi tubuh yang muncul ketika mengonsumsi kacang atau makanan berbahan dasar kacang.,1,penyakit,alodokter.com,2026-06-28
alo-3306001746-short2,"Alergi kacang adalah reaksi tubuh yang muncul ketika mengonsumsi kacang atau makanan berbahan dasar kacang. Reaksi tersebut dapat berupa gatal di kulit, bersin-bersin, muntah, hingga diare.",1,penyakit,alodokter.com,2026-06-28
alo-2119527242,"Alergi Makanan - Food allergy atau alergi makanan adalah reaksi alergi yang muncul setelah mengonsumsi makanan tertentu. Gejalanya bisa meliputi mual dan muntah, pembengkakan di wajah, sesak napas, sampai hilang kesadaran. Alergi makanan terjadi ketika sistem kekebalan tubuh menganggap protein di dalam makanan merupakan suatu ancaman bagi tubuh. Sebagai bentuk respons, tubuh melepaskan senyawa kimia yang memicu reaksi alergi. Reaksi yang timbul dari alergi makanan sering kali ringan. Namun, pada beberapa kasus, alergi makanan bisa sampai mengancam nyawa. Oleh karena itu, penting untuk mengetahui cara mencegah dan meredakan reaksi alergi yang muncul. Alergi makanan terjadi ketika sistem kekebalan tubuh keliru menganggap protein di dalam makanan tertentu sebagai ancaman bagi tubuh. Tubuh pun memberi respons dengan melepaskan antibodi yang disebut imunoglobulin E (IgE), guna menetralisir pemicu alergi (alergen) di dalam makanan tersebut. Ketika seseorang kembali mengonsumsi makanan tersebut meski hanya sedikit, IgE akan merangsang tubuh untuk mengeluarkan senyawa kimia yang disebut histamin ke aliran darah. Histamin inilah yang menyebabkan timbulnya gejala alergi. Alergi makanan biasanya berlangsung sejak masa kanak-kanak, tetapi kadang juga baru muncul ketika seseorang sudah dewasa. Adapun jenis makanan yang memicu alergi cenderung berbeda pada orang dewasa dan anak-anak. Pada orang dewasa, reaksi alergi bisa muncul setelah mengonsumsi makanan berikut: Sedangkan pada",1,penyakit,alodokter.com,2026-06-28
alo-2119527242-short1,Alergi Makanan adalah Food allergy atau alergi makanan adalah reaksi alergi yang muncul setelah mengonsumsi makanan tertentu.,1,penyakit,alodokter.com,2026-06-28
alo-2119527242-short2,"Food allergy atau alergi makanan adalah reaksi alergi yang muncul setelah mengonsumsi makanan tertentu. Gejalanya bisa meliputi mual dan muntah, pembengkakan di wajah, sesak napas, sampai hilang kesadaran.",1,penyakit,alodokter.com,2026-06-28
alo-2823140338,"Alergi Obat - Alergi obat adalah reaksi berlebihan dari sistem kekebalan tubuh (sistem imun) terhadap suatu obat yang digunakan. Reaksi ini muncul karena sistem kekebalan tubuh menganggap zat dalamÂ obat tersebutÂ sebagai bahan yang dapat membahayakan tubuh. Perlu diketahui, alergi obat berbeda dengan efek samping obat yang biasanya tercantum pada kemasan, atau keracunan obat akibat overdosis.Â Meski jarang terjadi, alergi obat bisa terjadi pada siapa pun, baikÂ anak-anakÂ maupun orang dewasa. Alergi obat disebabkan oleh reaksi sistem kekebalan tubuh yang berlebihan akibat konsumsi atau penggunaan obat. Ketika sistem imun mendeteksi obat yang masuk dan menganggapnya berbahaya, maka akan muncul antibodi spesifik untuk obat tersebut. Antibodi spesifik selanjutnya akan mengeluarkan senyawa yang disebut histamin. Histamin inilah yang menimbulkan keluhan dan gejala alergi obat. Alergi obat tidak sama dengan sensitivitas terhadap obat. Meski dapat menimbulkan gejala yang mirip, sensitivitas terhadap obat tidak melibatkan peran sistem imun seperti yang terjadi pada alergi obat. Hampir semua obat bisa memicu reaksi alergi. Namun, ada beberapa obat yang sering memicu reaksi alergi, yaitu: Tidak semua orang akan mengalami reaksi alergi akibat obat-obatan. Ada dugaan, seseorang lebih berisiko mengalami alergi obat bila memiliki sejumlah faktor berikut: Gejala danÂ tanda dari alergi obatÂ bisa muncul 1 jam atau beberapa hari setelah",1,penyakit,alodokter.com,2026-06-28
alo-2823140338-short1,Alergi obat adalah reaksi berlebihan dari sistem kekebalan tubuh (sistem imun) terhadap suatu obat yang digunakan.,1,penyakit,alodokter.com,2026-06-28
alo-2823140338-short2,Alergi obat adalah reaksi berlebihan dari sistem kekebalan tubuh (sistem imun) terhadap suatu obat yang digunakan. Reaksi ini muncul karena sistem kekebalan tubuh menganggap zat dalamÂ obat tersebutÂ sebagai bahan yang dapat membahayakan tubuh.,1,penyakit,alodokter.com,2026-06-28
alo-1320036297,"Alergi Susu - Alergi susu adalah kondisi ketika sistem kekebalan tubuh bereaksi secara berlebihan terhadap protein yang ada dalam susu maupun produk olahan susu. Kondisi ini umumnya ditandai dengan gatal-gatal, muntah, atau diare. Alergi susu sapi merupakan salah satu jenis alergi yang banyak dialami oleh orang dewasa maupun anak-anak. Orang yang memiliki alergi terhadap susu sapi juga bisa alergi terhadap susu hewan lain, seperti susu kambing, susu domba, dan susu kerbau. Alergi susu sapi masih sering dianggap sama dengan intolerasi laktosa, padahal kedua kondisi ini berbeda. Intoleransi laktosa tidak disebabkan oleh respons sistem kekebalan tubuh yang berlebihan, tetapi karena tubuh kekurangan enzim pengolah laktosa. Sistem kekebalan tubuh normalnya melindungi tubuh dari infeksi dan berbagai penyebab penyakit. Pada penderita alergi susu, sistem kekebalan tubuh malah menganggap protein susu sebagai zat yang berbahaya. Akibatnya, tubuh akan melepaskan histamin dan zat kimia lain yang memicu munculnya gejala alergi susu. Ada beberapa faktor yang dapat meningkatkan risiko seseorang terkena alergi susu, yaitu: Gejala alergi susu dapat berbeda-beda pada tiap penderitanya. Gejala ini bisa muncul sesaat atau beberapa jam setelah mengonsumsi susu atau produk susu. Gejala umum akibat alergi susu antara lain: Alergi susu juga dapat memicu reaksi alergi parah (anafilaksis). Kondisi ini ditandai dengan penurunan kesadaran; tekanan",1,penyakit,alodokter.com,2026-06-28
alo-1320036297-short1,Alergi susu adalah kondisi ketika sistem kekebalan tubuh bereaksi secara berlebihan terhadap protein yang ada dalam susu maupun produk olahan susu.,1,penyakit,alodokter.com,2026-06-28
alo-1320036297-short2,"Alergi susu adalah kondisi ketika sistem kekebalan tubuh bereaksi secara berlebihan terhadap protein yang ada dalam susu maupun produk olahan susu. Kondisi ini umumnya ditandai dengan gatal-gatal, muntah, atau diare.",1,penyakit,alodokter.com,2026-06-28
alo-1092100076,"Alergi Telur - Alergi telur adalah reaksi sistem kekebalan tubuh yang berlebihan terhadap telur atau makanan yang mengandung telur. Kondisi ini merupakan salah satu jenis alergi makanan yang paling sering terjadi pada anak-anak setelah alergi susu. Alergi telur terjadi ketika sistem kekebalan tubuh menganggap protein dalam telur sebagai zat berbahaya. Akibatnya, tubuh melepaskan histamin sebagai respons perlindungan sehingga menimbulkan reaksi alergi. Reaksi alergi ini dapat terjadi dalam hitungan menit hingga jam setelah mengonsumsi telur. Gejala alergi telur bisa bersifat ringan berupa ruam kulit atau hidung tersumbat, hingga berat, seperti muntah dan sesak napas. Pada beberapa kasus, alergi telur juga bisa menyebabkan reaksi alergi yang lebih berat, yaitu reaksi anafilaksis. Alergi telur terjadi ketika sistem kekebalan tubuh bereaksi secara berlebihan terhadap protein telur atau makanan yang mengandung telur, seperti: Selain pada makanan, kandungan telur juga dapat ditemukan dalam beberapa bahan tambahan makanan pada produk kemasan, yaitu: Protein telur juga bisa ditemukan dalam produk selain makanan, misalnya: Alergen atau zat pemicu alergi pada telur paling sering berasal dari putih telur. Namun, karena kuning dan putih telur sulit dipisahkan sepenuhnya, mengonsumsi bagian kuning telur juga dapat memicu reaksi alergi. Alergi telur lebih umum terjadi pada anak-anak, terutama yang berusia 6 bulan sampai lebih dari 1 tahun.",1,penyakit,alodokter.com,2026-06-28
alo-1092100076-short1,Alergi telur adalah reaksi sistem kekebalan tubuh yang berlebihan terhadap telur atau makanan yang mengandung telur.,1,penyakit,alodokter.com,2026-06-28
alo-1092100076-short2,Alergi telur adalah reaksi sistem kekebalan tubuh yang berlebihan terhadap telur atau makanan yang mengandung telur. Kondisi ini merupakan salah satu jenis alergi makanan yang paling sering terjadi pada anak-anak setelah alergi susu.,1,penyakit,alodokter.com,2026-06-28
alo-2240482222,"Alexithymia - Alexithymia adalah istilah untuk orang yang tidak mampu mengenali, merasakan, dan mengekspresikan emosinya sendiri. Kondisi ini tidak termasuk gangguan mental, tetapi sering ditemukan sebagai gejala dari masalah psikologis atau kondisi medis tertentu.Â Seseorang yang mengalami alexithymia bukan berusaha menyembunyikan emosinya, melainkan sulit dan bingung memproses dan mengungkapkannya kepada orang lain. Kondisi ini terjadi saat seseorang tidak mampu menangkap sinyal emosi dalam dirinya sendiri. Penderita alexithymia juga tidak mampu membaca situasi atau merasakan emosi orang lain. Akibatnya, ia sering dianggap apatis, asing, bahkan arogan karena tidak bisa memberi respons emosi yang tepat. Ketidakmampuannya untuk merasakan emosi juga bisa menempatkannya pada situasi yang berbahaya. Sebagai contoh, orang dengan alexithymia bingung dengan munculnya perasaan janggal dari orang asing yang berusaha menculiknya. Namun, ia tidak bisa menunjukkan perasaannya bahkan bingung harus melakukan apa. Bila tidak ada usaha perlawanan atau mencari pertolongan, ia bisa saja dilukai oleh penculik tersebut. Contoh lainnya, penderita alexithymia akan kesulitan untuk menyampaikan perasaan atau berinisiatif menyenangkan sahabat maupun pasangan. Hal ini bisa membuat sahabat dan pasangan merasa tidak dicintai, frustrasi, bahkan memutus hubungan dengan penderita alexithymia. Sejauh yang diketahui, alexithymia erat kaitannya dengan masalah genetik, gangguan saraf, atau gangguan perkembangan. Berdasarkan jenisnya, alexithymia dapat disebabkan oleh beberapa hal berikut: Alexithymia",1,penyakit,alodokter.com,2026-06-28
alo-2240482222-short1,"Alexithymia adalah istilah untuk orang yang tidak mampu mengenali, merasakan, dan mengekspresikan emosinya sendiri.",1,penyakit,alodokter.com,2026-06-28
alo-2240482222-short2,"Alexithymia adalah istilah untuk orang yang tidak mampu mengenali, merasakan, dan mengekspresikan emosinya sendiri. Kondisi ini tidak termasuk gangguan mental, tetapi sering ditemukan sebagai gejala dari masalah psikologis atau kondisi medis tertentu.Â Seseorang yang mengalami alexithymia bukan berusaha menyembunyikan emosinya, melainkan sulit dan bingung memproses dan mengungkapkannya kepada orang lain.",1,penyakit,alodokter.com,2026-06-28
alo-2412969114,"Alien Hand Syndrome - Alien hand syndrome adalah gangguan saraf yang dapat menyebabkan salah satu tangan bergerak dengan sendirinya tanpa adanya perintah dari otak. Kondisi ini bisa membuat salah satu kaki ikut terpengaruh meskipun hal ini jarang terjadi.Â Alien hand syndrome (AHS) atau sindrom tangan alien umumnya menyerang orang dewasa, terutama usia 60 tahun ke atas. Meski begitu, anak-anak juga mungkin untuk mengalami kondisi ini.Â Saat seseorang terkena alien hand syndrome, tangannya akan bergerak sendiri secara tidak sadar. Tangan yang terkena sindrom ini dapat secara tiba-tiba memengang benda yang ada di sekitarnya tanpa adanya perintah dari otak. Hal ini dapat membuat penderitanya bingung dan aktivitasnya terganggu. Bahkan, jika tidak dikelola dengan baik, kondisi ini bisa menyebabkan cedera yang tidak disengaja, yang mungkin dapat mengancam nyawa.Â Sampai saat ini penyebab sindrom alien tangan masih diteliti lebih lanjut. Namun, ada dugaan bahwa kondisi ini timbul akibat adanya kerusakan atau gangguan pada otak karena kondisi-kondisi tertentu, seperti:Â Karena termasuk dalam kondisi langka, alien hand syndrome kecil kemungkinan disebabkan oleh kondisi-kondisi tersebut. Pada pasien stroke misalnya, risiko untuk terkena alien hand syndrome rendah meski angka persentasenya belum diketahui dengan pasti. Sementara itu, hanya 4% dari penderita penyakit Creutzfeldt-Jakob yang mengalami alien hand syndrome. Adapun pada penderita sindrom corticobasal,",1,penyakit,alodokter.com,2026-06-28
alo-2412969114-short1,Alien hand syndrome adalah gangguan saraf yang dapat menyebabkan salah satu tangan bergerak dengan sendirinya tanpa adanya perintah dari otak.,1,penyakit,alodokter.com,2026-06-28
alo-2412969114-short2,"Alien hand syndrome adalah gangguan saraf yang dapat menyebabkan salah satu tangan bergerak dengan sendirinya tanpa adanya perintah dari otak. Kondisi ini bisa membuat salah satu kaki ikut terpengaruh meskipun hal ini jarang terjadi.Â Alien hand syndrome (AHS) atau sindrom tangan alien umumnya menyerang orang dewasa, terutama usia 60 tahun ke atas.",1,penyakit,alodokter.com,2026-06-28
alo-3283537845,"Alkalosis - Alkalosis adalah kondisi ketika darah mengandung terlalu banyak basa atau alkali akibat penurunan kadar asam dalam tubuh. Penyebab alkalosis bisa karena berkurangnya kadar karbondioksida, elektrolit klorida, atau kalium. Keseimbangan kadar asam dan basa ditandai dengan nilai pH normal 7,35â7,45. Nilai pH yang kurang dari normal menandakan kandungan asam dalam tubuh lebih banyak. Sebaliknya, nilai pH yang lebih besar dari 7,45 menunjukkan kandungan basa dalam tubuh lebih banyak. Kesembuhan alkalosis tergantung pada seberapa cepat penyakit ini dideteksi dan ditangani. Makin cepat diobati, tingkat kesembuhan alkalosis pun akan lebih tinggi. Keseimbangan kadar asam-basa dalam tubuh diatur oleh paru-paru, ginjal, dan sistem penyangga kimia dalam tubuh. Saat terjadi gangguan keseimbangan asam dan basa, banyak fungsi organ yang bisa terganggu. Alkalosis terjadi ketika kadar basa di dalam darah lebih tinggi daripada kadar asam. Berdasarkan penyebabnya, alkalosis terbagi dua, yaitu: Alkalosis metabolik terjadi ketika tubuh kekurangan banyak zat asam, atau malah kelebihan zat basa. Kondisi ini dapat disebabkan oleh: Alkalosis respiratorik terjadi saat aliran darah tidak mengandung cukup karbondioksida. Sejumlah kondisi yang bisa menyebabkan alkalosis respiratorik meliputi: Gejala alkalosis dapat berbeda-beda pada tiap penderitanya. Namun, keluhan yang umumnya muncul berupa: Pada beberapa kasus, alkalosis bisa terjadi tanpa disertai gejala sama sekali. Akan tetapi, pada kasus",1,penyakit,alodokter.com,2026-06-28
alo-3283537845-short1,Alkalosis adalah kondisi ketika darah mengandung terlalu banyak basa atau alkali akibat penurunan kadar asam dalam tubuh.,1,penyakit,alodokter.com,2026-06-28
alo-3283537845-short2,"Alkalosis adalah kondisi ketika darah mengandung terlalu banyak basa atau alkali akibat penurunan kadar asam dalam tubuh. Penyebab alkalosis bisa karena berkurangnya kadar karbondioksida, elektrolit klorida, atau kalium.",1,penyakit,alodokter.com,2026-06-28
alo-2806822458,"Alkaptonuria - Alkaptonuria adalah kelainan genetik yang menyebabkan urine dan beberapa bagian kulit berwarna hitam atau gelap. Kelainan langka ini disebabkan oleh terganggunya proses penguraian asam amino akibat perubahan pada gen. Gejala alkaptonuria biasanya berkembang secara perlahan dan sering kali baru diketahui saat penderitanya berusia 20â30 tahunan. Keluhan awal yang dapat terlihat adalah urine berwarna kehitaman atau gelap setelah beberapa saat terpapar udara. Selain urine yang berwarna gelap, penderita alkaptonuria atau black urine disease bisa mengalami keluhan berupa radang sendi (arthritis). Jika tidak ditangani dengan tepat, alkaptonuria dapat menyebabkan komplikasi serius, seperti batu ginjal atau kerusakan katup jantung. Alkaptonuria disebabkan oleh perubahan (mutasi) gen homogentisate 1,2-dioxygenase (HGD). Mutasi tersebut menyebabkan enzim homogentisate oxidase yang diperlukan untuk memecah asam amino tidak bekerja dengan baik. Akibatnya, proses penguraian asam amino tirosin dan fenilalanin menjadi terganggu. Gangguan pada sistem penguraian asam amino juga menyebabkan penumpukan asam homogentisat dalam tubuh. Penumpukan asam homogentisat inilah yang menimbulkan gejala alkaptonuria. Alkaptonuria merupakan kelainan genetik yang diturunkan secara autosomal resesif. Dengan kata lain, alkaptonuria terjadi ketika masing-masing orang tua menurunkan satu salinan gen yang bermutasi kepada anaknya. Anak laki-laki dan perempuan lebih berisiko terkena alkaptonuria jika kedua orang tuanya menderita penyakit yang serupa. Sedangkan jika penyakit ini diturunkan hanya",1,penyakit,alodokter.com,2026-06-28
alo-2806822458-short1,Alkaptonuria adalah kelainan genetik yang menyebabkan urine dan beberapa bagian kulit berwarna hitam atau gelap.,1,penyakit,alodokter.com,2026-06-28
alo-2806822458-short2,Alkaptonuria adalah kelainan genetik yang menyebabkan urine dan beberapa bagian kulit berwarna hitam atau gelap. Kelainan langka ini disebabkan oleh terganggunya proses penguraian asam amino akibat perubahan pada gen.,1,penyakit,alodokter.com,2026-06-28
alo-1669528589,"Alopecia Areata - Alopecia areata adalah kebotakan atau kerontokan rambut yang disebabkan oleh penyakit autoimun. Pada alopecia areata, sistem imun menyerang dan merusak akar rambut sehingga menyebabkan kerontokan dan kebotakan. Kulit kepala yang botak dengan bentuk pitak adalah salah satu tanda dari kondisi ini. Alopecia areata terjadi ketika tempat tumbuhnya rambut (folikel rambut) mengecil lalu berhenti memproduksi rambut. Hal tersebut kemudian menyebabkan terjadinya kerontokan dan kebotakan. Kondisi ini bisa terjadi secara bertahap atau tiba-tiba. Selain menyebabkan terbentuknya botak pitak pada kulit kepala, alopecia areata juga dapat menyebabkan kebotakan pada satu area secara menyeluruh. Alopecia areata jenis ini disebut alopecia areata totalis. Selain itu, ada juga alopecia areata yang terjadi di semua area tubuh yang berambut, atau disebut alopecia areata universalis. Alopecia areata bisa terjadi pada siapa saja, baik laki-laki maupun perempuan. Meski demikian, alopecia areata umumnya terjadi sebelum penderitanya berusia 30 tahun. Kondisi ini juga paling sering memengaruhi rambut yang ada di kulit kepala. Alopecia areata disebabkan oleh sistem imun yang menyerang folikel rambut (penyakit autoimun). Kondisi ini menyebabkan produksi rambut terhenti sehingga rambut menjadi rontok parah dan akhirnya menjadi botak. Belum diketahui secara pasti penyebab sistem imun menyerang dan merusak folikel rambut. Akan tetapi, kondisi ini diduga dipicu oleh infeksi virus, trauma,",1,penyakit,alodokter.com,2026-06-28
alo-1669528589-short1,Alopecia areata adalah kebotakan atau kerontokan rambut yang disebabkan oleh penyakit autoimun.,1,penyakit,alodokter.com,2026-06-28
alo-1669528589-short2,"Alopecia areata adalah kebotakan atau kerontokan rambut yang disebabkan oleh penyakit autoimun. Pada alopecia areata, sistem imun menyerang dan merusak akar rambut sehingga menyebabkan kerontokan dan kebotakan.",1,penyakit,alodokter.com,2026-06-28
alo-2339120848,"Altitude Sickness - Altitude sickness atau penyakit ketinggian adalah kumpulan gejala yang muncul ketika seseorang mendaki terlalu cepat menuju ketinggian tertentu. Beberapa gejalanya adalah sulit tidur, sesak napas, dan sakit kepala. Pada ketinggian lebih dari 1.500 meter di atas permukaan laut (mdpl), tekanan udara mulai menurun dan oksigen makin menipis. Kondisi ini menyebabkan seseorang yang berada pada ketinggian tersebut harus memberikan waktu bagi tubuhnya untuk beradaptasi. Altitude sickness atau mountain sickness terjadi ketika tubuh tidak mendapatkan cukup waktu untuk beradaptasi dengan perubahan tekanan udara dan kadar oksigen di ketinggian. Akibatnya, muncul gangguan pada sistem saraf, otot, paru-paru, dan jantung. Berdasarkan jenisnya, altitude sickness terbagi menjadi tiga yaitu: Altitude sickness terjadi ketika seseorang berada di ketinggian lebih dari 3.000 mdpl. Pada ketinggian tersebut, tekanan udara makin menurun dan kadar oksigen makin berkurang. Bagi orang yang tidak terbiasa berada di ketinggian, tubuhnya perlu waktu lebih lama untuk beradaptasi dengan kondisi tersebut. Gejala altitude sickness muncul ketika tubuh tidak mendapatkan cukup waktu untuk beradaptasi dengan perubahan tekanan udara dan kadar oksigen di ketinggian. Beberapa kondisi yang dapat meningkatkan risiko seseorang mengalami altitude sickness adalah: Gejala altitude sickness biasanya muncul ketika seseorang berada di ketinggian lebih dari 3.000 mdpl. Gejalanya bisa muncul bertahap atau tiba-tiba dengan tingkat",1,penyakit,alodokter.com,2026-06-28
alo-2339120848-short1,Altitude sickness atau penyakit ketinggian adalah kumpulan gejala yang muncul ketika seseorang mendaki terlalu cepat menuju ketinggian tertentu.,1,penyakit,alodokter.com,2026-06-28
alo-2339120848-short2,"Altitude sickness atau penyakit ketinggian adalah kumpulan gejala yang muncul ketika seseorang mendaki terlalu cepat menuju ketinggian tertentu. Beberapa gejalanya adalah sulit tidur, sesak napas, dan sakit kepala.",1,penyakit,alodokter.com,2026-06-28
alo-4015309744,"Amaurosis Fugax - Amaurosis fugax adalah kondisi kebutaan sementara yang mendadak terjadi pada satu atau kedua mata. Amaurosis fugax sering kali menjadi pertanda awal stroke. Retina adalah bagian mata yang berfungsi untuk menangkap cahaya dari luar. Cahaya tersebut kemudian akan diterjemahkan di otak sehingga membentuk gambar. Di dalam retina, terdapat pembuluh darah yang menyuplai oksigen dan nutrisi retina. Namun, pada amaurosis fugax, pembuluh darah retina tersebut tersumbat sehingga mata tidak dapat melihat. Amaurosis fugax disebut juga dengan kebutaan sementara atau transient vision loss. Jika tidak ditangani dengan tepat, amaurosis fugax dapat menimbulkan komplikasi berupa kebutaan permanen, dan dapat meningkatkan risiko stroke. Amaurosis fugax disebabkan oleh aterosklerosis yang kemudian membentuk plak lemak dan gumpalan darah. Gumpalan darah bisa berasal dari pembuluh darah besar di leher (arteri karotis) atau jantung, yang terlepas dan kemudian menyumbat pembuluh darah retina. Gumpalan darah tersebut juga bisa berasal dari pembuluh darah retina itu sendiri. Ada beberapa faktor yang dapat meningkatkan risiko terbentuknya gumpalan darah atau lemak di pembuluh darah retina, yaitu: Beberapa kondisi medis lain yang dapat menyebabkan amaurosis fugax adalah: Meskipun jarang, amaurosis fugax juga berisiko terjadi akibat penyempitan mendadak di pembuluh darah otak. Kondisi ini dapat terjadi pada aktivitas fisik yang berat dan dilakukan terus-menerus dalam waktu",1,penyakit,alodokter.com,2026-06-28
alo-4015309744-short1,Amaurosis fugax adalah kondisi kebutaan sementara yang mendadak terjadi pada satu atau kedua mata.,1,penyakit,alodokter.com,2026-06-28
alo-4015309744-short2,Amaurosis fugax adalah kondisi kebutaan sementara yang mendadak terjadi pada satu atau kedua mata. Amaurosis fugax sering kali menjadi pertanda awal stroke.,1,penyakit,alodokter.com,2026-06-28
alo-3108835512,"Ambeien - Ambeien atau wasir adalah pembengkakan atau peradangan pembuluh darah di ujung usus besar (rektum) dan anus. Kondisi ini disebabkan oleh peningkatan tekanan pembuluh darah di sekitar anus. Salah satunya karena mengejan terlalu keras. Ambeien atau yang juga dikenal dengan wasir (hemoroid) adalah kondisi yang umumnya tidak menimbulkan gejala dan dapat membaik dalam hitungan hari. Namun, pada kondisi yang parah ambeien dapat menimbulkan nyeri, gatal, dan perdarahan setelah buang air besar. Belum diketahui secara pasti penyebab ambeien, tetapi kondisi ini diduga terjadi ketika tekanan pada perut atau tungkai meningkat. Peningkatan tekanan tersebut kemudian menyebabkan pembuluh darah di sekitar anus menjadi bengkak dan meradang. Beberapa faktor yang dapat meningkatkan risiko terjadinya ambeien, yaitu: Selain itu, beberapa kondisi medis juga diduga dapat menyebabkan ambeien, yakni: Tanda dan gejala yang muncul akibat ambeien tergantung pada jenis ambeien yang dialami. Berikut adalah penjelasannya: Ambeien jenis ini ditandai dengan pembuluh darah yang membengkak di luar anus sehingga dapat terlihat dari luar. Gejala yang dapat muncul pada ambeien eksternal atau ambeien luar adalah: Ambeien internal terjadi ketika pembengkakan pembuluh darah berada di dalam anus sehingga ambeien tidak terlihat atau teraba dari luar. Gejala yang dapat ditemukan pada ambeien jenis ini adalah: Kapan harus ke dokter Periksakan diri",1,penyakit,alodokter.com,2026-06-28
alo-3108835512-short1,Ambeien atau wasir adalah pembengkakan atau peradangan pembuluh darah di ujung usus besar (rektum) dan anus.,1,penyakit,alodokter.com,2026-06-28
alo-3108835512-short2,Ambeien atau wasir adalah pembengkakan atau peradangan pembuluh darah di ujung usus besar (rektum) dan anus. Kondisi ini disebabkan oleh peningkatan tekanan pembuluh darah di sekitar anus.,1,penyakit,alodokter.com,2026-06-28
alo-3594436986,"Amebiasis - Amebiasis adalah infeksi usus yang disebabkan oleh parasit Entamoeba histolytica. Penyakit ini sering ditemukan di negara tropis dan berkembang dengan kondisi sanitasi yang kurang baik, termasuk Indonesia. Meskipun dapat menimbulkan gejala serius, amebiasis bisa diobati dengan tepat. Amebiasis terjadi ketika seseorang mengonsumsi makanan atau minuman yang terkontaminasi oleh parasit E. histolytica. Parasit ini masuk ke dalam tubuh, lalu berkembang biak di usus besar dan menyebabkan peradangan. Amebiasis atau dikenal sebagai disentri amoeba umumnya ditandai dengan diare atau kram perut. Pada kasus yang parah, penderita dapat mengalami demam dan penyakit kuning. Amebiasis disebabkan oleh parasit E. histolytica, yang bisa masuk ke dalam tubuh dan tinggal di usus melalui beberapa cara berikut: Biasanya, larva E. histolytica berada pada kondisi tidak aktif jika berada di air, tanah, pupuk, atau tinja. Namun, larva E. histolytica akan menjadi aktif (trofozoit) begitu masuk ke dalam tubuh. Larva aktif ini akan berkembang biak di saluran pencernaan, kemudian bergerak dan menetap di dinding usus besar. Seseorang berisiko tinggi terinfeksi parasit ini jika sering bepergian ke negara tropis atau yang memiliki banyak kasus amebiasis. Infeksi E. histolytica dapat berkembang makin parah jika terdapat beberapa faktor berikut: Gejala amebiasis biasanya muncul dalam waktu 7â28 hari setelah infeksi. Pada sebagian besar",1,penyakit,alodokter.com,2026-06-28
alo-3594436986-short1,Amebiasis adalah infeksi usus yang disebabkan oleh parasit Entamoeba histolytica.,1,penyakit,alodokter.com,2026-06-28
alo-3594436986-short2,"Amebiasis adalah infeksi usus yang disebabkan oleh parasit Entamoeba histolytica. Penyakit ini sering ditemukan di negara tropis dan berkembang dengan kondisi sanitasi yang kurang baik, termasuk Indonesia.",1,penyakit,alodokter.com,2026-06-28
alo-4277205205,"Ameloblastoma - Ameloblastoma adalah tumor jinak yang berasal dari sel-sel pembentuk enamel atau lapisan pelindung gigi. Meskipun tidak bersifat gamas, tumor ini bisa tumbuh bertahap dan agresif sehingga dapat merusak jaringan di sekitarnya jika tidak segera diobati. Ameloblastoma merupakan tumor rahang yang sangat langka. Tumor ini diperkirakan hanya terjadi pada 1 dari 1.000.000 orang tiap tahunnya. Ameloblastoma biasanya dialami oleh individu berusia 20â40 tahun. Ameloblastoma biasanya berkembang di area gigi geraham atau gigi bungsu. Jika tidak segera diobati, tumor ini dapat membesar dan bisa merusak gigi, gusi, dan tulang rahang. Ameloblastoma terjadi akibat perubahan atau mutasi gen pada sel-sel pembentuk lapisan enamel gigi yang disebut ameloblast. Perubahan gen ini membuat sel-sel tersebut tumbuh secara tidak normal dan tidak terkendali. Penyebab pasti perubahan gen pada sel-sel ameloblast masih terus diteliti. Namun, ameloblastoma diduga lebih sering terjadi pada orang dengan kelainan genetik tertentu atau memiliki masalah pada gusi dan gigi dalam jangka panjang, misalnya kista gigi, yang tidak ditangani dengan baik. Pada tahap awal, ameloblastoma jarang menimbulkan gejala. Namun, jika tumor sudah tumbuh membesar, akan muncul benjolan atau pembengkakan di rahang. Selain benjolan, penderita ameloblastoma juga dapat mengalami keluhan berikut: Ameloblastoma umumnya berkembang secara bertahap dalam hitungan bulan hingga tahun. Namun, pada beberapa kasus,",1,penyakit,alodokter.com,2026-06-28
alo-4277205205-short1,Ameloblastoma adalah tumor jinak yang berasal dari sel-sel pembentuk enamel atau lapisan pelindung gigi.,1,penyakit,alodokter.com,2026-06-28
alo-4277205205-short2,"Ameloblastoma adalah tumor jinak yang berasal dari sel-sel pembentuk enamel atau lapisan pelindung gigi. Meskipun tidak bersifat gamas, tumor ini bisa tumbuh bertahap dan agresif sehingga dapat merusak jaringan di sekitarnya jika tidak segera diobati.",1,penyakit,alodokter.com,2026-06-28
alo-2211039762,"Amenore - Amenore atau amenorrhea adalah kondisi ketika seorang wanita tidak mengalami menstruasi sesuai jadwalnya. Wanita dikatakan mengalami amenore jika belum pernah menstruasi hingga usia 15 tahun atau tidak mengalami menstruasi selama tiga siklus atau lebih secara berturut-turut. Tidak terjadinya menstruasi merupakan kondisi yang normal pada wanita saat hamil, menyusui, sebelum pubertas, atau saat memasuki menopause. Pada kondisi tertentu, haid juga tidak terjadi pada wanita yang sedang menggunakan alat kontrasepsi, seperti pil KB atau KB suntik. Amenore terjadi ketika seorang wanita tidak mengalami menstruasi di luar kondisi normal, seperti hamil atau menyusui. Amenore bisa menjadi tanda dari suatu penyakit, mulai dari PCOS (polycystic ovarian syndrome) hingga tumor kelenjar pituitari. Oleh karena itu, kondisi ini perlu diperiksakan ke dokter. Ada berbagai kondisi yang dapat menyebabkan terjadinya amenore, seperti dijelaskan di bawah ini: Penyebab amenore yang paling umum adalah gangguan hormonal. Hormon dibutuhkan untuk menghasilkan sel telur (ovulasi) yang kemudian akan memicu menstruasi. Oleh karena itu, ketidakseimbangan hormon dapat mengganggu siklus menstruasi, termasuk amenore. Kondisi-kondisi yang menyebabkan ketidakseimbangan kadar hormon dalam tubuh antara lain: Meski jarang, amenorrhea juga dapat terjadi akibat kelainan bentuk pada organ reproduksi. Beberapa kelainan pada organ reproduksi yang dapat menyebabkan amenore adalah: Risiko terjadinya amenore akan lebih tinggi pada wanita",1,penyakit,alodokter.com,2026-06-28
alo-2211039762-short1,Amenore atau amenorrhea adalah kondisi ketika seorang wanita tidak mengalami menstruasi sesuai jadwalnya.,1,penyakit,alodokter.com,2026-06-28
alo-2211039762-short2,Amenore atau amenorrhea adalah kondisi ketika seorang wanita tidak mengalami menstruasi sesuai jadwalnya. Wanita dikatakan mengalami amenore jika belum pernah menstruasi hingga usia 15 tahun atau tidak mengalami menstruasi selama tiga siklus atau lebih secara berturut-turut.,1,penyakit,alodokter.com,2026-06-28
alo-1256071996,"Amenorrhea - Amenorrhea adalah kondisi tidakÂ terjadinya menstruasi atau haid. Kondisi ini bisa dibagi menjadi amenorrhea primer dan sekunder. Amenorrhea perlu ditangani, karena bisa menjadi tanda dari penyakit yang serius, seperti tumor kelenjar pituitari. Normalnya, sebelum memasuki masa pubertas, saat hamil, menyusui, atau ketika memasuki fase menopause, wanita tidak akan mengalami menstruasi. Selain itu, wanita yang menggunakan kontrasepsi hormonal, seperti KB suntik dan susuk (implan), umumnya juga tidak mengalami haid. Jika wanita tidak kunjung mengalami menstruasi pertama (menarche) atau tidak mengalami haid kembali di luar kondisi dan fase tersebut, diperlukan pemeriksaan menyeluruh untuk memastikan penyebab dan faktor pemicunya. Amenorrhea dapat disebabkan oleh beragam kondisi, mulai dari gangguan organ reproduksi hingga gangguan hormonal. Berikut ini adalah uraian mengenai kondisi yang dapat menyebabkan amenorrhea: Beberapa gangguan atau kelainan pada organ reproduksi yang bisa menyebabkan tidak terjadinya menstruasi adalah: Beberapa penyakit dan kondisi yang dapat menyebabkan terjadinya gangguan hormonal dan memicu amenorrhea antara lain: Selain gangguan hormonal dan gangguan organ reproduksi, riwayat amenorrhea pada keluarga juga dapat meningkatkan risiko seseorang menderita menorrhea. MenstruasiÂ atau haid adalah proses peluruhan dinding rahim akibat tidak dibuahinya sel telur. Kondisi yang umumnya terjadi setiap 21â35 hari sekali ini ditandai dengan keluarnya darah dari vagina yang berlangsung selama 1â7 hari.",1,penyakit,alodokter.com,2026-06-28
alo-1256071996-short1,Amenorrhea adalah kondisi tidakÂ terjadinya menstruasi atau haid.,1,penyakit,alodokter.com,2026-06-28
alo-1256071996-short2,Amenorrhea adalah kondisi tidakÂ terjadinya menstruasi atau haid. Kondisi ini bisa dibagi menjadi amenorrhea primer dan sekunder.,1,penyakit,alodokter.com,2026-06-28
alo-1924156211,"Amiloidosis - Amiloidosis atau amyloidosis adalah penyakit langka yang terjadi akibat penumpukan zat amiloid di jaringan tubuh. Amiloid sendiri merupakan protein yang diproduksi di sumsum tulang dan dapat disimpan di jaringan atau organ tubuh. Pada tahap awal, amiloidosis sering kali tidak menimbulkan gejala apa pun. Namun, seiring memburuknya penyakit, penumpukan amiloid dapat memengaruhi kerja organ yang terkena dan menyebabkan komplikasi serius. Amiloidosis disebabkan oleh penumpukan amiloid di organ tubuh, seperti ginjal, jantung, atau organ pencernaan. Penumpukan amiloid ini dapat terjadi akibat beberapa kondisi berikut: Beberapa faktor yang dapat meningkatkan risiko seseorang menderita amiloidosis adalah: Amiloidosis tidak menimbulkan gejala apa pun sampai penyakit ini masuk ke tahap yang lebih lanjut. Gejala amiloidosis bisa bervariasi, tergantung pada organ atau jaringan yang terpengaruh. Beberapa gejala amiloidosis yang umum terjadi adalah: Gejala amiloidosis tidak khas sehingga sering kali tidak disadari oleh penderitanya. Maka dari itu, lakukan pemeriksaan ke dokter jika Anda mengalami gejala yang telah disebutkan di atas, terutama bila keluhan tersebut tidak kunjung membaik. Lakukan kontrol rutin ke dokter jika Anda telah didiagnosis menderita amiloidosis. Dokter akan memantau perkembangan penyakit dan respons tubuh Anda terhadap pengobatan. Untuk mendiagnosis amiloidosis, dokter akan menanyakan gejala, riwayat kesehatan pasien dan keluarganya, kemudian melakukan pemeriksaan fisik lengkap. Selanjutnya, dokter",1,penyakit,alodokter.com,2026-06-28
alo-1924156211-short1,Amiloidosis atau amyloidosis adalah penyakit langka yang terjadi akibat penumpukan zat amiloid di jaringan tubuh.,1,penyakit,alodokter.com,2026-06-28
alo-1924156211-short2,Amiloidosis atau amyloidosis adalah penyakit langka yang terjadi akibat penumpukan zat amiloid di jaringan tubuh. Amiloid sendiri merupakan protein yang diproduksi di sumsum tulang dan dapat disimpan di jaringan atau organ tubuh.,1,penyakit,alodokter.com,2026-06-28
alo-160597868,"Amnesia - Amnesia atau hilang ingatan adalah gangguan yang menyebabkan seseorang tidak bisa mengingat fakta, informasi, atau kejadian yang pernah dialaminya. Meski bersifat ringan, gangguan daya ingat akibat amnesia juga bisa mengganggu kehidupan penderitanya.Â Amnesia ditandai dengan hilangnya sebagian atau seluruh ingatan penderitanya. Meski demikian, penderita amnesia umumnya masih dapat mengingat identitas dirinya, hanya saja mereka cenderung kesulitan untuk mengingat hal baru atau mengingat kejadian di masa lalu. Amnesia sering dikaitkan dengan demensia, tetapi keduanya merupakan kondisi yang berbeda. Amnesia mengacu pada kondisi hilangnya memori yang dapat bersifat sementara atau permanen, sedangkan demensia merupakan gangguan pada daya ingat sekaligus penurunan fungsi koginitif. Amnesia disebabkan oleh kerusakan pada bagian sistem limbik yang ada di otak. Sistem limbik merupakan bagian yang berperan dalam mengatur ingatan dan emosi seseorang. Kerusakan pada sistem limbik bisa disebabkan oleh sejumlah kondisi berikut: Gejala utama amnesia adalah hilangnya ingatan masa lalu atau sulit mengingat hal-hal baru. Berdasarkan gejala yang muncul, amnesia dapat dibagi dalam beberapa jenis, yaitu: Amnesia jenis ini membuat penderitanya sulit membentuk ingatan baru. Gangguan ingatan yang dialami penderita amnesia anterograde dapat bersifat sementara, misalnya setelah seseorang mengonsumsi minuman beralkohol. Namun, amnesia jenis ini juga bisa bersifat permanen bila terjadi kerusakan di bagian otak. Pada kondisi ini,",1,penyakit,alodokter.com,2026-06-28
alo-160597868-short1,"Amnesia atau hilang ingatan adalah gangguan yang menyebabkan seseorang tidak bisa mengingat fakta, informasi, atau kejadian yang pernah dialaminya.",1,penyakit,alodokter.com,2026-06-28
alo-160597868-short2,"Amnesia atau hilang ingatan adalah gangguan yang menyebabkan seseorang tidak bisa mengingat fakta, informasi, atau kejadian yang pernah dialaminya. Meski bersifat ringan, gangguan daya ingat akibat amnesia juga bisa mengganggu kehidupan penderitanya.Â Amnesia ditandai dengan hilangnya sebagian atau seluruh ingatan penderitanya.",1,penyakit,alodokter.com,2026-06-28
alo-2387787885,"Amputasi - Amputasi adalah hilang atau putusnya bagian tubuh, seperti jari, lengan, atau tungkai. Amputasi bisa terjadi akibat cedera, atau bisa juga merupakan bagian dari operasi pemotongan bagian tubuh tertentu untuk mengatasi suatu kondisi atau penyakit. Amputasi akibat cedera bisa terjadi secara sebagian (parsial) atau keseluruhan (total). Amputasi parsial berarti masih ada sebagian atau beberapa jaringan lunak yang tersambung sehingga bagian tubuh penderita tidak terputus sepenuhnya. Sementara pada amputasi total, bagian tubuh penderita terputus seluruhnya. Baik pada amputasi parsial maupun total, kemungkinan bagian tubuh yang telah terputus dapat disambung kembali atau tidak, tergantung pada tingkat keparahan cedera itu sendiri. Jika bagian tubuh yang putus tidak bisa disambungkan kembali, pasien akan disarankan untuk menggunakanÂ kaki atau tangan palsuÂ (prostesis). Istilah amputasi juga digunakan untuk prosedur pemotongan bagian tubuh untuk mencegah kondisi yang lebih berbahaya. Kondisi berbahaya yang dimaksud antara lain penyebaran infeksi, luka yang membusuk (gangren), dan kanker. Amputasi dapat terjadi akibat cedera parah yang tidak disengaja, atau bisa juga direncanakan oleh dokter untuk menangani sejumlah penyakit. Berikut ini adalah penjelasannya: Amputasi yang disebabkan oleh cedera bisa terjadi akibat sejumlah kondisi berikut: Banyak penyakit yang dapat membuat seseorang harus menjalani prosedur amputasi, antara lain: Gejala amputasi yang dapat dialami, terutama pada amputasi akibat",1,penyakit,alodokter.com,2026-06-28
alo-2387787885-short1,"Amputasi adalah hilang atau putusnya bagian tubuh, seperti jari, lengan, atau tungkai.",1,penyakit,alodokter.com,2026-06-28
alo-2387787885-short2,"Amputasi adalah hilang atau putusnya bagian tubuh, seperti jari, lengan, atau tungkai. Amputasi bisa terjadi akibat cedera, atau bisa juga merupakan bagian dari operasi pemotongan bagian tubuh tertentu untuk mengatasi suatu kondisi atau penyakit.",1,penyakit,alodokter.com,2026-06-28
alo-4085079300,"Amyotrophic Lateral Sclerosis (ALS) - Amyotrophic Lateral Sclerosis (ALS) adalah gangguan saraf yang dapat memburuk seiring waktu, hingga menyebabkan kelumpuhan. Pada awalnya, ALS ditandai dengan kedutan otot, otot melemah, dan gangguan bicara. Â ALS atau sklerosis lateral amiotrofik adalah penyakit yang menjadi terkenal di tahun 2014 melalui ice bucket challenge, yaitu tantangan yang dilakukan dengan menyiram seember air dingin dari atas kepala. Tantangan ini dibuat untuk mengumpulkan dana penelitian terhadap ALS atau yang disebut juga dengan penyakit Lou Gehrig. Secara spesifik, ALS menyerang otak dan saraf tulang belakang yang mengendalikan gerakan otot (saraf motorik) sehingga disebut juga sebagai penyakit saraf motorik.Â Seiring waktu, saraf akan makin rusak. Akibatnya, penderita ALS kehilangan kekuatan otot, kemampuan bicara, makan, hingga bernapas. Penyebab penyakit ALS belum bisa dipastikan. Namun, sekitar 5-10% kasus ALS diketahui terkait dengan faktor keturunan. Selain faktor keturunan, beberapa penelitian menunjukkan bahwa ALS diduga terkait dengan sejumlah kondisi di bawah ini: Terdapat sejumlah faktor yang bisa meningkatkan risiko seseorang terkena ALS, yaitu: Gejala awal ALS sering kali dimulai dari tungkai, lalu menyebar ke bagian tubuh yang lain. Seiring perkembangan penyakit, gejala akan makin memburuk, sel-sel saraf akan rusak, dan otot akan terus melemah. Kondisi di atas memengaruhi kemampuan penderita dalam berbicara, mengunyah, menelan, dan bernapas. Gejala",1,penyakit,alodokter.com,2026-06-28
alo-4085079300-short1,"Amyotrophic Lateral Sclerosis (ALS) adalah gangguan saraf yang dapat memburuk seiring waktu, hingga menyebabkan kelumpuhan.",1,penyakit,alodokter.com,2026-06-28
alo-4085079300-short2,"Amyotrophic Lateral Sclerosis (ALS) adalah gangguan saraf yang dapat memburuk seiring waktu, hingga menyebabkan kelumpuhan. Pada awalnya, ALS ditandai dengan kedutan otot, otot melemah, dan gangguan bicara.",1,penyakit,alodokter.com,2026-06-28
alo-573686088,"Andropause - Andropause atau menopause pria adalah kumpulan gejala yang terjadi akibat penurunan kadar hormon testosteron pada pria seiring bertambahnya usia. Keluhan yang terjadi dapat berupa penurunan gairah seksual, sulit tidur, dan perubahan suasana hati. Hormon testosteron berperan dalam pembentukan sperma, gairah seksual (libido), perkembangan karakteristik seksual saat pubertas, dan pembentukan massa otot pada pria. Seiring pertambahan usia, kadar hormon testosteron akan berangsur-angsur turun, yaitu sekitar 1% per tahun, yang biasanya dimulai sejak usia 40 tahun. Berbeda dengan menopause yang merupakan bagian alami dari proses penuaan pada wanita, andropause tidak selalu dialami oleh pria berusia lanjut. Menopause umumnya terjadi ketika wanita memasuki usia 50â55 tahun. Kondisi ini membuat wanita tidak lagi mengalami masa subur (ovulasi) dan menstruasi sehingga tidak dapat hamil. Sementara itu, penurunan kadar hormon testosteron pada pria terjadi secara bertahap dan tidak habis sepenuhnya. Selain itu, pria usia lanjut masih bisa menghasilkan sel sperma yang sehat. Penyebab andropause adalah penurunan kadar hormon testosteron atau yang disebut dengan hipogonadisme. Hipogonadisme umumnya terjadi di kemudian hari dan dapat dipicu oleh obesitas, diabetes yang tidak terkontrol, pola hidup tidak sehat, serta kebiasaan merokok dan konsumsi minuman beralkohol. Pada kasus yang jarang, hipogonadisme juga bisa terjadi sejak lahir, misalnya pada penderita sindrom Klinefelter, serta",1,penyakit,alodokter.com,2026-06-28
alo-573686088-short1,Andropause atau menopause pria adalah kumpulan gejala yang terjadi akibat penurunan kadar hormon testosteron pada pria seiring bertambahnya usia.,1,penyakit,alodokter.com,2026-06-28
alo-573686088-short2,"Andropause atau menopause pria adalah kumpulan gejala yang terjadi akibat penurunan kadar hormon testosteron pada pria seiring bertambahnya usia. Keluhan yang terjadi dapat berupa penurunan gairah seksual, sulit tidur, dan perubahan suasana hati.",1,penyakit,alodokter.com,2026-06-28
alo-1820847612,"Androphobia - Androphobia adalah fobia atau rasa takut berlebih terhadap laki-laki. Androphobia dapatÂ memicu reaksi cemas, panik, jantung berdebar, keringat dingin, hingga mual, ketika memikirkan atau berinteraksi dengan laki-laki. Rasa takut atau gugup ketika bertemu orang baru memang bisa dialami siapa pun. Namun, pada androphobia, ketakutan ini sangat spesifik, hanya ditujukan kepada laki-laki, dan berlangsung terus-menerus. Androphobia merupakan jenis gangguan kecemasan yang dapat menyerang wanita maupun laki-laki. Jika tidak ditangani dengan tepat, androphobia dapat menurunkan kualitas hidup penderitanya,Â bahkan berisiko memicu gangguan psikologis lain,Â mulai dariÂ depresiÂ hingga percobaan bunuh diri. Androphobia termasuk dalam kelompok fobia spesifik, yaitu gangguan kecemasan yang dipicu oleh objek atau situasi tertentu. Meskipun penyebab pastinya masih diteliti, fobia ini diduga berkaitan dengan respons berlebihan pada bagian otak bernama amigdala, yang mengatur emosi dan rasa takut. Pada androphobia, amigdala mengeluarkan respons emosi yang berlebihan terhadap laki-laki meskipun tidak ada situasi yang berbahaya. Kondisi ini diduga terjadi karena penderita memiliki salah satu atau lebih dari faktor-faktor berikut: Gejala androphobia biasanya muncul ketika penderita bertemu, berinteraksi, atau bahkan hanya dengan memikirkan laki-laki. Gejala ini bisa muncul meski laki-laki tidak melakukan atau menunjukkan perilaku yang mungkin membahayakan penderita. Gejala androphobia bisa bervariasi, mulai dari yang ringan hingga berat. Keluhan-keluhan yang mungkin",1,penyakit,alodokter.com,2026-06-28
alo-1820847612-short1,Androphobia adalah fobia atau rasa takut berlebih terhadap laki-laki.,1,penyakit,alodokter.com,2026-06-28
alo-1820847612-short2,"Androphobia adalah fobia atau rasa takut berlebih terhadap laki-laki. Androphobia dapatÂ memicu reaksi cemas, panik, jantung berdebar, keringat dingin, hingga mual, ketika memikirkan atau berinteraksi dengan laki-laki.",1,penyakit,alodokter.com,2026-06-28
alo-3951042620,"Anemia - Anemia adalah kondisi ketika jumlah sel darah merah dalam tubuh rendah dan tidak berfungsi dengan baik. Kondisi ini membuat tubuh tidak mendapat cukup oksigen sehingga kulit akan terlihat lebih pucat dan tubuh terasa mudah lelah.Â Anemia merupakan gangguan darah atau kelainan hematologi yang terjadi ketika jumlah sel darah merah atau hemoglobin dalam tubuh berada di bawah batas normal. Kondisi ini bisa berlangsung dalam jangka pendek maupun jangka panjang, dengan tingkat keparahan ringan hingga berat. Kadar Hb normal setiap orang berbeda-beda, tergantung pada usia dan jenis kelaminnya. Berikut adalah kisaran nilai Hb normal: Kadar hemoglobin di bawah 8 g/dL sudah tergolong berat. Kondisi ini disebut dengan anemia gravis. Anemia terjadi ketika tubuh kekurangan sel darah merah sehat atau hemoglobin. Akibatnya,Â kadar oksigen di dalam darah berkurang (hipoksemia) dan sel-sel dalam tubuh juga tidak mendapat cukup oksigen. Hal ini dapat mengganggu fungsi organ secara menyeluruh. Secara garis besar, anemia terjadi akibat tiga kondisi berikut ini: Berikut ini adalah jenis-jenis anemia yang umum terjadi berdasarkan penyebabnya: Kekurangan zat besi membuat tubuh tidak mampu menghasilkan hemoglobin (Hb). Kondisi ini bisa terjadi akibat kurangnya asupan zat besi dalam makanan, atau karena tubuh tidak mampu menyerap zat besi, misalnya akibat penyakit celiac. Jika dibandingkan wanita dewasa",1,penyakit,alodokter.com,2026-06-28
alo-3951042620-short1,Anemia adalah kondisi ketika jumlah sel darah merah dalam tubuh rendah dan tidak berfungsi dengan baik.,1,penyakit,alodokter.com,2026-06-28
alo-3951042620-short2,Anemia adalah kondisi ketika jumlah sel darah merah dalam tubuh rendah dan tidak berfungsi dengan baik. Kondisi ini membuat tubuh tidak mendapat cukup oksigen sehingga kulit akan terlihat lebih pucat dan tubuh terasa mudah lelah.Â Anemia merupakan gangguan darah atau kelainan hematologi yang terjadi ketika jumlah sel darah merah atau hemoglobin dalam tubuh berada di bawah batas normal.,1,penyakit,alodokter.com,2026-06-28
alo-3755720056,"Anemia Aplastik - Anemia aplastik adalah kondisi serius ketika sumsum tulang tidak mampu memproduksi cukup sel darah baru. Akibatnya, jumlah sel darah merah, sel darah putih, atau trombosit menurun drastis. Kondisi ini bisa dialami siapa saja, tetapi paling sering pada usia 20-an dan lansia. Sumsum tulang yang sehat berperan penting dalam pembentukan sel darah. Bila produksi sel darah terganggu, tubuh akan mengalami masalah serius pada sistem kekebalan, peredaran darah, hingga pembekuan darah. Gejala awal anemia aplastik biasanya berupa mudah lelah, kulit pucat, sesak napas, dan pusing. Kekurangan sel darah putih membuat penderita anemia aplastik rentan terkena infeksi. Jika tidak ditangani, penderita kondisi ini dapat mengalami komplikasi yang berbahaya. Anemia aplastik disebabkan oleh kerusakan sel punca di sumsum tulang. Hal ini menyebabkan produksi sel darah melambat atau bahkan menurun. Alhasil, jumlah sel darah merah (eritrosit), sel darah putih (leukosit), limfosit, dan keping darah (trombosit) berkurang.Â Penyebab anemia aplastik bisa meliputi: Anemia aplastik juga terkadang tidak ditemui penyebabnya. Kondisi ini disebut anemia aplastik idiopatik. Gejala anemia aplastik tergantung pada jenis sel darah yang berkurang. Berikut ini adalah tanda-tanda yang sering dialami oleh penderita anemia aplastik: Jika jumlah trombosit rendah, penderita mudah mengalami perdarahan. Sementara itu, apabila leukosit menurun, tubuh lebih mudah terserang infeksi. Berkonsultasilah dengan",1,penyakit,alodokter.com,2026-06-28
alo-3755720056-short1,Anemia aplastik adalah kondisi serius ketika sumsum tulang tidak mampu memproduksi cukup sel darah baru.,1,penyakit,alodokter.com,2026-06-28
alo-3755720056-short2,"Anemia aplastik adalah kondisi serius ketika sumsum tulang tidak mampu memproduksi cukup sel darah baru. Akibatnya, jumlah sel darah merah, sel darah putih, atau trombosit menurun drastis.",1,penyakit,alodokter.com,2026-06-28
alo-806143527,"Pengertian Anemia Defisiensi Besi - Anemia defisiensi besi adalah salah satu jenis anemia yang terjadi akibat tubuh kekurangan zat besi. Kondisi ini mengakibatkan penurunanÂ kadar hemoglobin atau jumlah sel darah merah yang sehat dalam tubuh. Zat besiÂ adalah mineral penting yang diperlukan tubuh untuk menghasilkan salah satu komponen sel darah merah, yaitu hemoglobin. Hemoglobin merupakan protein yang berfungsi mengangkut oksigen untuk disebarkan ke seluruh jaringan tubuh. Saat kekurangan zat besi, tubuh tidak dapat memproduksi hemoglobin yang cukup. Kurangnya produksi hemoglobin membuat pasokan oksigen dalam darah berkurang sehingga tubuh tidak mendapat oksigen yang cukup. Hal inilah yang menyebabkan penderita anemia defisiensi besi mudah lelah, lemas, bahkan sesak napas. Anemia defisiensi besi pada ibu hamil dapat mengganggu perkembangan janin dan bayi. Selain itu, kondisi ini juga meningkatkan risiko kelahiran prematur, penyakit infeksi, hingga kematian ibu dan anak. Anemia defisiensi besi merupakan jenis anemia yang paling banyak terjadi, yaitu sekitar 50% dari seluruh jenis anemia yang ada. Anemia defisiensi besi terjadi ketika kebutuhan zat besi tidak terpenuhi atau tubuh kehilangan zat besi dalam jumlah berlebihan. Akibatnya, tubuh tidak dapat memproduksi hemoglobin dalam jumlah yang cukup. Umumnya, kondisi ini dapat dipicu oleh beberapa hal, yaitu: Tubuh membutuhkan zat besi dari makanan sehari-hari. Pola makan rendah zat besi, seperti jarang",1,penyakit,alodokter.com,2026-06-28
alo-806143527-short1,Pengertian Anemia Defisiensi Besi adalah Anemia defisiensi besi adalah salah satu jenis anemia yang terjadi akibat tubuh kekurangan zat besi.,1,penyakit,alodokter.com,2026-06-28
alo-806143527-short2,Anemia defisiensi besi adalah salah satu jenis anemia yang terjadi akibat tubuh kekurangan zat besi. Kondisi ini mengakibatkan penurunanÂ kadar hemoglobin atau jumlah sel darah merah yang sehat dalam tubuh.,1,penyakit,alodokter.com,2026-06-28
alo-3940144915,"Pengertian Anemia Defisiensi Vitamin B12 dan Folat - Anemia defisiensi vitamin B12 dan folat adalah kondisi ketika tubuh kekurangan sel darah merah yang sehat akibat kurangnya vitamin B12 dan folat. Kondisi ini menimbulkan gejala umum anemia, tetapi bisa juga disertai oleh gejala lain yang disebabkan oleh kekurangan dua vitamin tersebut. Vitamin B12 dan folat (vitamin B9) memiliki banyak peran penting bagi tubuh. Salah satu fungsinya adalah memproduksi dan membentuk sel darah merah, yang berperan mengangkut oksigen ke seluruh tubuh. Pada anemia defisiensi vitamin B12 dan folat, tubuh kekurangan dua vitamin tersebut sehingga pembentukan sel darah merah menjadi terganggu. Akibatnya, sel darah merah tumbuh secara tidak normal dengan ukuran yang sangat besar. Kondisi ini disebut juga dengan anemia megaloblastik. Meski berukuran besar, sel darah merah yang abnormal tidak dapat membawa oksigen dengan optimal. Tanpa pasokan sel darah merah yang kaya oksigen, organ dan jaringan tubuh tidak bisa bekerja dengan baik. Kondisi ini dapat menyebabkan berbagai masalah kesehatan. Penyebab anemia defisiensi vitamin 12 dan folat sangat beragam. Seseorang dapat mengalami anemia defisiensi B12 dan folat jika: Gejala anemia defisiensi vitamin B12 dan folat muncul secara perlahan. Beberapa keluhan yang dapat terjadi berupa kulit pucat, jantung berdebar, telinga berdenging, dan hilang nafsu makan. Keluhan di atas juga dapat disertai gejala lain",1,penyakit,alodokter.com,2026-06-28
alo-3940144915-short1,Pengertian Anemia Defisiensi Vitamin B12 dan Folat adalah Anemia defisiensi vitamin B12 dan folat adalah kondisi ketika tubuh kekurangan sel darah merah yang sehat akibat kurangnya vitamin B12 dan folat.,1,penyakit,alodokter.com,2026-06-28
alo-3940144915-short2,"Anemia defisiensi vitamin B12 dan folat adalah kondisi ketika tubuh kekurangan sel darah merah yang sehat akibat kurangnya vitamin B12 dan folat. Kondisi ini menimbulkan gejala umum anemia, tetapi bisa juga disertai oleh gejala lain yang disebabkan oleh kekurangan dua vitamin tersebut.",1,penyakit,alodokter.com,2026-06-28
alo-2411391910,"Anemia Hemolitik - Anemia hemolitik adalah penyakit kurang darah akibat proses penghancuran sel darah merah yang lebih cepat daripada pembentukannya. Penyakit ini perlu ditangani agar tidak terjadi komplikasi pada jantung, seperti gangguan irama jantung atau gagal jantung. Anemia hemolitik dapat dialami sejak lahir karena diturunkan dari orang tua atau berkembang setelah lahir. Anemia hemolitik yang tidak diturunkan dapat dipicu oleh penyakit, paparan zat kimia, atau efek samping obat-obatan. Pada beberapa kasus, anemia hemolitik dapat disembuhkan dengan mengobati penyebabnya. Akan tetapi, anemia hemolitik juga bisa berlangsung dalam jangka panjang (kronis), terutama yang disebabkan oleh faktor keturunan. Anemia hemolitik dapat diturunkan dari orang tua atau berkembang setelah lahir. Beberapa penyebab anemia hemolitik yang dipicu oleh faktor keturunan adalah: Sedangkan kondisi selain faktor keturunan yang dapat menyebabkan anemia hemolitik antara lain: Gejala anemia hemolitik bisa ringan di awal penyakit, kemudian memburuk secara perlahan atau tiba-tiba. Gejalanya bervariasi pada setiap penderita, di antaranya: Kapan harus ke dokter Periksakan diri ke dokter bila mengalami gejala di atas, terutama bila terdapat keluhan kulit dan mata menguning atau jantung berdebar. Anemia hemolitik dapat disebabkan oleh penyakit autoimun atau efek samping obat-obatan. Oleh sebab itu, lakukan kontrol rutin ke dokter bila menderita penyakit autoimun atau minum obat tertentu untuk jangka panjang.",1,penyakit,alodokter.com,2026-06-28
alo-2411391910-short1,Anemia hemolitik adalah penyakit kurang darah akibat proses penghancuran sel darah merah yang lebih cepat daripada pembentukannya.,1,penyakit,alodokter.com,2026-06-28
alo-2411391910-short2,"Anemia hemolitik adalah penyakit kurang darah akibat proses penghancuran sel darah merah yang lebih cepat daripada pembentukannya. Penyakit ini perlu ditangani agar tidak terjadi komplikasi pada jantung, seperti gangguan irama jantung atau gagal jantung.",1,penyakit,alodokter.com,2026-06-28
alo-321920483,"Anemia Pernisiosa - Anemia pernisiosa adalah jenis anemia yang disebabkan oleh kekurangan vitamin B12. Kekurangan vitamin B12 ini diduga terjadi akibat kondisi autoimun ketika lambung tidak dapat menghasilkan zat untuk penyerapan vitamin B12. Vitamin B12 merupakan vitamin yang bermanfaat untuk pembentukan sel darah merah yang sehat dan membantu mengoptimalkan fungsi saraf. Vitamin ini bisa diperoleh dari ikan, kerang, daging, hati, telur, dan susu. Pada penderita anemia pernisiosa, vitamin B12 tidak bisa diserap oleh usus, karena lambung tidak dapat menghasilkan zat yang dinamakan faktor intrinsik. Vitamin B12 yang tidak terserap dapat menyebabkan tubuh kekurangan sel darah merah. Jika tidak segera ditangani, penderita bisa mengalami kerusakan saraf permanen. Sel parietal lambung berfungsi untuk menghasilkan protein khusus bernama faktor intrinsik. Faktor tersebut penting untuk mengikat vitamin B12 agar dapat terserap oleh usus halus. Namun, akibat beberapa kondisi medis tertentu, faktor intrinsik kurang atau bahkan tidak dapat diproduksi oleh lambung. Beberapa kondisi medis yang bisa menyebabkan anemia pernisiosa adalah: Selain gangguan medis di atas, anemia pernisiosa bisa disebabkan oleh defisiensi vitamin B12 yang bisa terjadi karena faktor-faktor berikut: Ada beberapa faktor yang dapat meningkatkan risiko seseorang mengalami anemia pernisiosa, yaitu: Anemia pernisiosa umumnya tidak menimbulkan gejala. Namun, jika timbul gejala, penderita anemia pernisiosa dapat mengalami keluhan berikut:",1,penyakit,alodokter.com,2026-06-28
alo-321920483-short1,Anemia pernisiosa adalah jenis anemia yang disebabkan oleh kekurangan vitamin B12.,1,penyakit,alodokter.com,2026-06-28
alo-321920483-short2,Anemia pernisiosa adalah jenis anemia yang disebabkan oleh kekurangan vitamin B12. Kekurangan vitamin B12 ini diduga terjadi akibat kondisi autoimun ketika lambung tidak dapat menghasilkan zat untuk penyerapan vitamin B12.,1,penyakit,alodokter.com,2026-06-28
alo-201322638,"Anemia Sel Sabit - Anemia sel sabit (sickle cell anemia) adalah kelainan genetik yang menyebabkan bentuk sel darah merah menjadi tidak normal. Tidak normalnya bentuk sel darah tersebut mengakibatkan pasokan darah sehat dan oksigen ke seluruh tubuh menjadi berkurang. Pada kondisi normal, sel darah merah berbentuk bundar dan lentur sehingga mudah bergerak dalam pembuluh darah. Sementara pada anemia sel sabit, sel darah merah berbentuk seperti sabit, kaku, dan mudah menyumbat pembuluh darah kecil, sehingga menghambat pasokan darah sehat dan oksigen yang dibutuhkan tubuh. Saat ini, belum ada obat untuk menyembuhkan anemia sel sabit. Akan tetapi, penanganan dapat diberikan untuk mengontrol gejala dan mencegah terjadinya komplikasi. Anemia sel sabit disebabkan oleh mutasi gen yang diturunkan dari kedua orang tua, dan harus dua-duanya memiliki kelainan genetik ini. Kondisi pewarisan sifat genetik yang demikian disebut resesif autosomal. Jika anak hanya mewarisi satu mutasi gen, yaitu hanya dari salah satu orang tua, maka penyakit anemia sel sabit tidak akan terjadi. Namun, ia akan menjadi pembawa (carrier) mutasi gen anemia sel sabit dan dapat mewariskan kelainan genetik ini kepada keturunannya. Kemungkinan seorang anak terkena anemia sel sabit dari kedua orang tua yang merupakan carrier penyakit ini adalah 25%. Berdasarkan mutasi gen yang terjadi, terdapat berbagai jenis penyakit anemia sel",1,penyakit,alodokter.com,2026-06-28
alo-201322638-short1,Anemia sel sabit (sickle cell anemia) adalah kelainan genetik yang menyebabkan bentuk sel darah merah menjadi tidak normal.,1,penyakit,alodokter.com,2026-06-28
alo-201322638-short2,Anemia sel sabit (sickle cell anemia) adalah kelainan genetik yang menyebabkan bentuk sel darah merah menjadi tidak normal. Tidak normalnya bentuk sel darah tersebut mengakibatkan pasokan darah sehat dan oksigen ke seluruh tubuh menjadi berkurang.,1,penyakit,alodokter.com,2026-06-28
alo-3417893367,"Aneurisma Aorta - Aneurisma aorta adalah penyakit yangÂ ditandai dengan penggelembungan di dinding pembuluh darahÂ aorta. Penggelembungan ini dapat terjadi pada aorta di bagian perut, dada, atau keduanya. Jika aorta makin besar dan pecah, maka akibatnya bisa fatal. Aorta adalah pembuluh darah utama dan terbesar di tubuh manusia. Pembuluh ini berfungsi untuk mengalirkan darah yang kaya oksigen dari jantung ke seluruh tubuh. Aorta memiliki dinding yang tebal sehingga bisa mempertahankan bentuknya meski tekanan darah di dalamnya cukup tinggi. Dinding aorta umumnya tebal dan kuat. Namun, pada aneurisma aorta, dinding aorta menjadi lemah sehingga tidak bisa menahan tekanan darah di dalamnya. Akibatnya, dinding aorta akan menggelembung. Bila pecah atau robek, aneurisma aorta dapat menyebabkan perdarahan hingga menyebabkan kematian. Hingga saat ini, penyebab melemahnya dinding aorta belum diketahui dengan pasti. Namun, terdapat beberapa faktor yang diduga dapat memicu pelemahan tersebut, yaitu: Selain pemicu di atas, ada beberapa faktor yang dapat menyebabkan seseorang lebih berisiko terkena aneurisma aorta, yaitu: Gejala aneurisma aorta bisa berbeda-beda, tergantung pada lokasinya. Aneurisma aorta bisa muncul di pembuluh aorta perut (abdominal), dada (torakal) atau di kedua pembuluhnya (torako-abdominal). Namun, aneurisma aorta di perut lebih sering terjadi dibandingkan aneurisma di dada atau di perut dan dada. Pada beberapa kasus, aneurisma dengan penggelembungan",1,penyakit,alodokter.com,2026-06-28
alo-3417893367-short1,Aneurisma aorta adalah penyakit yangÂ ditandai dengan penggelembungan di dinding pembuluh darahÂ aorta.,1,penyakit,alodokter.com,2026-06-28
alo-3417893367-short2,"Aneurisma aorta adalah penyakit yangÂ ditandai dengan penggelembungan di dinding pembuluh darahÂ aorta. Penggelembungan ini dapat terjadi pada aorta di bagian perut, dada, atau keduanya.",1,penyakit,alodokter.com,2026-06-28
alo-1285856834,"Aneurisma Otak - Aneurisma otak adalah pelebaran atau penonjolan pembuluh darah otak akibat melemahnya dinding pembuluh darah. Penonjolan ini akan terlihat seperti buah beri yang menggantung. Bila pembuluh darah tersebut robek, gejala yang timbul bisa berupa sakit kepala yang parah hingga penurunan kesadaran. Aneurisma otak yang membesar dan pecah merupakan kondisi gawat darurat, karena bisa menyebabkan perdarahan otak, kerusakan otak, hingga kematian. Walaupun bisa diderita oleh siapa saja, aneurisma otak paling sering dialami oleh wanita usia di atas 40 tahun. Aneurisma otak terjadi saat dinding pembuluh darah di otak melemah atau menipis. Penyebab melemahnya dinding pembuluh darah di otak ini belum bisa dipastikan. Namun, ada beberapa faktor yang diduga dapat meningkatkan risiko terjadinya aneurisma otak, yaitu: Selain faktor-faktor tersebut, ada beberapa penyakit yang dapat meningkatkan risiko terjadinya aneurisma otak, yaitu: Aneurisma otak yang masih berukuran kecil dan belum pecah sering kali tidak menimbulkan gejala. Namun, seiring ukuran aneurisma membesar, penderita bisa mengalami berbagai keluhan, seperti: Aneurisma otak yang makin membesar bisa pecah dan menimbulkan perdarahan di otak. Gejala pecahnya aneurisma otak dapat berupa: Lakukan pemeriksaan ke dokter jika mengalami gejala yang telah disebutkan di atas, terlebih bila Anda memiliki faktor risiko seperti menderita hipertensi, memiliki riwayat aneurisma otak dalam keluarga, atau pernah mengalami",1,penyakit,alodokter.com,2026-06-28
alo-1285856834-short1,Aneurisma otak adalah pelebaran atau penonjolan pembuluh darah otak akibat melemahnya dinding pembuluh darah.,1,penyakit,alodokter.com,2026-06-28
alo-1285856834-short2,Aneurisma otak adalah pelebaran atau penonjolan pembuluh darah otak akibat melemahnya dinding pembuluh darah. Penonjolan ini akan terlihat seperti buah beri yang menggantung.,1,penyakit,alodokter.com,2026-06-28
alo-377468694,"Angin Duduk - Angin duduk adalah nyeri dada yang disebabkan oleh berkurangnya aliran darah ke otot jantung. Kondisi ini sering kali disalahartikan dan diremehkan karena gejalanya mirip dengan masalah yang ringan. Padahal, angin duduk berkaitan erat dengan gangguan jantung yang perlu segera ditangani. Angina pectoris atau angin duduk ditandai dengan nyeri dada yang seperti tertindih, terbakar, atau tertusuk. Keluhan ini lebih sering muncul saat penderitanya sedang beraktivitas, yaitu ketika jantung memompa darah lebih cepat.Â Angin duduk dapat ditangani dengan pengobatan dari dokter dan dengan menjalani gaya hidup sehat. Jika ditangani dengan baik, penderita angin duduk dapat terhindar dari komplikasi yang serius. Angin duduk terjadi ketika pembuluh darah jantung (koroner) mengalami penyempitan. Pembuluh darah jantung berfungsi untuk mengalirkan darah yang kaya oksigen ke otot jantung, agar jantung dapat memompa darah dengan baik.Â Ketika pembuluh koroner menyempit, suplai oksigen ke otot jantung akan terganggu sehingga jantung tidak dapat memompa darah dengan maksimal. Kondisi ini disebut juga dengan penyakit jantung koroner. Penyebab penyakit jantung koroner adalah pembentukan plak atau tumpukan lemak di pembuluh darah koroner (aterosklerosis).Â Pembuluh darah yang sudah menyempit tersebut dapat makin menyempit saat penderita beraktivitas.Â Angin duduk juga dapat disebabkan oleh spasme pembuluh darah koroner, yang disebut angina varian atau angina Prinzmetal. Pada",1,penyakit,alodokter.com,2026-06-28
alo-377468694-short1,Angin duduk adalah nyeri dada yang disebabkan oleh berkurangnya aliran darah ke otot jantung.,1,penyakit,alodokter.com,2026-06-28
alo-377468694-short2,Angin duduk adalah nyeri dada yang disebabkan oleh berkurangnya aliran darah ke otot jantung. Kondisi ini sering kali disalahartikan dan diremehkan karena gejalanya mirip dengan masalah yang ringan.,1,penyakit,alodokter.com,2026-06-28
alo-3969649256,"Angina Ludwig - Angina Ludwig adalah infeksi parah pada rahang, tepatnya di dasar mulut. Jika tidak cepat ditangani, angina Ludwig dapat menyumbat saluran pernapasan. Angina Ludwig atauÂ abses submandibulaÂ adalah radang jaringan lunak dalam (selulitis) yang terjadi di dasar mulut dan ruang bawah rahang. Kondisi ini terjadi akibat infeksi dari gigi atau gusi yang menyebar ke rahang, bahkan hingga ke pangkal leher. Penanganan angina Ludwig meliputi pemberian antibiotik suntik atau operasi. Angina Ludwig paling sering disebabkan oleh infeksi bakteri yang berasal dari abses gigi geraham bawah atau infeksi pada gigi bungsu. Bakteri penyebab angina Ludwig umumnya merupakan bakteri campuran (polimikroba), terutama kelompok Streptococcus, termasuk Streptococcus viridans, Staphylococcus aureus, serta bakteri anaerob dari rongga mulut Selain akibat abses dan infeksi gigi, angina Ludwig dapat terjadi karena beberapa kondisi berikut: Angina Ludwig lebih sering terjadi pada orang dengan kondisi berikut: Angina Ludwig ditandai dengan bengkak di lidah atau leher, sakit di rahang dan lidah, serta sulit menelan air liur. Gejala lain yang dapat terjadi akibat angina Ludwig meliputi: Selain dapat menimbulkan gejala di atas, Angina Ludwig juga dapat menimbulkan beberapa gejala yang khas. Gejala khasnya adalah lidah terdorong ke atas dan ke belakang akibat pembengkakan dasar mulut, yang dapat menyebabkan sumbatan jalan napas. Lakukan pemeriksaan",1,penyakit,alodokter.com,2026-06-28
alo-3969649256-short1,"Angina Ludwig adalah infeksi parah pada rahang, tepatnya di dasar mulut.",1,penyakit,alodokter.com,2026-06-28
alo-3969649256-short2,"Angina Ludwig adalah infeksi parah pada rahang, tepatnya di dasar mulut. Jika tidak cepat ditangani, angina Ludwig dapat menyumbat saluran pernapasan.",1,penyakit,alodokter.com,2026-06-28
alo-3674547859,"Angina Pectoris - Angina pectoris adalah nyeri dada akibat penyakit jantung koroner. Angin duduk atau angina pectoris terjadi ketika otot jantung tidak mendapatkan suplai darah yang cukup, akibat penyempitan atau penyumbatan pada pembuluh darah arteri di jantung. Angina pectoris bisa terjadi kapan saja dan pada siapa saja. Nyeri akibat angina pectoris ini sering disalahartikan sebagai gejala dari kondisi lain, seperti naiknya asam lambung dan peradangan pada paru-paru. Angina pectoris paling sering disebabkan oleh penyakit jantung koroner. Penyakit jantung koroner terjadi akibat adanya penumpukkan plak di arteri (aterosklerosis). Beberapa faktor yang bisa meningkatkan risiko terjadinya penyakit jantung koroner yang kemudian dapat menyebabkan angina adalah: Angina pectoris ditandai dengan nyeri dada sebelah kiri yang terasa seperti tertindih, terbakar, tertusuk atau terasa sesak. Rasa sakit ini dapat menjalar ke lengan, bahu, punggung, leher, dan rahang. GejalaÂ lain yang dapat menyertai nyeri dada tersebut antara lain: Berdasarkan karakteristik gejalanya, angina pectoris dapat dibedakan menjadi: Stable angina atau angina stabil sering muncul ketika melakukan aktivitas yang berat atau saat mengalami tekanan emosional. Stable angina memiliki pola yang teratur dengan durasi yang singkat, biasanya tidak lebih dari 5 menit. Unstable angina merupakan jenis angina yang lebih berbahaya. Angina jenis ini tidak tergantung pada aktivitas yang dilakukan, serta dapat muncul",1,penyakit,alodokter.com,2026-06-28
alo-3674547859-short1,Angina pectoris adalah nyeri dada akibat penyakit jantung koroner.,1,penyakit,alodokter.com,2026-06-28
alo-3674547859-short2,"Angina pectoris adalah nyeri dada akibat penyakit jantung koroner. Angin duduk atau angina pectoris terjadi ketika otot jantung tidak mendapatkan suplai darah yang cukup, akibat penyempitan atau penyumbatan pada pembuluh darah arteri di jantung.",1,penyakit,alodokter.com,2026-06-28
alo-3085406272,"Angioedema - Angioedema adalah pembengkakan di bawah kulit, terutama di bibir, kelopak mata, lidah, atau tenggorokan. Gejala angioedema bisa ringan, tetapi jika terjadi di tenggorokan dan tidak cepat ditangani, angioedema dapat menyebabkan penderitanya sulit bernapas. Angioedema umumnya terjadi akibat reaksi alergi, baik makanan, debu, serbuk bunga, obat, ataupun bulu hewan. Meski jarang, angioedema juga dapat disebabkan oleh kelainan bawaan atau tidak diketahui penyebabnya. Penyebab angioedema sangat beragam dan dapat dikelompokkan menjadi 4 jenis, yaitu: Jenis angioedema ini terjadi akibat reaksi alergi terhadap: Seseorang bisa terkena angioedema karena penggunaan obat tertentu meski tidak memiliki alergi terhadap obat tersebut. Pembengkakan dapat terjadi sesaat setelah menggunakan obat, tetapi bisa juga beberapa bulan atau tahun setelahnya. Beberapa jenis obat yang bisa memicu angioedema adalah: Ini merupakan jenis penyakit angioedema yang bersifat turunan. Kondisi ini disebabkan oleh kekurangan zat protein tertentu dalam darah yang dapat memicu pelebaran pembuluh darah dan pembengkakan jaringan tubuh. Beberapa kondisi yang bisa memicu timbulnya gejala hereditary angioedema adalah: Kondisi ini tidak diketahui penyebabnya, tetapi diduga terkait dengan gangguan pada sistem kekebalan tubuh. Pembengkakan pada idiopathic angioedema dapat dipicu oleh berbagai kondisi berikut: Meski dapat terjadi pada siapa saja, angioedema lebih berisiko dialami oleh orang dengan kondisi berikut: Gejala angioedema adalah pembengkakan di",1,penyakit,alodokter.com,2026-06-28
alo-3085406272-short1,"Angioedema adalah pembengkakan di bawah kulit, terutama di bibir, kelopak mata, lidah, atau tenggorokan.",1,penyakit,alodokter.com,2026-06-28
alo-3085406272-short2,"Angioedema adalah pembengkakan di bawah kulit, terutama di bibir, kelopak mata, lidah, atau tenggorokan. Gejala angioedema bisa ringan, tetapi jika terjadi di tenggorokan dan tidak cepat ditangani, angioedema dapat menyebabkan penderitanya sulit bernapas.",1,penyakit,alodokter.com,2026-06-28
alo-1330028977,"Angiosarcoma - Angiosarcoma adalah kanker yang bermula di dinding pembuluh darah dan pembuluh getah bening. Kanker ini bisa terjadi pada siapa saja, tetapi lebih sering terjadi pada orang yang berusia di atas 60 tahun. Angiosarcoma dapat menyerang pembuluh darah atau getah bening di bagian tubuh mana pun. Namun, kanker ini lebih sering terjadi pada kulit di area kepala dan leher. Selain menyerang kulit, angiosarcoma juga dapat menyerang jaringan pada berbagai organ tubuh, seperti payudara, jantung, dan hati. Angiosarcoma merupakan kanker yang bisa tumbuh dengan cepat dan sangat mudah menyebar ke organ tubuh lain karena bermula di pembuluh darah. Jika telah menyebar, angiosarcoma cenderung sulit diobati. Oleh karena itu, penting untuk melakukan deteksi sejak dini agar penanganan bisa segera dilakukan. Angiosarcoma terjadi ketika sel-sel dinding pembuluh darah dan pembuluh getah bening mengalami perubahan atau mutasi. Akibatnya, sel-sel tersebut tumbuh tidak normal dan tidak terkendali sehingga berkembang menjadi kanker. Belum diketahui apa yang menyebabkan terjadinya perubahan atau mutasi genetik pada sel-sel di pembuluh darah dan pembuluh getah bening. Namun, ada beberapa faktor yang diduga dapat meningkatkan risiko terjadinya kondisi tersebut, yaitu: Gejala angiosarcoma tergantung pada bagian atau organ tubuh yang terkena kanker. Jika angiosarcoma menyerang kulit, beberapa gejala yang umumnya muncul adalah: Sementara pada",1,penyakit,alodokter.com,2026-06-28
alo-1330028977-short1,Angiosarcoma adalah kanker yang bermula di dinding pembuluh darah dan pembuluh getah bening.,1,penyakit,alodokter.com,2026-06-28
alo-1330028977-short2,"Angiosarcoma adalah kanker yang bermula di dinding pembuluh darah dan pembuluh getah bening. Kanker ini bisa terjadi pada siapa saja, tetapi lebih sering terjadi pada orang yang berusia di atas 60 tahun.",1,penyakit,alodokter.com,2026-06-28
alo-858902912,"Ankylosing Spondylitis - Ankylosing spondylitis adalah peradangan kronis yang dapat menyebabkan menutupnya celah antara ruas tulang belakang. Gangguan ini dapat membuat penderita ankylosing spondylitis menjadi bungkuk. Tulang belakang terdiri dari beberapa ruas tulang yang dihubungkan oleh bantalan tulang yang lunak. Pada penderita ankylosing spondylitis, celah bantalan melebur menjadi tulang sehingga tulang belakang hilang kelenturannya. Kondisi ini dapat mengubah postur tubuh penderitanya. Ankylosing spondylitis lebih sering menyerang pria daripada wanita. Gejalanya berkembang secara bertahap dalam hitungan bulan hingga tahun. Penyebab ankylosing spondylitis belum diketahui secara pasti. Namun, kondisi ini diduga terkait dengan kelainan gen HLA-B27. Meski demikian, bukan berarti orang yang memiliki kelainan gen HLA-B27 pasti akan terkena ankylosing spondylitis. Walau penyebabnya belum diketahui secara pasti, ada beberapa faktor yang dapat meningkatkan risiko seseorang menderita ankylosing spondylitis, yaitu: Ankylosing spondylitis pada awalnya ditandai dengan rasa nyeri atau kaku di leher, punggung bawah, dada, dan panggul. Nyeri tersebut lebih terasa saat bangun tidur atau setelah penderita diam dalam waktu yang lama. Gejala nyeri ini dapat hilang dan muncul dalam periode-periode tertentu selama berberapa bulan hingga beberapa tahun. Bila tidak tertangani, penyakit ankylosing spondylitis dapat mengubah postur tubuh penderitanya menjadi lebih bungkuk (kifosis). Selain nyeri dan perubahan postur tubuh, penderita ankylosing spondylitis juga dapat merasakan gejala",1,penyakit,alodokter.com,2026-06-28
alo-858902912-short1,Ankylosing spondylitis adalah peradangan kronis yang dapat menyebabkan menutupnya celah antara ruas tulang belakang.,1,penyakit,alodokter.com,2026-06-28
alo-858902912-short2,Ankylosing spondylitis adalah peradangan kronis yang dapat menyebabkan menutupnya celah antara ruas tulang belakang. Gangguan ini dapat membuat penderita ankylosing spondylitis menjadi bungkuk.,1,penyakit,alodokter.com,2026-06-28
alo-3954957401,"Pengertian Anoreksia Nervosa - Anoreksia nervosa adalah gangguan makan dengan rasa takut yang berlebihan terhadap kenaikan berat badan. Orang dengan kondisi ini akan melakukan segala cara untuk menurunkan berat badannya. Bila tidak ditangani, anoreksia nervosa dapat memicu masalah kesehatan serius akibat kekurangan nutrisi ekstrem.Â Anoreksia nervosa termasuk dalam gangguan mental karena adanya persepsi yang salah terhadap berat badan. Penderita anoreksia selalu merasa bahwa dirinya gemuk sehingga akan terus berusaha untuk kurus. Â Meski begitu, cara yang dilakukan untuk menurunkan berat badan sering kali ekstrem, bahkan saat tubuh penderitanya sudah sangat kurus. Gangguan makan ini tidak hanya merusak fungsi organ tubuh, tetapi juga berisiko memicu masalah mental yang serius.Â Anoreksia nervosa dipengaruhi oleh berbagai faktor. Umumnya, gangguan makan ini terjadi akibat salah satu atau kombinasi dari kondisi di bawah ini: Anoreksia nervosa dapat memunculkan gejala fisik maupun perilaku berikut: Obsesi memiliki tubuh kurus akan membuat penderita anoreksia melakukan berbagai cara untuk mencapainya, meski hal itu dapat membahayakan kesehatannya. Beberapa cara tersebut meliputi: Penderita anoreksia nervosa umumnya tidak sadar bahwa pikiran serta perilakunya salah dan tidak sehat.Â Bila anggota keluarga atau kerabat Anda menunjukkan tanda dan gejala anoreksia, ajaklah ia menceritakan perasaannya. Beri ia dukungan agar mau berkonsultasi dengan dokter. Konsultasi dapat dilakukan secara online melalui",1,penyakit,alodokter.com,2026-06-28
alo-3954957401-short1,Pengertian Anoreksia Nervosa adalah Anoreksia nervosa adalah gangguan makan dengan rasa takut yang berlebihan terhadap kenaikan berat badan.,1,penyakit,alodokter.com,2026-06-28
alo-3954957401-short2,Anoreksia nervosa adalah gangguan makan dengan rasa takut yang berlebihan terhadap kenaikan berat badan. Orang dengan kondisi ini akan melakukan segala cara untuk menurunkan berat badannya.,1,penyakit,alodokter.com,2026-06-28
alo-2286224972,"Anosmia - Anosmia adalah hilangnya kemampuan seseorang untuk mencium bau. Kondisi ini juga menyebabkan penderitanya kurang bisa menikmati makanan seperti biasa. Kehilangan kemampuan indra penciuman atau anosmia bisa mengganggu keseharian seseorang. Selain tidak bisa mencium aroma, makanan yang dikonsumsi penderita anosmia akan terasa hambar. Kondisi ini dapat memicu hilangnya nafsu makan, penurunan berat badan, malnutrisi, hingga depresi. Pada kasus yang sering terjadi, anosmia disebabkan oleh pilek atau alergi dan bersifat sementara. Namun, anosmia bisa juga terjadi dalam jangka panjang dan merupakan tanda penyakit serius yang perlu mendapatkan perawatan dari dokter. Proses penciuman terjadi ketika suatu zat, misalnya wewangian bunga, masuk ke hidung, kemudian merangsang sel-sel saraf penciuman. Selanjutnya, sel-sel saraf tersebut mengirim sinyal ke otak untuk diproses dan dikirimkan kembali sehingga bau terindentifikasi. Anosmia terjadi ketika ada gangguan dalam proses penciuman tersebut. Gangguan tersebut dapat berupa: Gangguan di dinding dalam hidung bisa berupa iritasi atau hidung tersumbat, yang disebabkan oleh: Sejumlah kondisi yang dapat menyebabkan penyumbatan rongga hidung adalah: Kerusakan bisa terjadi pada saraf yang berfungsi mengirim sinyal bau ke otak, atau pada otak itu sendiri. Penyebabnya antara lain: Berdasarkan penelitian, setengah dari jumlah pasien positif virus Corona atau COVID-19 mengalami gejala anosmia atau hilangnya kemampuan indra penciuman. Akan tetapi, gejala anosmia",1,penyakit,alodokter.com,2026-06-28
alo-2286224972-short1,Anosmia adalah hilangnya kemampuan seseorang untuk mencium bau.,1,penyakit,alodokter.com,2026-06-28
alo-2286224972-short2,Anosmia adalah hilangnya kemampuan seseorang untuk mencium bau. Kondisi ini juga menyebabkan penderitanya kurang bisa menikmati makanan seperti biasa.,1,penyakit,alodokter.com,2026-06-28
alo-132524264,"Anthrax - Anthrax atau antraks adalah penyakit infeksi bakteri yang menular dari hewan ternak, seperti sapi atau kambing. Seseorang dapat terserang anthrax jika menyentuh atau memakan daging hewan yang terinfeksi penyakit ini. Anthrax merupakan penyakit serius yang bisa menyebabkan kematian. Meski begitu, penyakit ini sangat jarang terjadi. Selain itu, sampai saat ini tidak ada bukti yang menunjukkan bahwa bakteri penyebab antraks dapat menular antarmanusia. Anthrax disebabkan oleh bakteri Bacillus anthracis yang hidup di tanah. Bakteri ini dapat menyerang hewan pemakan rumput, seperti sapi, kambing, domba, dan kuda. Berdasarkan cara penularannya, antraks terbagi dalam tiga jenis, yaitu: Anthrax kulit menular pada orang yang memiliki luka terbuka di kulit. Penularan terjadi ketika seseorang menyentuh kulit, bulu, tulang, atau daging hewan yang terinfeksi. Namun, ada kemungkinan bahwa seseorang juga dapat terinfeksi anthrax kulit dari kontak dengan luka di kulit penderita antraks. Anthrax kulit merupakan jenis antraks yang paling sering terjadi, tetapi tidak berbahaya. Gejala anthrax kulit baru berkembang 1â7 hari setelah paparan. Anthrax jenis ini terjadi ketika seseorang memakan daging hewan yang sudah terinfeksi atau mati akibat antraks, terutama yang dimasak kurang matang. Gejala anthrax pencernaan umumnya muncul 1â7 hari setelah paparan bakteri. Anthrax pernapasan merupakan antraks yang paling berbahaya. Seseorang dapat terinfeksi anthrax pernapasan",1,penyakit,alodokter.com,2026-06-28
alo-132524264-short1,"Anthrax atau antraks adalah penyakit infeksi bakteri yang menular dari hewan ternak, seperti sapi atau kambing.",1,penyakit,alodokter.com,2026-06-28
alo-132524264-short2,"Anthrax atau antraks adalah penyakit infeksi bakteri yang menular dari hewan ternak, seperti sapi atau kambing. Seseorang dapat terserang anthrax jika menyentuh atau memakan daging hewan yang terinfeksi penyakit ini.",1,penyakit,alodokter.com,2026-06-28
alo-1130480360,"Anus Gatal - Anus gatal atau pruritus ani adalah rasa atau sensasi gatal di lubang anus atau dubur. Penyebabnya bisa bermacam-macam, tetapiÂ umumnya terjadi akibat iritasi di kulit anus. Anus gatal bukanlah suatu penyakit, melainkan gejala dari penyakit atau kondisi tertentu. Anus gatal umumnya bisa sembuh dengan sendirinya setelah penderita mengetahui dan menghindari pemicunya. Namun, pada beberapa kasus, anus gatal juga bisa disebabkan oleh suatu penyakit sehingga harus mendapatkan pengobatan. Penyebab anus gatal sangat beragam, mulai dari iritasi, konsumsi makanan dan minuman tertentu, penggunaan obat-obatan dan suplemen, hingga kondisi atau penyakit tertentu. Berikut adalah penjelasannya: Beberapa kondisi yang dapat menyebabkan iritasi dan memicu munculnya rasa gatal di anus antara lain: Mengonsumsi makanan dan minuman tertentu juga dapat menyebabkan perburukan rasa gatal di anus. Beberapa jenis makanan dan minuman tersebut adalah: Antibiotik spektrum luas, sepertiÂ tetracyclinÂ danÂ erythromycin, juga bisa mengganggu bakteri baik (flora normal) di usus sehingga memicu anus gatal. Penyakit infeksi yang disebabkan oleh bakteri, jamur, virus, atau parasit juga dapat menyebabkan anus gatal. Beberapa jenis penyakit infeksi tersebut adalah: Penyakit kulit yang dapat menimbulkan rasa gatal di anus dan sekitarnya adalah: Anus gatal juga dapat dipicu oleh penyakit lain, seperti: Selain kondisi di atas, ada beberapa faktor yang dapat membuat gatal",1,penyakit,alodokter.com,2026-06-28
alo-1130480360-short1,Anus gatal atau pruritus ani adalah rasa atau sensasi gatal di lubang anus atau dubur.,1,penyakit,alodokter.com,2026-06-28
alo-1130480360-short2,"Anus gatal atau pruritus ani adalah rasa atau sensasi gatal di lubang anus atau dubur. Penyebabnya bisa bermacam-macam, tetapiÂ umumnya terjadi akibat iritasi di kulit anus.",1,penyakit,alodokter.com,2026-06-28
alo-3030812128,"Aquaphobia - Aquaphobia adalah fobia atau rasa takut berlebihan terhadap air. Penderita aquaphobia akan sangat cemas atau panik ketika berdekatan air. Oleh karena itu, ia juga akan menjauhkan dirinya dari tempat yang berdekatan dengan air, seperti kolam renang atau pantai. Fobia adalah rasa takut dan cemas berlebihan terhadap sesuatu yang sebenarnya tidak berbahaya. Pada aquaphobia, ketakutan pada air bisa menyebabkan masalah yang serius, karena air adalah bagian penting dari hidup manusia. Oleh karena itu, kondisi ini perlu ditangani sejak dini dan tidak boleh dibiarkan berkembang menjadi tambah parah. Meski ketakutannya sama-sama terhadap air, aquaphobia dan hydrophobia merupakan dua kondisi yang berbeda. Aquaphobia tidak terjadi karena suatu penyakit, sedangkan hydrophobia terjadi sebagai gejala lanjutan dari penyakit rabies. Penyebab aquaphobia belum diketahui secara pasti. Namun, kondisi ini umumnya dapat muncul karena beberapa faktor berikut: Apa pun yang terkait dengan air bisa membuat penderita aquaphobia mengalami takut berlebihan. Rasa takut bisa muncul karena penderita melihat atau memikirkan air dalam berbagai bentuk, seperti: Meski dapat terjadi pada siapa saja, aquaphobia lebih berisiko terjadi pada seseorang dengan kondisi berikut ini: Gejala aquaphobia umumnya muncul ketika penderitanya melihat air, baik air dalam jumlah yang sedikit maupun banyak. Namun selain itu, gejala aquaphobia juga bisa muncul hanya karena penderitanya",1,penyakit,alodokter.com,2026-06-28
alo-3030812128-short1,Aquaphobia adalah fobia atau rasa takut berlebihan terhadap air.,1,penyakit,alodokter.com,2026-06-28
alo-3030812128-short2,Aquaphobia adalah fobia atau rasa takut berlebihan terhadap air. Penderita aquaphobia akan sangat cemas atau panik ketika berdekatan air.,1,penyakit,alodokter.com,2026-06-28
alo-1349492595,"Arachnophobia - Arachnophobia adalah rasa takut yang berlebihan terhadap laba-laba. Penderita kondisi ini bisa mengalami gemetar, keringat dingin, hingga sesak napas ketika melihat laba-laba, baik secara langsung, dalam gambar atau film, maupun hanya dengan membayangkan atau membicarakannya. Setiap orang pasti pernah mengalami rasa takut. Namun, pada fobia, rasa takut yang dialami penderitanya timbul secara berlebihan dan tidak wajar. Rasa takut pada fobia dapat timbul karena berbagai hal, misalnya suatu kondisi atau hal-hal spesifik, seperti darah atau hewan, yang umumnya tidak terlalu berbahaya. Arachnophobia biasanya mulai muncul ketika masih anak-anak, yaitu antara 6â11 tahun. Intensitas rasa takut yang muncul juga dapat berkurang seiring bertambahnya usia. Meski demikian, ada pula arachnophobia yang bertahan hingga penderitanya dewasa, bahkan bertambah parah. Penyebab arachnophobia belum diketahui secara pasti. Namun, kondisi ini bisa terjadi ketika penderitanya melakukan hal berikut: Seseorang yang memiliki ketakutan pada laba-laba bisa memiliki fobia yang sama dengan jenis serangga lain (entomophobia). Namun, banyak pula orang yang hanya takut pada laba-laba dan tidak bermasalah dengan jenis serangga lainnya. Meski penyebab pastinya belum diketahui, ada beberapa faktor yang diduga dapat meningkatkan risiko terjadinya arachnophobia, yaitu: Arachnophobia diketahui lebih sering dialami oleh perempuan daripada laki-laki. Fobia ini juga biasanya terjadi bersamaan dengan kondisi lain, seperti: Gejala arachnophobia",1,penyakit,alodokter.com,2026-06-28
alo-1349492595-short1,Arachnophobia adalah rasa takut yang berlebihan terhadap laba-laba.,1,penyakit,alodokter.com,2026-06-28
alo-1349492595-short2,"Arachnophobia adalah rasa takut yang berlebihan terhadap laba-laba. Penderita kondisi ini bisa mengalami gemetar, keringat dingin, hingga sesak napas ketika melihat laba-laba, baik secara langsung, dalam gambar atau film, maupun hanya dengan membayangkan atau membicarakannya.",1,penyakit,alodokter.com,2026-06-28
alo-641592642,"Aritmia - Aritmia adalah gangguan yang terjadi pada irama jantung. Penderita aritmia bisa merasakan irama jantungnya terlalu cepat, terlalu lambat, atau tidak teratur. Sebenarnya, aritmia normal terjadi pada kondisi jantung yang sehat. Namun, bila terjadi terus menerus atau berulang, aritmia bisa menandakan adanya masalah pada organ jantung. Ada beberapa jenis aritmia yang paling sering dijumpai, yaitu: Aritmia terjadi ketika impuls listrik yang berfungsi mengatur detak jantung tidak bekerja dengan baik. Kondisi tersebut dapat disebabkan oleh sejumlah kondisi di bawah ini: Selain kondisi medis, aritmia juga dapat dipicu oleh gaya hidup yang tidak sehat, seperti: Aritmia bisa terjadi tanpa menimbulkan gejala, sehingga kadang tidak disadari oleh penderitanya. Gejala aritmia yang dapat muncul antara lain: Perlu diketahui, seseorang yang mengalami gejala di atas belum tentu mengalami aritmia. Oleh karena itu, pemeriksaan oleh dokter diperlukan agar dapat diketahui apa yang memicu gejala tersebut. Lakukan pemeriksaan kesehatan secara rutin ke dokter ahli kardiologi, terutama bila Anda menderita hipertensi, gangguan tiroid, diabetes, penyakit jantung, atau pernah menjalani operasi jantung. Segera ke dokter bila sering mengalami nyeri dada, sesak napas, dan jantung berdebar, terutama jika keluhan tersebut muncul secara tiba-tiba. Bila ada orang di sekitar Anda jatuh pingsan setelah sebelumnya mengeluhkan gejala-gejala di atas, segera bawa ia ke",1,penyakit,alodokter.com,2026-06-28
alo-641592642-short1,Aritmia adalah gangguan yang terjadi pada irama jantung.,1,penyakit,alodokter.com,2026-06-28
alo-641592642-short2,"Aritmia adalah gangguan yang terjadi pada irama jantung. Penderita aritmia bisa merasakan irama jantungnya terlalu cepat, terlalu lambat, atau tidak teratur.",1,penyakit,alodokter.com,2026-06-28
alo-28080203,"Arteriosklerosis - Arteriosklerosis adalah pengerasan pembuluh darah arteri akibat penumpukan plak di dinding arteri. Arteri yang mengeras dapat membuat aliran darah ke organ tubuh menjadi tidak lancar sehingga mengganggu fungsi organ tersebut. Kondisi ini dapat terjadi akibat berbagai hal, seperti penumpukan lemak atau penuaan. Arteri adalah pembuluh darah yang berfungsi mengalirkan darah kaya oksigen dari jantung ke seluruh tubuh. Seiring berjalannya waktu, arteri dapat mengeras sehingga kehilangan elastisitasnya. Arteriosklerosis dapat terjadi di arteri yang mengalirkan darah ke jantung, otak, kaki, dan ginjal. Bila berlangsung dalam waktu lama, aliran darah ke organ-organ tersebut akan terganggu, bahkan tersumbat. Akibatnya, penderita arteriosklerosis berisiko terserang penyakit serius, seperti stroke dan penyakit jantung koroner. Meski sering kali dianggap sama, arteriosklerosis berbeda dengan aterosklerosis. Arteriosklerosis mencakup semua kondisi pengerasan arteri. Sedangkan aterosklerosis merupakan pengerasan arteri yang secara spesifik terjadi akibat penumpukan lemak di dinding arteri. Dengan kata lain, aterosklerosis termasuk ke dalam jenis arteriosklerosis. Arteriosklerosis terjadi ketika dinding bagian dalam pembuluh darah arteri mengalami kerusakan. Akibatnya, sel darah dan plak yang terbentuk dari kolesterol, lemak, atau kalsium menumpuk di dinding arteri dan menyumbat pembuluh darah. Penyumbatan pembuluh darah membuat aliran darah ke organ-organ tubuh menjadi tidak lancar. Hal ini mengakibatkan organ tersebut tidak berfungsi dengan baik. Belum diketahui",1,penyakit,alodokter.com,2026-06-28
alo-28080203-short1,Arteriosklerosis adalah pengerasan pembuluh darah arteri akibat penumpukan plak di dinding arteri.,1,penyakit,alodokter.com,2026-06-28
alo-28080203-short2,Arteriosklerosis adalah pengerasan pembuluh darah arteri akibat penumpukan plak di dinding arteri. Arteri yang mengeras dapat membuat aliran darah ke organ tubuh menjadi tidak lancar sehingga mengganggu fungsi organ tersebut.,1,penyakit,alodokter.com,2026-06-28
alo-2383581111,"Arteritis Takayasu - Arteritis Takayasu adalah kondisi yang menyebabkan peradangan pada pembuluh darah aorta dan cabang-cabang utamanya. Peradangan ini dapat menimbulkan kerusakan pada pembuluh darah dan menimbulkan beragam gangguan pada tubuh. Aorta adalah pembuluh darah terbesar dalam tubuh yang berfungsi mengalirkan darah yang kaya akan oksigen dari jantung. Pembuluh darah ini memiliki cabang-cabang yang akan meneruskan darah ke organ di seluruh tubuh, termasuk otak, ginjal, saluran pencernaan, tangan, dan kaki. Pada arteritis Takayasu, aorta beserta cabang utamanya mengalami peradangan. Hal ini dapat mengakibatkan pembuluh darah menipis dan meregang, atau malah menebal dan menyempit. Kerusakan pada pembuluh darah ini dapat mengganggu aliran darah dan oksigen yang dibutuhkan untuk menutrisi jaringan tubuh. Arteritis Takayasu merupakan jenis vaskulitis yang jarang terjadi. Kondisi ini juga sering kali tidak menimbulkan masalah dan baru diketahui secara tidak sengaja pada pemeriksaan untuk tujuan lain. Namun, jika arteritis Takayasu menyebabkan gejala, pengobatan untuk mengendalikan peradangan perlu dilakukan secara rutin. Penyebab arteritis Takayasu belum diketahui secara pasti. Namun, kondisi ini diduga tergolong penyakit autoimun, yaitu kondisi ketika sistem kekebalan tubuh menyerang sel-sel sehat. Pada arteritis Takayasu, sistem kekebalan tubuh menyerang sel-sel sehat di dinding pembuluh darah aorta dan cabang utamanya. Selain diduga karena penyakit autoimun, arteritis Takayasu juga diduga merupakan penyakit genetik",1,penyakit,alodokter.com,2026-06-28
alo-2383581111-short1,Arteritis Takayasu adalah kondisi yang menyebabkan peradangan pada pembuluh darah aorta dan cabang-cabang utamanya.,1,penyakit,alodokter.com,2026-06-28
alo-2383581111-short2,Arteritis Takayasu adalah kondisi yang menyebabkan peradangan pada pembuluh darah aorta dan cabang-cabang utamanya. Peradangan ini dapat menimbulkan kerusakan pada pembuluh darah dan menimbulkan beragam gangguan pada tubuh.,1,penyakit,alodokter.com,2026-06-28
alo-2598521594,"Pengertian Asam Urat - Asam urat adalah nyeri radang sendi (arthritis) yangÂ ditandai dengan nyeri hebat, kemerahan, bengkak, dan rasa hangat akibat penumpukan kristal asam urat di dalam sendi. Kondisi ini paling sering terjadi di jempol kaki, tetapi bisa juga menyerang sendi pada jari kaki yang lain, lutut, atau pergelangan kaki. Pada penderita gout atau encok, asam urat yang berlebihan dalam darah menumpuk dan membentuk kristal di dalam sendi. Kristal ini dapat memicu peradangan yang menimbulkan gejala berupa nyeri dan bengkak. Serangan gout dapat terjadi secara berkala, misalnya beberapa kali dalam setahun, tetapi frekuensinya dapat berbeda pada tiap penderita. Meski jarang, serangan nyeri ini bisa sangat mengganggu dan bertahan hingga 7â10 hari. Penyebab asam uratÂ atau encok adalah penumpukan kristal asam urat pada sendi. Penumpukan tersebut dapat terjadi jika kadar asam urat di dalam darah terlalu tinggi (hiperurisemia). Beberapa kondisi yang bisa menyebabkan hiperurisemia adalah: Ada beberapa faktor yang bisa meningkatkan risiko seseorang terserang penyakit asam urat, yaitu: Gejala utama penyakit asam urat atau encok adalah serangan nyeri yang hebat pada sendi atau disebut juga serangan gout. Karakteristik serangan gout ini antara lain: Nyeri berat dan bengkak pada kaki, tangan, atau jari kaki akibat serangan gout biasanya akan berkurang dalam beberapa jam. Namun, rasa",1,penyakit,alodokter.com,2026-06-28
alo-2598521594-short1,"Pengertian Asam Urat adalah Asam urat adalah nyeri radang sendi (arthritis) yangÂ ditandai dengan nyeri hebat, kemerahan, bengkak, dan rasa hangat akibat penumpukan kristal asam urat di dalam sendi.",1,penyakit,alodokter.com,2026-06-28
alo-2598521594-short2,"Asam urat adalah nyeri radang sendi (arthritis) yangÂ ditandai dengan nyeri hebat, kemerahan, bengkak, dan rasa hangat akibat penumpukan kristal asam urat di dalam sendi. Kondisi ini paling sering terjadi di jempol kaki, tetapi bisa juga menyerang sendi pada jari kaki yang lain, lutut, atau pergelangan kaki.",1,penyakit,alodokter.com,2026-06-28
