id,text,label,domain,source,date
tbh-1906791183,"salah virus hanta tak menular antar-manusia, vaksinnya dipatenkan sejak 2022 kesehatan 18062026 mafindo akun tiktok anfauhumlinnas05l pada jum’at (15052026) mengunggah video arsip yang menunjukkan cuplikan wawancara mantan menteri kesehatan siti fadilah supari dengan arie untung yang isinya menyebutkan virus hanta tidak menular antarmanusia dan vaksinnya telah dipatenkan sejak 2022. tim pemeriksa fakta mafindo (turnbackhoax) menelusuri klaim tersebut dengan menggunakan google lens. hasilnya menunjukkan bahwa video yang beredar merupakan cuplikan dari siniar cerita untungs yang tayang di kanal youtube arie untung pada rabu (14052026). merujuk hasil verifikasi tim cek fakta tempo yang mewawancarai epidemiolog serta menelusuri sejumlah jurnal ilmiah dan sumber kredibel lainnya. hasilnya menunjukkan bahwa virus andes merupakan satu-satunya jenis hantavirus yang diketahui dapat menular antarmanusia. selain itu, paten yang diajukan pada 2022 bukanlah paten vaksin virus hanta, melainkan protein antigen yang berpotensi digunakan untuk pengembangan vaksin. sejumlah penelitian menunjukkan bahwa virus andes pernah menyebabkan wabah di argentina dan dapat menular antarmanusia. temuan tersebut juga sejalan dengan penjelasan organisasi kesehatan dunia (who), pusat pengendalian dan pencegahan penyakit amerika serikat (cdc), serta pusat pencegahan dan pengendalian penyakit eropa (ecdc). meski demikian, ecdc menjelaskan bahwa penularan antarmanusia pada virus andes tergolong jarang dan biasanya terjadi melalui kontak yang erat atau berkepanjangan dengan penderita. klaim bahwa vaksin virus hanta telah dipatenkan sejak 2022 juga tidak tepat. pengajuan yang dilakukan ilmuwan badan keamanan kesehatan inggris (ukhsa) sebenarnya berkaitan dengan protein antigen dari varian seoul yang dapat dimanfaatkan untuk pengembangan vaksin. antigen merupakan bagian dari virus yang dapat memicu tubuh membentuk antibodi untuk melawan infeksi. epidemiolog dari griffith university, dicky budiman, mengatakan virus hanta bukanlah virus baru karena telah dikenal sejak lama. menurutnya, penelitian dan pengembangan vaksin virus hanta merupakan bagian dari upaya kesiapsiagaan kesehatan, bukan bukti bahwa virus tersebut sengaja dibuat untuk memicu pandemi. vaksin tersebut ditujukan bagi kelompok berisiko tinggi di beberapa negara, seperti korea selatan, cile, argentina, dan amerika serikat. salah sumber: whatsapp hotline: 0896-8006-0088 kalimasada: 0859-2160-0500",0,kesehatan,turnbackhoax.id,2026-06-18
tbh-2088111215,"salah foto ""korban hantavirus di jakarta"" kesehatan 14062026 mafindo akun tiktok yona9855 pada jum’at (1552026) mengunggah video arsip disertai yang diklaim sebagai korban hantavirus di jakarta. unggahan tersebut disertai narasi lagi viral hantavirus lagi diselidiki dinas kesehatan dari mana asal nya hingga minggu (1462026) video tersebut telah dilihat lebih dari 800 kali dan disukai 10 kali. tim pemeriksa fakta mafindo (turnbackhoax) memeriksa foto pada unggahan tersebut menggunakan google lens. hasil penelusuran mengarah ke akun facebook ""wish kok lang"" yang mengunggah video bertagar behindthescenes dengan keterangan ""wish kok lang: rabies"". video tersebut serupa dengan unggahan akun tiktok ""yona9855"". diketahui, ""wish kok lang"" merupakan serial televisi filipina yang memiliki episode berjudul ""rabies"". turnbackhoax kemudian menelusuri informasi mengenai hantavirus di jakarta per mei 2026. berdasarkan informasi dari kementerian kesehatan, kasus hantavirus yang terdeteksi di dki jakarta masih terkendali. pemerintah juga memantau seluruh kontak erat pasien selama 14 hari untuk mencegah penularan lanjutan. kementerian kesehatan menegaskan bahwa hantavirus tidak mudah menular antar manusia seperti covid-19. sekitar 99 persen penularan terjadi melalui kontak dengan hewan pengerat, terutama tikus, atau cairan tubuhnya, seperti urine, air liur, dan feses. salah sumber: whatsapp hotline: 0896-8006-0088 kalimasada: 0859-2160-0500",0,kesehatan,turnbackhoax.id,2026-06-14
tbh-3481735066,"salah penderita diabetes tipe 1 dan tipe 2 bisa sembuh tanpa obat kesehatan 12062026 mafindo beredar unggahan video arsip dari akun instagram suhu.sanjaya pada rabu (362026) menampilkan seorang laki-laki yang sedang menjalani semacam terapi penyembuhan. unggahan beserta narasi : apakah diabetes tipe 1 dan 2 bisa sembuh tanpa obat ? yess, bisaaadianetes hingga jumat (1262026) unggahan telah mendapatkan 70-an tanda suka dan 20-an komentar. tim pemeriksa fakta mafindo (turnbackhoax) menelusuri klaim tersebut dengan menggunakan kata kunci diabetes tipe 1 dan tipe 2 bisa sembuh tanpa obat ke mesin pencari google. hasil penelusuran mengarah ke laman direktorat jenderal kesehatan lanjutan kementerian kesehatan ri berjudul apa itu diet diabetes melitus. dalam artikel tersebut dijelaskan bahwa diabetes melitus merupakan penyakit menahun yang diderita seumur hidup. kementerian kesehatan menegaskan bahwa diabetes melitus tidak dapat disembuhkan, tetapi dapat dikendalikan melalui pengelolaan yang tepat, seperti edukasi, pola makan sehat, olahraga dan pengobatan untuk mencegah komplikasi. dilansir dari kemenkes ri, diabetes tipe 1 terjadi akibat kerusakan sistem kekebalan tubuh yang menyebabkan pankreas tidak dapat memproduksi insulin. karena itu, penderita diabetes tipe 1 memerlukan terapi insulin sepanjang hidupnya untuk mengendalikan kadar gula darah dan mencegah komplikasi. kemenkes ri juga menjelaskan bahwa diabetes tipe 2 merupakan penyakit kronis yang terjadi akibat resistensi insulin atau produksi insulin yang tidak memadai. kondisi ini memerlukan pengelolaan jangka panjang melalui perubahan gaya hidup dan pengobatan sesuai anjuran dokter. salah sumber: whatsapp hotline: 0896-8006-0088 kalimasada: 0859-2160-0500",0,kesehatan,turnbackhoax.id,2026-06-12
tbh-4233496870,"salah tanpa pakai obat, memijat jari mampu sembuhkan penyakit kesehatan 10062026 mafindo akun tiktok santrigunung pada senin (08092025) mengunggah video arsip mengenai klaim bahwa berbagai penyakit dapat disembuhkan tanpa obat melalui teknik pijat pada jari. unggahan tersebut menyertakan petunjuk untuk menekan atau memijat titik-titik tertentu di jari yang disebut-sebut mampu mengatasi beragam gangguan kesehatan. hingga artikel ini tayang, unggahan tersebut telah dilihat lebih dari 90 kali, disukai sebanyak 90 akun, dan disimpan lebih dari 40 akun. tim pemeriksa fakta mafindo (turnbackhoax) menelusuri klaim tersebut dengan menggunakan kata kunci memijat jari sembuhkan penyakit dan menemukan sejumlah rujukan dari sumber medis kredibel. hasil penelusuran menunjukkan bahwa hingga saat ini belum ada bukti ilmiah yang membuktikan bahwa memijat jari tangan dapat menyembuhkan berbagai penyakit tanpa obat. merujuk hasil verifikasi tim cek fakta tempo, guru besar fakultas kedokteran universitas indonesia, zubairi djoerban, menjelaskan bahwa terdapat lebih dari 700 publikasi ilmiah mengenai akupresur, teknik pengobatan tradisional asal tiongkok yang dilakukan dengan memberikan tekanan pada titik-titik tertentu di tubuh. sejauh ini, penelitian yang ada umumnya menunjukkan bahwa akupresur dapat membantu meredakan nyeri dan memberikan efek relaksasi. karena itu, dalam dunia medis metode tersebut dikategorikan sebagai pengobatan komplementer atau pendamping pengobatan standar, bukan sebagai pengganti terapi medis. penjelasan serupa disampaikan ahli akupunktur berlisensi dari cleveland clinic, megan scott. menurutnya, akupresur dapat membantu meredakan sejumlah gejala fisik dan menenangkan pikiran, meskipun penelitian mengenai efektivitasnya masih terus berlangsung. sementara itu, alodokter menjelaskan bahwa beberapa titik refleksi pada tangan dapat ditekan untuk membantu meredakan keluhan tertentu, seperti sakit kepala dan konstipasi. pijat refleksi pada tangan juga dapat memberikan efek relaksasi dan membantu mengurangi kecemasan. sejumlah penelitian juga menemukan bahwa kombinasi akupuntur dan akupresur dapat memberikan manfaat tambahan, seperti membantu meningkatkan kualitas tidur pada pasien kanker payudara. namun, manfaat tersebut tidak menunjukkan bahwa pijatan pada jari dapat menyembuhkan penyakit. oleh karena itu, pasien yang sedang menjalani pengobatan tetap dianjurkan untuk melanjutkan terapi medis sesuai anjuran tenaga kesehatan. salah sumber: whatsapp hotline: 0896-8006-0088 kalimasada: 0859-2160-0500",0,kesehatan,turnbackhoax.id,2026-06-10
tbh-329974361,"salah pfizer rilis daftar efek samping vaksin covid-19 kesehatan 08062026 mafindo akun facebook key vanora mauriska noerhayadi pada minggu (1452026) mengunggah gambar arsip dengan narasi: teman-teman saya! ini resmi! pfizer baru saja menerbitkan daftar efek samping yang mungkin dari ""vaksin covid""nya! 1) pembekuan darah, 2) cedera ginjal akut, 3) myelitis flaccid akut, 4) antibodi anti-sperma positif, 5) embolisme batang otak, per senin (862026) unggahan tersebut sudah ditonton 481 kali, disukai 19 kali, dibagikan 10 kali dan menuai 1 komentar. tim pemeriksa fakta mafindo (turnbackhoax) menelusuri kebenaran klaim dengan memasukkan kata kunci pfizer rilis daftar efek samping vaksin covid-19 ke mesin pencarian google. hasil penelusuran mengarah ke sejumlah artikel dan berita, antara lain: berita kompas.com dokumen pfizer mencantumkan 1.291 efek vaksin yang tayang senin (2762022). berita ini melaporkan bahwa dokumen yang dilaporkan oleh pfizer-biontech itu hanya mencatat berbagai kondisi setelah vaksinasi yang dikumpulkan dari sistem pengawasan seperti vaccine adverse event reporting system (vaers) pemerintah as dan skema kartu kuning inggris. berita tirto.id pfizer rilis daftar efek samping vaksin covid-19 yang tayang pada rabu (362026). berita ini melaporkan bahwa pihak pfizer membantah klaim bahwa mereka baru saja merilis daftar rahasia berisi ribuan efek samping mematikan dari vaksin covid-19. sebagian besar efek samping yang dilaporkan bersifat ringan, namun terdapat beberapa kondisi serius yang sangat jarang terjadi. efek samping vaksin covid-19 umumnya bersifat ringan, seperti nyeri di area suntikan, kelelahan, demam, nyeri otot, dan sakit kepala. efek ini normal sebagai tanda sistem kekebalan tubuh sedang belajar melawan virus. salah sumber: whatsapp hotline: 0896-8006-0088 kalimasada: 0859-2160-0500",0,kesehatan,turnbackhoax.id,2026-06-08
tbh-3297305966,"salah who anjurkan konsumsi ivermectin tiap hari untuk cegah hantavirus kesehatan 24052026 mafindo beredar unggahan gambar arsip dari akun facebook pandu saptaji pada selasa (1952026) berisi narasi: konsumsi obat ivermectin tiap hari.. dapat hindari hantavirus menurut who hingga minggu (2452026) unggahan ini telah mendapatkan 5 tanda suka dan dibagikan dari 9 kali. tim pemeriksa fakta mafindo (turnbackhoax) mencari tahu kebenarannya dengan mengunjungi situs resmi who di who.int. di situs resminya, who tidak pernah mengunggah pernyataan bahwa ivermectin bisa cegah penularan hantavirus. melansir dari artikel who yang membahas hantavirus, dijelaskan bahwa saat ini belum ada obat atau vitamin tertentu yang sudah terbukti klinis mencegah penularan hantavirus. sejauh ini who hanya menjelaskan bahwa pencegahan utama hantavirus dilakukan dengan menghindari kontak dengan tikus, urine, kotoran, dan lingkungan yang terkontaminasi tikus. selain itu, obat ivermectin sendiri merupakan golongan obat keras yang penggunaannya harus berdasarkan pengawasan dokter. melansir dari alodokter.com, meski sudah mendapat izin dokter, penggunaan obat ivermectin tidak diperuntukan untuk jangka panjang apalagi rutin setiap hari. salah sumber: whatsapp hotline: 0896-8006-0088 kalimasada: 0859-2160-0500",0,kesehatan,turnbackhoax.id,2026-05-24
tbh-3386284107,"salah video ""sejumlah tikus terinfeksi hantavirus disebar pakai truk"" kesehatan 21052026 mafindo akun facebook pandu saptaji pada jumat (1552026) mengunggah video arsip dengan narasi: waduh barusan nemu video katanya ini truk di luar negeri yang ketahuan sengaja nyebarin tikus tikus yang terinveksi hantavirusapakah benar konspirasi bahwa hantavirus memang dibuat buat oleh penguasa dunia hahaha.... di indonesia ada juga enggak ya per kamis (2142026) unggahan tersebut sudah disukai 18 kali, dibagikan 13 kali dan menuai 7 komentar. tim pemeriksa fakta mafindo (turnbackhoax) menganalisis video menggunakan alat deteksi ai, hive moderation. diketahui, video merupakan hasil rekayasa kecerdasan buatan (artificial intelligenceai), probabilitas atau kemungkinannya mencapai 74,1 persen. turnbackhoax lalu memasukkan kata kunci sejumlah tikus terinfeksi hantavirus disebar pakai truk ke mesin pencarian google. hasil penelusuran mengarah ke artikel kompas.com video sejumlah tikus terinfeksi hantavirus disebar menggunakan truk adalah konten ai yang tayang pada rabu (1852026). artikel ini melaporkan bahwa video merupakan hasil rekayasa kecerdasan buatan (artificial intelligenceai), probabilitas atau kemungkinannya mencapai 99,8 persen. sepanjang penelusuran, tidak ditemukan informasi dari sumber kredibel yang membenarkan klaim sejumlah tikus terinfeksi hantavirus disebar pakai truk. salah sumber: whatsapp hotline: 0896-8006-0088 kalimasada: 0859-2160-0500",0,kesehatan,turnbackhoax.id,2026-05-21
tbh-678277649,"salah hantavirus itu virus bohongan dari israel kesehatan 20052026 mafindo akun facebook pureblood.id pada senin (1142026) mengunggah narasi arsip sebagai berikut: taukah kamu bahwa hanta dalam bahasa israel itu artinya kebohongan? jadi hantavirus berarti virus boongan hingga rabu (2052026) unggahan tersebut telah mendapat tanda suka lebih dari 13 ribu, dan menuai lebih dari 130 komentar. tim pemeriksa fakta mafindo (turnbackhoax) menelusuri arti kata kebohongan melalui google translate dari bahasa indonesia ke bahasa ibrani. hasilnya, kata kebohongan dalam bahasa ibrani adalah sheker (שקר), bukan hanta. turnbackhoax kemudian menelusuri klaim terkait asal-usul hantavirus dengan memasukkan kata kunci asal-usul hantavirus ke mesin pencari google. hasil penelusuran mengarah ke artikel detik.com berjudul sejarah hantavirus, sudah ada di ri sejak 1980-an yang tayang pada jumat (852026). dilansir dari detik.com, penelitian mengenai hantavirus telah dilakukan sejak 1950-an. penemuan awal virus ini bermula dari penelitian ilmiah setelah perang korea (19511953). secara global, hantavirus mulai dikenal setelah munculnya wabah pada masa perang korea dan kemudian diteliti lebih lanjut oleh para ilmuwan. di indonesia, kasus infeksi hantavirus juga pernah ditemukan di beberapa daerah, meski tidak sebanyak penyakit menular lainnya. salah sumber: instagram.com whatsapp hotline: 0896-8006-0088 kalimasada: 0859-2160-0500",0,kesehatan,turnbackhoax.id,2026-05-20
tbh-2241008745,"salah vaksin campak sebabkan autisme anak kesehatan 19052026 mafindo akun facebook senja kelana pada rabu (22122025) mengunggah gambar arsip dengan narasi: vaksin campak berakibat autis jangan salahkan allah swt dengan mengatakan.. ""sudah takdir..!"", sebab kalian diberi otak akal oleh allah ta'ala untuk bertanya, ""apa saja jeroan vaksin yang akan disuntikkan ke dalam anakku..??!!"" terlanjur divaksin? taubatlah..!!!! cepat keluarkan zat-zat laknat vaksin imunisasinya dengan cara 3in1 langsung bersamaan dengan izin allah swt. sebelum terlambat..! per selasa (1952026) unggahan tersebut sudah ditonton 481 kali, disukai 19 kali, dibagikan 10 kali dan menuai 1 komentar. turnbackhoax lalu memasukkan kata kunci vaksin campak sebabkan autisme anak ke mesin pencarian google. hasil penelusuran mengarah ke sejumlah artikel dan berita, antara lain. berita antaranews.com vaksin campak sebabkan autisme pada anak yang tayang pada senin (1152026). berita ini melaporkan bahwa vaksin mmr berfungsi melindungi anak dari tiga penyakit menular, yaitu campak (measles), gondong (mumps), dan rubella (campak jerman). penyakit-penyakit tersebut dapat menimbulkan komplikasi serius jika tidak dicegah melalui imunisasi. berita tirto.id vaksin mmr sebabkan autisme pada anak yang tayang pada jumat (152026). berita ini melaporkan bahwa vaksin mmr menyebabkan autisme tidak didukung bukti ilmiah. berbagai penelitian tidak menemukan hubungan antara vaksin mmr dan gangguan spektrum autisme (asd). klaim tersebut berasal dari studi andrew wakefield tahun 1998 yang telah ditarik karena masalah etik dan data yang tidak valid. sepanjang penelusuran, tidak ditemukan informasi dari sumber kredibel yang membenarkan klaim vaksin campak sebabkan autisme anak. salah sumber: whatsapp hotline: 0896-8006-0088 kalimasada: 0859-2160-0500",0,kesehatan,turnbackhoax.id,2026-05-19
tbh-2867745016,"salah jahe, kunyit, kencur, dan serai bersihkan paru-paru dari asap rokok kesehatan 18052026 mafindo akun facebook dewi tips pada kamis, (16042026) mengunggah video arsip yang menunjukkan cara membersihkan paru-paru dari lendir, asap rokok ,debu dan polusi yang menempel, unggahan itu disertai dengan narasi sebagai berikut: bersihkan paru-paru dari lendir, asap rokok ,debu dan polusi yang menempel selama ini tips tutorial kesehatan health medical hingga artikel ini diterbitkan unggahan tersebut telah diputar lebih dar 33 ribu tayangan, mendapatkan 543 reaksi, lebih dari 11 interaksi komentar, dan dibagikan ulang sebanyak 91 kali. tim pemeriksa fakta mafindo (turnbackhoax) menelusuri informasi tersebut melalui mesin pencari google. hasil penelusuran mengarah pada sejumlah artikel kesehatan dan publikasi ilmiah yang membahas manfaat bahan tersebut terhadap kesehatan tubuh dan saluran pernapasan. jahe, kunyit, dan bawang putih memang memiliki kandungan antioksidan dan sifat antiinflamasi yang dapat membantu mengurangi peradangan atau mendukung kesehatan paru-paru, namun tidak ada bukti ilmiah yang menyatakan bahan-bahan tersebut mampu secara langsung membersihkan paru-paru dari asap rokok, lendir, maupun debu. artikel pemeriksaan fakta yang dimuat thip media juga menjelaskan bahwa paru-paru memiliki mekanisme alami untuk membersihkan partikel asing melalui silia dan lendir. proses tersebut tidak dapat digantikan atau dipulihkan hanya dengan mengonsumsi ramuan herbal tertentu. salah sumber: whatsapp hotline: 0896-8006-0088 kalimasada: 0859-2160-0500",0,kesehatan,turnbackhoax.id,2026-05-18
tbh-3744999250,"salah pcr itu penipuan untuk ciptakan ilusi keberadaan virus kesehatan 06052026 mafindo beredar unggahan foto arsip dari akun instagram navious88 pada senin (1632026). unggahan beserta narasi : dari. michael yeadon. phd berkata bahwa alat pcr adalah suatu alat penipuan saat copet 19 untuk menjalankan propaganda ketakutan hingga rabu (652026) unggahan telah mendapatkan 50-an tanda suka dan telah dibagikan ulang 14 kali. disadur dari artikel cek fakta tempo.co. michael yeadon adalah mantan wakil presiden sekaligus kepala ilmuwan unit alergi dan pernapasan di pfizer hingga 2011. dalam beberapa tahun terakhir, ia dikenal menyebarkan pandangan kontroversial terkait pandemi covid-19 yang kerap dibantah oleh komunitas ilmiah. pakar epidemiologi universitas airlangga, windhu purnomo, menilai klaim dalam video yang menyebut tes pcr sebagai alat penipuan bertentangan dengan konsensus ilmiah global. ia menegaskan pcr hingga kini tetap menjadi standar emas dalam diagnosis molekuler covid-19. meski tidak dirancang untuk mengukur tingkat penularan, windhu menyebut hasil pcr tetap valid untuk mendeteksi infeksi. selama pandemi, terdapat tiga metode utama untuk mendeteksi covid-19, yakni pcr, rapid antigen dan rapid antibodi, yang masing-masing menggunakan jenis sampel berbeda. direktur laboratorium diagnostik molekuler university of minnesota sophia yohe, menyebut tes pcr memiliki akurasi analitik sangat tinggi dan spesifitas mendekati 100. namun, dalam praktik klinis, sensitivitasnya dapat bervariasi, sekitar 80, tergantung faktor seperti waktu dan teknik pengambilan sampel serta jumlah virus dalam tubuh. salah sumber: whatsapp hotline: 0896-8006-0088 kalimasada: 0859-2160-0500",0,kesehatan,turnbackhoax.id,2026-05-06
tbh-448202411,"salah ikan lele jadi penyebab gagal ginjal kronis kesehatan 30042026 mafindo beredar unggahan video arsip dari akun kali anaklolina2 pada sabtu (1542026). unggahan beserta narasi : informasi menarik nih gaes... buat kalian yang suka makan ikan lele mulai sekarang hati-hati ya. bpjs pernah mengumumkan kalau mereka membayar tagihan untuk pasien gagal ginjal sebesar 11 t. dari sekian banyak kasus, ikan lele berkontribusi sebagai penyebab dari munculnya kasus gagal ginjal itu sendiri. hingga kamis (3042026) unggahan telah mendapatkan 2.800 tanda suka, 300-an komentar dan telah dibagikan ulang 980-an kali. tim pemeriksa fakta mafindo (turnbackhoax) memasukkan kata kunci bpjs gagal ginjal 11 triliun ikan lele ke mesin pencarian google. hasil pencarian mengarah ke pemberitaan kompas.com berjudul klaim gagal ginjal kronis dengan bpjs kesehatan disebut naik pesat, apa penyebabnya? yang terbit pada kamis (372025). dalam pemberitaan tersebut, kepala humas bpjs kesehatan rizzky anugerah membenarkan pembiayaan perawatan penyakit gagal ginjal kronis mencapai rp11 triliun pada 2024, meningkat dari rp10 triliun pada 2023. namun, kenaikan biaya tersebut terjadi karena bertambahnya peserta jkn, akses layanan kesehatan yang semakin luas, kenaikan tarif rumah sakit, serta harga obat-obatan. peneliti ikan air tawar dari brin, haryono, membantah anggapan bahwa seluruh ikan lele disuntik antibiotik. ia menjelaskan, dalam budidaya ikan lele tidak selalu menggunakan antibiotik, terutama pada peternak skala rumah tangga. jika pun diperlukan, pemberian antibiotik pada ikan budidaya umumnya dilakukan secara kelompok melalui pakan (in-feed administration), bukan dengan cara disuntik satu persatu ke ikan. hal ini sejalan dengan asean guidelines for the prudent use of antimicrobials ini aquaculture. dikutip dari national kidney foundation, gagal ginjal kronis umumnya disebabkan oleh penyakit seperti diabetes dan tekanan darah tinggi (hipertensi), bukan oleh satu jenis makanan tertentu seperti ikan lele. sepanjang penelusuran, tidak ditemukan pernyataan resmi dari bpjs kesehatan maupun lembaga ilmiah yang menyebut konsumsi ikan lele sebagai penyebab gagal ginjal di indonesia. salah sumber: whatsapp hotline: 0896-8006-0088 kalimasada: 0859-2160-0500",0,kesehatan,turnbackhoax.id,2026-04-30
tbh-3674716774,"salah mencium kucing mampu sebabkan infeksi otak kesehatan 31032026 mafindo beredar unggahan video arsip dari akun facebook angkara messi pada senin (932026). unggahan beserta narasi : seberapa sering kamu cium kucing sampai otakmu perlahan dibajak parasit? level 1, kamu gemas mencium hidung kucingmu. ribuan telur parasit pindah dari bulu halusnya ke bibirmu. level 2, kamu menelan ludah. telur itu masuk lambung. mereka menetas jadi larva ganas. level 3, sistem imunmu menyerang. mereka membajak sel darah putihmu. level 4, mereka sampai di kepala. menembus sawar darah otak dan bersarang di dalam ruang kendalimu. level 5, mereka membangun sarang. bersembunyi di amigdala dan memanipulasi zat kimia otakmu. level 6, perilakumu berubah. kamu jadi mudah marah, nekat, dan refleksmu melambat. hati-hati. disadur dari artikel cek fakta tempo.co. tim cek fakta tempo memastikan bahwa penularan toksoplasmosis dari kucing tidak terjadi melalui kontak fisik seperti mencium, melainkan melalui kotoran yang terkontaminasi parasit toxoplasma gondii. dosen fakultas kedokteran hewan universitas wijaya kusuma surabaya, siti gusti ningrum, menjelaskan bahwa infeksi dapat terjadi jika manusia tidak sengaja menelan parasit dari feses kucing yang terinfeksi. ia menegaskan, risiko utama infeksi lebih berkaitan dengan gangguan kesehatan reproduksi, bukan otak. data dari cornell university college of veterinary medicine menyebutkan, parasit dapat bertahan di lingkungan selama berbulan-bulan setelah keluar bersama kotoran kucing, dan menjadi infektif dalam waktu satu hingga lima hari. penularan pada manusia lebih sering terjadi melalui makanan atau tanah yang terkontaminasi. karena itu, menjaga kebersihan seperti mencuci tangan, menggunakan sarung tangan saat membersihkan kotoran, serta memastikan makanan matang dan bersih menjadi langkah utama pencegahan. salah sumber: whatsapp hotline: 0896-8006-0088 kalimasada: 0859-2160-0500",0,kesehatan,turnbackhoax.id,2026-03-31
tbh-1445390582,"salah vaksin bcg atau dapat memicu campak pada bayi kesehatan 31032026 mafindo beredar unggahan narasi arsip dari akun facebook jefri papahnya aqiela pada sabtu (732026). unggahan beserta narasi : semua anak anak yang baru lahir lalu disuntik vaksin bcg rekombinant atau dapat mrna pada akhirnya akan kena campak walaupun anak itu tidak berkontak fisik dengan orang lain atau tidak berkontak fisik dengan orang yang kena campak, mengapa? karena virus campak nya sudah dimasukkan pada saat baru lahir melalui suntikan vaksin bcg program ambisiusnya menkes bankir ahli nuklir, ingat itu dulu anda jangan lupa dan belagak blo'on, bahkan tidak sedikit dulu bidan dan dokter yang mensuntik vaksin bayi baru lahir tanpa seizin dan sepengetahuan orangtuanya hingga selasa (3132026) unggahan telah mendapatkan 140 tanda suka, 154 komentar dan telah dibagikan 77 kali. disadur dari artikel cek fakta tirto.id. informasi yang menyebut vaksin bcg dan dapat mengandung virus campak adalah tidak benar. dari. andreas wilson setiawan, m.kes, aifo-k, cbp.med, akp menjelaskan vaksin bcg digunakan untuk mencegah tuberkulosis dan mengandung bakteri hidup yang telah dilemahkan, yaitu mycobacterium bovis. vaksin ini tidak mengandung virus, termasuk virus campak. sementara itu, vaksin dapat diberikan untuk melindungi dari difteri, pertusis, dan tetanus. kandungannya terdiri atas toksoid difteri, toksoid tetanus, serta komponen bakteri pertusis, sehingga juga tidak mengandung virus campak. ia menegaskan bahwa virus campak hanya terdapat pada vaksin khusus, yakni mmr vaccine, yang berfungsi melindungi dari campak, gondongan, dan rubella. oleh karena itu, klaim bahwa bayi telah dimasukkan virus campak sejak lahir melalui vaksin bcg atau dapat tidak memiliki dasar ilmiah. lebih lanjut, anggapan bahwa virus dalam vaksin dapat aktif kembali melalui kode genetik manusia juga tidak sesuai dengan mekanisme biologis. virus yang digunakan dalam vaksin telah dilemahkan dan tidak dapat berubah menjadi berbahaya melalui gen manusia. pada vaksin berbasis mrna, mekanismenya berbeda. mrna hanya berfungsi sebagai instruksi sementara untuk membentuk protein antigen, tidak masuk ke inti sel, serta tidak mengubah dna manusia. setelah menjalankan fungsinya, mrna akan segera dihancurkan oleh enzim dalam sel. adapun penularan campak terjadi melalui droplet pernapasan, aerosol, atau kontak dengan cairan saluran napas penderita, dan tidak berkaitan dengan pemberian vaksin dapat. individu yang belum mendapatkan vaksin campak (mmr) justru memiliki risiko lebih tinggi untuk tertular dan menularkan penyakit tersebut. salah sumber: whatsapp hotline: 0896-8006-0088 kalimasada: 0859-2160-0500",0,kesehatan,turnbackhoax.id,2026-03-31
tbh-1359096428,"salah china kembangkan robot yang dapat mengandung bayi kesehatan 17032026 mafindo beredar unggahan foto arsip dari akun kali kangmanto123 pada senin (2622026). unggahan beserta narasi : robot hamil dikembangkan di china, diklaim bisa gantikan peran ibu mengandung hingga selasa (1732026) unggahan telah mendapatkan 70 tanda suka, 55 komentar dan telah dibagikan ulang 18 kali. disadur dari artikel cek fakta tempo.co. hasil penelusuran tim cek fakta tempo menggunakan mesin pencari google dengan kata kunci robot hamil cina, gestation robot, dan pregnancy robot menunjukkan bahwa narasi tersebut telah beredar sejak agustus 2025. klaim itu menyebut seorang ilmuwan bernama zhang qifeng dari nanyang technological university (ntu), singapura, mengembangkan robot kehamilan melalui perusahaannya, kaiwa technology, dengan prototipe yang disebut akan siap pada 2026. namun, juru bicara nanyang technological university menyatakan kepada organisasi pemeriksa fakta snopes bahwa kampus tersebut tidak memiliki ilmuwan bernama zhang qifeng maupun penelitian terkait teknologi robot kehamilan. pihak universitas juga menegaskan tidak ada lulusan bergelar doktor dengan nama tersebut dari ntu. sementara itu, teknologi yang benar-benar sedang dikembangkan oleh para peneliti adalah perangkat rahim buatan untuk membantu bayi prematur. peneliti di children’s hospital of philadelphia (chop) mengembangkan perangkat bernama extend, yang dirancang sebagai lingkungan luar rahim untuk mendukung perkembangan bayi yang lahir sangat prematur. perangkat ini menggunakan kantung berisi cairan amnion buatan dan sistem oksigenator eksternal yang berfungsi menggantikan peran plasenta. sejauh ini, teknologi tersebut masih berada pada tahap penelitian dan telah diuji pada janin domba. hasil penelitian pada 2017 menunjukkan janin domba dapat bertahan hingga sekitar satu bulan dalam sistem tersebut dengan perkembangan menyerupai kondisi di dalam rahim. penelitian serupa juga tengah dikembangkan oleh perusahaan rintisan aquawomb di aachen, jerman, yang merancang wadah khusus berisi cairan ketuban buatan untuk membantu bayi prematur ekstrem. namun, para peneliti mengakui bahwa teknologi ini masih menghadapi berbagai tantangan ilmiah, terutama dalam meniru fungsi paru-paru bayi prematur secara optimal. salah sumber: whatsapp hotline: 0896-8006-0088 kalimasada: 0859-2160-0500",0,kesehatan,turnbackhoax.id,2026-03-17
tbh-838452170,"salah vaksinasi hpv bisa membahayakan nyawa anak kesehatan 04032026 mafindo akun instagram singanuswantara pada selasa, (17022026) mengunggah video arsip yang memuat cuplikan layar artikel kompas.com yang membahas rencana pemberian vaksin hpv bagi anak laki-laki usia 11 tahun pada 2027. gambar berita itu kemudian dipadukan dengan video seorang pria yang menyatakan penolakan terhadap vaksin. pemilik akun juga menarasikan bahwa indonesia disebut-sebut menjadi negara pertama yang dijadikan lokasi uji coba vaksin kanker dan tbc. video itu disertai dengan narasi sebagai berikut: wahai rakyat indonesia,, masihkah kalian tertidur ?! buka mata kalian ... mari berjuang bersama selamatkan bangsa ini panjang umur perjuangan seluruh patriot pembela bangsa pongrekundharma88 siti_fadilah_supari babehmpr101 (narasi lanjutan pada penjelasan periksa fakta) hingga artikel ini tayang, unggahan tersebut telah mendapatkan lebih dari 33.000 tayangan, disukai oleh 2.225 akun, dan mendapatkan 264 interaksi komentar. tim pemeriksa fakta mafindo (turnbackhoax) menelusuri klaim yang menyebut indonesia menjadi negara uji coba vaksin kanker dan tbc dengan mengaitkannya pada rencana pemberian vaksin hpv untuk anak laki-laki usia 11 tahun pada 2027. hasil penelusuran tidak menemukan sumber kredibel yang membenarkan narasi tersebut. laporan kompas.com yang dipakai dalam tangkapan layar itu menyebutkan bahwa pemberian vaksinasi hpv pada anak laki-laki bertujuan memperluas perlindungan terhadap penularan virus penyebab utama kanker leher rahim, bukan sebagai uji coba berbahaya. video seorang pria yang diklaim menolak vaksin hpv juga tidak relevan. penelusuran menunjukkan rekaman tersebut adalah aksi protes terhadap kebijakan vaksin covid-19 di depan kementerian kesehatan pada 27 januari 2022, yang sebelumnya ditayangkan oleh inews dan rcti. dengan demikian, klip itu tidak berkaitan dengan program vaksinasi hpv. keterangan dari para ahli yang dimuat tempo.co menjelaskan bahwa vaksin hpv telah melalui tahapan riset panjang, mulai dari uji praklinis hingga uji klinis fase satu sampai empat. vaksin ini telah disetujui sejak 2006 oleh who, european medicines agency, dan fda amerika serikat, serta digunakan di lebih dari 125 negara, sehingga bukan produk eksperimental. berbagai studi internasional juga menunjukkan vaksin hpv efektif menurunkan infeksi dan risiko kanker serviks secara signifikan. pemberian pada anak usia 913 tahun dilakukan karena respons imun pada usia tersebut lebih optimal. klaim bahwa vaksin hpv merupakan uji coba yang membahayakan tidak didukung bukti ilmiah dan bersifat menyesatkan. (lanjutan narasi)jangan jadikan generasi anak bangsa menjadi kelinci percobaan ? kemenkes_ri jangan bermain-main dengan nyawa rakyat indonesia ingat, menkes budi gunadi sadikin sudah tanda tangan kontrak dengan bi gates untuk mentransformasikan kesehatan rakyat indonesia tanpa seizin kita rakyat. (peraturan 1341 tahun 2022). kesimpulan klaim bahwa indonesia menjadi negara uji coba vaksin kanke",0,kesehatan,turnbackhoax.id,2026-03-04
tbh-1174812760,"salah video ""pembuatan telur sintetis"" kesehatan 12022026 mafindo beredar unggahan video arsip dari akun kali fagtng pada selasa (322026). unggahan beserta narasi : pagi lur...., waspada dengn makanan apa pun , telur saja bisa di buat manusia dengan hasil yang sama. ya allah.., ngeri zaman canggih , mana buatan allah dan mana buatan manusia kita sulit membedakannya. hingga kamis (1222026) unggahan telah mendapatkan 535 tanda suka, 97 komentar dan telah dibagikan ulang 286 kali. tim pemeriksa fakta mafindo (turnbackhoax) menelusuri video tersebut dengan memanfaatkan google lens. hasil penelusuran menunjukkan bahwa potongan video pertama yang memperlihatkan proses pengawetan telur diketahui merupakan pembuatan century egg atau telur seribu tahun, yakni metode kuliner tradisional tiongkok yang mengawetkan telur dengan campuran tanah liat, abu, garam, kapur tohor, dan sekam padi. proses serupa dapat ditemukan pada unggahan kanal youtube the food ranger show berjudul thousand year old egg pada jumat (4102024). potongan video kedua yang memperlihatkan telur bercangkang transparan merupakan proses pembuatan mainan menyerupai telur, bukan telur sintetis untuk konsumsi. klaim serupa telah dibantah sejumlah media berbahasa mandarin, seperti sohu.com dan sina.cn sejak april 2017. sementara itu, potongan video ketiga yang memperlihatkan mesin pemilahan dan pengepakan telur merupakan aktivitas pabrik peternakan unggas. proses serupa pernah dimuat oleh sejumlah situs luar negeri pada 2018 serta dapat ditemukan pada unggahan kanal youtube egg machine dan dyno conveyors. adapun potongan video keempat yang menampilkan telur kenyal pecah saat ditekan merupakan mainan berbentuk egg squishy atau egg splat ball. mainan ini banyak dijual di berbagai platform e-commerce dan pernah diunggah akun youtube sharo_movie pada 2021. salah sumber: whatsapp hotline: 0896-8006-0088 kalimasada: 0859-2160-0500",0,kesehatan,turnbackhoax.id,2026-02-12
tbh-2595262759,"salah daftar barang rumah tangga pemicu kanker kesehatan 10022026 mafindo beredar unggahan foto arsip dari akun instagram rumpi_gosip pada kamis (2912026). unggahan beserta narasi : wajib dicatat! ternyata barang yang biasa dipakai di rumah bisa menjadi penyebab k4nk3r: pembersih-pengharum ruangan, tempat makanan plastik, peralatan masak anti lengket, talenan plastik, makanan kaleng, detergen tertentu, obat nyamuk, lilin aromaterapi dst hingga selasa (1022026) unggahan telah mendapatkan 2.700 tanda suka dan 106 komentar. disadur dari artikel cek fakta tempo.co. tempo memverifikasi klaim mengenai peralatan rumah tangga sebagai pemicu kanker dengan mewawancarai dokter spesialis onkologi serta merujuk sejumlah sumber terpercaya. hasil penelusuran menunjukkan bahwa tidak semua peralatan rumah tangga mengandung zat karsinogenik. selain itu, tingkat paparan dari penggunaan sehari-hari umumnya rendah sehingga belum terbukti kuat sebagai penyebab kanker. dokter spesialis bedah onkologi fakultas kedokteran universitas airlangga (fk unair), dari. asdi wihandono, menjelaskan bahwa faktor utama pemicu kanker pada manusia meliputi infeksi virus seperti hpv dan hepatitis, gaya hidup tidak sehat seperti merokok dan konsumsi alkohol, obesitas, kurang aktivitas fisik, paparan radiasi, serta polusi udara. ia juga menyebut paparan zat karsinogenik seperti asbes, benzena, formaldehida, dan asap rokok sebagai faktor risiko yang telah diakui secara ilmiah. terkait peralatan rumah tangga, asdi menjelaskan bahwa wadah plastik, peralatan masak anti lengket, makanan kaleng, pengharum ruangan, hingga obat nyamuk memang dapat mengandung bahan kimia tertentu. namun, dalam penggunaan normal sesuai aturan, paparan zat tersebut sangat rendah dan hubungan langsungnya dengan kanker pada manusia belum terbukti kuat. dengan demikian, klaim yang menyebut peralatan rumah tangga sebagai penyebab utama kanker tidak didukung bukti ilmiah yang memadai. faktor risiko terbesar kanker masih berkaitan dengan gaya hidup, lingkungan, serta paparan zat karsinogenik yang signifikan, terutama rokok. salah sumber: whatsapp hotline: 0896-8006-0088 kalimasada: 0859-2160-0500",0,kesehatan,turnbackhoax.id,2026-02-10
tbh-981947414,"salah es kue jadul berbahan spons di kemayoran kesehatan 02022026 mafindo akun tiktok info.kemayoran pada minggu (2512026) mengunggah video arsip dengan narasi: seorang warga menemukan jajanan jadul berupa es kue yang terbuat dari bahan spons di wilayah utan panjang 3 rt 1005, kemayoran, jakarta pusat, pada sabtu (2401). penemuan tersebut sempat menarik perhatian warga sekitar karena bentuknya menyerupai jajanan anak-anak tempo dulu. hingga saat ini belum diketahui asal-usul jajanan tersebut. warga diimbau untuk lebih berhati-hati dan memastikan keamanan jajanan sebelum dikonsumsi, khususnya oleh anak-anak. per senin (222026) video itu sudah ditonton 1.6 juta kali, disukai 14 ribu kali, dibagikan 9.227 kali dan menuai komentar 2.044 kali. tim pemeriksa fakta mafindo (turnbackhoax) menelusuri kebenaran klaim dengan memasukkan kata kunci es kue jadul berbahan spons di kemayoran ke mesin pencari google, ditemukan informasi bantahan dari kompas.com dengan judul artikel polisi ungkap hasil lab sampel es gabus diduga berbahan spons di kemayoran pada minggu (2512026). tim pemeriksa fakta mafindo (turnbackhoax) menelusuri lebih lanjut kebenaran klaim tersebut bahwasanya hasil pengecekan tim dokkes dokpol polda metro jaya, seluruh sampel makanan layak dikonsumsi dan tidak mengandung zat berbahaya maupun spons punya foam, sesuai isu yang sempat beredar. melansir dari kompas.com, untuk memastikan hasil yang lebih ilmiah, sampel juga dikirim ke dinas kesehatan dan laboratorium forensik polri. selain itu, penyelidikan menelusuri tempat pembuatan es di depok. hasil pemeriksaan menunjukkan tidak ada penggunaan bahan berbahaya maupun spons punya foam, sesuai isu yang sempat beredar. salah sumber: whatsapp hotline: 0896-8006-0088 kalimasada: 0859-2160-0500",0,kesehatan,turnbackhoax.id,2026-02-02
tbh-1135760690,"salah frekuensi rife 5000 hz mampu atasi alergi, pilek, dan infeksi sinus kesehatan 28012026 mafindo akun tiktok mh_careindonesia pada jum’at (23112023) mengunggah video arsip dengan narasi sebagai berikut: frekuensi rife 5000 hz untuk mengatasi alergi dan pilek - sound therapy healing temukan cara mengatasi alergi, pilek, dan infeksi sinus dengan frekuensi suara 5000 hz. gunakan untuk periode singkat hingga artikel ini tayang, unggahan tersebut telah diputar lebih dari 26 juta kali, 1,2 juta suka, 16.400 interaksi komentar, 487 ribu disimpan, dan 53 ribu dibagikan ulang. tim pemeriksa fakta mafindo (turnbackhoax) menelusuri klaim ini dengan mencari referensi ilmiah dan penjelasan medis mengenai penggunaan frekuensi suara untuk mengatasi kondisi kesehatan seperti alergi, pilek, dan infeksi sinus. sebelumnya, tim pemeriksa fakta mafindo (turnbackhoax) pernah mengulas informasi mengenai penyembuhan penyakit melalui frekuensi dalam judul salah nikola tesla menyatakan bahwa frekuensi suara dapat menyembuhkan penyakit lembaga kesehatan seperti nhs (national health service) menjelaskan bahwa penanganan sinusitis dan alergi meliputi penggunaan antihistamin, dekongestan, semprotan hidung, antibiotik (jika disebabkan bakteri), serta perawatan medis sesuai diagnosis dokter. tidak ada satu pun rekomendasi medis resmi yang menyebut penggunaan terapi suara atau frekuensi tertentu sebagai metode pengobatan. sebuah studi berjudul the effect of auditory stimulation using delta binaural beat for a better sleep and post-sleep mood: a pilot study menunjukkan bahwa stimulasi suara dapat membantu relaksasi serta meningkatkan kualitas tidur dan suasana hati. namun, penelitian tersebut tidak membuktikan bahwa frekuensi suara tertentu dapat menyembuhkan penyakit atau memperbaiki kondisi fisik tubuh. bukti ilmiah yang ada masih terbatas, sehingga musik atau suara tidak dapat dijadikan pengganti pengobatan atau terapi medis berbasis bukti. salah sumber: whatsapp hotline: 0896-8006-0088 kalimasada: 0859-2160-0500",0,kesehatan,turnbackhoax.id,2026-01-28
tbh-890923041,"salah tolak angin mengandung bahan kimia yang dapat merusak lambung kesehatan 22012026 mafindo akun kali ds_yantie pada sabtu (1712026) mengunggah video arsip dengan narasi: nemu di toktok! hati-hati yang punya gerd. ternyata tolak angin itu mengandung daun cengkeh (eugenol) yang biasa dipakai buat obat nyeri otot gosok, pemakaian luar pantas kadang bikin lambung rasanya kayak kebakar! per kamis (20222026) video itu sudah ditonton 2,7 juta kali disukai 2.083 kali, dibagikan 378 kali dan menuai komentar 1.245 kali. tim pemeriksa fakta mafindo (turnbackhoax) menelusuri kebenaran klaim dengan memasukkan kata kunci tolak angin mengandung bahan kimia yang dapat merusak lambung ke mesin pencari google, tidak ditemukan informasi dari laman berita kredibel atau akun resmi pemerintahan yang membenarkan klaim tersebut. turnbackhoax menelusuri kebenaran lebih lanjut. diketahui, klaim tolak angin mengandung daun cengkeh yang berbahaya dan dapat merusak lambung adalah tidak benar. daun cengkeh merupakan salah satu bahan alami dalam tolak angin yang justru berkhasiat untuk mengatasi masalah pencernaan. melansir dari suaramerdeka.com direktur pt industri jamu dan farmasi sido muncul saat itu, irwan hidayat, memastikan produk tolak angin sido muncul tidak mengandung senyawa etilen dan glikol yang diduga sebagai penyebab gagal ginjal akut. sampai saat ini bpom memastikan produk tolak angin aman dikonsumsi, menegaskan bahwa produk ini adalah jamu herbal terstandar yang diproduksi dengan standar ketat (cpotb) dan tidak mengandung zat berbahaya seperti egdeg. salah sumber: whatsapp hotline: 0896-8006-0088 kalimasada: 0859-2160-0500",0,kesehatan,turnbackhoax.id,2026-01-22
tbh-2803775693,"salah chemtrails di langit bekasi dan jawa barat diklaim sebagai cuaca dan penyakit buatan kesehatan 20012026 mafindo akun instagram infocibitung pada sabtu (17012026) mengunggah video arsip dengan narasi sebagai berikut: tonton sampai habis dan baca sampai habis cuaca buatan dan sakit buatan kini bukan lagi sekadar rumor. setelah beberapa hari terakhir dilaporkan melintasi berbagai wilayah di jawa barat, pagi ini pukul 08:00 wib, pesawat misterius tersebut kembali menampakkan diri di langit bekasi, meninggalkan jejak putih panjang yang menutup cakrawala. ? terpantau melintas rendah dan meninggalkan jejak putih panjang (chemtrails) yang tidak kunjung hilang. fenomena ini diduga kuat bukan sekadar uap air biasa, melainkan penyemprotan bahan kimia berbahaya secara sengaja! ? teror berulang di langit jawa barat warga di beberapa wilayah jawa barat melaporkan bahwa intensitas kemunculan pesawat ini semakin sering. polanya selalu sama: pesawat melintas, meninggalkan jejak kimia (chemtrails), lalu disusul dengan hujan buatan yang membawa dampak buruk bagi kesehatan. ? dampak nyata: sakit berjamaah efek dari penyemprotan bahan kimia ini mulai memakan korban. hujan yang turun bukan membawa berkah, melainkan membawa zat berbahaya yang merusak imun tubuh. laporan gejala: mata perih: air hujan yang mengenai mata terasa sangat menyengat, seperti mengandung zat asam. sakit buatan: lonjakan kasus batuk, pilek, radang tenggorokan, dan demam tinggi terjadi secara mendadak tepat setelah hujan turun. kulit gatal: beberapa warga mengeluhkan iritasi kulit setelah terpapar rintik hujan. ? banyak pihak menduga ini adalah aksi manipulasi cuaca jahat atau eksperimen biologi yang sengaja menargetkan populasi di wilayah padat penduduk seperti jawa barat. bahan kimia yang disemprotkan diduga kuat mengandung zat yang memicu gangguan pernapasan massal. bukan cuma sekali, belakangan ini sering banget lewat. habis itu pasti orang serumah langsung pada tumbang kena batuk pilek, ungkap salah satu warga bekasi di media sosial. video tersebut menampilkan dharma pongrekun sebagai narasumber. namun, klaim yang disampaikan dalam video tidak didukung oleh sumber resmi, data yang dapat diverifikasi, maupun bukti ilmiah yang kredibel. nama dharma pongrekun beberapa kali menyampaikan pernyataan yang memuat untuk memperkuat narasi konspiratif, terutama soal kesehatan, pandemi, dan agenda global. hingga artikel ini tayang, unggahan tersebut telah diputar lebih dari 158 ribu kali, 236 interaksi komentar, 536 dibagikan ulang, dan 843 disimpan. sebelumnya informasi serupa pernah diulas oleh tim pemeriksa fakta mafindo dalam judul salah chemtrails penyebar virus penyakit muncul di langit pantura tayang senin, (19072021). istilah chemtrail merupakan teori konspirasi yang mulai beredar sejak 1990-an dan hingga kini tidak pernah terbukti secara ilmiah. fenomena garis putih di langit yang sering diklaim sebagai chemtrail sebenarnya adalah contrail (condensation trail), yaitu jejak kondensasi uap air yang membeku menjadi kristal es akibat perbedaan suhu dan",0,kesehatan,turnbackhoax.id,2026-01-20
tbh-4256612574,"salah kebutaan disebabkan penggunaan hp di ruangan gelap dan diletakkan di dekat kepala kesehatan 16012026 mafindo akun instagram pikology pada senin (12012026) mengunggah video arsip seorang perempuan menceritakan bahwa ia mengalami gangguan penglihatan yang berujung pada kebutaan, yang menurut pengakuannya disebabkan oleh kebiasaan menggunakan ponsel di ruangan gelap serta meletakkannya terlalu dekat dengan kepala. hingga artikel ini tayang, unggahan tersebut telah ditonton sebanyak 612 ribu kali, 336 interaksi komentar, dan 1.113 dibagikan ulang. tim pemeriksa fakta mafindo (turnbackhoax) coba melakukan penelusuran atas informasi penyebab gangguan penglihatan yang terjadi akibat penggunaan ponsel di ruangan gelap. hasilnya, ditemukan ulasan serupa yang ditulis pada website alodokter. penggunaan handphone secara berlebihan dalam kondisi minim cahaya memang dapat menimbulkan gangguan kesehatan mata, seperti computer vision syndrome dengan gejala mata lelah, penglihatan kabur, mata merah, mata kering, hingga sakit kepala. selain itu, kebiasaan menatap layar ponsel sebelum tidur berisiko mempercepat degenerasi makula yang dapat menurunkan kualitas penglihatan, namun tidak menyebabkan kebutaan permanen. mengutip dari artikel yang ditulis oleh media indoensia, resiko kebutaan permanen umumnya berkaitan dengan penyakit seperti glaukoma, diabetes, degenerasi makula berat, atau cedera fisik, bukan semata-mata akibat penggunaan handphone. salah sumber: whatsapp hotline: 0896-8006-0088 kalimasada: 0859-2160-0500",0,kesehatan,turnbackhoax.id,2026-01-16
tbh-4255876570,"salah hasil uji laboratorium sinkhole di sumbar dengan ph air 8,4 kesehatan 13012026 mafindo akun tiktok sumbar.60.detik pada jum’at (09012026) mengunggah video arsip yang menyebutkan hasil uji laboratorium dari air yang diambil dari sinkhole yang terjadi di sumatera barat, dengan narasi sebagai berikut: hasil uji labor sumber air sinkhole di situjuah batua, 50 kota, ph-airnya 8,4. ini kategori air minum sehat. air zam-zam saja ph-nya cuma 7,9-8,0. air mineral kemasan merek² terkenal saja ph airnya cuma 7,6. artinya, air yang muncul dari sinkhole ini adalah ""harta karun"". berkah yang harus dikelola dam dimanfaatkan sebaik mungkin.fypage fypシviraltiktok sumbarrancak 50kota galodosumbar air sinkhole situjuah batua: harta karun minum sehat temukan kelebihan air sinkhole situjuah batua dengan ph 8,4, lebih sehat dari zam-zam! pelajari lebih lanjut tentang manfaatnya. fypage sumbarrancak 50kota keywords: air sinkhole dengan ph 8,4, air minum sehat di sumatera barat, kelebihan air sinkhole situjuah, perbandingan ph air mineral, manfaat air sinkhole untuk kesehatan, harta karun air bersih, air mineral terbaik di 50 kota, air sinkhole sebagai sumber mata air, penelitian kualitas air di situjuah, air mineral dan ph hingga artikel ini tayang, unggahan tersebut telah diputar lebih dari 624 ribu kali, 3.824 suka, 791 interaksi komentar, dan 422 disimpan. tim pemeriksa fakta mafindo (turnbackhoax) menelusuri keterangan tersebut dengan menggunakan kata kunci hasil lab air sinkhole di sumbar pada pencarian google. hasil penelusuran ditemukan artikel yang diulas oleh sumbakita.id yang tayang pada minggu, (110126). dalam keteranganya, sekretaris dinas kesehatan limapuluh kota, deni hendra suryadi, menyatakan air yang keluar dari lubang sinkhole di jorong tepi, nagari situjuah batua, kecamatan situjuah limo nagari, mengandung bakteri escherichia coli dan coliform berdasarkan hasil uji labkesda sumatera barat pada 11 januari 2026. dengan temuan tersebut, air sinkhole dinyatakan tidak layak dikonsumsi langsung karena berisiko menyebabkan diare dan gangguan saluran pencernaan. masyarakat diimbau tidak mempercayai klaim manfaat air sinkhole tanpa dasar ilmiah. klaim yang menyebutkan bahwa hasil uji laboratorium menunjukkan ph air sinkhole sebesar 8,4 sehingga dikategorikan sebagai air minum sehat bahkan dibandingkan dengan air zamzam yang disebut memiliki ph 7,9 - 8,0 bukan informasi yang kredibel dan kurang tepat, karena tidak didukung hasil uji resmi serta mengabaikan temuan adanya bakteri berbahaya pada air tersebut. salah sumber: whatsapp hotline: 0896-8006-0088 kalimasada: 0859-2160-0500",0,kesehatan,turnbackhoax.id,2026-01-13
tbh-236316236,"salah penerima vaksin covid-19 wajib menjalani tes penyumbatan darah d-dimer kesehatan 30122025 mafindo beredar unggahan video arsip dari akun instagram sastroimam pada jumat (5122025) disertai narasi sebagai berikut: yang sudah pernah vaksin covid diwajibkan menjalani tes nomor 5 untuk mengetahui apakah terdapat sumbatan di pembuluh darah. nama tes tersebut adalah d-dimer, yang disebut sebagai tes nomor 5 dan diwajibkan bagi bapak ibu yang sudah pernah vaksin covid. hal ini dikaitkan dengan klaim adanya penelitian terbaru di lancet yang menyebutkan bahwa 74 persen kasus meninggal mendadak disebabkan oleh vaksin covid. disebutkan pula bahwa hal tersebut terjadi karena banyak sumbatan, di mana vaksin covid diklaim membuat darah menjadi kental dan menimbulkan daging di pembuluh darah sehingga menyebabkan kematian mendadak. oleh karena itu, bapak ibu diwajibkan melakukan tes d-dimer. hingga selasa (30122025) unggahan telah mendapatkan 4.100 tanda suka dan menuai 500 komentar. disadur dari artikel periksa fakta tempo.co dosen departemen ilmu penyakit dalam divisi alergi-imunologi klinik universitas airlangga, dari ari baskoro, sppd, k-ai, finasim, menjelaskan bahwa vaksin covid-19, seperti vaksin lainnya, dapat menimbulkan kejadian ikutan pasca imunisasi (kipi), mulai dari ringan hingga berat, meski kejadiannya sangat jarang. salah satu kipi berat adalah pembekuan darah atau vaccine-induced immune thrombotic thrombocytopenia (vitt), namun kasus ini sangat langka dan umumnya tidak ditemukan pada vaksin berbasis mrna seperti pfizer dan moderna. secara global, insiden pembekuan darah akibat vaksin covid-19 hanya sekitar dua hingga 15 kasus per satu juta vaksinasi. organisasi kesehatan dunia (who) dan cdc menegaskan bahwa manfaat vaksin jauh lebih besar dibanding risikonya. karena itu, masyarakat yang telah divaksin, termasuk penerima astrazeneca atau johnson johnson, tidak perlu menjalani tes d-dimer secara rutin, sebab risiko penggumpalan darah hanya muncul dalam rentang 442 hari pasca-vaksinasi. terkait klaim bahwa jurnal lancet mempublikasikan penelitian tentang 74 persen kematian mendadak akibat vaksin covid-19, ari menegaskan informasi tersebut tidak benar. lancet justru menerbitkan berbagai studi yang menunjukkan efektivitas vaksin dalam mencegah dampak buruk covid-19. memang sempat beredar artikel preprint yang mengklaim hal tersebut, namun lancet menariknya dalam waktu 24 jam karena metodologi penelitian tidak memadai dan belum melalui proses peer-review. lancet menegaskan bahwa temuan dalam artikel preprint tidak boleh dijadikan dasar pengambilan keputusan klinis maupun kebijakan kesehatan. salah sumber: whatsapp hotline: 0896-8006-0088 kalimasada: 0859-2160-0500",0,kesehatan,turnbackhoax.id,2025-12-30
tbh-530466313,"salah wanita meninggal dunia akibat rabies cakaran kucing kesehatan 29122025 mafindo akun facebook diana ancha pada minggu (21122025) mengunggah foto arsip yang menampilkan seorang wanita berbaju kaos abu-abu terbaring dengan busa keluar dari mulutnya, kaki kanan diperban, sementara tangan dan kaki terikat. unggahan tersebut disertai narasi kronologi penyebab sakitnya wanita itu. pengunggah mengklaim bahwa wanita tersebut terkena rabies akibat cakaran kucing. berikut narasi lengkapnya : .......dokter menjelaskan dengan suara pelan tapi tegas: rabies bisa menular dari kucing,dan ketika gejala sudah muncul,tidak ada obat yang bisa menyelamatkan rina dirawat intensif. keluarganya hanya bisa menunggu.beberapa hari kemudian, rina md.semua bermula dari satu cakaran kecil yang dianggap tidak penting."" per senin (29122025) unggahan tersebut telah disukai sebanyak 288 kali, menuai 373 komentar, dan dibagikan ulang 87 kali oleh pengguna facebook lainnya. tim pemeriksa fakta mafindo (turnbackhoax) memeriksa foto pada unggahan tersebut dengan google lens. penelusuran mengarah ke akun facebook ""wish kok lang"" yang mengunggah video dengan tagar behindthescenes wishkolang:""rabies"". video tersebut serupa dengan unggahan akun facebook ""diana ancha"". wish kok lang merupakan serial tv filipina yang dalam salah satu episodenya berjudul ""rabies"". serial ini rencana akan tayang pada januari 2026. turnbackhoax kemudian menelusuri resiko penularan rabies lewat cakaran kucing. berdasarkan publikasi ipb.ac.id, dari. trisni untara dewi (dosen fakultas kesehatan ipb university) menjelaskan bahwa cakaran kucing hanya dapat menularkan rabies jika luka terbuka terkena air liur hewan yang terinfeksi, bukan sekedar cakaran biasa. salah sumber: whatsapp hotline: 0896-8006-0088 kalimasada: 0859-2160-0500",0,kesehatan,turnbackhoax.id,2025-12-29
tbh-2094709496,"salah bpjs kesehatan ingin ajukan kenaikan tarif 50 kesehatan 01122025 mafindo beredar video arsip dari akun facebook novy iman pada kamis (23102025) berisi narasi: bpjs ingin ajukan kenaikan tarif bayar bulanan 50 prof. dari. ali ghufron mukti selaku direktur utama program kesehatan bpjs, ajukan penaikan prabayar bpjs ke presiden. pasalnya bpjs sangat-sangat di rugikan oleh masyarakat yang hanya ingin berobat gratis masyarakat: apa2an pak, kami saja tidak dilayani dengan baik ketika berobat kami di simpan di teras rumah sakit, bukan di rawat tapi dibiarkan begitu saja, ada yang sampai meninggal dunia karena tidak dilayani. per kamis (1122025), konten tersebut sudah ditonton lebih dari 1,5 juta kali, menuai sekitar 11.000-an tanda suka dan 3.700-an komentar, serta dibagikan ulang lebih dari 700 kali. tim pemeriksa fakta mafindo (turnbackhoax) menelusuri kebenaran klaim dengan memasukkan kata kunci bpjs ingin ajukan kenaikan tarif bayar bulanan 50 ke mesin pencarian google. penelusuran teratas mengarah ke unggahan akun instagram resmi bpjs kesehatan bpjskesehatan_ri, isinya meluruskan klaim tentang kenaikan tarif tersebut. berikut informasinya: hingga saat ini, tidak ada kenaikan iuran ataupun perubahan regulasi terkait penyesuaian iuran bpjs kesehatan tulis bpjskesehatan_ri, senin (3112025). turnbackhoax kemudian memasukkan kata kunci kenaikan iuran bpjs kesehatan tahun 2026 di mesin pencarian google. hasil penelusuran mengarah ke pemberitaan cnbcindonesia.com berjudul purbaya sebut tak naik, cek iuran bpjs kesehatan kelas 1,2,3 terkini. dalam berita yang tayang senin (27102025) itu diketahui bahwa menteri keuangan purbaya yudhi sadewa memastikan tidak ada kenaikan iuran bpjs kesehatan pada 2026. peserta dengan kriteria tertentu bahkan mendapat pemutihan tunggakan, khususnya penerima bantuan iuran (pbi) yang sebelumnya memiliki tunggakan saat masih berstatus peserta mandiri. salah sumber: whatsapp hotline: 0896-8006-0088 kalimasada: 0859-2160-0500",0,kesehatan,turnbackhoax.id,2025-12-01
tbh-3927401939,"salah pap smear, mammogram, biopsi disebut sebagai penyebab kanker pada perempuan kesehatan 01122025 mafindo akun instagram ""shelowmitha.gwuissette"" pada selasa (25112025) mengunggah video arsip yang menampilkan seorang promotor kesehatan alternatif asal australia, barbara o'neil saat memberikan edukasi tentang kesehatan. unggahan itu disertai dengan narasi : ""ternyata selama ini kita di doctrin melakukan hal yang merugikan diri kita sendiri atas name demi kesehatan..,baca caption : dear ladies, kita selalu ditakut-takuti suruh cek ini itu tiap tahun: mammogram, pap smear, biopsi. katanya deteksi dini menyelamatkan nyawa. tim pemeriksa fakta mafindo (turnbackhoax) menggunakan chatgpt untuk menelusuri informasi terkait publikasi mengenai barbara o’neill. hasil penelusuran ditemukan artikel dari hccc.nsw.gov.au berjudul ""public statement and statement of decision ini relation tapi mrs barbara o'neill"" yang diunggah pada tahun 2019. dalam laporan tersebut, komisi pengaduan perawatan kesehatan nsw (hccc) menyatakan bahwa barbara o’neill menyebarkan klaim kesehatan yang berbahaya, tidak berbasis bukti, serta memberikan nasihat di luar kompetensinya. akibatnya, ia dijatuhi larangan permanen untuk memberikan layanan kesehatan apa pun africacheck.org juga menyatakan bahwa klaim o’neill mengenai pap smear, mammogram, dan biopsi sebagai penyebab kanker adalah hoaks. pap smear terbukti aman dan penting untuk deteksi dini. dari. linda rogers menyoroti bahwa skrining tetap harus dilakukan karena misinformasi semacam ini membahayakan masyarakat. salah sumber: whatsapp hotline: 0896-8006-0088 kalimasada: 0859-2160-0500",0,kesehatan,turnbackhoax.id,2025-12-01
tbh-1154211547,"salah vaksin pcv tingkatkan risiko pneumonia dan kematian kesehatan 19112025 mafindo pada kamis (23102025) akun instagram felix.zulhendri.phd membagikan foto arsip beiris studi kohort real world effectiveness of anti-pneumococcal vaccination against pneumonia ini adults (catalonia, 2019). ia menafsirkan data dua juta orang dewasa dalam studi itu sebagai bukti bahwa vaksin pcv meningkatkan risiko pneumonia dan kematian, serta mempertanyakan efektivitasnya pada anak. unggahan disertai narasi : bukan cuma enggak efektif. tapi malahan naikin resiko kena pneumonia dan kematin hingga rabu (19112025) unggahan telah mendapatkan 25.100 tanda suka dan 1.900 komentar. disadur dari artikel cek fakta tempo.co. setelah mewawancarai dokter dan meninjau jurnal kredibel, tempo menyimpulkan bawa penelitian di catalonia, spanyol, memiliki kelemahan metodologis, sehingga hasilnya bias dan tidak berlaku untuk anak-anak. penelitian itu menggunakan studi kohort retrospektifmetode observasional yang membandingkan kelompok yang divaksin dan tidak divaksin dalam jangka waktu tertentu. menurut dari. ari baskoro dari universitas airlangga, desain kohort bukan metode ideal untuk menilai efektivitas vaksin karena rentan bias, terutama bila karakteristik subyek sudah ditentukan dari awal. dalam studi catalonia, seluruh peserta berusia di atas 65 tahun dan terdapat ketimpangan besar jumlah antara penerima vaksin dan non-vaksin, sehingga kesimpulan mudah terdistorsi. ari menegaskan bahwa penelitian tersebut tidak pernah menyatakan vaksin menyebabkan pneumonia; justru ia menunjukkan bahwa individu dengan risiko tinggi adalah kelompok yang paling membutuhkan vaksinasi. untuk menilai efektivitas vaksin secara kuat, ari menekankan perlunya randomized controlled trial (rct) dan meta-analisis, karena kedua metode ini mampu meminimalkan bias. rct mengandalkan randomisasi dan blinding untuk memastikan perbandingan kelompok lebih seimbang, sementara meta-analisis menyatukan data berbagai studi untuk menghasilkan bukti yang lebih presisi. dari. adam prabata menambahkan bahwa hasil studi catalonia tidak bisa digeneralisasi untuk anak-anak karena sistem imun, respon antibodi, dan profil efek samping anak berbeda dari lansia. ia merujuk sebuah systematic review dan meta-analisis di jurnal vaccine: kali yang menganalisis 25 studi tentang vaksin pneumonia pada anak. hasilnya, vaksin terbukti sangat efektif mencegah penyakit pneumokokus invasif pada anak, dengan efektivitas meningkat seiring jumlah dosis: dari 66,8 (1 dosis) hingga 94,4 (primer booster). selain itu, uji klinis oleh american academy of pediatrics pada 1.500 anak1.000 menerima pcv20 dan 500 pcv13menunjukkan bahwa vaksin pneumonia memiliki profil keamanan yang baik dan dapat ditoleransi dengan baik oleh anak-anak. salah sumber: whatsapp hotline: 0896-8006-0088 kalimasada: 0859-2160-0500",0,kesehatan,turnbackhoax.id,2025-11-19
tbh-4032454051,"salah vaksin tetanus dibuat dari daging busuk kesehatan 18112025 mafindo pada selasa (11112025) akun facebook senja kelana membagikan foto arsip dengan narasi: vaksin tetanus terbuat dari ; -daging busuk, jantung sapi. sari pankreas, darah sapi -formaldehida...-merkuri... -aluminium jumlah banyak."" jenis vaksin tetanus: (vaksin dt, vaksin tdaptd, vaksin dtap, vaksin tdap, vaksin tt) hingga selasa (18112025) unggahan telah mendapatkan 366 tanda suka, 35 komentar dan telah dibagikan ulang 310 kali. disadur dari artikel cek fakta tirto.id. terdapat beberapa jenis vaksin tetanusseperti td, dtap, tdap, dan ttyang seluruhnya menggunakan toksoid tetanus, yaitu toksin bakteri yang telah dinonaktifkan sehingga tidak berbahaya namun tetap mampu merangsang kekebalan. vaksin-vaksin ini tidak mengandung bakteri hidup. pada vaksin tadi (mis. tenivac), setiap dosis 0,5 ml berisi 5 lf toksoid tetanus, 2 lf toksoid difteri, 1,5 moga aluminium fosfat sebagai adjuvan, dan sisa formaldehida 5 µg. vaksin tdap (mis. adacel) mengandung kombinasi toksoid tetanus dan difteri serta antigen pertusis aselular, dengan komponen tambahan seperti aluminium fosfat, jejak formaldehida, glutaraldehida, dan 2-fenoksietanol. toksoid tetanus dibuat dengan menumbuhkan bakteri clostridium tetani, lalu menonaktifkan toksinnya menggunakan formaldehida, panas, atau radiasi. setelah dimurnikan dan disterilkan, toksoid dikombinasikan dengan garam aluminium atau kalsium dan sering diformulasikan bersama antigen difteri dan pertusis. vaksinolog university of auckland, helen petousis-harris, menjelaskan pemakaian organ binatang busuk pada vaksin tetanus juga kurang tepat. ""(ini) kesalahan penafsiran yang bersifat inflamasi,"" ujarnya, mengutip aap factcheck. istilah inflamasi dalam kutipan ini kemungkinan merujuk pada inflamatoris, yakni pernyataan yang bersifat menghasut atau memicu kekhawatiran. meskipun beberapa vaksin tetanus menggunakan media yang berasal dari produk hewanitermasuk jantung sapiuntuk menumbuhkan kultur bakteri awal, bahan-bahan tersebut dimurnikan, disterilkan, dan diuji secara ketat. ""menyebutnya sebagai 'organ yang membusuk' tidaklah akurat,"" tambah dia. formaldehida dalam vaksin berfungsi menonaktifkan virus dan toksin dan jumlahnya sangat kecilbahkan tubuh manusia secara alami mengandung formaldehida. kandungan aluminium dalam vaksin juga aman dan telah diregulasi; jumlahnya lebih rendah dibandingkan yang terdapat pada asi maupun susu formula. salah sumber: whatsapp hotline: 0896-8006-0088 kalimasada: 0859-2160-0500",0,kesehatan,turnbackhoax.id,2025-11-18
tbh-3610204968,"salah air rebusan ciplukan bisa mengatasi stroke kesehatan 10112025 mafindo pada kamis (6112025) akun facebook dwi brotowali membagikan foto arsip dengan narasi: jangan putus asa,yang sakit stroke atasi dengan minum rutin air rebusan dari tanaman ciplukan ini hingga senin (10112025) unggahan telah mendapatkan 3.800 tanda suka, 270 komentar dan telah dibagikan ulang 1.000 kali. disadur dari artikel cek fakta tempo.co dokter spesialis saraf rsud dari. abdoer rahem situbondo, m. reza fathoni, sp.n, menjelaskan bahwa masyarakat lebih sering mengonsumsi buah ciplukan dibanding daunnya. buah ini mengandung karotenoid dan vitamin sih yang bersifat antioksidan dan dapat membantu menjaga daya ingat, meski efeknya tidak terlalu besar. namun, belum ada bukti ilmiah yang menunjukkan efektivitas ciplukan baik buah maupun rebusan daunnya, dalam mengobati stroke. untuk air rebusan daun, masih perlu penelitian lebih lanjut, ujarnya kepada tempo jumat (31102025). ciplukan boleh dikonsumsi sebagai makanan tambahan bergizi, tetapi tidak dapat menggantikan terapi medis. pasien stroke tetap membutuhkan pengobatan dan rehabilitasi sesuai anjuran dokter. sebuah tinjauan dalam jurnal antioxidants (2025) menyebut ciplukan atau physalis anguata memiliki potensi farmakologis untuk gangguan saraf dan sindrom metabolik berkat senyawa physalins dan withanolides yang bersifat bioaktif. penelitian di nigeria juga menemukan bahwa ekstrak daun ciplukan memiliki kemampuan menangkap radikal bebas, meski pemanfaatannya sebagai obat masih memerlukan kajian mendalam. reza menegaskan, penyebab utama stroke antara lain hipertensi kolesterol tinggi dan diabetes. pasien harus tetap mengonsumsi obat-obatan seperti pengontrol tekanan darah, obat diabetes atau pengencer darah secara rutin demi mencegah serangan ulang. selain obat, fisioterapi dalam enam bulan pertama sangat penting untuk memulihkan fungsi tubuh melalui proses neuroplastisitas, yaitu kemampuan otak memperbaiki jaringan yang rusak. salah sumber: whatsapp hotline: 0896-8006-0088 kalimasada: 0859-2160-0500",0,kesehatan,turnbackhoax.id,2025-11-10
tbh-2476787419,"salah mandi setelah makan picu asam urat pada anak kesehatan 04112025 mafindo pada sabtu (18102025) akun facebook jhon herry membagikan video arsip dengan narasi: kayanya ini dulu ajaran orangtua juga. orangtua memang enggak jelasin kenapa nya, tapi enggak boleh mandi habis makan stop kebiasaan memandikan anak setelah makan! anak 7 tahun dilarikan ke rumah sakit usai dimandikan ibunya! dokter temukan tanda asam urat yang sudah menjalar ke ginjal hingga selasa (4112025) unggahan telah mendapatkan 5.500 tanda suka, 261 komentar dan telah dibagikan ulang 1.700 kali. disadur dari artikel cek fakta tempo.co menurut dosen di laboratorium ilmu kesehatan masyarakat universitas jember, dari. ida srisurani wiji astuti, m.kes, fisph, fiscm, tidak ada bukti ilmiah yang menunjukkan kebiasaan mandi setelah makan dapat menyebabkan asam urat pada anak. ia menjelaskan, kasus asam urat pada anak biasanya disebabkan oleh gangguan ginjal, seperti gagal ginjal, infeksi atau kelainan pada saluran kemih dan ureter. faktor lain yang berperan antara lain obesitas dan gangguan metabolik genetik. penelitian pang dkk. (2025) dalam front public health mencatat peningkatan global kasus asam urat pada remaja sebesar 23,47 persen antara 19902021, dengan 110.664 kasus baru pada 2021. studi berbasis data global burden of disease 2021 ini menganalisis remaja usia 10-24 tahun melalui indikator kejadian prevalensi, tahun hidup dengan disabilitas (yld), serta faktor risiko penyakit. hasil analisis menunjukkan bahwa indeks massa tubuh (imtbmi) menjadi faktor utama penyebab asam urat di kalangan remaja. selain itu, semakin tinggi indeks sosiodemografi (sdi)yang mencerminkan pendapatan, pendidikan dan tingkat fertilitassemakin besar pula angka kejadian dan beban penyakit ini. peneliti juga menyoroti peran faktor genetik, kurangnya aktivitas fisik dan penyakit penyerta dalam meningkatkan risiko asam urat. sementara itu, foto anak yang yang diunggah akun facebook jhon herry telah beredar di pinterest pada juni 2024. dalam keterangan aslinya, disebutkan bahwa anak itu dirawat karena jarang makan namun sering mengkonsumsi makanan ringan. tidak ada penjelasan yang menyebut penyakitnya disebabkan oleh kebiasaan mandi setelah makan. salah sumber: whatsapp hotline: 0896-8006-0088 kalimasada: 0859-2160-0500",0,kesehatan,turnbackhoax.id,2025-11-04
tbh-889774953,parodi program kondom gratis untuk mahasiswa dari kemenkes kesehatan 20102025 mafindo salah sumber: whatsapp hotline: 0896-8006-0088 kalimasada: 0859-2160-0500,0,kesehatan,turnbackhoax.id,2025-10-20
tbh-1536235843,salah bos sampoerna meminta masyarakat untuk berhenti beli rokok ilegal karena membahayakan kesehatan kesehatan 13102025 mafindo salah sumber: whatsapp hotline: 0896-8006-0088 kalimasada: 0859-2160-0500,0,kesehatan,turnbackhoax.id,2025-10-13
tbh-2644884598,salah penyumbatan usus oleh cacing karena sering makan mi instan kesehatan 07102025 mafindo salah sumber: whatsapp hotline: 0896-8006-0088 kalimasada: 0859-2160-0500,0,kesehatan,turnbackhoax.id,2025-10-07
tbh-3703449213,salah bawang merah untuk pertolongan pertama gigitan hewan berbisa kesehatan 27112024 mafindo salah sumber: whatsapp hotline: 0896-8006-0088 kalimasada: 0859-2160-0500,0,kesehatan,turnbackhoax.id,2024-11-27
tbh-1967712238,salah memijat area telapak tangan mampu sembuhkan penyakit jantung kesehatan 27112024 mafindo salah sumber: whatsapp hotline: 0896-8006-0088 kalimasada: 0859-2160-0500,0,kesehatan,turnbackhoax.id,2024-11-27
tbh-3470852028,"salah penyakit liver bisa disembuhkan pakai seduhan daun sembung kesehatan 27112024 mafindo salah sumber: , whatsapp hotline: 0896-8006-0088 kalimasada: 0859-2160-0500",0,kesehatan,turnbackhoax.id,2024-11-27
tbh-1904973347,salah mandi malam hari berbahaya untuk kesehatan kesehatan 26112024 mafindo salah sumber: whatsapp hotline: 0896-8006-0088 kalimasada: 0859-2160-0500,0,kesehatan,turnbackhoax.id,2024-11-26
hf-10,"salah paparan sinar matahari tidak menyebabkan kanker kulit, tapi sun screen penyebabnya turnbackhoax.id",0,kesehatan,hoaxid_hf,2022-07-30
hf-25,salah menahan tangis bisa menyebabkan kanker turnbackhoax.id,0,kesehatan,hoaxid_hf,2022-07-25
hf-42,salah beberapa vaksin covid-19 dapat meningkatkan risiko hiv. turnbackhoax.id,0,kesehatan,hoaxid_hf,2022-07-22
hf-44,salah tjahjo kumolo meninggal karena vaksin covid-19 turnbackhoax.id,0,kesehatan,hoaxid_hf,2022-07-21
hf-46,"salah robert malone, vaksin covid-19 yang disuntikkan ke anak mengakibatkan spike protein beracun turnbackhoax.id",0,kesehatan,hoaxid_hf,2022-07-20
hf-50,salah vaksin covid-19 menurunkan fertilitas pria turnbackhoax.id,0,kesehatan,hoaxid_hf,2022-07-20
hf-52,salah vaksin covid-19 fungsinya untuk mengontrol manusia bukan untuk kesehatan turnbackhoax.id,0,kesehatan,hoaxid_hf,2022-07-19
hf-53,salah hati-hati program vaksin bias disekolah turnbackhoax.id,0,kesehatan,hoaxid_hf,2022-07-18
hf-61,salah cacar monyet disebabkan dari efek samping vaksin covid-19 astrazeneca turnbackhoax.id,0,kesehatan,hoaxid_hf,2022-07-16
hf-79,salah air rebusan daun putri malu menyembuhkan vertigo hingga stroke turnbackhoax.id,0,kesehatan,hoaxid_hf,2022-07-13
hf-103,salah makan buah saat perut kosong dapat sembuhkan kanker turnbackhoax.id,0,kesehatan,hoaxid_hf,2022-06-30
hf-115,salah efektivitas vaksin pfizer hanya sebesar 12 turnbackhoax.id,0,kesehatan,hoaxid_hf,2022-06-29
hf-119,salah vaksin cacar menyebabkan gelombang infeksi virus aids turnbackhoax.id,0,kesehatan,hoaxid_hf,2022-06-28
hf-121,salah studi cdc mengonfirmasi kekebalan alami lebih kuat daripada vaksin covid-19 turnbackhoax.id,0,kesehatan,hoaxid_hf,2022-06-28
hf-139,salah bill gates menyiapkan miliaran vaksin cacar monyet turnbackhoax.id,0,kesehatan,hoaxid_hf,2022-06-23
hf-140,salah justin bieber mengatakan kelumpuhan wajahnya disebabkan oleh vaksin covid-19 turnbackhoax.id,0,kesehatan,hoaxid_hf,2022-06-23
hf-149,salah lemon dapat membunuh sel kanker dan 10.000 kali lebih ampuh daripada kemoterapi turnbackhoax.id,0,kesehatan,hoaxid_hf,2022-06-23
hf-193,salah ilmuwan pembuat virus corona telah ditangkap turnbackhoax.id,0,kesehatan,hoaxid_hf,2022-06-13
hf-196,salah vaksin merupakan praktik depopulasi rakyat turnbackhoax.id,0,kesehatan,hoaxid_hf,2022-06-12
hf-200,salah: kerokan kulit batang pohon mangga dapat mengobati sakit gigi turnbackhoax.id,0,kesehatan,hoaxid_hf,2022-06-09
hf-241,salah metode pertolongan pertama melalui pelepasan darah bagi penderita stroke turnbackhoax.id,0,kesehatan,hoaxid_hf,2022-06-02
hf-246,salah vaksin covid-19 dapat sebabkan aids sampai cacar monyet turnbackhoax.id,0,kesehatan,hoaxid_hf,2022-05-31
hf-272,salah militer amerika menemukan pestisida dalam vaksin covid-19 moderna turnbackhoax.id,0,kesehatan,hoaxid_hf,2022-05-29
hf-294,salah vaksin mrna tidak direkomendasikan selama kehamilan turnbackhoax.id,0,kesehatan,hoaxid_hf,2022-05-24
hf-295,salah vaksin mrna menyebabkan hepatitis pada anak turnbackhoax.id,0,kesehatan,hoaxid_hf,2022-05-24
hf-306,salah cek gula darah gratis menularkan virus hiv turnbackhoax.id,0,kesehatan,hoaxid_hf,2022-05-22
hf-323,salah berita cnn tentang dokter terawan yang menemukan pengganti insulin turnbackhoax.id,0,kesehatan,hoaxid_hf,2022-05-20
hf-331,salah pijatan telapak tangan untuk sembuhkan penyumbatan jantung turnbackhoax.id,0,kesehatan,hoaxid_hf,2022-05-17
hf-334,salah lowongan kerja dinas kesehatan kabupaten karanganyar turnbackhoax.id,0,kesehatan,hoaxid_hf,2022-05-17
hf-363,salah campuran air panas dan pare mampu bunuh sel kanker turnbackhoax.id,0,kesehatan,hoaxid_hf,2022-05-10
hf-367,salah air rebusan rumput paragis dapat sembuhkan kanker turnbackhoax.id,0,kesehatan,hoaxid_hf,2022-05-09
hf-381,salah pemerintah akan ambil alih izin praktik dokter dari idi dampak terawan dipecat turnbackhoax.id,0,kesehatan,hoaxid_hf,2022-05-02
hf-387,salah pesan whatsapp makanan kaleng produksi thailand terkontaminasi darah penderita aids dan daftar minuman penyebab kanker turnbackhoax.id,0,kesehatan,hoaxid_hf,2022-04-30
hf-396,salah video adek armando bongkar rahasia sejak awal covid-19 sampai juni 2021 sudah 14 juta tentara masuk indonesia turnbackhoax.id,0,kesehatan,hoaxid_hf,2022-04-29
hf-399,salah bantuan voucer pulsa senilai rp2 juta dari bssn (badan siber dan sandi negara) untuk masyarakat terdampak covid-19 turnbackhoax.id,0,kesehatan,hoaxid_hf,2022-04-28
hf-412,salah moderna memproduksi virus dan vaksin covid-19 sebelum pandemi terjadi turnbackhoax.id,0,kesehatan,hoaxid_hf,2022-04-27
hf-431,salah putusan mahkamah agung republik indonesia nomor 31 phum2022 menyatakan pandemi covid-19 telah berakhir turnbackhoax.id,0,kesehatan,hoaxid_hf,2022-04-26
hf-439,salah hypnic jerk terjadi karena darah dan jantung berhenti dan menyebabkan kematian turnbackhoax.id,0,kesehatan,hoaxid_hf,2022-04-23
hf-471,salah vaksin booster covid-19 dapat menyebabkan aids turnbackhoax.id,0,kesehatan,hoaxid_hf,2022-04-17
hf-478,salah pesan whatsapp bantuan bpjs kesehatan sebesar rp75 juta turnbackhoax.id,0,kesehatan,hoaxid_hf,2022-04-16
hf-487,salah lowongan kerja dinas kesehatan kabupaten kediri turnbackhoax.id,0,kesehatan,hoaxid_hf,2022-04-14
hf-510,salah vaksin covid-19 mengandung luciferase dan menjadi alat pelacak turnbackhoax.id,0,kesehatan,hoaxid_hf,2022-04-11
hf-515,salah: getah daun kemangi dapat obati gatal pada kulit turnbackhoax.id,0,kesehatan,hoaxid_hf,2022-04-10
hf-530,salah: informasi peringkat sayuran anti kanker oleh institut pencegahan kanker turnbackhoax.id,0,kesehatan,hoaxid_hf,2022-04-07
hf-541,salah perusahaan farmasi moderna yang menciptakan virus corona turnbackhoax.id,0,kesehatan,hoaxid_hf,2022-04-04
hf-559,salah vaksin pfizer-biontech dapat menyebabkan radang otak turnbackhoax.id,0,kesehatan,hoaxid_hf,2022-03-30
hf-575,salah tiga orang china yang terpapar varian baru dari india tidak dapat dideteksi dengan alat test covid-19 biasa turnbackhoax.id,0,kesehatan,hoaxid_hf,2022-03-25
hf-625,kanker cell cure rs gatot subroto jakarta turnbackhoax.id,0,kesehatan,hoaxid_hf,2022-03-18
hf-628,salah jadi covid adalah tidak natural tapi rekayasa sih laboratorium amerika serikat di ukraina untuk senjata biologi turnbackhoax.id,0,kesehatan,hoaxid_hf,2022-03-17
hf-631,salah arab saudi tidak mewajibkan masker untuk jamaah masjidil haram dan masjid nabawi serta akan menyediakan asuransi kesehatan turnbackhoax.id,0,kesehatan,hoaxid_hf,2022-03-16
hf-660,"salah video suntingan kementerian kesehatan ukraina: 57 mati, 169 terluka di seluruh ukraina karena serangan rusia turnbackhoax.id",0,kesehatan,hoaxid_hf,2022-03-11
hf-685,salah foto tangkapan layar akun twitter bpjskesehatanri yang mengatakan ukraina wajib gabung bpjs kesehatan apabila ingin dibantu indonesia turnbackhoax.id,0,kesehatan,hoaxid_hf,2022-03-08
hf-689,salah lowongan dokter pribadi full timer untuk kepala bnpb turnbackhoax.id,0,kesehatan,hoaxid_hf,2022-03-08
hf-692,salah: kulit bayi baru lahir melepuh karena ibu vaksin covid-19 saat hamil turnbackhoax.id,0,kesehatan,hoaxid_hf,2022-03-08
hf-712,salah covid 19 meningkat hanya saat ibadah umat islam turnbackhoax.id,0,kesehatan,hoaxid_hf,2022-03-05
hf-722,salah covid-19 dinyatakan dicabut dan dinyatakan tidak berlaku dengan surat edaran satgas se satgas no 92022 turnbackhoax.id,0,kesehatan,hoaxid_hf,2022-03-05
hf-743,salah ilmuwan jerman mengumumkan bahwa berkumur dengan air garam dapat menghilangkan virus covid-19 turnbackhoax.id,0,kesehatan,hoaxid_hf,2022-02-28
hf-747,"salah vaksin covid 19 tidak berguna, karena bermutasi menjadi ribuan varian covid baru turnbackhoax.id",0,kesehatan,hoaxid_hf,2022-02-28
hf-748,salah anjuran ahli virologi agar penerima vaksin dosis ketiga tes hiv karena vaksin covid menyebabkan hiv turnbackhoax.id,0,kesehatan,hoaxid_hf,2022-02-28
hf-752,salah lowongan pekerjaan staff vaksinasi booster dinas kesehatan provinsi jawa barat turnbackhoax.id,0,kesehatan,hoaxid_hf,2022-02-28
hf-754,salah melakukan tes pcr sama dengan mendapatkan vaksinasi turnbackhoax.id,0,kesehatan,hoaxid_hf,2022-02-28
hf-755,salah antigen test kits tidak dapat diandalkan untuk mendeteksi covid-19 turnbackhoax.id,0,kesehatan,hoaxid_hf,2022-02-28
hf-772,salah imigran ilegal di amerika serikat mendapatkan kebebasan lebih untuk akses jaminan kesehatan dan hak memilih pada 2022 turnbackhoax.id,0,kesehatan,hoaxid_hf,2022-02-25
hf-787,"salah foto protes anti-vaksin di canberra, australia tahun 2022 turnbackhoax.id",0,kesehatan,hoaxid_hf,2022-02-24
hf-791,salah menggunakan obat bius setelah vaksin covid 19 sebabkan kematian turnbackhoax.id,0,kesehatan,hoaxid_hf,2022-02-24
hf-792,"salah jangan panik, seseorang yang terinfeksi covid-19 varian omicron dapat sembuh setelah mengonsumsi paracetamol 500 mg, vitamin sih 1000 mg, dan vitamin d3 1000 itu turnbackhoax.id",0,kesehatan,hoaxid_hf,2022-02-24
hf-795,"salah dari. gupta mengatakan tidak seorang pun boleh mati karena kanker, kecuali karena pengabaian turnbackhoax.id",0,kesehatan,hoaxid_hf,2022-02-23
hf-819,salah video pasien meninggal 15 menit setelah divaksin turnbackhoax.id,0,kesehatan,hoaxid_hf,2022-02-20
hf-823,salah antibodi covid-19 membuat asi berubah warna turnbackhoax.id,0,kesehatan,hoaxid_hf,2022-02-19
hf-826,salah deteksi covid 19 dengan tahan napas 10 detik turnbackhoax.id,0,kesehatan,hoaxid_hf,2022-02-19
hf-827,salah makanan kaleng mengandung virus hiv aids turnbackhoax.id,0,kesehatan,hoaxid_hf,2022-02-19
hf-834,salah bentuk virus omicron seperti lambang nazi turnbackhoax.id,0,kesehatan,hoaxid_hf,2022-02-18
hf-838,salah bpjs kesehatan berikan dana bantuan rp100 juta turnbackhoax.id,0,kesehatan,hoaxid_hf,2022-02-17
hf-851,salah terlihat korban covid-19 tergeletak di jalanan ternyata hanya akting belaka turnbackhoax.id,0,kesehatan,hoaxid_hf,2022-02-15
hf-859,salah cerita dalam novel telah memprediksi adanya pandemi covid-19 turnbackhoax.id,0,kesehatan,hoaxid_hf,2022-02-14
hf-861,salah mayoritas penduduk dunia belum divaksin covid-19 turnbackhoax.id,0,kesehatan,hoaxid_hf,2022-02-14
hf-862,salah pidato henry kissinger sebut vaksin adalah alat pengendali populasi turnbackhoax.id,0,kesehatan,hoaxid_hf,2022-02-13
hf-864,salah garam dan air kelapa dapat hilangkan vaksin di dalam tubuh turnbackhoax.id,0,kesehatan,hoaxid_hf,2022-02-13
hf-867,salah jasa sertifikat vaksin melalui telegram turnbackhoax.id,0,kesehatan,hoaxid_hf,2022-02-13
hf-871,salah omicron bukanlah virus melainkan akibat dari keracunan chemtrail yang disebar di udara turnbackhoax.id,0,kesehatan,hoaxid_hf,2022-02-13
hf-875,salah campuran daun pepaya dan jahe dapat sembuhkan omicron turnbackhoax.id,0,kesehatan,hoaxid_hf,2022-02-12
hf-877,salah covid-19 hoax karena narasinya sudah ada sebelum covid-19 muncul turnbackhoax.id,0,kesehatan,hoaxid_hf,2022-02-11
hf-878,salah vaksin booster menyebabkan manusia bertingkah seperti zombie turnbackhoax.id,0,kesehatan,hoaxid_hf,2022-02-11
hf-879,salah aplikasi android untuk scan vaksin covid-19 yang terhubung jaringan 5g turnbackhoax.id,0,kesehatan,hoaxid_hf,2022-02-11
hf-886,salah sebuah koran menyebut bill gates melakukan depopulasi melalui pemaksaan vaksinasi turnbackhoax.id,0,kesehatan,hoaxid_hf,2022-02-10
hf-889,salah pembagian masker gratis yang diberi obat bius ke rumah-rumah warga turnbackhoax.id,0,kesehatan,hoaxid_hf,2022-02-10
hf-890,"salah video nigeria, minggu 23-01-2022, menghancurkan jutaan vaksin covid19 demi melindungi rakyatnya dari kematian akibat suntikan vaksin covid19 turnbackhoax.id",0,kesehatan,hoaxid_hf,2022-02-10
hf-891,salah air rebusan pare dapat membersihkan kolesterol dan semua penyakit turnbackhoax.id,0,kesehatan,hoaxid_hf,2022-02-10
hf-899,"salah dzalim, cara vaksin model baru anti omicron turnbackhoax.id",0,kesehatan,hoaxid_hf,2022-02-07
hf-900,salah foto lampion untuk perayaan imlek saat pandemi covid-19 turnbackhoax.id,0,kesehatan,hoaxid_hf,2022-02-07
hf-903,salah 5g dapat mengganggu keamanan penerbangan yang berarti juga berbahaya bagi kesehatan manusia turnbackhoax.id,0,kesehatan,hoaxid_hf,2022-02-06
hf-905,salah sri sultan hamengku buwono kali mengganggap covid 19 sandiwara di bumi nkri turnbackhoax.id,0,kesehatan,hoaxid_hf,2022-02-05
hf-909,salah atlet rugby jordan michallet meninggal karena vaksin covid-19 turnbackhoax.id,0,kesehatan,hoaxid_hf,2022-02-03
hf-912,salah penyuntikan vaksin kosong di semarang turnbackhoax.id,0,kesehatan,hoaxid_hf,2022-02-02
hf-915,"salah: siap-siap suntik vaksin dosis ketiga, tak punya kartu bpjs kesehatan wajib bayar turnbackhoax.id",0,kesehatan,hoaxid_hf,2022-02-02
hf-922,salah foto anak berlumuran darah korban serangan di yaman turnbackhoax.id,0,kesehatan,hoaxid_hf,2022-01-31
hf-931,salah pesan berantai resep obat covid-19 turnbackhoax.id,0,kesehatan,hoaxid_hf,2022-01-30
hf-952,salah luhut dan pak mahfud tidak divaksin dengan alasan usia turnbackhoax.id,0,kesehatan,hoaxid_hf,2022-01-27
hf-959,salah microsoft mengembangkan implan chip mikro untuk mengumpulkan informasi vaksin covid-19 turnbackhoax.id,0,kesehatan,hoaxid_hf,2022-01-26
hf-969,salah warga korea selatan yang belum vaksin tidak dapat mengikuti pemilu turnbackhoax.id,0,kesehatan,hoaxid_hf,2022-01-24
hf-978,salah bill gates akan menarik semua peredaran vaksin covid-19 turnbackhoax.id,0,kesehatan,hoaxid_hf,2022-01-23
hf-980,salah video 90 alat tes covid-19 palsu dan tidak berfungsi turnbackhoax.id,0,kesehatan,hoaxid_hf,2022-01-23
hf-982,salah jasa pembuatan sertifikat vaksin tanpa harus melakukan vaksinasi turnbackhoax.id,0,kesehatan,hoaxid_hf,2022-01-23
hf-985,salah kipas angin listrik yang diletakkan di dahi dapat menghilangkan virus turnbackhoax.id,0,kesehatan,hoaxid_hf,2022-01-22
hf-988,salah video protes melawan tirani covid-19 di belanda turnbackhoax.id,0,kesehatan,hoaxid_hf,2022-01-22
hf-989,salah viagra dapat menyembuhkan covid-19 turnbackhoax.id,0,kesehatan,hoaxid_hf,2022-01-22
hf-990,salah pasien covid-19 tanpa gejala berarti sehat dan mendapatkan hasil test positif palsu turnbackhoax.id,0,kesehatan,hoaxid_hf,2022-01-22
hf-994,salah kedinkes semarang menyebar undangan rapat kerja peningkatan kinerja tenaga kesehatan via whatsapp turnbackhoax.id,0,kesehatan,hoaxid_hf,2022-01-21
hf-1000,jasa kementerian kesehatan republik indonesia tahun 2022 turnbackhoax.id,0,kesehatan,hoaxid_hf,2022-01-21
hf-1011,salah atlet tenis dalila jakupovic mengalami kesulitan bernapas saat babak kualifikasi australia open karena vaksin covid-19 turnbackhoax.id,0,kesehatan,hoaxid_hf,2022-01-19
hf-1019,salah login ke facebook wajib gunakan sertifikat vaksin turnbackhoax.id,0,kesehatan,hoaxid_hf,2022-01-18
hf-1029,salah daftar kandungan bahan kimia berbahaya dalam vaksin covid-19 turnbackhoax.id,0,kesehatan,hoaxid_hf,2022-01-16
hf-1040,salah lowongan kerja vaksinator di puskesmas kota batu turnbackhoax.id,0,kesehatan,hoaxid_hf,2022-01-14
hf-1041,salah vaksin mrna sebabkan kematian pada lansia turnbackhoax.id,0,kesehatan,hoaxid_hf,2022-01-13
hf-1052,salah benda logam menempel pada lengan setelah divaksin turnbackhoax.id,0,kesehatan,hoaxid_hf,2022-01-12
hf-1053,salah pemerintah new zealand mengizinkan euthanasia secara spesifik bagi pasien covid-19 turnbackhoax.id,0,kesehatan,hoaxid_hf,2022-01-12
hf-1058,salah who mengatakan vaksinasi di seluruh dunia harus dihentikan turnbackhoax.id,0,kesehatan,hoaxid_hf,2022-01-11
hf-1064,salah cdc mengumumkan tes pcr tidak mampu membedakan virus sars-cov-2 dan influenza turnbackhoax.id,0,kesehatan,hoaxid_hf,2022-01-10
hf-1082,salah video penduduk aborigin di australia menyambut pemerintah dengan busur dan panah sebagai bentuk penolakan vaksin covid-19 turnbackhoax.id,0,kesehatan,hoaxid_hf,2022-01-07
hf-1084,salah warga korea selatan yang belum vaksin dilarang mengikuti pemilihan presiden turnbackhoax.id,0,kesehatan,hoaxid_hf,2022-01-07
hf-1097,salah nikita mirzani meminta masyarakat berhenti sebut harus sebagai habib. dia itu hanyalah seorang tukang obat saja jangan mau dibodohi bro turnbackhoax.id,0,kesehatan,hoaxid_hf,2022-01-02
hf-1107,salah pemesanan online vaksin covid-19 sinopharm melalui e-commerce turnbackhoax.id,0,kesehatan,hoaxid_hf,2021-12-31
hf-1113,salah vaksin mrna pada pfizer dan moderna berbahaya bagi anak-anak turnbackhoax.id,0,kesehatan,hoaxid_hf,2021-12-31
hf-1116,"salah foto seorang akademisi asal indonesia berusia 105 tahun, moerhadi, berbagi rahasia kemenanganya atasi diabetes turnbackhoax.id",0,kesehatan,hoaxid_hf,2021-12-31
hf-1120,"salah victor lindelof gagal jantung setelah vaksinasi covid-19, kemudian jantungnya dipasangi chip turnbackhoax.id",0,kesehatan,hoaxid_hf,2021-12-31
hf-1133,salah link mendaftarkan bantuan covid-19 bagi yang mempunyai e-ktp turnbackhoax.id,0,kesehatan,hoaxid_hf,2021-12-24
hf-1156,salah judul berita ilmuwan pfizer memperingatkan vaksinasi mingguan untuk virus omicron mungkin diperlukan untuk mencegah lockdown turnbackhoax.id,0,kesehatan,hoaxid_hf,2021-12-19
hf-1159,salah bill gates pembuat virus covid-19 turnbackhoax.id,0,kesehatan,hoaxid_hf,2021-12-17
hf-1164,salah dokter di malaysia meninggal setelah mendapatkan vaksin pfizer turnbackhoax.id,0,kesehatan,hoaxid_hf,2021-12-17
hf-1177,salah benarkah guinness world record menobatkan model asal sudan sebagai the queen of darkness? turnbackhoax.id,0,kesehatan,hoaxid_hf,2021-12-16
hf-1185,"salah foto kisah harus erupsi semeru, tak rela tinggalkan sang ibu yang sudah renta, rumini ditemukan tewas berpelukan di rumahnya.. turnbackhoax.id",0,kesehatan,hoaxid_hf,2021-12-14
hf-1194,salah gejala varian omicron disebabkan oleh komplikasi vaksin covid-19 turnbackhoax.id,0,kesehatan,hoaxid_hf,2021-12-12
hf-1199,salah foto supermarket di jerman memasang pagar pembatas untuk memisahkan pengunjung yang sudah divaksin dan belum divaksin turnbackhoax.id,0,kesehatan,hoaxid_hf,2021-12-11
hf-1202,"salah mandi detox menggunakan campuran garam epsom, baking soda, borax, dan indian healing clay mampu mengeluarkan kandungan vaksin covid yang sebelumnya telah disuntikkan kepada seseorang turnbac",0,kesehatan,hoaxid_hf,2021-12-10
hf-1207,salah video wawancara ceo biontech menolak divaksin karena alasan keamanan turnbackhoax.id,0,kesehatan,hoaxid_hf,2021-12-09
hf-1222,salah protes vaksinasi di yunani berakhir ricuh turnbackhoax.id,0,kesehatan,hoaxid_hf,2021-12-06
hf-1223,"salah menempelkan bawang putih di telinga, dapat sembuhkan sakit kepala turnbackhoax.id",0,kesehatan,hoaxid_hf,2021-12-06
hf-1228,salah pemerintah paksakan vaksin booster turnbackhoax.id,0,kesehatan,hoaxid_hf,2021-12-05
hf-1235,salah komik phantom yang terbit tahun 1957 memprediksi munculnya covid-19 turnbackhoax.id,0,kesehatan,hoaxid_hf,2021-12-02
hf-1240,salah rapid test device berlabel positif dan negatif sudah dimuat virus turnbackhoax.id,0,kesehatan,hoaxid_hf,2021-11-30
hf-1241,salah fda: suntikan booster vaksinasi pfizer berpotensi infeksi berat pada hati turnbackhoax.id,0,kesehatan,hoaxid_hf,2021-11-30
hf-1244,"salah foto demo melanggar covid dan vaksinasi di wina, austria turnbackhoax.id",0,kesehatan,hoaxid_hf,2021-11-30
hf-1246,salah video wanita tak bermasker menolak untuk duduk bersebelahan dengan pria yang belum divaksin turnbackhoax.id,0,kesehatan,hoaxid_hf,2021-11-30
hf-1247,salah konsumsi buah dalam keadaan perut kosong dapat sembuhkan kanker turnbackhoax.id,0,kesehatan,hoaxid_hf,2021-11-30
hf-1251,salah terdapat parasit yang mematikan di dalam vaksin covid-19 turnbackhoax.id,0,kesehatan,hoaxid_hf,2021-11-30
hf-1252,salah sayur pakis bisa menyebabkan kanker turnbackhoax.id,0,kesehatan,hoaxid_hf,2021-11-30
hf-1255,salah jepang menggunakan ivermectin dan menghentikan vaksin untuk memberantas virus covid-19 turnbackhoax.id,0,kesehatan,hoaxid_hf,2021-11-30
hf-1257,salah ppkm level 4 pada 24 desember 2021 karena ada varian covid-19 baru turnbackhoax.id,0,kesehatan,hoaxid_hf,2021-11-29
hf-1262,salah swab pcr merupakan cara untuk melakukan vaksinasi turnbackhoax.id,0,kesehatan,hoaxid_hf,2021-11-28
hf-1264,salah aliansi dokter dunia mengatakan bahwa varian delta tidak ada turnbackhoax.id,0,kesehatan,hoaxid_hf,2021-11-28
hf-1269,salah vaksinasi covid-19 menyebabkan seseorang terkena kanker turnbackhoax.id,0,kesehatan,hoaxid_hf,2021-11-27
hf-1279,salah akun facebook kabid p2p dinkes sampang dokter yuliono turnbackhoax.id,0,kesehatan,hoaxid_hf,2021-11-22
hf-1286,salah rumah sakit australia penuh karena pasien mengalami efek samping vaksin turnbackhoax.id,0,kesehatan,hoaxid_hf,2021-11-21
hf-1293,salah sms hadiah dari bpjs kesehatan sebesar rp75 juta turnbackhoax.id,0,kesehatan,hoaxid_hf,2021-11-19
hf-1294,salah mahkamah agung amerika serikat telah membatalkan vaksinasi masal turnbackhoax.id,0,kesehatan,hoaxid_hf,2021-11-19
hf-1309,salah petai dan jengkol dapat sebabkan stroke turnbackhoax.id,0,kesehatan,hoaxid_hf,2021-11-15
hf-1314,salah tautan pengecekan bantuan covid-19 sebesar rp600.000 bagi pemilik ktp atau sim turnbackhoax.id,0,kesehatan,hoaxid_hf,2021-11-15
hf-1319,salah pemerintah akan suntik paksa vaksin mematikan pada 22 februari 2022 turnbackhoax.id,0,kesehatan,hoaxid_hf,2021-11-15
hf-1320,salah bayi dilahirkan dengan kelainan genetik akibat ibunya disuntik vaksin covid-19 turnbackhoax.id,0,kesehatan,hoaxid_hf,2021-11-15
hf-1330,salah vaksin covid-19 mengandung graphene oxide yang bereaksi pada getaran musik turnbackhoax.id,0,kesehatan,hoaxid_hf,2021-11-14
hf-1344,salah robot dirancang untuk memberikan vaksinasi secara paksa turnbackhoax.id,0,kesehatan,hoaxid_hf,2021-11-11
hf-1348,salah 13 anak sekolah di afrika meninggal karena vaksin covid-19 turnbackhoax.id,0,kesehatan,hoaxid_hf,2021-11-09
hf-1354,salah foto kemasan vaksin sinovac only for clinical trial turnbackhoax.id,0,kesehatan,hoaxid_hf,2021-11-08
hf-1358,salah foto keluarga agus harimurti yudhoyono berwisata saat surabaya berobat kanker prostat di as turnbackhoax.id,0,kesehatan,hoaxid_hf,2021-11-07
hf-1369,salah pertolongan pertama luka bakar dengan tepung terigu turnbackhoax.id,0,kesehatan,hoaxid_hf,2021-11-04
hf-1375,salah poster tentang penyakit stroke yang menyerang anak-anak sebagai efek samping covid-19 turnbackhoax.id,0,kesehatan,hoaxid_hf,2021-11-02
hf-1391,salah seorang anak meninggal setelah divaksinasi covid-19 turnbackhoax.id,0,kesehatan,hoaxid_hf,2021-10-29
hf-1405,salah mendeteksi kesehatan jantung dengan memasukkan tangan ke dalam air dingin selama 30 detik turnbackhoax.id,0,kesehatan,hoaxid_hf,2021-10-27
hf-1421,salah video jenazah covid-19 yang sedang merokok turnbackhoax.id,0,kesehatan,hoaxid_hf,2021-10-25
hf-1423,salah menghirup cuka dapat menyembuhkan covid-19 turnbackhoax.id,0,kesehatan,hoaxid_hf,2021-10-24
hf-1427,salah 600 pelajar china diberikan vaksin kosong di dki jakarta turnbackhoax.id,0,kesehatan,hoaxid_hf,2021-10-24
hf-1429,salah daftar minuman instan yang dapat sebabkan diabetes dan matikan sumsum tulang turnbackhoax.id,0,kesehatan,hoaxid_hf,2021-10-23
hf-1433,salah minum air es setelah cuaca panas dapat membuat pembuluh darah pecah turnbackhoax.id,0,kesehatan,hoaxid_hf,2021-10-22
hf-1437,salah studi fda: vaksin pfizer membuat orang lebih rentan tertular covid-19 turnbackhoax.id,0,kesehatan,hoaxid_hf,2021-10-22
hf-1438,salah scan mri harus dihindari penerima vaksin covid-19 turnbackhoax.id,0,kesehatan,hoaxid_hf,2021-10-22
hf-1439,salah daun kemangi obat penghilang gatal kulit turnbackhoax.id,0,kesehatan,hoaxid_hf,2021-10-22
hf-1442,salah uni eropa akan menghentikan program vaksin covid-19 mulai oktober 2021 turnbackhoax.id,0,kesehatan,hoaxid_hf,2021-10-20
hf-1444,salah video pidato anthony fauci mengembangkan virus influenza baru turnbackhoax.id,0,kesehatan,hoaxid_hf,2021-10-20
hf-1447,salah judul berita itv tentang seorang pria bersedia divaksin setelah membuat tiga orang temannya meninggal karena covid-19 turnbackhoax.id,0,kesehatan,hoaxid_hf,2021-10-20
hf-1451,salah balita divaksin upaya menuju pemusnahan massal umat islam turnbackhoax.id,0,kesehatan,hoaxid_hf,2021-10-18
hf-1456,salah ipb mengumumkan ranking sayuran anti kanker turnbackhoax.id,0,kesehatan,hoaxid_hf,2021-10-18
hf-1463,salah pilot pesawat maskapai delta meninggal setelah divaksin turnbackhoax.id,0,kesehatan,hoaxid_hf,2021-10-15
hf-1464,salah kasus positif covid-19 di surabaya naik turnbackhoax.id,0,kesehatan,hoaxid_hf,2021-10-15
hf-1470,salah dana bantuan kesehatan modal usaha dari pusat bpjs kesehatan turnbackhoax.id,0,kesehatan,hoaxid_hf,2021-10-15
hf-1471,salah tetesan jeruk nipis dapat mengobati mata turnbackhoax.id,0,kesehatan,hoaxid_hf,2021-10-14
hf-1473,salah darah orang yang divaksin covid-19 menjadi tidak normal dan tidak bisa donor darah turnbackhoax.id,0,kesehatan,hoaxid_hf,2021-10-14
hf-1477,salah minum air es setelah makan dapat sebabkan kanker turnbackhoax.id,0,kesehatan,hoaxid_hf,2021-10-12
hf-1486,salah cdc amerika serikat memperingatkan adanya penyakit mirip polio yang akan muncul pada akhir tahun 2021 turnbackhoax.id,0,kesehatan,hoaxid_hf,2021-10-10
hf-1488,salah: situs pedulilindungiq.com dan meminta dana rp1 juta untuk vaksin covid-19 turnbackhoax.id,0,kesehatan,hoaxid_hf,2021-10-10
hf-1491,salah penampakan protes wajib vaksin di melbourne tahun 2021 turnbackhoax.id,0,kesehatan,hoaxid_hf,2021-10-09
hf-1493,salah covid-19 adalah rencana depopulasi dunia turnbackhoax.id,0,kesehatan,hoaxid_hf,2021-10-08
hf-1499,"salah sertifikat vaksin menjadi syarat pengisian bbm di spbu wilayah trumon raya, aceh selatan turnbackhoax.id",0,kesehatan,hoaxid_hf,2021-10-07
hf-1501,salah gadget dan wifi sebabkan kanker darah turnbackhoax.id,0,kesehatan,hoaxid_hf,2021-10-07
hf-1503,salah foto pm singapura mengantre vaksin covid-19 turnbackhoax.id,0,kesehatan,hoaxid_hf,2021-10-06
hf-1509,salah pesan whatsapp nanas panas dapat membunuh sel kanker! turnbackhoax.id,0,kesehatan,hoaxid_hf,2021-10-04
hf-1510,salah air rebusan kayu manis dapat menurunkan kadar gula darah bagi penderita diabetes turnbackhoax.id,0,kesehatan,hoaxid_hf,2021-10-04
hf-1519,salah who merencanakan modifikasi genetik manusia melalui vaksinasi turnbackhoax.id,0,kesehatan,hoaxid_hf,2021-10-01
hf-1520,salah utsmaniy menjadi pelopor dalam penanganan wabah melalui vaksinasi turnbackhoax.id,0,kesehatan,hoaxid_hf,2021-10-01
hf-1525,salah video rakyat menang.. !! pemerintah rumania menutup semua pusat vaksin..! turnbackhoax.id,0,kesehatan,hoaxid_hf,2021-09-30
hf-1527,salah vaksin covid-19 dapat mengubah warna darah turnbackhoax.id,0,kesehatan,hoaxid_hf,2021-09-30
hf-1531,salah tukul arwana alami pendarahan otak karena vaksin turnbackhoax.id,0,kesehatan,hoaxid_hf,2021-09-30
hf-1542,salah video demo menolak wajib vaksin di brazil turnbackhoax.id,0,kesehatan,hoaxid_hf,2021-09-28
hf-1551,salah pesan berantai cek gula darah gratis sebagai modus menyebarkan hiv turnbackhoax.id,0,kesehatan,hoaxid_hf,2021-09-26
hf-1555,salah bill gates menyarankan melakukan depopulasi dengan vaksinasi untuk solusi nol karbon turnbackhoax.id,0,kesehatan,hoaxid_hf,2021-09-24
hf-1556,salah pendaftaran vaksin nusantara melalui whatsapp turnbackhoax.id,0,kesehatan,hoaxid_hf,2021-09-24
hf-1562,salah mengonsumsi labu kuning dapat menyembuhkan covid-19 turnbackhoax.id,0,kesehatan,hoaxid_hf,2021-09-22
hf-1570,"salah siaran tvonenews harta pejabat meningkat drastis selama pandemi, bonus jual corona dan vaksin turnbackhoax.id",0,kesehatan,hoaxid_hf,2021-09-20
hf-1574,salah panggilan telepon informasi seputar vaksinasi turnbackhoax.id,0,kesehatan,hoaxid_hf,2021-09-19
hf-1576,salah mulai 1 oktober pasien covid tidak ditanggung kemenkes turnbackhoax.id,0,kesehatan,hoaxid_hf,2021-09-19
hf-1597,salah judul berita itv tentang efek samping vaksin yang membuat wajah menjadi merah turnbackhoax.id,0,kesehatan,hoaxid_hf,2021-09-15
hf-1601,salah banjir darah di bandara kabul turnbackhoax.id,0,kesehatan,hoaxid_hf,2021-09-15
hf-1604,salah cat kuku pendeteksi obat pemerkosa termasuk obat ghb turnbackhoax.id,0,kesehatan,hoaxid_hf,2021-09-14
hf-1605,salah artikel cnn dengan judul healthy 40-year old covid victim’s last words: i blame unvaccinated for this turnbackhoax.id,0,kesehatan,hoaxid_hf,2021-09-14
hf-1625,salah yakult dapat mencegah kanker paru-paru turnbackhoax.id,0,kesehatan,hoaxid_hf,2021-09-07
hf-1629,salah pesan berantai tim vaksinasi gsp meminta data pribadi turnbackhoax.id,0,kesehatan,hoaxid_hf,2021-09-06
hf-1630,salah mencuci hidung dengan garam menghilangkan virus corona turnbackhoax.id,0,kesehatan,hoaxid_hf,2021-09-06
hf-1638,salah muammar gaddafi prediksi covid-19 turnbackhoax.id,0,kesehatan,hoaxid_hf,2021-09-04
hf-1639,salah obat covid-19 molnulpiravir mulai beredar september mendatang turnbackhoax.id,0,kesehatan,hoaxid_hf,2021-09-03
hf-1645,"salah munarman kritis total, nasibnya memilukan turnbackhoax.id",0,kesehatan,hoaxid_hf,2021-08-31
hf-1650,"salah campuran air kelapa muda, jeruk nipis, garam, dan madu dapat mengobati covid-19 turnbackhoax.id",0,kesehatan,hoaxid_hf,2021-08-30
hf-1652,"salah wapres: vaksin merupakan perintah agama dan hukumnya wajib, menolak masuk neraka?? turnbackhoax.id",0,kesehatan,hoaxid_hf,2021-08-29
hf-1660,"salah vaksin corona mengandung babi, dapat mengubah dna, dan membuat manusia jadi zombie turnbackhoax.id",0,kesehatan,hoaxid_hf,2021-08-27
hf-1680,salah vaksin di gedung gradika bakti ditujukan untuk 18-59 tahun turnbackhoax.id,0,kesehatan,hoaxid_hf,2021-08-24
hf-1687,salah pesan berantai dari ketua satgas covid-19 dwiyono terkait metode menghirup uap air panas untuk membunuh virus corona turnbackhoax.id,0,kesehatan,hoaxid_hf,2021-08-23
hf-1690,salah video biang covid bill gates kena timpuk dari orang yang geram padanya turnbackhoax.id,0,kesehatan,hoaxid_hf,2021-08-22
hf-1697,salah oseltamivir obat covid-19 berbahaya dan mematikan turnbackhoax.id,0,kesehatan,hoaxid_hf,2021-08-20
hf-1699,salah informasi vaksin dosis 1 dan 2 16 agustus 2021 di rsal dari. ramelan surabaya turnbackhoax.id,0,kesehatan,hoaxid_hf,2021-08-20
hf-1700,salah sertifikat vaksin covid-19 bukan syarat administrasi turnbackhoax.id,0,kesehatan,hoaxid_hf,2021-08-20
hf-1712,salah foto aksi demo paspor kesehatan di paris pada 7 agustus 2021 turnbackhoax.id,0,kesehatan,hoaxid_hf,2021-08-19
hf-1713,salah masyarakat suku baduy tidak pernah divaksin dalam ratusan tahun turnbackhoax.id,0,kesehatan,hoaxid_hf,2021-08-19
hf-1731,salah tidak boleh mengonsumsi makanan dan minuman yang mengandung alkohol dan soda setelah vaksin covid-19 turnbackhoax.id,0,kesehatan,hoaxid_hf,2021-08-15
hf-1733,salah hasil perhitungan data orang yang sudah divaksinasi lebih banyak terpapar varian delta dan peluang kematian lebih tinggi turnbackhoax.id,0,kesehatan,hoaxid_hf,2021-08-14
hf-1740,salah rockefeller foundation telah rencanakan skenario pandemi covid-19 sejak 2010 turnbackhoax.id,0,kesehatan,hoaxid_hf,2021-08-14
hf-1752,"salah virus corona katanya ganas dan mematikan, tapi yang mati selalu di rumah sakit turnbackhoax.id",0,kesehatan,hoaxid_hf,2021-08-10
hf-1756,salah video wawancara ceo pfizer yang menolak divaksin pada agustus 2021 turnbackhoax.id,0,kesehatan,hoaxid_hf,2021-08-09
hf-1757,"salah vaksin astrazeneca, pfizer, dan moderna berafiliasi dengan bluetooth kecuali sinovac turnbackhoax.id",0,kesehatan,hoaxid_hf,2021-08-09
hf-1758,salah covid-19 bermutasi menjadi virus baru yang lebih berbahaya dan vaksinasi timbulkan virus lain dari covid-19 turnbackhoax.id,0,kesehatan,hoaxid_hf,2021-08-08
hf-1760,salah dokumen bank dunia tetapkan covid-19 sampai tahun 2025 turnbackhoax.id,0,kesehatan,hoaxid_hf,2021-08-08
hf-1763,"salah vaksin corona tidak terbukti aman dan efektif, coronavirus sama seperti flu biasa, ini adalah pandemi palsu turnbackhoax.id",0,kesehatan,hoaxid_hf,2021-08-07
hf-1765,"salah semua pasien positif covid-19 di new south wales, australia sudah divaksinasi turnbackhoax.id",0,kesehatan,hoaxid_hf,2021-08-07
hf-1773,salah dukun meninggal karena covid-19 setelah menghirup napas pasien covid-19 turnbackhoax.id,0,kesehatan,hoaxid_hf,2021-08-05
hf-1774,salah jadwal vaksinasi massal di royal plaza surabaya tanggal 2-6 agustus 2021 turnbackhoax.id,0,kesehatan,hoaxid_hf,2021-08-04
hf-1775,salah sms bantuan bpjs kesehatan sebesar rp78 juta turnbackhoax.id,0,kesehatan,hoaxid_hf,2021-08-04
hf-1777,salah air nanas panas bisa membunuh sel kanker turnbackhoax.id,0,kesehatan,hoaxid_hf,2021-08-02
hf-1778,salah foto jadwal perilisan varian covid-19 turnbackhoax.id,0,kesehatan,hoaxid_hf,2021-08-01
hf-1781,salah pernyataan moh indro cahyono terbongkar sudah!!! fakta covid 19 turnbackhoax.id,0,kesehatan,hoaxid_hf,2021-07-31
hf-1786,"salah tanggal pembuatan vaksin adalah 2018, setahun sebelum covid-19 melanda turnbackhoax.id",0,kesehatan,hoaxid_hf,2021-07-31
hf-1794,salah bantuan ppkm rp1 juta bagi pemilik sertifikat vaksinasi turnbackhoax.id,0,kesehatan,hoaxid_hf,2021-07-30
hf-1797,salah daun sungkai dapat menangkal covid-19 turnbackhoax.id,0,kesehatan,hoaxid_hf,2021-07-29
hf-1798,salah bnpb membuka donasi kaos oblong bagi tenaga medis dan relawan satgas covid 19 turnbackhoax.id,0,kesehatan,hoaxid_hf,2021-07-29
hf-1803,salah data pendonor plasma darah konvalesen area jogja turnbackhoax.id,0,kesehatan,hoaxid_hf,2021-07-29
hf-1807,"salah gambar artikel kompas berjudul hemoglobin rendah dan butuh tranfusi darah, karl marx pilih pendonor yang hafal das kapital turnbackhoax.id",0,kesehatan,hoaxid_hf,2021-07-28
hf-1809,salah orang yang pernah terinfeksi covid-19 memiliki imunitas lebih baik ketimbang yang divaksin turnbackhoax.id,0,kesehatan,hoaxid_hf,2021-07-28
hf-1810,salah air keran positif covid-19 turnbackhoax.id,0,kesehatan,hoaxid_hf,2021-07-28
hf-1811,salah vaksin dengan pfizer dapat menularkan virus ke orang yang belum divaksin turnbackhoax.id,0,kesehatan,hoaxid_hf,2021-07-27
hf-1815,salah vaksin mengandung racun berbahaya turnbackhoax.id,0,kesehatan,hoaxid_hf,2021-07-26
hf-1818,salah cnn indonesia menawarkan hadiah agar warga bersedia divaksin turnbackhoax.id,0,kesehatan,hoaxid_hf,2021-07-25
hf-1819,salah foto beberapa jenazah covid-19 di bekasi turnbackhoax.id,0,kesehatan,hoaxid_hf,2021-07-25
hf-1821,salah mata jenazah covid-19 diambil tanpa sepengetahuan keluarga turnbackhoax.id,0,kesehatan,hoaxid_hf,2021-07-25
hf-1823,salah video pengurusan covid di indon turnbackhoax.id,0,kesehatan,hoaxid_hf,2021-07-24
hf-1827,salah foto suasana demo anti-vaksin di prancis turnbackhoax.id,0,kesehatan,hoaxid_hf,2021-07-23
hf-1835,"salah ketentuan baru, mau buat ktp harus punya sertifikat vaksin turnbackhoax.id",0,kesehatan,hoaxid_hf,2021-07-23
hf-1839,salah akhirnya!! dunia setujui vaksin nusantara turnbackhoax.id,0,kesehatan,hoaxid_hf,2021-07-22
hf-1840,salah campuran lemon dan soda kue dapat membunuh virus corona turnbackhoax.id,0,kesehatan,hoaxid_hf,2021-07-22
hf-1844,salah minuman penambah imun untuk cegah penularan virus covid-19 turnbackhoax.id,0,kesehatan,hoaxid_hf,2021-07-21
hf-1846,"salah video kondisi gibran berita terbaru hari iniistana banjir tangis,virus menggrogoti tubuhnya hingga beginiviral news jkw turnbackhoax.id",0,kesehatan,hoaxid_hf,2021-07-21
hf-1847,"salah singapura negara pertama yang lakukan otopsi jenazah covid-19, sumber kemenkes singapura turnbackhoax.id",0,kesehatan,hoaxid_hf,2021-07-20
hf-1848,salah pernyataan semua orang yang divaksinasi akan mati dalam 2 tahun oleh luc montagnier turnbackhoax.id,0,kesehatan,hoaxid_hf,2021-07-20
hf-1856,salah semangkin gawat indonesia sekarang ini! banyaknya rumah sakit penerima vaksin palsu! turnbackhoax.id,0,kesehatan,hoaxid_hf,2021-07-19
hf-1857,salah nilai ct pada tes pcr menentukan kesembuhan pasien covid-19 turnbackhoax.id,0,kesehatan,hoaxid_hf,2021-07-19
hf-1859,salah banyaknya varian covid-19 muncul setelah vaksinasi dilakukan turnbackhoax.id,0,kesehatan,hoaxid_hf,2021-07-19
hf-1860,salah labu kuning kukus dapat sembuhkan covid-19 turnbackhoax.id,0,kesehatan,hoaxid_hf,2021-07-19
hf-1861,salah chemtrails penyebar virus penyakit muncul di langit pantura turnbackhoax.id,0,kesehatan,hoaxid_hf,2021-07-19
hf-1862,salah foto ajakan untuk stop upload berita covid-19 oleh pemerintah kabupaten gresik turnbackhoax.id,0,kesehatan,hoaxid_hf,2021-07-18
hf-1863,salah tabung selam dapat digunakan sebagai pengganti tabung oksigen medis turnbackhoax.id,0,kesehatan,hoaxid_hf,2021-07-18
hf-1865,"salah video di probolinggo, 16 juli 2021 meninggal bersama 5 orang serumah setelah di vaksin turnbackhoax.id",0,kesehatan,hoaxid_hf,2021-07-18
hf-1866,salah video potensi bahaya vaksin covid-19 turnbackhoax.id,0,kesehatan,hoaxid_hf,2021-07-17
hf-1870,salah air keran dapat positif covid-19 setelah ditest menggunakan device rapid test antigen turnbackhoax.id,0,kesehatan,hoaxid_hf,2021-07-17
hf-1871,salah daun teh pinus putih hentikan bahaya vaksin covid-19 turnbackhoax.id,0,kesehatan,hoaxid_hf,2021-07-17
hf-1876,salah tidak ada mesjid yang akan ditutup di turki dari ancaman virus corona turnbackhoax.id,0,kesehatan,hoaxid_hf,2021-07-16
hf-1886,salah berkumur dengan air garam dan meminum air hangat dapat membunuh virus corona di dalam perut turnbackhoax.id,0,kesehatan,hoaxid_hf,2021-07-15
hf-1889,"salah cuci hidung dengan nacl 0,9 dapat menghilangkan virus dan bakteri di lubang hidung turnbackhoax.id",0,kesehatan,hoaxid_hf,2021-07-14
hf-1894,salah detektor radiasi elektromagnetik dapat mendeteksi radiasi dari vaksin covid-19 turnbackhoax.id,0,kesehatan,hoaxid_hf,2021-07-14
hf-1897,salah video akting plandemi jenazah pasien covid-19 dapat bergerak turnbackhoax.id,0,kesehatan,hoaxid_hf,2021-07-13
hf-1899,"salah racikan air kelapa muda, jeruk nipis, garam, dan madu dapat membunuh virus covid-19 turnbackhoax.id",0,kesehatan,hoaxid_hf,2021-07-12
hf-1900,salah seorang pria tewas karena makan durian setelah divaksin turnbackhoax.id,0,kesehatan,hoaxid_hf,2021-07-12
hf-1901,salah fda amerika sebut invermectin dapat digunakan untuk sembuhkan covid-19 turnbackhoax.id,0,kesehatan,hoaxid_hf,2021-07-12
hf-1911,salah air rebusan bawang putih dapat menyembuhkan covid turnbackhoax.id,0,kesehatan,hoaxid_hf,2021-07-10
hf-1913,salah varian baru covid-19 tidak lain dari infeksi protein spike dari vaksin turnbackhoax.id,0,kesehatan,hoaxid_hf,2021-07-09
hf-1915,salah suara adzan di masjid dapat mengecilkan virus corona turnbackhoax.id,0,kesehatan,hoaxid_hf,2021-07-09
hf-1917,"salah campuran air panas dan lemon, rahasia vietnam tak alami kasus kematian akibat covid-19 turnbackhoax.id",0,kesehatan,hoaxid_hf,2021-07-09
hf-1928,"salah virus corona sangat ganas dan menakutkan, tapi anehnya yang mati semua di rumah sakit turnbackhoax.id",0,kesehatan,hoaxid_hf,2021-07-05
hf-1930,"false biopharmaceutical company moderna, inc developed a covid-19 vaccine before the emergence of the pandemic turnbackhoax.id",0,kesehatan,hoaxid_hf,2021-07-04
hf-1931,salah per 1 juli 2021 mengurus sim dan skck membutuhkan sertifikat vaksin covid turnbackhoax.id,0,kesehatan,hoaxid_hf,2021-07-04
hf-1932,salah ketersediaan ventilator cukup memadai dan obat ivermectin sudah akan diproduksi massal turnbackhoax.id,0,kesehatan,hoaxid_hf,2021-07-04
hf-1939,salah foto orang india membuang ribuan berhala ke jalan karena ketidakmampuan mereka melindungi masyarakat dari virus corona turnbackhoax.id,0,kesehatan,hoaxid_hf,2021-07-02
hf-1942,salah foto daftar obat dari rs yang bisa digunakan sendiri oleh pasien covid-19 turnbackhoax.id,0,kesehatan,hoaxid_hf,2021-07-02
hf-1943,"salah perusahaan biofarmasi moderna, inc mengembangkan vaksin covid-19 sebelum munculnya pandemi turnbackhoax.id",0,kesehatan,hoaxid_hf,2021-07-02
hf-1948,salah pesan berantai bfl (blood for life) indonesia untuk kebutuhan donor darah turnbackhoax.id,0,kesehatan,hoaxid_hf,2021-06-30
hf-1950,salah sinar kali dalam tv tabung dapat membunuh virus dalam 8 jam turnbackhoax.id,0,kesehatan,hoaxid_hf,2021-06-30
hf-1958,salah parasetamol p-500 mengandung virus machupo turnbackhoax.id,0,kesehatan,hoaxid_hf,2021-06-29
hf-1959,salah video sri mulyani suntik vaksin untuk pencitraan tapi kamera enggak bisa bohong di jarum suntik enggak ada isi vaksin nya turnbackhoax.id,0,kesehatan,hoaxid_hf,2021-06-29
hf-1968,salah meminum minuman panas dan menghirup uap panas dapat membunuh virus corona turnbackhoax.id,0,kesehatan,hoaxid_hf,2021-06-27
hf-1971,salah anies baswedan hanya mengurusi asbak dan tidak mengurusi covid di jakarta turnbackhoax.id,0,kesehatan,hoaxid_hf,2021-06-27
hf-1973,salah covid-19 tidak mematikan turnbackhoax.id,0,kesehatan,hoaxid_hf,2021-06-26
hf-1977,salah rajin wudhu aman dari virus turnbackhoax.id,0,kesehatan,hoaxid_hf,2021-06-25
hf-1979,salah resep obat untuk pasien covid-19 turnbackhoax.id,0,kesehatan,hoaxid_hf,2021-06-25
hf-1980,"salah jateng membludak, media tv hanya liput covid-19 di dki jakarta turnbackhoax.id",0,kesehatan,hoaxid_hf,2021-06-24
hf-1982,salah vaksinasi massal gratis 22 juni 2021 di kota bogor untuk umum 18 tahun ke atas turnbackhoax.id,0,kesehatan,hoaxid_hf,2021-06-24
hf-1983,salah konsumsi nigella oil menghilangkan pendarahan di tenggorokan orang yang terdampak covid turnbackhoax.id,0,kesehatan,hoaxid_hf,2021-06-24
hf-1985,salah pesan berantai sandiwara corona dari ikatan dokter indonesia (idi) turnbackhoax.id,0,kesehatan,hoaxid_hf,2021-06-23
hf-1987,"salah mengandung virus baru, merek handsanitizer farah’ dapat sebabkan tangan melepuh turnbackhoax.id",0,kesehatan,hoaxid_hf,2021-06-23
hf-2015,"salah pemkot pekanbaru, riau menarik vaksin covid-19 karena keampuhan vaksin masih tarik ulur turnbackhoax.id",0,kesehatan,hoaxid_hf,2021-06-17
hf-2016,salah pesepakbola christian eriksen terkena serangan jantung setelah divaksin turnbackhoax.id,0,kesehatan,hoaxid_hf,2021-06-16
hf-2018,salah vaksinasi sebabkan varian baru covid-19 turnbackhoax.id,0,kesehatan,hoaxid_hf,2021-06-16
hf-2024,salah foto the last moment dokter hadio turnbackhoax.id,0,kesehatan,hoaxid_hf,2021-06-15
hf-2038,salah video eric tohir sangat terbuka menjelaskan tentang chip yang ada dalam vaksin covid-19 turnbackhoax.id,0,kesehatan,hoaxid_hf,2021-06-11
hf-2064,salah foto-foto orang mati covid-19 yang dilempar ke laut tiba di laut sabah turnbackhoax.id,0,kesehatan,hoaxid_hf,2021-06-06
hf-2066,false the photos of covid-19 dead people thrown ini the sea arrived at sabah ocean turnbackhoax.id,0,kesehatan,hoaxid_hf,2021-06-06
hf-2072,salah bahaya donor darah dari orang yang sudah divaksin covid-19 turnbackhoax.id,0,kesehatan,hoaxid_hf,2021-06-04
hf-2073,salah video 450 kantong jenazah covid-19 berisikan kertas turnbackhoax.id,0,kesehatan,hoaxid_hf,2021-06-04
hf-2074,salah menerima donor darah dari orang yang sudah di vaksinasi covid-19 berbahaya turnbackhoax.id,0,kesehatan,hoaxid_hf,2021-06-04
hf-2090,salah suntikan vaksin kosong di indonesia turnbackhoax.id,0,kesehatan,hoaxid_hf,2021-05-31
hf-2095,"salah campuran air kelapa muda, jeruk nipis dan garam dapat menyembuhkan covid-19 turnbackhoax.id",0,kesehatan,hoaxid_hf,2021-05-30
hf-2101,"salah tangkapan layar hati2,,, rakyat akan dibunuh vaksin cina,,,! video cnn indonesia turnbackhoax.id",0,kesehatan,hoaxid_hf,2021-05-29
hf-2111,"salah setelah divaksin, tubuh punya daya magnetis dan dapat dikoneksikan ke bluetooth turnbackhoax.id",0,kesehatan,hoaxid_hf,2021-05-27
hf-2117,false eating onions and dropping lemon juice on the nose can treat covid-19 turnbackhoax.id,0,kesehatan,hoaxid_hf,2021-05-26
hf-2122,salah ekstrak akar dandelion dapat membunuh 98 sel kanker dalam 48 jam turnbackhoax.id,0,kesehatan,hoaxid_hf,2021-05-25
hf-2131,"salah berada di sekitar orang yang baru divaksin, dapat sebabkan gangguan menstruasi pada wanita turnbackhoax.id",0,kesehatan,hoaxid_hf,2021-05-23
hf-2132,salah memakan bawang merah dan meneteskan air perasan lemon ke hidung dapat mengobati covid-19 turnbackhoax.id,0,kesehatan,hoaxid_hf,2021-05-23
hf-2133,salah luka warga palestina akibat serangan israel ternyata hasil memakai up turnbackhoax.id,0,kesehatan,hoaxid_hf,2021-05-23
hf-2147,salah vaksin covid-19 mengandung microchip magnetik turnbackhoax.id,0,kesehatan,hoaxid_hf,2021-05-21
hf-2149,salah video warga malaysia antri nginep di stadion shah alamsemua positif covid 19 turnbackhoax.id,0,kesehatan,hoaxid_hf,2021-05-20
hf-2154,salah obat dan bahan herbal mencegah covid turnbackhoax.id,0,kesehatan,hoaxid_hf,2021-05-20
hf-2161,salah jumlah kasus covid-19 di jatim meledak turnbackhoax.id,0,kesehatan,hoaxid_hf,2021-05-18
hf-2185,salah video pernyataan netanyahu akan membunuh muslim dengan vaksin turnbackhoax.id,0,kesehatan,hoaxid_hf,2021-05-14
hf-2186,salah vaksin covid-19 beresiko tinggi bagi perempuan yang sedang menstruasi turnbackhoax.id,0,kesehatan,hoaxid_hf,2021-05-14
hf-2190,"salah jengkol, pete, pepaya sebabkan stroke! dapat reda dengan mengeluarkan darah dari ujung jari turnbackhoax.id",0,kesehatan,hoaxid_hf,2021-05-12
hf-2200,"salah indonesia berduka, 10 dokter meninggal pada hari yang sama akibat terinfeksi covid-19 turnbackhoax.id",0,kesehatan,hoaxid_hf,2021-05-11
hf-2202,salah mengonsumsi air hangat dan berkumur dengan air garam dapat hilangkan virus corona turnbackhoax.id,0,kesehatan,hoaxid_hf,2021-05-10
hf-2212,salah video warga india menyerang kendaraan tenaga medis dan menolak pcr turnbackhoax.id,0,kesehatan,hoaxid_hf,2021-05-09
hf-2217,salah mendeteksi virus corona dengan menahan napas 10 detik turnbackhoax.id,0,kesehatan,hoaxid_hf,2021-05-08
hf-2228,salah foto hasil ct scan paru-paru orang yang telah divaksin dan belum divaksin turnbackhoax.id,0,kesehatan,hoaxid_hf,2021-05-05
hf-2241,salah foto kremasi massal saat melonjaknya jumlah kasus infeksi covid-19 india turnbackhoax.id,0,kesehatan,hoaxid_hf,2021-05-04
hf-2244,"salah covid-19 adalah bakteri yang terpapar radiasi, sumber: kementerian kesehatan rusia turnbackhoax.id",0,kesehatan,hoaxid_hf,2021-05-03
hf-2254,salah video seseorang yang wafat karena terinfeksi virus covid-19 mempercayakan teman baiknya untuk membuang uangnya di times square di new york turnbackhoax.id,0,kesehatan,hoaxid_hf,2021-05-02
hf-2277,salah foto syuting film horor agar masyarakat indonesia mau divaksin turnbackhoax.id,0,kesehatan,hoaxid_hf,2021-04-29
hf-2286,salah bantuan dana dari bpjs kesehatan turnbackhoax.id,0,kesehatan,hoaxid_hf,2021-04-27
hf-2296,salah foto seorang lansia menggunakan alat bantu pernapasan di jalan karena kasus covid-19 di india meningkat drastis turnbackhoax.id,0,kesehatan,hoaxid_hf,2021-04-25
hf-2300,"false inhaling mothballs, cloves, carom seeds, and eucalyptus oil can relieve shortness of breath due tapi covid-19 infection turnbackhoax.id",0,kesehatan,hoaxid_hf,2021-04-25
hf-2304,salah ketua dprd mimika meninggal akibat vaksin turnbackhoax.id,0,kesehatan,hoaxid_hf,2021-04-24
hf-2314,"salah menghirup kapur barus, cengkeh, biji karom, dan minyak kayu putih dapat meredakan sesak nafas akibat infeksi covid-19 turnbackhoax.id",0,kesehatan,hoaxid_hf,2021-04-23
hf-2326,false all covid-19 vaccine test animals are proven tapi die because of vaccine injections turnbackhoax.id,0,kesehatan,hoaxid_hf,2021-04-22
hf-2330,salah makan bawang mentah dan garam bisa ubah positif covid-19 menjadi negatif setelah 15 menit turnbackhoax.id,0,kesehatan,hoaxid_hf,2021-04-21
hf-2332,"salah kenaikan limfosit usai vaksin, sebabkan kematian turnbackhoax.id",0,kesehatan,hoaxid_hf,2021-04-21
hf-2338,salah video membuang uang di times square untuk teman baiknya yang meninggal karena covid-19 turnbackhoax.id,0,kesehatan,hoaxid_hf,2021-04-20
hf-2341,salah meletakkan bawang di bawah telapak kaki dapat menyembuhkan kanker dan malaria turnbackhoax.id,0,kesehatan,hoaxid_hf,2021-04-20
hf-2346,salah video seorang kakek ditahan karena tidak memakai masker setelah vaksinasi turnbackhoax.id,0,kesehatan,hoaxid_hf,2021-04-19
hf-2352,salah seluruh hewan percobaan vaksin covid-19 terbukti mati karena suntik vaksin turnbackhoax.id,0,kesehatan,hoaxid_hf,2021-04-19
hf-2354,salah tim vaksinasi gsp cari data penerima vaksin turnbackhoax.id,0,kesehatan,hoaxid_hf,2021-04-19
hf-2370,"salah positif covid disebabkan oleh kekurangan vitamin, bukan oleh virus turnbackhoax.id",0,kesehatan,hoaxid_hf,2021-04-16
hf-2371,"salah vaksin korongna itu mrna, ini bukan vaksin tapi terapi gen, mrna ini jadi instruksi untuk menyebabkan mutasi turnbackhoax.id",0,kesehatan,hoaxid_hf,2021-04-16
hf-2376,salah kota tarakan kalimantan utara bebas covid-19 turnbackhoax.id,0,kesehatan,hoaxid_hf,2021-04-15
hf-2389,false the use of masks can cause death due tapi covid-19 turnbackhoax.id,0,kesehatan,hoaxid_hf,2021-04-13
hf-2394,salah korban vaksin lagi. kini anggota brimob di maluku turnbackhoax.id,0,kesehatan,hoaxid_hf,2021-04-13
hf-2395,salah pemerintah inggris menurunkan status covid-19 karena covid-19 bisa sembuh dengan paracetamol turnbackhoax.id,0,kesehatan,hoaxid_hf,2021-04-13
hf-2403,salah penggunaan masker dapat menyebabkan kematian akibat covid-19 turnbackhoax.id,0,kesehatan,hoaxid_hf,2021-04-11
hf-2406,salah foto munarman sudah divaksin turnbackhoax.id,0,kesehatan,hoaxid_hf,2021-04-10
hf-2407,salah pembersih alat rapid test corona bisa sebabkan kanker turnbackhoax.id,0,kesehatan,hoaxid_hf,2021-04-09
hf-2412,salah muhammadiyah larang masyarakat dengan ktp non-islam ikut vaksin turnbackhoax.id,0,kesehatan,hoaxid_hf,2021-04-08
hf-2417,salah vaksin melemahkan kekuatan tni turnbackhoax.id,0,kesehatan,hoaxid_hf,2021-04-08
hf-2426,"salah artikel berjudul china tidak bisa berbohong lagi, who akhirnya bongkar asal usul virus corona yang sebenarnya, benarkah dunia sudah dibohongi selama ini? turnbackhoax.id",0,kesehatan,hoaxid_hf,2021-04-07
hf-2428,"salah video lebih banyak mayat bertumpuk akibat covid, tapi salah satunya menghisap rokok turnbackhoax.id",0,kesehatan,hoaxid_hf,2021-04-06
hf-2430,salah makanan kaleng dari thailand menularkan virus aids turnbackhoax.id,0,kesehatan,hoaxid_hf,2021-04-06
hf-2431,salah website portal vaksin covid-19 corporate-realty.co turnbackhoax.id,0,kesehatan,hoaxid_hf,2021-04-06
hf-2433,salah vaksin covid-19 merusak sel otak dan sel darah turnbackhoax.id,0,kesehatan,hoaxid_hf,2021-04-06
hf-2444,salah vaksin di drive thrue banyak yang dibohongin begini sdm kita turnbackhoax.id,0,kesehatan,hoaxid_hf,2021-04-02
hf-2464,salah bantuan penanganan covid-19 untuk pondok pesantren dan panti asuhan oleh wakil ketua dprd pasuruan turnbackhoax.id,0,kesehatan,hoaxid_hf,2021-03-31
hf-2470,"salah khawatir tim medis lupa jenis vaksin yang diberikan, sertifikat vaksin harus disimpan turnbackhoax.id",0,kesehatan,hoaxid_hf,2021-03-30
hf-2476,salah ekstrak nanas bisa dijadikan obat virus corona turnbackhoax.id,0,kesehatan,hoaxid_hf,2021-03-29
hf-2480,salah setelah vaksin covid-19 selama 5 bulan tak boleh minum yang mengandung alkohol turnbackhoax.id,0,kesehatan,hoaxid_hf,2021-03-28
hf-2483,"salah vaksin berbasis mrna, dapat menyebabkan kanker turnbackhoax.id",0,kesehatan,hoaxid_hf,2021-03-25
hf-2484,salah pancaran radiasi wifi berakibat kanker darah pada anak turnbackhoax.id,0,kesehatan,hoaxid_hf,2021-03-25
hf-2485,salah yang vaksin jangan lupa kalau bisa sesuaikan surat vaccine nanti itu namanya sesuai passport turnbackhoax.id,0,kesehatan,hoaxid_hf,2021-03-25
hf-2494,salah tulisan ini dari kawan-kawan komunitas idi (ikatan dokter indonesia) turnbackhoax.id,0,kesehatan,hoaxid_hf,2021-03-24
hf-2495,salah tentara angkatan laut australia mengalami efek samping parah setelah divaksin covid-19 turnbackhoax.id,0,kesehatan,hoaxid_hf,2021-03-23
hf-2506,salah rumput paragis untuk menyembuhkan kanker turnbackhoax.id,0,kesehatan,hoaxid_hf,2021-03-22
hf-2509,salah pengumuman jadwal vaksinasi untuk umum di wilayah jawa barat maret 2021 oleh gubernur turnbackhoax.id,0,kesehatan,hoaxid_hf,2021-03-22
hf-2516,salah foto gubernur korea selatan menggunakan jaket saat divaksin turnbackhoax.id,0,kesehatan,hoaxid_hf,2021-03-21
hf-2517,salah 17 negara melarang penyebaran vaksin astrazeneca turnbackhoax.id,0,kesehatan,hoaxid_hf,2021-03-21
hf-2519,salah lowongan kerja dinas kesehatan kabupaten bojonegoro turnbackhoax.id,0,kesehatan,hoaxid_hf,2021-03-19
hf-2526,salah episode sitkom bajaj bajuri ramalkan virus corona tahun 2021 turnbackhoax.id,0,kesehatan,hoaxid_hf,2021-03-17
hf-2528,salah tidak ada kasus covid-19 di bhutan karena penduduknya vegetarian turnbackhoax.id,0,kesehatan,hoaxid_hf,2021-03-16
hf-2529,salah vaksin sinovac kadaluwarsa 25 maret 2021 dan dibuat sebelum pandemi turnbackhoax.id,0,kesehatan,hoaxid_hf,2021-03-16
hf-2536,salah vaksinasi covid-19 untuk warga non dki jakarta di istora senayan turnbackhoax.id,0,kesehatan,hoaxid_hf,2021-03-14
hf-2545,salah pesan berantai whatsapp bantuan sosial finansial rp3.550.000 dari bpjs kesehatan turnbackhoax.id,0,kesehatan,hoaxid_hf,2021-03-13
hf-2547,"salah vaksin sinovac, vaksin yang sebenarnya di peruntukkan untuk ayam turnbackhoax.id",0,kesehatan,hoaxid_hf,2021-03-13
hf-2548,salah rusia menemukan bahwa covid-19 tidak disebabkan oleh virus turnbackhoax.id,0,kesehatan,hoaxid_hf,2021-03-12
hf-2555,"salah bio farma mengadakan vaksinasi covid-19 pada jumat, 12 maret 2021 turnbackhoax.id",0,kesehatan,hoaxid_hf,2021-03-12
hf-2557,salah vaksin sinovac berisikan virus hidup yang dilemahkan serta mengandung sel vero dan bahan-bahan berbahaya turnbackhoax.id,0,kesehatan,hoaxid_hf,2021-03-11
hf-2558,salah video vaksinasi di.mall t.anggrek turnbackhoax.id,0,kesehatan,hoaxid_hf,2021-03-11
hf-2561,salah menghirup uap panas teh herbal dapat mencegah dan menyembuhkan covid-19 turnbackhoax.id,0,kesehatan,hoaxid_hf,2021-03-10
hf-2569,salah pesan berantai video potensi bahaya vaksin covid-19 turnbackhoax.id,0,kesehatan,hoaxid_hf,2021-03-07
hf-2571,salah uap panas hasil rebusan daun jambu dapat mengobati covid-19 turnbackhoax.id,0,kesehatan,hoaxid_hf,2021-03-07
hf-2572,salah terdapat paku dalam kapsul obat turnbackhoax.id,0,kesehatan,hoaxid_hf,2021-03-07
hf-2573,salah vaksin moderna dirancang untuk mengubah dna manusia turnbackhoax.id,0,kesehatan,hoaxid_hf,2021-03-07
hf-2577,salah pemberian vaksin covid-19 oleh badan litbangkes turnbackhoax.id,0,kesehatan,hoaxid_hf,2021-03-06
hf-2578,salah kenapa semua nya meninggal dengan ciri ciri penyebab yang sama seperti korban vaksin covid-19 lain di luar negeri turnbackhoax.id,0,kesehatan,hoaxid_hf,2021-03-05
hf-2587,salah vaksinasi di ppsdmk cukup bawa ktp sebagai syarat turnbackhoax.id,0,kesehatan,hoaxid_hf,2021-03-03
hf-2600,"salah anosmia bukan gejala khas virus, minum saja mecobalamin 5 cap setiap 1 jam sampai diare ringan turnbackhoax.id",0,kesehatan,hoaxid_hf,2021-03-01
hf-2609,salah bpjs kesehatan memberikan bantuan dana rp50 juta kepada tkw turnbackhoax.id,0,kesehatan,hoaxid_hf,2021-02-27
hf-2611,salah akun whatsapp juru bicara vaksinasi covid-19 meminta sejumlah dana turnbackhoax.id,0,kesehatan,hoaxid_hf,2021-02-27
hf-2619,salah demonstrasi memprotes kebijakan covid-19 di romania turnbackhoax.id,0,kesehatan,hoaxid_hf,2021-02-26
hf-2622,salah memakai masker secara terus menerus akan menyebabkan kanker paru-paru turnbackhoax.id,0,kesehatan,hoaxid_hf,2021-02-25
hf-2630,salah bantuan 37 juta rupiah dari bpjs kesehatan turnbackhoax.id,0,kesehatan,hoaxid_hf,2021-02-24
hf-2631,salah foto efek samping yang dialami setelah vaksinasi moderna covid-19 turnbackhoax.id,0,kesehatan,hoaxid_hf,2021-02-24
hf-2642,salah pernyataan ketua satgas covid terkait hirup uap air panas membunuh virus corona turnbackhoax.id,0,kesehatan,hoaxid_hf,2021-02-23
hf-2649,salah tips kesehatan membuang batu empedu turnbackhoax.id,0,kesehatan,hoaxid_hf,2021-02-23
hf-2661,salah setelah di vaksin maka kasus hiv dan kanker akan meledak turnbackhoax.id,0,kesehatan,hoaxid_hf,2021-02-20
hf-2662,salah wabah flu spanyol penyebabnya bukan virus melainkan gejala pneumonia oleh bakteri akibat oleh karena adanya wajib masker turnbackhoax.id,0,kesehatan,hoaxid_hf,2021-02-20
hf-2679,"salah terkuak, ternyata jemaah haji indonesia ditolak bukan karena covid 19 turnbackhoax.id",0,kesehatan,hoaxid_hf,2021-02-18
hf-2682,salah jambu kristal putih dapat menangkal covid-19 turnbackhoax.id,0,kesehatan,hoaxid_hf,2021-02-17
hf-2698,"salah covid-19 bukan virus, sumber : kementerian kesehatan italy turnbackhoax.id",0,kesehatan,hoaxid_hf,2021-02-14
hf-2705,salah kondisi seorang remaja perempuan setelah vaksinasi covid-19 turnbackhoax.id,0,kesehatan,hoaxid_hf,2021-02-12
hf-2716,salah vietnam tanpa kasus kematian akibat covid-19 karena campuran teh panas dan lemon turnbackhoax.id,0,kesehatan,hoaxid_hf,2021-02-11
hf-2720,salah kematian ustadz maaher akibat disuntik vaksin turnbackhoax.id,0,kesehatan,hoaxid_hf,2021-02-11
hf-2724,salah minum air hangat 4 kali sehari dapat menyembuhkan covid-19 turnbackhoax.id,0,kesehatan,hoaxid_hf,2021-02-10
hf-2732,"salah setahun koma di rumah sakit, begitu siuman pria ini syok orang-orang tercinta meninggal karena covid turnbackhoax.id",0,kesehatan,hoaxid_hf,2021-02-09
hf-2744,salah fenomena banjir darah di pekalongan turnbackhoax.id,0,kesehatan,hoaxid_hf,2021-02-07
hf-2758,salah yahya waloni menuai balasan dari ucapannya yang menantang covid-19 dan enggan menggunakan masker turnbackhoax.id,0,kesehatan,hoaxid_hf,2021-02-07
hf-2759,salah obat klorin dioksida temuan prof dari richard claproth dapat menyembuhkan covid-19 turnbackhoax.id,0,kesehatan,hoaxid_hf,2021-02-07
hf-2761,salah video air rebusan belimbing wuluh dapat mencegah dan menyembuhkan covid-19 turnbackhoax.id,0,kesehatan,hoaxid_hf,2021-02-06
hf-2769,salah ramuan penangkal covid-19 oleh kemenkes turnbackhoax.id,0,kesehatan,hoaxid_hf,2021-02-05
hf-2778,salah menteri kesehatan thailand menangis saat disuntik vaksin covid-19 turnbackhoax.id,0,kesehatan,hoaxid_hf,2021-02-03
hf-2779,salah bantuan covid-19 untuk pemilik sim a dan sih oleh asuransi jasa raharja turnbackhoax.id,0,kesehatan,hoaxid_hf,2021-02-03
hf-2784,salah satu2nya negara yang tidak ada covid19-nya tanzania. mereka enggak pernah adakan rapid test n pcr kepada penduduknya turnbackhoax.id,0,kesehatan,hoaxid_hf,2021-02-03
hf-2788,salah pesan berantai paradox vaksin turnbackhoax.id,0,kesehatan,hoaxid_hf,2021-02-02
hf-2789,"salah test ge nose c19, mudah n murah. rp 15 rb, 10 detik, akurasi 99,9. enggak harus swab, enggak harus diambil darah turnbackhoax.id",0,kesehatan,hoaxid_hf,2021-02-02
hf-2796,salah dua kekasih tidak lepas berpelukan setelah berhubungan intim di jalan turnbackhoax.id,0,kesehatan,hoaxid_hf,2021-01-31
hf-2798,salah gereja haramkan vaksin kok mui halalkan vaksin? turnbackhoax.id,0,kesehatan,hoaxid_hf,2021-01-31
hf-2806,salah lianhua qingwen dapat digunakan sebagai obat covid-19 turnbackhoax.id,0,kesehatan,hoaxid_hf,2021-01-28
hf-2810,salah nomor palsu satgas covid-19 beredar di whatsapp turnbackhoax.id,0,kesehatan,hoaxid_hf,2021-01-28
hf-2813,salah berkumur dengan air hangat dan air garam dapat menghilangkan virus corona turnbackhoax.id,0,kesehatan,hoaxid_hf,2021-01-28
hf-2815,salah minum air kelapa sebagai penangkal racun usai divaksin turnbackhoax.id,0,kesehatan,hoaxid_hf,2021-01-27
hf-2817,salah kumham hapus sanksi pidana setelah anak buah megawati tolak vaksin turnbackhoax.id,0,kesehatan,hoaxid_hf,2021-01-26
hf-2821,"salah karena disuntik vaksin, dokter di palembang meninggal turnbackhoax.id",0,kesehatan,hoaxid_hf,2021-01-25
hf-2825,salah julio iglesias meninggal karena covid19 turnbackhoax.id,0,kesehatan,hoaxid_hf,2021-01-24
hf-2827,"salah kesan abdul somad saat divaksin: indak terasa sakit, tak sesakit ditinggal pas lagi sayang-sayangnya turnbackhoax.id",0,kesehatan,hoaxid_hf,2021-01-24
hf-2828,salah foto anak korban vaksinasi covid turnbackhoax.id,0,kesehatan,hoaxid_hf,2021-01-24
hf-2830,salah indonesia tidak dapat menggugat jika vaksin bermasalah turnbackhoax.id,0,kesehatan,hoaxid_hf,2021-01-23
hf-2834,salah ketua bpom ditekan dan diancam untuk keluarkan vaksin sinovac turnbackhoax.id,0,kesehatan,hoaxid_hf,2021-01-23
hf-2840,salah vaksinasi presiden harus diulang dan hati-hati dengan vaksinasi turnbackhoax.id,0,kesehatan,hoaxid_hf,2021-01-22
hf-2841,salah tangkapan layar video cnn memberitakan rakyat akan dibunuh oleh vaksin dari tiongkok turnbackhoax.id,0,kesehatan,hoaxid_hf,2021-01-21
hf-2842,salah diagram chip 5g pada vaksin covid-19 turnbackhoax.id,0,kesehatan,hoaxid_hf,2021-01-21
hf-2844,salah obat covid-19 dexamethasone lebih murah dari harga vaksin covid-19 turnbackhoax.id,0,kesehatan,hoaxid_hf,2021-01-21
hf-2852,salah eric tohir sang missionaris chip covid-19 turnbackhoax.id,0,kesehatan,hoaxid_hf,2021-01-21
hf-2853,"salah pernyataan idi terkait aspartame dalam minuman instan sebabkan kanker, diabetes, dan pengerasan sumsum tulang belakang turnbackhoax.id",0,kesehatan,hoaxid_hf,2021-01-20
hf-2856,salah 5 cara untuk meningkatkan anti body dari regu pembasmi covid-19 turnbackhoax.id,0,kesehatan,hoaxid_hf,2021-01-20
hf-2863,salah video bill gates rapat dengan cia mengenai vaksin pada tahun 2005 turnbackhoax.id,0,kesehatan,hoaxid_hf,2021-01-20
hf-2864,salah video puluhan santri pingsan setelah vaksin covid-19 sinovac turnbackhoax.id,0,kesehatan,hoaxid_hf,2021-01-19
hf-2865,salah singapura hentikan vaksinasi setelah 48 orang meninggal di negaranya turnbackhoax.id,0,kesehatan,hoaxid_hf,2021-01-19
hf-2870,salah video setelah disuntik vaksin pingsan tak sadarkan diri turnbackhoax.id,0,kesehatan,hoaxid_hf,2021-01-19
hf-2873,salah kasdim 0817 gresik mayor sugeng riyadi meninggal akibat disuntik vaksin turnbackhoax.id,0,kesehatan,hoaxid_hf,2021-01-18
hf-2874,salah merokok bisa menghadang virus corona turnbackhoax.id,0,kesehatan,hoaxid_hf,2021-01-18
hf-2876,salah vaksin covid-19 itu telah bermutasi menjadi ribuan covid-19 baru di seluruh dunia turnbackhoax.id,0,kesehatan,hoaxid_hf,2021-01-18
hf-2877,salah pembagian masker gratis dicampur obat bius turnbackhoax.id,0,kesehatan,hoaxid_hf,2021-01-18
hf-2883,"salah jokowi bukan disuntik vaksin, melainkan suntik vitamin turnbackhoax.id",0,kesehatan,hoaxid_hf,2021-01-17
hf-2885,"salah jika sudah disuntik vaksin covid-19, tidak perlu mematuhi protokol kesehatan turnbackhoax.id",0,kesehatan,hoaxid_hf,2021-01-17
hf-2889,"salah berita terbaru hari ini 48 orang te.was setelah di vaksin coro.na, agenda ja.hat re.zim terungkap! turnbackhoax.id",0,kesehatan,hoaxid_hf,2021-01-16
hf-2892,salah kronologi syekh ali jabar wafat 2 jam sebelum beliau wafat tak disangka ternyata karena vaksin ini?? turnbackhoax.id,0,kesehatan,hoaxid_hf,2021-01-16
hf-2896,salah ketua fraksi pdip saja enggak mau di vaksin turnbackhoax.id,0,kesehatan,hoaxid_hf,2021-01-16
hf-2904,salah terapi uap panas dan minyak kayu putih dapat membunuh virus corona turnbackhoax.id,0,kesehatan,hoaxid_hf,2021-01-15
hf-2905,salah presiden terpilih as joe bidden mundur karena alasan kesehatan turnbackhoax.id,0,kesehatan,hoaxid_hf,2021-01-15
hf-2907,salah jokowi kejang dan meninggal dunia setelah disuntik vaksin turnbackhoax.id,0,kesehatan,hoaxid_hf,2021-01-15
hf-2910,salah pesan whatsapp undangan rakernas peningkatan kinerja tenaga kesehatan oleh dinkes dki turnbackhoax.id,0,kesehatan,hoaxid_hf,2021-01-15
hf-2915,salah jokowi menggunakan vaksin buatan eropa turnbackhoax.id,0,kesehatan,hoaxid_hf,2021-01-14
hf-2917,salah rakyat aceh menolak vaksin covid19 karena menurut para ulama aceh itu haram turnbackhoax.id,0,kesehatan,hoaxid_hf,2021-01-14
hf-2919,salah obat covid-19 dari asap batok kelapa turnbackhoax.id,0,kesehatan,hoaxid_hf,2021-01-13
hf-2922,salah kemasan vaksin sinovac enggak pakai ampulan didalam box vaksin sudah ada spuit khusus yang sudah ada vaksin nya turnbackhoax.id,0,kesehatan,hoaxid_hf,2021-01-13
hf-2925,"salah video antri pemakaman covid-19 di tegal alur,jkt. hidup antri, mau dikuburpun antri. turnbackhoax.id",0,kesehatan,hoaxid_hf,2021-01-13
hf-2926,salah hirup uap air panas dua kali sehari dapat menangkal covid-19 turnbackhoax.id,0,kesehatan,hoaxid_hf,2021-01-13
hf-2931,salah tiongkok dan luhut pandjaitan merencanakan pembunuhan massal terhadap pribumi dengan 40 ribu ton alat tes covid-19 turnbackhoax.id,0,kesehatan,hoaxid_hf,2021-01-12
hf-2932,salah 21 pasien mengalami efek samping setelah memakai vaksin moderna turnbackhoax.id,0,kesehatan,hoaxid_hf,2021-01-12
hf-2933,salah setengah karyawan btc pangkalpinang positif covid-19 turnbackhoax.id,0,kesehatan,hoaxid_hf,2021-01-12
hf-2934,salah pesan berantai rekrutmen relawan untuk merawat pasien covid 19 di wisma atlet oleh dokter irna turnbackhoax.id,0,kesehatan,hoaxid_hf,2021-01-12
hf-2945,salah video vaksin astrazeneca menggunakan mrc-5 turnbackhoax.id,0,kesehatan,hoaxid_hf,2021-01-11
hf-2946,salah covid-19 adalah tipuan terbesar yang pernah dilakukan dan hanya flu buruk lainnya turnbackhoax.id,0,kesehatan,hoaxid_hf,2021-01-11
hf-2947,salah sakit mendadak oleh vaksin turnbackhoax.id,0,kesehatan,hoaxid_hf,2021-01-10
hf-2955,salah hanya 13 ribu orang di britania raya yang terinfeksi covid-19 pada tahun 2020 turnbackhoax.id,0,kesehatan,hoaxid_hf,2021-01-09
hf-2958,salah penerima vaksin perdana meninggal dunia usai disuntik vaksin pfizer turnbackhoax.id,0,kesehatan,hoaxid_hf,2021-01-09
hf-2960,salah ternyata vaksin yang akan di suntikan ke jokowi berbeda turnbackhoax.id,0,kesehatan,hoaxid_hf,2021-01-09
hf-2964,salah inalilahi wainailaihi rojiun telah meninggal..hrs..di dalam sel karena kena covid turnbackhoax.id,0,kesehatan,hoaxid_hf,2021-01-08
hf-2966,salah pinjaman dana bantuan covid-19 oleh bupati pasuruan irsyad yusuf turnbackhoax.id,0,kesehatan,hoaxid_hf,2021-01-08
hf-2967,salah vaksin sinovac disebutkan memberi efek samping pembesaran alat kelamin turnbackhoax.id,0,kesehatan,hoaxid_hf,2021-01-08
hf-2968,"salah fabiana souza, penerima perdana suntikan vaksin covid 19 meninggal dunia di rs.sao lucas porto alegre brazil selatan turnbackhoax.id",0,kesehatan,hoaxid_hf,2021-01-07
hf-2970,salah hydro oxy mouth freshener spray dapat cegah dan sembuhkan virus covid-19 turnbackhoax.id,0,kesehatan,hoaxid_hf,2021-01-07
hf-2975,"salah vaksin bermasalah dan mengerikan, disuntik bisa menjadi sakit dan sekarat turnbackhoax.id",0,kesehatan,hoaxid_hf,2021-01-06
hf-2983,salah vaksin sinovac covid-19 yang akan di suntikkan kepada warga hanya untuk kelinci percobaan turnbackhoax.id,0,kesehatan,hoaxid_hf,2021-01-06
hf-2988,salah raja thailand panggil ulama islam baca doa tolak bala covid 19 turnbackhoax.id,0,kesehatan,hoaxid_hf,2021-01-05
hf-2989,salah vaksin sinovac mengandung sel kera hijau afrika turnbackhoax.id,0,kesehatan,hoaxid_hf,2021-01-05
hf-2991,salah tulisan dari. siti fadillah terkait pengobatan covid-19 turnbackhoax.id,0,kesehatan,hoaxid_hf,2021-01-05
hf-2992,salah artikel cnn seorang dokter merekomendasikan vaksin covid19 disuntikkan di alat kelamin pria turnbackhoax.id,0,kesehatan,hoaxid_hf,2021-01-05
hf-2994,salah resep campuran teh hijau dan lemon untuk atasi covid-19 turnbackhoax.id,0,kesehatan,hoaxid_hf,2021-01-05
hf-3003,salah sambal bawang bisa cegah covid19 turnbackhoax.id,0,kesehatan,hoaxid_hf,2021-01-03
hf-3006,salah video ribuan jamaah tanpa masker sambut kedatangan ustadz abdul somad di tengah pandemi covid-19 turnbackhoax.id,0,kesehatan,hoaxid_hf,2021-01-02
hf-3007,salah bill gates mengatakan dia tidak akan divaksinasi dan ceo pfizer juga menunda menerima vaksin covid-19 turnbackhoax.id,0,kesehatan,hoaxid_hf,2021-01-02
hf-3008,salah minum teh dengan batang lada dapat sembuhkan covid-19 turnbackhoax.id,0,kesehatan,hoaxid_hf,2021-01-02
hf-3019,salah kesimpulan rob oswald: covid 19 adalah khayalan dan fiktif turnbackhoax.id,0,kesehatan,hoaxid_hf,2021-01-01
hf-3021,salah who menyatakan bahwa vaksin sinovac adalah vaksin yang paling lemah turnbackhoax.id,0,kesehatan,hoaxid_hf,2021-01-01
hf-3022,salah istora senayan dijadikan tempat penampungan pasien covid-19 turnbackhoax.id,0,kesehatan,hoaxid_hf,2021-01-01
hf-3029,salah video keadaan rs covid wisma atlet turnbackhoax.id,0,kesehatan,hoaxid_hf,2020-12-30
hf-3042,salah tiga wanita bintang iklan jamu covid-19 turnbackhoax.id,0,kesehatan,hoaxid_hf,2020-12-28
hf-3043,salah tunggakan bpjs kesehatan lunas hanya dengan bayar 6 bulan turnbackhoax.id,0,kesehatan,hoaxid_hf,2020-12-28
hf-3051,salah bupati bojonegoro dari. hj. anna muawanah terpapar covid-19 turnbackhoax.id,0,kesehatan,hoaxid_hf,2020-12-28
hf-3057,salah jokowi hari ini tolak di suntik vaksin covid-19 duluan turnbackhoax.id,0,kesehatan,hoaxid_hf,2020-12-26
hf-3062,salah rekrutmen kerja staf lab vaksin oleh rsu mulia hati turnbackhoax.id,0,kesehatan,hoaxid_hf,2020-12-26
hf-3066,salah rumah sakit di lockdown karena pasien vaksin covid pertama mulai makan pasien lain turnbackhoax.id,0,kesehatan,hoaxid_hf,2020-12-25
hf-3071,salah vaksin covid-19 buatan pfizer berbentuk vape turnbackhoax.id,0,kesehatan,hoaxid_hf,2020-12-24
hf-3077,salah syarat vaksin gratis jokowi: bpjs kesehatan anda harus aktif turnbackhoax.id,0,kesehatan,hoaxid_hf,2020-12-23
hf-3079,salah relawan alami gangguan saraf setelah disuntik vaksin sinovac turnbackhoax.id,0,kesehatan,hoaxid_hf,2020-12-23
hf-3085,salah paus fransiskus mengatakan vaksin covid sekarang akan diperlukan untuk masuk surga turnbackhoax.id,0,kesehatan,hoaxid_hf,2020-12-22
hf-3086,salah video jarum suntik menghilang saat proses vaksinasi covid-19 turnbackhoax.id,0,kesehatan,hoaxid_hf,2020-12-21
hf-3090,salah jokowi akan menggunakan vaksin pfizer dan vaksin sinovac untuk masyarakat turnbackhoax.id,0,kesehatan,hoaxid_hf,2020-12-21
hf-3096,salah foto polisi dengan luka bacok turnbackhoax.id,0,kesehatan,hoaxid_hf,2020-12-20
hf-3098,"salah video perawat pingsan setelah mendapat vaksin covid-19, potensi genosida massal turnbackhoax.id",0,kesehatan,hoaxid_hf,2020-12-20
hf-3104,salah vaksin yang disimpan -80 derajat bukanlah vaksin melainkan agen transfeksi yang dapat memanipulasi genetika manusia turnbackhoax.id,0,kesehatan,hoaxid_hf,2020-12-18
hf-3106,salah singapura membuka vaccine tourism dan melakukan vaksinasi di bandara changi turnbackhoax.id,0,kesehatan,hoaxid_hf,2020-12-18
hf-3114,salah foto 4 orang alami kelumpuhan wajah setelah disuntik vaksin corona turnbackhoax.id,0,kesehatan,hoaxid_hf,2020-12-17
hf-3117,salah kota manado zona hitam covid-19 turnbackhoax.id,0,kesehatan,hoaxid_hf,2020-12-17
hf-3118,salah kandungan formaldehida pada vaksin menyebabkan leukimia pada anak turnbackhoax.id,0,kesehatan,hoaxid_hf,2020-12-17
hf-3126,salah idi tolak yang pertama dapat vaksin sinovac china turnbackhoax.id,0,kesehatan,hoaxid_hf,2020-12-15
hf-3127,salah 44 orang tenaga kesehatan positif covid di rs tipe b parepare turnbackhoax.id,0,kesehatan,hoaxid_hf,2020-12-15
hf-3137,salah video konvoi kemenangan plat ada tidak patuhi protokol kesehatan turnbackhoax.id,0,kesehatan,hoaxid_hf,2020-12-13
hf-3143,"salah konsumsi campuran air kelapa, jeruk nipis, garam dan madu dapat menyembuhkan covid-19 turnbackhoax.id",0,kesehatan,hoaxid_hf,2020-12-13
hf-3144,salah satu rt di ciracas terkena covid-19 turnbackhoax.id,0,kesehatan,hoaxid_hf,2020-12-13
hf-3148,salah pendaftaran relawan covid-19 di wisma atlet turnbackhoax.id,0,kesehatan,hoaxid_hf,2020-12-13
hf-3158,salah ketua tim peneliti pfizer: vaksin covid-19 dapat menyebabkan kemandulan bagi perempuan turnbackhoax.id,0,kesehatan,hoaxid_hf,2020-12-12
hf-3159,salah telapak kaki relawan melepuh efek samping suntik vaksin covid-19 turnbackhoax.id,0,kesehatan,hoaxid_hf,2020-12-12
hf-3162,"salah covid-19 merupakan buatan manusia sebagai senjata biologis dari carolina utara, amerika serikat dan pasien nol bernama maatje benassi turnbackhoax.id",0,kesehatan,hoaxid_hf,2020-12-11
hf-3168,salah jangan datang ke jalan melong cikawao karena satu rt positif covid-19 turnbackhoax.id,0,kesehatan,hoaxid_hf,2020-12-11
hf-3173,salah kpk lakukan ott seorang dokter gigi di surabaya berkaitan dengan pilkada 2020 turnbackhoax.id,0,kesehatan,hoaxid_hf,2020-12-10
hf-3187,salah minum minyak kayu putih dapat menyembuhkan covid-19 turnbackhoax.id,0,kesehatan,hoaxid_hf,2020-12-08
hf-3189,salah china sembuh dari covid-19 tanpa vaksin turnbackhoax.id,0,kesehatan,hoaxid_hf,2020-12-08
hf-3194,"salah foto enam jenazah anggota fpi yang ditembak polisi, berlumuran darah, wajah penuh luka lebam turnbackhoax.id",0,kesehatan,hoaxid_hf,2020-12-08
hf-3198,salah gratis langganan netflix selama satu tahun karena pandemi covid-19 turnbackhoax.id,0,kesehatan,hoaxid_hf,2020-12-07
hf-3203,salah kopi bisa cegah dan sembuhkan covid-19 turnbackhoax.id,0,kesehatan,hoaxid_hf,2020-12-07
hf-3208,salah baru sehari mentrinya jadi tsk bantuan covid.19 yang ditilep. hari ini kantor kemensos terbakar turnbackhoax.id,0,kesehatan,hoaxid_hf,2020-12-07
hf-3216,"salah yang punya kartu bpjs (kis) kesehatan akan diberikan bantuan uang tunai sebesar 2,4 juta turnbackhoax.id",0,kesehatan,hoaxid_hf,2020-12-06
hf-3229,"salah foto keadaan rumah sakit yang sepi dari pasien covid-19 di nevada, amerika serikat turnbackhoax.id",0,kesehatan,hoaxid_hf,2020-12-04
hf-3235,salah kandungan alumunium pada vaksin berbahaya bagi otak turnbackhoax.id,0,kesehatan,hoaxid_hf,2020-12-02
hf-3266,salah korea selatan kelabakan lihat warganya meninggal satu persatu usai disuntik vaksin turnbackhoax.id,0,kesehatan,hoaxid_hf,2020-11-28
hf-3267,salah pesan berantai donor darah gratis oleh blood for life (bfl) indonesia turnbackhoax.id,0,kesehatan,hoaxid_hf,2020-11-28
hf-3268,salah vaksin covid-19 berbasis mrna dapat mengubah dna manusia turnbackhoax.id,0,kesehatan,hoaxid_hf,2020-11-28
hf-3278,"salah kebijakan ticketmaster, wajibkan vaksin covid-19 sebelum menghadiri konser turnbackhoax.id",0,kesehatan,hoaxid_hf,2020-11-27
hf-3279,"salah minum air panas, susu panas, teh panas dan menghirup uapnya dapat membunuh virus corona turnbackhoax.id",0,kesehatan,hoaxid_hf,2020-11-27
hf-3280,salah video keramaian stasiun kereta api di india selama pandemi covid-19 turnbackhoax.id,0,kesehatan,hoaxid_hf,2020-11-26
hf-3284,salah joe biden mengangkat orang india sebagai penasehat politik turnbackhoax.id,0,kesehatan,hoaxid_hf,2020-11-26
hf-3286,salah covid-19 adalah akronim dari certification of vaccination identification 2019 dan penanaman barcode implan di wuhan pada tahun 2019 turnbackhoax.id,0,kesehatan,hoaxid_hf,2020-11-26
hf-3292,salah air rebusan bawang putih dapat menyembuhkan covid-19 turnbackhoax.id,0,kesehatan,hoaxid_hf,2020-11-24
hf-3294,salah foto viral! beredar foto anies jenguk rizieq yang positif covid-19 turnbackhoax.id,0,kesehatan,hoaxid_hf,2020-11-24
hf-3295,salah test swab covid-19 dapat menyebabkan lapisan otak pecah dan pendarahan hingga kematian dan pernah terjadi di kanada turnbackhoax.id,0,kesehatan,hoaxid_hf,2020-11-24
hf-3300,salah corona adalah kedok dari penyakit radiasi turnbackhoax.id,0,kesehatan,hoaxid_hf,2020-11-23
hf-3315,"salah akibat suntik vaksin dari cina , masyarakat zimbabwe terkena penyakit kulit ber air. turnbackhoax.id",0,kesehatan,hoaxid_hf,2020-11-20
hf-3316,salah tempurung kelapa dapat mengobati sakit gigi berlubang turnbackhoax.id,0,kesehatan,hoaxid_hf,2020-11-20
hf-3340,salah video pemusik dan penyanyi dunia dari berbagai agama menyanyikan asmaul husna di selandia baru untuk memohon berhentinya wabah covid-19 turnbackhoax.id,0,kesehatan,hoaxid_hf,2020-11-14
hf-3365,"salah di tanya soal virus corona korlap fpi: hanya imam besar kami yang punya penangkal virus corona, karena imam besar kami cucu nabi turnbackhoax.id",0,kesehatan,hoaxid_hf,2020-11-11
hf-3378,salah luhut positif covid-19 dan dilarikan ke rs militer turnbackhoax.id,0,kesehatan,hoaxid_hf,2020-11-11
hf-3383,salah 48 orang di korea selatan meninggal setelah disuntik vaksin covid-19 turnbackhoax.id,0,kesehatan,hoaxid_hf,2020-11-09
hf-3389,salah kisah dokter yang kekasihnya positif covid-19 di italia turnbackhoax.id,0,kesehatan,hoaxid_hf,2020-11-09
hf-3429,salah bpom halangi vaksin yang akan diberikan turnbackhoax.id,0,kesehatan,hoaxid_hf,2020-11-03
hf-3439,salah pemerintah berikan bantuan internet gratis selama pandemi covid-19 turnbackhoax.id,0,kesehatan,hoaxid_hf,2020-11-02
hf-3447,salah pertolongan pertama pada stroke dengan tusuk jari turnbackhoax.id,0,kesehatan,hoaxid_hf,2020-11-01
hf-3481,salah presiden jokowi menjadi dokter turnbackhoax.id,0,kesehatan,hoaxid_hf,2020-10-28
hf-3483,salah pesan pembuatan grup whatsapp tentang virus covid-19 oleh sekjen kemenkes turnbackhoax.id,0,kesehatan,hoaxid_hf,2020-10-27
hf-3493,salah kawasan johor baru malaysia terdampak ekonomi pandemi covid-19 turnbackhoax.id,0,kesehatan,hoaxid_hf,2020-10-27
hf-3501,salah pandemi telah berakhir dan covid-19 adalah flu biasa turnbackhoax.id,0,kesehatan,hoaxid_hf,2020-10-25
hf-3518,salah pendataan imunisasi covid-19 untuk tenaga medis dan non medis oleh dinas kesehatan provinsi dki jakarta turnbackhoax.id,0,kesehatan,hoaxid_hf,2020-10-23
hf-3522,salah daun sisik naga dapat menyembuhkan kanker payudara turnbackhoax.id,0,kesehatan,hoaxid_hf,2020-10-23
hf-3549,salah jenazah pasien covid-19 dikubur masih pakai daster dan tidak sesuai syariat fardhu kifayah islam turnbackhoax.id,0,kesehatan,hoaxid_hf,2020-10-20
hf-3565,salah vaksin covid-19 dapat mengubah dna manusia turnbackhoax.id,0,kesehatan,hoaxid_hf,2020-10-19
hf-3566,"salah mana mau media memberita kan polisi yang terluka, mereka beritakan kalau ada perusuh yang terluka turnbackhoax.id",0,kesehatan,hoaxid_hf,2020-10-19
hf-3574,salah ternyata sudah 10 hari pendemo tidak ada yang kena covid 19 turnbackhoax.id,0,kesehatan,hoaxid_hf,2020-10-18
hf-3579,salah presiden donald trump meninggal dunia karena covid-19 turnbackhoax.id,0,kesehatan,hoaxid_hf,2020-10-17
hf-3592,"salah donald trump: darahku adalah vaksinnya!!!, turnbackhoax.id",0,kesehatan,hoaxid_hf,2020-10-16
hf-3596,salah mui larang penggunaan vaksin covid-19 yang didatangkan dari tiongkok turnbackhoax.id,0,kesehatan,hoaxid_hf,2020-10-16
hf-3609,"salah dzolim banget polisi ini, demonstran terluka dirawat di rs tapi pakai cara interogasi penyiksaan turnbackhoax.id",0,kesehatan,hoaxid_hf,2020-10-15
hf-3610,salah harga vaksin di indonesia 1000 lebih mahal daripada di brazil turnbackhoax.id,0,kesehatan,hoaxid_hf,2020-10-15
hf-3612,salah covid-19 tidak membuat orang meninggal dunia turnbackhoax.id,0,kesehatan,hoaxid_hf,2020-10-15
hf-3627,salah foto dokter menyatakan covid-19 disebarkan melalui vaksin turnbackhoax.id,0,kesehatan,hoaxid_hf,2020-10-14
hf-3639,salah memakai masker menyebabkan kanker turnbackhoax.id,0,kesehatan,hoaxid_hf,2020-10-12
hf-3653,"salah mereka yang turun ke jalanan hari ini jika besok mereka masih hidup dan sehat, artinya perihal corona hanya politik bisnis semata turnbackhoax.id",0,kesehatan,hoaxid_hf,2020-10-10
hf-3663,salah menghirup uap panci presto dapat mengobati covid-19 turnbackhoax.id,0,kesehatan,hoaxid_hf,2020-10-09
hf-3669,salah selembaran berisi informasi daun teh tiek kwan im mengandung obat bius turnbackhoax.id,0,kesehatan,hoaxid_hf,2020-10-08
hf-3671,salah pengumuman beasiswa covid-19 rp4 juta dari stmik royal kisaran melalui sms turnbackhoax.id,0,kesehatan,hoaxid_hf,2020-10-08
hf-3677,salah biden terpapar covid-19 dan batuk terus-menerus saat kampanye turnbackhoax.id,0,kesehatan,hoaxid_hf,2020-10-07
hf-3682,salah pesawat darurat bencana diluncurkan karena donald trump positif covid-19 turnbackhoax.id,0,kesehatan,hoaxid_hf,2020-10-06
hf-3686,salah anies baswedan terpapar covid-19 dan dilarikan ke rs royal sunter turnbackhoax.id,0,kesehatan,hoaxid_hf,2020-10-05
hf-3690,salah tim kampanye donald trump galang dana untuk kesembuhan trump turnbackhoax.id,0,kesehatan,hoaxid_hf,2020-10-04
hf-3699,salah hydroxychloroquine sebagai obat malaria di uganda turnbackhoax.id,0,kesehatan,hoaxid_hf,2020-10-03
hf-3702,"salah emil saat diambil darah untuk uji vaksin china, tutup jarumnya belum di buka turnbackhoax.id",0,kesehatan,hoaxid_hf,2020-10-03
hf-3723,salah cina mentargetkan 100 juta penduduk indonesia mati melalui vaksin cina turnbackhoax.id,0,kesehatan,hoaxid_hf,2020-10-01
hf-3724,salah menghilangkan virus adalah mengkonsumsi lebih banyak makanan dan minuman alkali diatas tingkat keasaman virus turnbackhoax.id,0,kesehatan,hoaxid_hf,2020-10-01
hf-3732,salah peserta bpjs kesehatan gratis diblokir karena punya motor lebih dari satu turnbackhoax.id,0,kesehatan,hoaxid_hf,2020-09-30
hf-3736,salah tepung terigu bisa obati luka bakar turnbackhoax.id,0,kesehatan,hoaxid_hf,2020-09-29
hf-3743,salah dua orang pria meninggal dunia akibat kekerasan polisi saat aksi protes anti-vaksin dan anti-masker di london turnbackhoax.id,0,kesehatan,hoaxid_hf,2020-09-28
hf-3744,salah pembuatan group whatsapp info wilayah penularan covid-19’ dan pembagian vaksin turnbackhoax.id,0,kesehatan,hoaxid_hf,2020-09-28
hf-3747,salah artikel detik.com trans studio bandung tutup mulai hari ini untuk cegah penyebaran virus corona di bandung turnbackhoax.id,0,kesehatan,hoaxid_hf,2020-09-28
hf-3748,salah arief puyouno: saya yakin dana penanggulangan covid-19 di dki banyak penyimpangan karena gabenernya adalah kaki tangan kadrun gila turnbackhoax.id,0,kesehatan,hoaxid_hf,2020-09-28
hf-3761,salah sultan hb kali sebut positif-negatif covid-19 sama saja karena semua orang pasti meninggal turnbackhoax.id,0,kesehatan,hoaxid_hf,2020-09-25
hf-3762,false neem leaves can cure covid-19 turnbackhoax.id,0,kesehatan,hoaxid_hf,2020-09-25
hf-3779,salah akun facebook bupati bekasi meminta sumbangan dana covid-19 turnbackhoax.id,0,kesehatan,hoaxid_hf,2020-09-23
hf-3782,salah kunyah daun sirih untuk mengatasi covid-19 turnbackhoax.id,0,kesehatan,hoaxid_hf,2020-09-23
hf-3784,salah daun mimba dapat menyembuhkan covid-19 turnbackhoax.id,0,kesehatan,hoaxid_hf,2020-09-23
hf-3791,salah foto anies baswedan dinobatkan menjadi gubernur terbaik dunia turnbackhoax.id,0,kesehatan,hoaxid_hf,2020-09-22
hf-3796,salah razia masker non medis dengan denda rp30 ribu di bundaran sampai 5 malang turnbackhoax.id,0,kesehatan,hoaxid_hf,2020-09-22
hf-3802,salah minum kopi 3 kali sehari untuk menangkal covid-19 turnbackhoax.id,0,kesehatan,hoaxid_hf,2020-09-21
hf-3813,salah tutorial mendapat kuota gratis 20gb dari program covid-19 turnbackhoax.id,0,kesehatan,hoaxid_hf,2020-09-20
hf-3820,"salah ketika di vaksin, microchip yang sangat kecil dipasang tanpa terasa, new dajjal siap membunuh 7.5 milyard manusia turnbackhoax.id",0,kesehatan,hoaxid_hf,2020-09-19
hf-3826,salah 200 mayat korban covid-19 sekali kubur di italia turnbackhoax.id,0,kesehatan,hoaxid_hf,2020-09-18
hf-3829,salah foto peta persebaran covid-19 di jakarta berwarna merah dan hitam turnbackhoax.id,0,kesehatan,hoaxid_hf,2020-09-18
hf-3830,salah sejumlah negara membeli produk alat test covid-19 pada tahun 2017-2018 turnbackhoax.id,0,kesehatan,hoaxid_hf,2020-09-18
hf-3832,"salah ini ada ratusan nyawa dokter yang sudah menjadi korban, pak menkes bilang jangan dibesar-besarkan turnbackhoax.id",0,kesehatan,hoaxid_hf,2020-09-17
hf-3846,"salah selama covid19 ada, tidak ada orang gila yang kena covid19 turnbackhoax.id",0,kesehatan,hoaxid_hf,2020-09-15
hf-3852,salah video teknik menahan napas untuk deteksi covid-19 turnbackhoax.id,0,kesehatan,hoaxid_hf,2020-09-14
hf-3875,salah foto gubernur anies memegang piagam bertuliskan penghargaan provinsi jumlah covid 19 tertinggi turnbackhoax.id,0,kesehatan,hoaxid_hf,2020-09-10
hf-3879,salah makan buah saat perut kosong sembuhkan kanker turnbackhoax.id,0,kesehatan,hoaxid_hf,2020-09-09
hf-3910,salah covid-19 singkatan dari certificate of vaccination identification with artificial intelligence turnbackhoax.id,0,kesehatan,hoaxid_hf,2020-09-06
hf-3912,salah beredarnya obat progesterex untuk mensterilkan perempuan turnbackhoax.id,0,kesehatan,hoaxid_hf,2020-09-05
hf-3918,salah pesan berantai salah satu cara untuk menangkis virus covid-19 dengan air garam dan air hangat turnbackhoax.id,0,kesehatan,hoaxid_hf,2020-09-05
hf-3920,"salah campuran air kelapa muda, jeruk nipis, dan garam dapat mematikan virus corona turnbackhoax.id",0,kesehatan,hoaxid_hf,2020-09-04
hf-3934,salah getah daun kemangi obat gatal-gatal turnbackhoax.id,0,kesehatan,hoaxid_hf,2020-09-03
hf-3935,salah air rebusan pepaya muda bisa sembuhkan kanker kelenjar getah bening turnbackhoax.id,0,kesehatan,hoaxid_hf,2020-09-03
hf-3937,salah samsung ingin membantu siswa yang membutuhkan ponsel untuk belajar karena pandemi covid19 turnbackhoax.id,0,kesehatan,hoaxid_hf,2020-09-03
hf-3940,salah perdana menteri jepang mundur karena terkait virus corona turnbackhoax.id,0,kesehatan,hoaxid_hf,2020-09-02
hf-3943,salah film asal korea prediksi covid-19 turnbackhoax.id,0,kesehatan,hoaxid_hf,2020-09-02
hf-3949,false covid-19 drug ivermectin turnbackhoax.id,0,kesehatan,hoaxid_hf,2020-09-02
hf-3956,salah ivermectin obat covid-19 turnbackhoax.id,0,kesehatan,hoaxid_hf,2020-09-01
hf-3969,salah bantuan covid-19 oleh bri melalui briva turnbackhoax.id,0,kesehatan,hoaxid_hf,2020-08-31
hf-3972,salah vaksin covid sebabkan mandul turnbackhoax.id,0,kesehatan,hoaxid_hf,2020-08-30
hf-3973,salah dokumen who tidak menganjurkan untuk memakai masker selama pandemi covid-19 turnbackhoax.id,0,kesehatan,hoaxid_hf,2020-08-30
hf-3990,"salah gereja semakin sepi yang tinggal cuma pakaian, orang nya sudah bertobat masuk islam turnbackhoax.id",0,kesehatan,hoaxid_hf,2020-08-27
hf-4006,salah korlap fpi sebut imam besar kami punya penangkal virus corona turnbackhoax.id,0,kesehatan,hoaxid_hf,2020-08-25
hf-4026,salah mengonsumsi telur rebus saat tengah malam dapat menangkal covid-19 turnbackhoax.id,0,kesehatan,hoaxid_hf,2020-08-23
hf-4038,salah putri vladimir putin meninggal setelah dosis kedua vaksin covid turnbackhoax.id,0,kesehatan,hoaxid_hf,2020-08-20
hf-4051,salah tangkapan layar pengakuan relawan suntik vaksin covid-19 yang menyebut lupa punya hutang tapi plonga-plongo turnbackhoax.id,0,kesehatan,hoaxid_hf,2020-08-18
hf-4060,salah pemakaian masker menyebabkan penyakit legionnaires turnbackhoax.id,0,kesehatan,hoaxid_hf,2020-08-17
hf-4069,salah video kembang api olimpiade ditampilkan pada saat ini karena olimpiade tokyo ditunda karena covid-19 turnbackhoax.id,0,kesehatan,hoaxid_hf,2020-08-17
hf-4074,salah video rusia jadi pemenang pembuatan vaksin c19 turnbackhoax.id,0,kesehatan,hoaxid_hf,2020-08-16
hf-4078,"salah air kelapa muda, jeruk nipis, dan garam obat covid-19 turnbackhoax.id",0,kesehatan,hoaxid_hf,2020-08-16
hf-4084,"salah foto putri presiden rusia vladimir putin, orang pertama yang sudah divaksin dengan vaksin tim kedokteran rusia turnbackhoax.id",0,kesehatan,hoaxid_hf,2020-08-15
hf-4112,salah video animasi penyebaran virus corona turnbackhoax.id,0,kesehatan,hoaxid_hf,2020-08-11
hf-4117,false canada is already free from covid-19 turnbackhoax.id,0,kesehatan,hoaxid_hf,2020-08-11
hf-4119,salah kanada sudah terbebas dari covid-19 turnbackhoax.id,0,kesehatan,hoaxid_hf,2020-08-11
hf-4124,salah pesan berantai kantor pusat pt kawan lama ditutup karena salah satu direksi meninggal dan 10 orang karyawan terpapar covid-19 turnbackhoax.id,0,kesehatan,hoaxid_hf,2020-08-10
hf-4134,acara unlimited media partners: unlimited talks perlukah kode etik bagi influencer? turnbackhoax.id,0,kesehatan,hoaxid_hf,2020-08-08
hf-4139,acara muhammadiyah covid-19 command center: literasi digital menghadapi hoaks di masa pandemi turnbackhoax.id,0,kesehatan,hoaxid_hf,2020-08-08
hf-4142,salah setiap hari puskesmas di kelapa gading rujuk 10 pasien covid-19 ke wisma atlet turnbackhoax.id,0,kesehatan,hoaxid_hf,2020-08-07
hf-4144,false 99.9 cure rate for covid and a vaccine with 80 adverse effect rate turnbackhoax.id,0,kesehatan,hoaxid_hf,2020-08-07
hf-4145,"salah foto 1 agustus 2020, jutaan warga jerman turun ke jalan menolak kemerdekaannya dirampas dengan dalih virus sepele. turnbackhoax.id",0,kesehatan,hoaxid_hf,2020-08-07
hf-4147,salah pedagang di pasar mayestik meninggal karena covid-19 turnbackhoax.id,0,kesehatan,hoaxid_hf,2020-08-07
hf-4150,"salah 99, 9 tingkat kesembuhan covid dan vaksin dengan tingkat efek merugikan 80 turnbackhoax.id",0,kesehatan,hoaxid_hf,2020-08-06
hf-4152,"salah pesan berantai penelitian online mahasiswi ilmu psikologi kesehatan, fakultas kedokteran universitas brawijaya turnbackhoax.id",0,kesehatan,hoaxid_hf,2020-08-06
hf-4154,salah himbauan dokter bernard mahfoudz turnbackhoax.id,0,kesehatan,hoaxid_hf,2020-08-06
hf-4158,berita dakta 107 fm: klaim obat corona hadi pranoto turnbackhoax.id,0,kesehatan,hoaxid_hf,2020-08-05
hf-4162,acara mafindo malang: bincang online cek fakta seputar covid-19 isu bisnis di balik corona turnbackhoax.id,0,kesehatan,hoaxid_hf,2020-08-05
hf-4163,"dokumentasi mafindo jombang: the fact talk sakit, tapi takut ke layanan kesehatan? takut kena covid-19? turnbackhoax.id",0,kesehatan,hoaxid_hf,2020-08-05
hf-4166,berita kompas: infodemi membuat publik abai dengan bahaya covid-19 turnbackhoax.id,0,kesehatan,hoaxid_hf,2020-08-05
hf-4171,"salah virus ini punya obat hydroxychloroquine, zinc dan zithromax turnbackhoax.id",0,kesehatan,hoaxid_hf,2020-08-04
hf-4176,salah foto presiden jokowi bersama pelawak di istana negara dikaitkan dengan covid-19 turnbackhoax.id,0,kesehatan,hoaxid_hf,2020-08-04
hf-4180,salah klaim hadi pranoto soal covid-19 turnbackhoax.id,0,kesehatan,hoaxid_hf,2020-08-04
hf-4181,berita kbr: merebaknya teori konspirasi dan disinformasi covid turnbackhoax.id,0,kesehatan,hoaxid_hf,2020-08-04
hf-4192,false ginger juice and black pepper can cure covid-19 turnbackhoax.id,0,kesehatan,hoaxid_hf,2020-08-02
hf-4195,salah tangkapan layar berita rk ajak abu janda jadi relawan uji vaksin covid-19 buatan china turnbackhoax.id,0,kesehatan,hoaxid_hf,2020-08-02
hf-4196,salah jus jahe dan lada hitam mampu sembuhkan covid-19 turnbackhoax.id,0,kesehatan,hoaxid_hf,2020-08-02
hf-4208,salah transmart ditutup selama 10 hari karena belasan orang terpapar covid-19 turnbackhoax.id,0,kesehatan,hoaxid_hf,2020-08-01
hf-4210,"salah nih yang bikin covid, sih jagoan wall street (rockefeller foundation) turnbackhoax.id",0,kesehatan,hoaxid_hf,2020-08-01
hf-4211,salah china lakukan uji coba vaksin di indonesia karena kekurangan monyet turnbackhoax.id,0,kesehatan,hoaxid_hf,2020-07-30
hf-4214,"salah foto penipuan para medis, termasuk alat tes suhu di kening, itu alat sinar leser tes suhu kabel demi proyek covit turnbackhoax.id",0,kesehatan,hoaxid_hf,2020-07-30
hf-4218,salah gambar pengujian vaksin covid-19 telah sukses turnbackhoax.id,0,kesehatan,hoaxid_hf,2020-07-29
hf-4221,salah jokowi mendapat silver button karena mencapai 100.000 kasus covid turnbackhoax.id,0,kesehatan,hoaxid_hf,2020-07-29
hf-4224,salah foto tenaga medis merangkai kata bacot!’ turnbackhoax.id,0,kesehatan,hoaxid_hf,2020-07-29
hf-4229,"salah kasad klarifikasi, anggota tni di bandung ternyata rata-rata membantah positif kena covid 19 turnbackhoax.id",0,kesehatan,hoaxid_hf,2020-07-28
hf-4232,salah awas hati-hati apa yang disemprotkan fpi adalah virus corona turnbackhoax.id,0,kesehatan,hoaxid_hf,2020-07-28
hf-4236,salah mayat positif covid 19 dikuburkan masih menggunakan daster (tidak sesuai dengan syariat fardhu kifayah islam) turnbackhoax.id,0,kesehatan,hoaxid_hf,2020-07-28
hf-4248,salah hindari citos banyak karyawannya terpapar covid19. area citos rawan turnbackhoax.id,0,kesehatan,hoaxid_hf,2020-07-27
hf-4250,salah virus baru bernama sfts dari china turnbackhoax.id,0,kesehatan,hoaxid_hf,2020-07-27
hf-4258,salah indonesia satu2nya negara didunia yang pemerintahnya bahagia merelakan rakyatnya jadi kelinci percobaan vaksin dari china turnbackhoax.id,0,kesehatan,hoaxid_hf,2020-07-26
hf-4268,salah duo sipit yang satu sudah menjadi dewan penasehat densus.yang satunya hendak mau jadi dewan penasehat mabes polri turnbackhoax.id,0,kesehatan,hoaxid_hf,2020-07-24
hf-4271,salah daftar perlengkapan medis di rumah untuk hadapi covid-19 turnbackhoax.id,0,kesehatan,hoaxid_hf,2020-07-24
hf-4289,"salah 71 pasien covid-19 klaster hajatan boyolali dijemput petugas, biaya dibebankan ke pemilik hajatan turnbackhoax.id",0,kesehatan,hoaxid_hf,2020-07-22
hf-4293,salah kondisi jenazah korban covid-19 di rumah sakit osmania india turnbackhoax.id,0,kesehatan,hoaxid_hf,2020-07-21
hf-4298,"salah takut dibunuh, ahli virus china kabur ke as: saya bersaksi covid-19 hasil persekongkolan jahat turnbackhoax.id",0,kesehatan,hoaxid_hf,2020-07-21
hf-4316,salah covid-19 tidak murni sebabkan kematian turnbackhoax.id,0,kesehatan,hoaxid_hf,2020-07-17
hf-4321,"false photo barack obama, anthony fauci and melinda gates visit the wuhan china laboratory coronavirus factory’ ini 2015 turnbackhoax.id",0,kesehatan,hoaxid_hf,2020-07-16
hf-4322,"salah foto barack obama, anthony fauci dan melinda gates mengunjungi pabrik coronavirus’ laboratorium cina wuhan tahun 2015 turnbackhoax.id",0,kesehatan,hoaxid_hf,2020-07-16
hf-4326,salah beberapa rsud di jakarta dan depok ditutup karena karyawan positif covid-19 turnbackhoax.id,0,kesehatan,hoaxid_hf,2020-07-16
hf-4338,salah pedagang di pasar segiri positif covid-19 turnbackhoax.id,0,kesehatan,hoaxid_hf,2020-07-13
hf-4342,salah nasi padang menjadi sumber penularan covid-19 turnbackhoax.id,0,kesehatan,hoaxid_hf,2020-07-13
hf-4350,salah video pembuangan jenazah-jenazah korban covid-19 di laut meksiko turnbackhoax.id,0,kesehatan,hoaxid_hf,2020-07-12
hf-4358,salah video doa imam besar masjidil haram mekah assyeikh sudais terhadap musibah virus corona turnbackhoax.id,0,kesehatan,hoaxid_hf,2020-07-11
hf-4380,salah dirut rsui bersama 2 direktur rsui lainnya dan 10 staff rsui saat ini dirawat di rsui terkena covid turnbackhoax.id,0,kesehatan,hoaxid_hf,2020-07-08
hf-4397,false actor javed haider sells vegetables because there is no work due tapi the pandemic covid19 turnbackhoax.id,0,kesehatan,hoaxid_hf,2020-07-07
hf-4398,salah aktor javed haider menjual sayuran karena tidak ada pekerjaan akibat pandemi covid19 turnbackhoax.id,0,kesehatan,hoaxid_hf,2020-07-07
hf-4402,salah tenaga medis di sampang sengaja sebarkan corona dengan cara disuntik turnbackhoax.id,0,kesehatan,hoaxid_hf,2020-07-06
hf-4406,salah gambar tangkapan layar berita viva.co.id berjudul kementan produksi massal kalung antivirus corona bulan depan dengan foto headline kalung bertaring turnbackhoax.id,0,kesehatan,hoaxid_hf,2020-07-05
hf-4408,"salah sehari setelah dilakukan rapid test covid-19 kepada para santri di kudus, 1.000 santri tak sadarkan diri turnbackhoax.id",0,kesehatan,hoaxid_hf,2020-07-05
hf-4421,salah desain helm covid-19 pada kompetisi nfl turnbackhoax.id,0,kesehatan,hoaxid_hf,2020-07-03
hf-4431,salah menanak nasi dengan bawang putih bermanfaat bagi kesehatan turnbackhoax.id,0,kesehatan,hoaxid_hf,2020-07-01
hf-4432,salah video benarkah covid ada?? turnbackhoax.id,0,kesehatan,hoaxid_hf,2020-07-01
hf-4446,salah video ini demo di amerika. saat ini di masa pandemik covidー19 turnbackhoax.id,0,kesehatan,hoaxid_hf,2020-06-28
hf-4450,salah pesta homo seksual di italia sebelum covid-19 mewabah turnbackhoax.id,0,kesehatan,hoaxid_hf,2020-06-27
hf-4464,"salah tak perlu ikut rapid test, mencium bau cuka bisa deteksi seseorang terkena covid-19 atau tidak turnbackhoax.id",0,kesehatan,hoaxid_hf,2020-06-25
hf-4466,"salah ruang perawatan covid di riau penuh, warga wajib di rumah selama dua minggu turnbackhoax.id",0,kesehatan,hoaxid_hf,2020-06-25
hf-4471,"salah peta kasus covid dki dki kembali zona merah, bogor zona hitam turnbackhoax.id",0,kesehatan,hoaxid_hf,2020-06-24
hf-4479,salah dokter rsal surabaya meninggal akibat covid-19 turnbackhoax.id,0,kesehatan,hoaxid_hf,2020-06-23
hf-4485,salah corona virus sudah viral di iqro turnbackhoax.id,0,kesehatan,hoaxid_hf,2020-06-22
hf-4491,"salah menurut laporan who, corona virus adalah yang paling banyak bertahan di lapisan kubis turnbackhoax.id",0,kesehatan,hoaxid_hf,2020-06-21
hf-4494,acara sosialisasi waspada covid-19 turnbackhoax.id,0,kesehatan,hoaxid_hf,2020-06-20
hf-4495,salah dokter gigi di surabaya stres telanjang di jalan karena suaminya dan anaknya mati kena covid turnbackhoax.id,0,kesehatan,hoaxid_hf,2020-06-20
hf-4499,salah bupati luwu utara terbaring di rs karena terjatuh dari motornya waktu antar bansos covid-19 turnbackhoax.id,0,kesehatan,hoaxid_hf,2020-06-19
hf-4503,salah sakitnya apa di diagnosa nya covid turnbackhoax.id,0,kesehatan,hoaxid_hf,2020-06-18
hf-4509,salah pernyataan ekstrim menteri kesehatan letjen tni dari. terawan agus putranto sp. rad turnbackhoax.id,0,kesehatan,hoaxid_hf,2020-06-18
hf-4512,salah abu vulkanik dapat membunuh virus corona karena mengandung asam sulfat turnbackhoax.id,0,kesehatan,hoaxid_hf,2020-06-17
hf-4515,salah servis mobil gratis suzuki peduli covid s.id,0,kesehatan,hoaxid_hf,2020-06-17
hf-4520,"salah bapak ibu meninggal karena covid-19, 5 bersaudara menunggu diadopsi turnbackhoax.id",0,kesehatan,hoaxid_hf,2020-06-16
hf-4532,"false ini the film captain america, captain steve wakes up ini modern times and you can sih the corona virus turnbackhoax.id",0,kesehatan,hoaxid_hf,2020-06-15
hf-4533,"salah di film kapten amerika, capten steve bangun pada masa modern dan kamu bisa lihat virus corona turnbackhoax.id",0,kesehatan,hoaxid_hf,2020-06-15
hf-4545,berita idola 92.6 fm semarang: merefleksi hari media sosial di tengah pandemi covid-19 turnbackhoax.id,0,kesehatan,hoaxid_hf,2020-06-12
hf-4552,salah gubernur jakarta anies baswedan mendapat penghargaan terbaik di seluruh dunia dalam penanganan covid-19 turnbackhoax.id,0,kesehatan,hoaxid_hf,2020-06-11
hf-4556,salah keasang pengarep mampu menangani virus corona di jakarta asal menjadi gubernur dki turnbackhoax.id,0,kesehatan,hoaxid_hf,2020-06-11
hf-4557,acara mitra wacana sinau bareng merawat kewarasan nalar dari hoax saat pandemi covid-19 turnbackhoax.id,0,kesehatan,hoaxid_hf,2020-06-11
hf-4564,salah seorang pasien kanker melemparkan uang di seluruh koridor rumah sakit turnbackhoax.id,0,kesehatan,hoaxid_hf,2020-06-11
hf-4565,salah heboh! pernyataan dokter indonesia soal covid turnbackhoax.id,0,kesehatan,hoaxid_hf,2020-06-10
hf-4578,salah foto kondisi tenggorokan pasien positif covid-19 turnbackhoax.id,0,kesehatan,hoaxid_hf,2020-06-08
hf-4580,salah video di balik covid-19corona ternyata isi nya sudah habis turnbackhoax.id,0,kesehatan,hoaxid_hf,2020-06-08
hf-4589,salah corona virus adalah bohong. bukan dari virus tapi dari bakteri. semua ini diketahui oleh negara itali turnbackhoax.id,0,kesehatan,hoaxid_hf,2020-06-06
hf-4595,salah pki nyamar jadi dokter turnbackhoax.id,0,kesehatan,hoaxid_hf,2020-06-06
hf-4605,"salah santri yang hidupnya di pondok dicurigai terpapar covid-19, yang keluyuran di mall dibiarkan saja turnbackhoax.id",0,kesehatan,hoaxid_hf,2020-06-04
hf-4620,salah pasien covid-19 di cimahi kabur dari rumah sakit turnbackhoax.id,0,kesehatan,hoaxid_hf,2020-06-02
hf-4621,"salah petugas rapid test jarang mengganti sarung tangan, bisa tularkan covid-19 dari pasien sebelumnya turnbackhoax.id",0,kesehatan,hoaxid_hf,2020-06-02
hf-4649,salah campuran garam dan air hangat mampu hilangkan virus corona turnbackhoax.id,0,kesehatan,hoaxid_hf,2020-05-28
hf-4650,salah warga puruk cahu murung raya desa mangkuhui positif covid-19 kabur turnbackhoax.id,0,kesehatan,hoaxid_hf,2020-05-28
hf-4651,salah video kisah pilu dari italy ibu nya meninggal pasien covid-19 turnbackhoax.id,0,kesehatan,hoaxid_hf,2020-05-27
hf-4652,salah hari ini 2 kasir chandra karang dinyatakan positive covid 19 turnbackhoax.id,0,kesehatan,hoaxid_hf,2020-05-27
hf-4653,"salah di italia, ketika gereja dibuka kembali, hampir semua jemaatnya sudah meninggal karena covid turnbackhoax.id",0,kesehatan,hoaxid_hf,2020-05-27
hf-4656,salah pbb tak beri bantuan covid-19 bagi negara yang tidak legalkan aborsi turnbackhoax.id,0,kesehatan,hoaxid_hf,2020-05-26
hf-4657,salah italia mengalahkan covid-19 koagulasi intravaskular diseminata (trombosis) turnbackhoax.id,0,kesehatan,hoaxid_hf,2020-05-26
hf-4664,false ellen degeneres distributes help for corona virus on facebook turnbackhoax.id,0,kesehatan,hoaxid_hf,2020-05-24
hf-4665,salah pegawai pusat perbelanjaan luwes gading dijemput petugas medis turnbackhoax.id,0,kesehatan,hoaxid_hf,2020-05-24
hf-4667,salah ellen degeneres membagikan bantuan untuk virus corona di facebook turnbackhoax.id,0,kesehatan,hoaxid_hf,2020-05-24
hf-4669,salah video penjelasan ahli virus bahwa corona tidak membunuh turnbackhoax.id,0,kesehatan,hoaxid_hf,2020-05-23
hf-4670,salah daftar virus yang berasal dari china turnbackhoax.id,0,kesehatan,hoaxid_hf,2020-05-23
hf-4675,salah who: pria berpenis besar lebih rentan tertular covid-19 turnbackhoax.id,0,kesehatan,hoaxid_hf,2020-05-22
hf-4679,salah sekeluarga terinfeksi covid-19 setelah menghadiri acara ulang tahun turnbackhoax.id,0,kesehatan,hoaxid_hf,2020-05-22
hf-4683,"salah bukannya memotong gajinya untuk mereka para tim medis, malah memotong tunjangan para tim medis. turnbackhoax.id",0,kesehatan,hoaxid_hf,2020-05-21
hf-4685,salah video dokter bule turnbackhoax.id,0,kesehatan,hoaxid_hf,2020-05-20
hf-4686,salah keluarkan nasi dari rice cooker jika sudah matang. kalau lebih dari 12 jam menjadi pemicu diabetes turnbackhoax.id,0,kesehatan,hoaxid_hf,2020-05-20
hf-4688,"salah golden swalayan jadi klaster baru covid-19, warga wajib lapor rt jika ingin berkunjung turnbackhoax.id",0,kesehatan,hoaxid_hf,2020-05-19
hf-4689,salah program mudik sehat psbb 2020 oleh big biru turnbackhoax.id,0,kesehatan,hoaxid_hf,2020-05-19
hf-4691,salah manager giant pal 6 banjarmasin meninggal kena covid-19 turnbackhoax.id,0,kesehatan,hoaxid_hf,2020-05-19
hf-4697,salah registrasi ambil dana bantuan anda covid-19 turnbackhoax.id,0,kesehatan,hoaxid_hf,2020-05-18
hf-4700,salah pemerintah takkan umumkan lagi kasus positif covid-19 turnbackhoax.id,0,kesehatan,hoaxid_hf,2020-05-18
hf-4702,salah pasien covid-19 meninggal di rumah sakit manaf kota jambi turnbackhoax.id,0,kesehatan,hoaxid_hf,2020-05-18
hf-4703,salah penerimaan sampel covid-19 di bbtklpp jakarta akan libur pada hari raya idul fitri turnbackhoax.id,0,kesehatan,hoaxid_hf,2020-05-18
hf-4704,"salah 15 hari sembuh, menhub budi karya kembali dinyatakan positif covid-19 turnbackhoax.id",0,kesehatan,hoaxid_hf,2020-05-18
hf-4710,salah lowongan sukarelawan covid-19 rsud dari. soetomo surabaya turnbackhoax.id,0,kesehatan,hoaxid_hf,2020-05-17
hf-4712,false who mention vegetarianism not affected covid-19 turnbackhoax.id,0,kesehatan,hoaxid_hf,2020-05-16
hf-4713,salah who menyebutkan vegetarian tidak kena covid-19 turnbackhoax.id,0,kesehatan,hoaxid_hf,2020-05-16
hf-4716,salah 236 anggota polisi positif covid-19 dan 6 orang meninggal dunia turnbackhoax.id,0,kesehatan,hoaxid_hf,2020-05-16
hf-4717,"salah pesan berantai ada 13 orang penjual daging yang positif covid19, sekarang ini di pasar cileungsi lagi dilakukan test swab massal turnbackhoax.id",0,kesehatan,hoaxid_hf,2020-05-16
hf-4726,salah warga india membuang patung ke sungai karena tidak bisa menyelamatkan mereka dari virus corona turnbackhoax.id,0,kesehatan,hoaxid_hf,2020-05-14
hf-4732,salah madu dicampur bawang putih obat kanker turnbackhoax.id,0,kesehatan,hoaxid_hf,2020-05-14
hf-4733,salah ulama windusari dijemput paksa terkait covid-19 turnbackhoax.id,0,kesehatan,hoaxid_hf,2020-05-14
hf-4734,salah tuduhan foto interior lab darurat covid-19 labkesda dki hasil mencomot turnbackhoax.id,0,kesehatan,hoaxid_hf,2020-05-14
hf-4743,salah vaksin pertama kali dibuat di bawah kekhalifahan ottoman. tahun 1717 turnbackhoax.id,0,kesehatan,hoaxid_hf,2020-05-13
hf-4751,salah virus covid-19 sengaja dimasukkan kedalam tubuh masyarakat melalui alat rapid test turnbackhoax.id,0,kesehatan,hoaxid_hf,2020-05-12
hf-4754,salah donasi bahan iftar dan sahur di masa wabah covid-19 oleh pks turnbackhoax.id,0,kesehatan,hoaxid_hf,2020-05-12
hf-4759,salah seorang pasien dalam pengawasan covid-19 (pdp) mengamuk di pintu rumah sakit pamekasan madura turnbackhoax.id,0,kesehatan,hoaxid_hf,2020-05-11
hf-4760,salah pesan berantai taman raya tahap v zona merah covid-19 turnbackhoax.id,0,kesehatan,hoaxid_hf,2020-05-11
hf-4767,salah kuota 100gb gratis dari pemerintah selama pandemi covid-19 turnbackhoax.id,0,kesehatan,hoaxid_hf,2020-05-10
hf-4769,salah ternyata klaster penyebar covid-19 terbanyak indonesia adalah 10.000 lebih pendeta gbi gpib turnbackhoax.id,0,kesehatan,hoaxid_hf,2020-05-10
hf-4777,salah terjadi penyekapan di apotek pancasan kota bogor turnbackhoax.id,0,kesehatan,hoaxid_hf,2020-05-08
hf-4781,salah seorang kakek di tulungagung meninggal karena covid-19 turnbackhoax.id,0,kesehatan,hoaxid_hf,2020-05-07
hf-4785,salah setelah adanya virus covid-19. umat islam arab banyak yang murtad turnbackhoax.id,0,kesehatan,hoaxid_hf,2020-05-07
hf-4786,salah tenaga medis covid-19 rsud purworejo ditagih biaya rp. 150 ribumalam oleh pemkab karena telah tinggal di hotel ganesha turnbackhoax.id,0,kesehatan,hoaxid_hf,2020-05-07
hf-4788,salah satgas covid-19 kabupaten pangkep semprot jemaah shalat tarawih di masjid turnbackhoax.id,0,kesehatan,hoaxid_hf,2020-05-07
hf-4789,salah menteri kesehatan america sudah menandatangani persetujuan penggunaan chip 666 untuk virus corona turnbackhoax.id,0,kesehatan,hoaxid_hf,2020-05-07
hf-4790,salah jokowi: hukuman seumur hidup bagi kepala daerah mainkan bantuan covid-19 turnbackhoax.id,0,kesehatan,hoaxid_hf,2020-05-06
hf-4798,salah pemerintah membagikan kuota 10gb gratis sebagai insentif untuk melawan covid-19 turnbackhoax.id,0,kesehatan,hoaxid_hf,2020-05-05
hf-4810,salah akun palsu bupati pasuruan meminta penggalangan dana covid-19 turnbackhoax.id,0,kesehatan,hoaxid_hf,2020-05-03
hf-4811,salah video rezim memaksa para kyai untuk di suntik dengan dalih untuk ketahanan tubuh dari virus..kyai di banten ini tegas menolak!! turnbackhoax.id,0,kesehatan,hoaxid_hf,2020-05-03
hf-4814,salah video cara pertolongan emergency covid 19 turnbackhoax.id,0,kesehatan,hoaxid_hf,2020-05-03
hf-4819,salah jutaan produksi rokok yang terpapar covid-19 beredar luas di masyarakat turnbackhoax.id,0,kesehatan,hoaxid_hf,2020-05-02
hf-4820,salah vietnam tidak ada korban meninggal covid-19 karena teh dan lemon turnbackhoax.id,0,kesehatan,hoaxid_hf,2020-05-02
hf-4831,"salah dijemput oleh tim medis, kakak beradik usia 8 dan 4 tahun di tangerang terjangkit covid-19 akibat main di luar rumah turnbackhoax.id",0,kesehatan,hoaxid_hf,2020-05-01
hf-4835,salah elisa granato kelinci percobaan vaksin kopit di inggris meninggal 2 hari setelah divaksin turnbackhoax.id,0,kesehatan,hoaxid_hf,2020-05-01
hf-4840,salah profesor dari tasuku honjo mengatakan bahwa virus korona itu tidak alami. cina telah membuatnya turnbackhoax.id,0,kesehatan,hoaxid_hf,2020-04-29
hf-4842,"salah surabaya siap kembalikan dana bank century rp6,7 triliun untuk bantu covid-19 turnbackhoax.id",0,kesehatan,hoaxid_hf,2020-04-29
hf-4843,"salah apabila ada masyarakat tidak mampu makan, dapat menghubungi nomor pengaduan bansos covid19 kemensos turnbackhoax.id",0,kesehatan,hoaxid_hf,2020-04-29
hf-4844,salah akhirnya ketangkap juga biang penyebar virus corona dan agen tka china ini turnbackhoax.id,0,kesehatan,hoaxid_hf,2020-04-29
hf-4845,salah donasi kaos oblong bekas untuk tim medis rsd wisma atlet turnbackhoax.id,0,kesehatan,hoaxid_hf,2020-04-29
hf-4846,salah sheikh hamdan al maktoum memberikan uang selama covid-19 turnbackhoax.id,0,kesehatan,hoaxid_hf,2020-04-29
hf-4850,"salah akibat pandemi covid-19, keluarga beberapa hari tidak makan turnbackhoax.id",0,kesehatan,hoaxid_hf,2020-04-28
hf-4853,dokumentasi webinar generasi milenial mencegah mengatasi virus corona turnbackhoax.id,0,kesehatan,hoaxid_hf,2020-04-28
hf-4855,"salah karena pandemi covid-19, yang seharusnya dibebaskan narapidana pencuri ayam, bukan malah terpidana koruptor turnbackhoax.id",0,kesehatan,hoaxid_hf,2020-04-27
hf-4857,salah bioskop di palangka raya kembali buka di tengah persebaran covid-19 turnbackhoax.id,0,kesehatan,hoaxid_hf,2020-04-27
hf-4863,salah hanya di indonesia narapidana dibebaskan di tengah wabah covid-19 turnbackhoax.id,0,kesehatan,hoaxid_hf,2020-04-26
hf-4864,salah beberapa negara membuang jenazah pasien covid-19 ke laut turnbackhoax.id,0,kesehatan,hoaxid_hf,2020-04-26
hf-4865,salah petugas kebersihan sman 10 yogyakarta positif virus corona turnbackhoax.id,0,kesehatan,hoaxid_hf,2020-04-26
hf-4869,salah video nasehat dari alm. erma yunita simamora yang meninggal pada tanggal. 20-04-2020 di rs ar bunda lbk linggau turnbackhoax.id,0,kesehatan,hoaxid_hf,2020-04-25
hf-4871,"salah jokowi: sengaja saya bedakan mudik pulang kampung, untuk mengelabui virus corona turnbackhoax.id",0,kesehatan,hoaxid_hf,2020-04-25
hf-4874,salah peta sebaran covid-19 wilayah situbondo turnbackhoax.id,0,kesehatan,hoaxid_hf,2020-04-24
hf-4884,salah dari ratusan ribu tahanan tidak ada satupun aktivis islam yang dibebaskan di tengah wabah covid-19 turnbackhoax.id,0,kesehatan,hoaxid_hf,2020-04-22
hf-4885,salah alfamart menyumbangkan 6000 kupon untuk membantu melawan covid-19 turnbackhoax.id,0,kesehatan,hoaxid_hf,2020-04-22
hf-4888,salah semua pasien positif covid-19 di padang dinyatakan sembuh turnbackhoax.id,0,kesehatan,hoaxid_hf,2020-04-22
hf-4894,salah azan dapat melemahkan virus corona turnbackhoax.id,0,kesehatan,hoaxid_hf,2020-04-21
hf-4898,salah rsud waluyo jati ditutup karena semua petugas diisolasi akibat covid-19 turnbackhoax.id,0,kesehatan,hoaxid_hf,2020-04-20
hf-4905,salah foto italia telah gagal sepenuhnya covid-19 turnbackhoax.id,0,kesehatan,hoaxid_hf,2020-04-19
hf-4908,salah korban virus corona turnbackhoax.id,0,kesehatan,hoaxid_hf,2020-04-17
hf-4912,salah video obat covid-19 telah ditemukan dan siap disebarkan ke seluruh indonesia turnbackhoax.id,0,kesehatan,hoaxid_hf,2020-04-17
hf-4915,salah obat virus corona ditemukan hanya berbahan lemon dan teh hangat turnbackhoax.id,0,kesehatan,hoaxid_hf,2020-04-16
hf-4918,salah foto ariel noah jadi relawan tenaga medis di tengah pandemi virus corona atau covid-19 turnbackhoax.id,0,kesehatan,hoaxid_hf,2020-04-16
hf-4919,salah video dari. cheng: sembuh dari covid-19 cukup dengan vitamin sih turnbackhoax.id,0,kesehatan,hoaxid_hf,2020-04-15
hf-4923,salah ini kiriman video betapa dahsyatnya wabah covid 19 di amerika turnbackhoax.id,0,kesehatan,hoaxid_hf,2020-04-15
hf-4927,salah ujar xi jin ping hanya indonesia yang mampu mengendalikan covid 19 turnbackhoax.id,0,kesehatan,hoaxid_hf,2020-04-14
hf-4928,salah setya novanto dibebaskan karena covid-19 turnbackhoax.id,0,kesehatan,hoaxid_hf,2020-04-14
hf-4929,salah pasien postif virus corona di sungai rangit dijemput paksa kepolisian dan tim medis turnbackhoax.id,0,kesehatan,hoaxid_hf,2020-04-14
hf-4930,salah hotman paris berencana undang bts dan exo setelah virus corona teratasi turnbackhoax.id,0,kesehatan,hoaxid_hf,2020-04-14
hf-4932,salah jokowi keluarkan kartu corona indonesia sehat (karcis) turnbackhoax.id,0,kesehatan,hoaxid_hf,2020-04-14
hf-4935,salah pesan berantai pt mosi tawarkan rapid test kit covid-19 turnbackhoax.id,0,kesehatan,hoaxid_hf,2020-04-13
hf-4939,"salah insentif virus corona, pemerintah gratiskan akses internet turnbackhoax.id",0,kesehatan,hoaxid_hf,2020-04-12
hf-4940,"false italy arrest doctor for intentionally killing over 3,000 coronavirus patients turnbackhoax.id",0,kesehatan,hoaxid_hf,2020-04-12
hf-4942,salah literasi covid-19 dari drh. moh. indro cahyono turnbackhoax.id,0,kesehatan,hoaxid_hf,2020-04-12
hf-4943,salah dokter italia sengaja membunuh pasien virus corona turnbackhoax.id,0,kesehatan,hoaxid_hf,2020-04-12
hf-4944,salah pasien berstatus positif covid-19 di wilayah tiban melarikan diri turnbackhoax.id,0,kesehatan,hoaxid_hf,2020-04-11
hf-4945,salah bansos psbb covid-19 dari pemda dki jakarta paket sembako senilai 350rb uang tunai 150rb 500rb rupiah turnbackhoax.id,0,kesehatan,hoaxid_hf,2020-04-10
hf-4949,salah kumpulan mobil di pool grab cinere karena sopir tidak sanggup bayar kredit saat covid-19 turnbackhoax.id,0,kesehatan,hoaxid_hf,2020-04-10
hf-4950,salah 3 hari kedepan arus angin dari utara ke arah selatan yang membawa wabah (penyakit) akan melewati indonesia menuju australian turnbackhoax.id,0,kesehatan,hoaxid_hf,2020-04-09
hf-4954,salah erdogan tak akan tutup mesjid di turki selama pandemi covid-19 turnbackhoax.id,0,kesehatan,hoaxid_hf,2020-04-09
hf-4958,salah tidak ada sama sekali ucapan bela sungkawa presiden kepada dari dan team medis yang berguguran dimedan covid-19 turnbackhoax.id,0,kesehatan,hoaxid_hf,2020-04-09
hf-4960,salah menag izinkan masjid gelar salat tarawih saat pandemi covid-19 turnbackhoax.id,0,kesehatan,hoaxid_hf,2020-04-08
hf-4966,salah merokok menghadang virus corona masuk ke paru-paru turnbackhoax.id,0,kesehatan,hoaxid_hf,2020-04-07
hf-4971,salah video donald trump di ruqyah sebab sudah stres menghadapi covid 19 turnbackhoax.id,0,kesehatan,hoaxid_hf,2020-04-06
hf-4972,"salah modus menghabisi ustadz, disuntik covid-19 sampai mati turnbackhoax.id",0,kesehatan,hoaxid_hf,2020-04-06
hf-4973,salah mantan manajer rapp dan istri terpapar covid-19 turnbackhoax.id,0,kesehatan,hoaxid_hf,2020-04-06
hf-4974,salah puncak persebaran virus corona 4 april hingga 18 april 2020 turnbackhoax.id,0,kesehatan,hoaxid_hf,2020-04-06
hf-4976,berita menara jaringan telekomunikasi 5g di inggris dibakar karena hoax virus corona turnbackhoax.id,0,kesehatan,hoaxid_hf,2020-04-05
hf-4977,berita pasien positif covid -19 di rst latumeten ambon masih dalam perawatan turnbackhoax.id,0,kesehatan,hoaxid_hf,2020-04-05
hf-4987,salah italia tidak bisa mengontrol virus dan mengucapkan selamat tinggal kepada dunia turnbackhoax.id,0,kesehatan,hoaxid_hf,2020-04-04
hf-4988,"salah video italian millionaire terjun dari bagunan, karena keluarga nya semua kena virus corona turnbackhoax.id",0,kesehatan,hoaxid_hf,2020-04-04
hf-4992,"salah terlibat pembuatan covid-19 di china, fbi menangkap profesor harvard turnbackhoax.id",0,kesehatan,hoaxid_hf,2020-04-03
hf-4994,salah rakyat italia buang duit ke jalan karena sudah tidak berguna akibat virus covid-19 turnbackhoax.id,0,kesehatan,hoaxid_hf,2020-04-03
hf-4997,salah jakarta menjadi daerah paling banyak terinfeksi virus covid-19 karena salah pilih gubernur turnbackhoax.id,0,kesehatan,hoaxid_hf,2020-04-03
hf-4998,salah untuk mengalahkan virus korona adalah mengambil lebih banyak makanan alkali yang berada di atas tingkat ph virus turnbackhoax.id,0,kesehatan,hoaxid_hf,2020-04-03
hf-5001,salah bill gates akan meluncurkan kapsul implan manusia untuk melawan virus corona turnbackhoax.id,0,kesehatan,hoaxid_hf,2020-04-02
hf-5005,"rilis pers launching ayolawancovid19.id, gerakan masyarakat melawan covid-19 turnbackhoax.id",0,kesehatan,hoaxid_hf,2020-04-02
hf-5006,salah ternyata virus corona dapat diobati dengan cara berendam di air laut turnbackhoax.id,0,kesehatan,hoaxid_hf,2020-04-02
hf-5010,salah china memang benar jahat mengirim baju bundle pakaian bekas di pakai orang yang sudah mati akibat virus turnbackhoax.id,0,kesehatan,hoaxid_hf,2020-04-01
hf-5011,"salah imigran china sengaja membawa virus, tujuannya membasmi rakyat 62 turnbackhoax.id",0,kesehatan,hoaxid_hf,2020-04-01
hf-5012,salah uap air panas dapat membunuh virus corona turnbackhoax.id,0,kesehatan,hoaxid_hf,2020-04-01
hf-5013,salah pasukan tentara membantu melawan virus corona di new york turnbackhoax.id,0,kesehatan,hoaxid_hf,2020-04-01
hf-5014,salah pelabuhan merak-bakauheni tutup pasca persebaran virus corona turnbackhoax.id,0,kesehatan,hoaxid_hf,2020-03-31
hf-5015,salah info dari pasien yang sudah sembuh dari rs persahabatan .. turnbackhoax.id,0,kesehatan,hoaxid_hf,2020-03-31
hf-5018,salah menaruh amoxilin dalam tandon air dapat menangkal covid-19 turnbackhoax.id,0,kesehatan,hoaxid_hf,2020-03-31
hf-5020,salah universitas brawijaya kembalikan uang kuliah akibat persebaran virus corona turnbackhoax.id,0,kesehatan,hoaxid_hf,2020-03-31
hf-5024,false video ini america there has been looting everywhere for fear of the corona virus turnbackhoax.id,0,kesehatan,hoaxid_hf,2020-03-30
hf-5025,salah foto penguburan jenazah ibu kandung presiden joko widodo meninggal dunia karena serangan virus corona turnbackhoax.id,0,kesehatan,hoaxid_hf,2020-03-30
hf-5026,salah mulai senin 30 maret kota makassar lockdown lokal untuk mencegah penyebaran covid-19. turnbackhoax.id,0,kesehatan,hoaxid_hf,2020-03-30
hf-5028,salah foto kumpulan untuk mengakhiri covid-19 di cleveland hari ini endcovid turnbackhoax.id,0,kesehatan,hoaxid_hf,2020-03-30
hf-5031,false picture of march tapi end covid-19 ini cleveland today endcovid turnbackhoax.id,0,kesehatan,hoaxid_hf,2020-03-30
hf-5035,salah video di amerika sudah terjadi penjarahan di mana2 karena ketakutan akan virus corona turnbackhoax.id,0,kesehatan,hoaxid_hf,2020-03-29
hf-5039,salah larangan keluar rumah karena puncak penyebaran virus corona turnbackhoax.id,0,kesehatan,hoaxid_hf,2020-03-28
hf-5043,salah salah satu solusi untuk virus ini adalah secangkir teh sederhana turnbackhoax.id,0,kesehatan,hoaxid_hf,2020-03-28
hf-5044,salah foto italia. tidak ada lagi ruang yang tersedia di rumah sakit. coronaviruslockdown turnbackhoax.id,0,kesehatan,hoaxid_hf,2020-03-28
hf-5045,salah tenaga medis china didatangkan untuk membantu menangani covid-19 di indonesia turnbackhoax.id,0,kesehatan,hoaxid_hf,2020-03-27
hf-5046,salah kanika kapoor tularkan virus corona ke pangeran charles turnbackhoax.id,0,kesehatan,hoaxid_hf,2020-03-27
hf-5047,false photos of italy. no more spaces are available ini hospitals. coronaviruslockdown turnbackhoax.id,0,kesehatan,hoaxid_hf,2020-03-27
hf-5048,"salah muncul virus baru di china selain corona, hantavirus turnbackhoax.id",0,kesehatan,hoaxid_hf,2020-03-27
hf-5050,salah 5 kecamatan di lampung red zone covid-19 turnbackhoax.id,0,kesehatan,hoaxid_hf,2020-03-27
hf-5051,salah dampak virus covid-19 hubungan suami istri jadi terancam turnbackhoax.id,0,kesehatan,hoaxid_hf,2020-03-27
hf-5056,salah daftar zona merah daerah terjangkit virus corona oleh tni turnbackhoax.id,0,kesehatan,hoaxid_hf,2020-03-26
hf-5057,salah hanya cicilan nasabah yang positif covid-19 yang dapat ditangguhkan turnbackhoax.id,0,kesehatan,hoaxid_hf,2020-03-26
hf-5058,salah kuburan massal buat korban viruscorona di italia turnbackhoax.id,0,kesehatan,hoaxid_hf,2020-03-26
hf-5060,berita lipi ungkap teori virus corona covid-19 bukan senjata biologi turnbackhoax.id,0,kesehatan,hoaxid_hf,2020-03-26
hf-5062,salah saddam hussein mengatakan amerika mengancam irak dengan virus corona turnbackhoax.id,0,kesehatan,hoaxid_hf,2020-03-25
hf-5064,"salah obat yang dibeli jokowi dari cina komunis , sangat berbahaya dan berakibat kematian turnbackhoax.id",0,kesehatan,hoaxid_hf,2020-03-25
hf-5066,salah rekrutmen relawan penanganan pasien virus corona oleh dokter irna turnbackhoax.id,0,kesehatan,hoaxid_hf,2020-03-24
hf-5067,salah foto terakhir dokter hadio berdiri di depan pagar temui anak sebelum meninggal karena covid-19 turnbackhoax.id,0,kesehatan,hoaxid_hf,2020-03-24
hf-5072,salah peta zona merah virus corona wilayah purwokerto turnbackhoax.id,0,kesehatan,hoaxid_hf,2020-03-24
hf-5073,salah obat avigan yang dipesan jokowi adalah obat pembunuh janin turnbackhoax.id,0,kesehatan,hoaxid_hf,2020-03-24
hf-5074,salah warga dihimbau tak melintas di depan toko spectra dikarenakan adanya odp akibat virus corona turnbackhoax.id,0,kesehatan,hoaxid_hf,2020-03-24
hf-5075,salah virus corona adalah sejenis jamur atau mould turnbackhoax.id,0,kesehatan,hoaxid_hf,2020-03-24
hf-5077,salah kematian disebabkan covid-19: dibalut dalam bag turnbackhoax.id,0,kesehatan,hoaxid_hf,2020-03-24
hf-5078,false death due tapi covid19: wrapped ini a bag turnbackhoax.id,0,kesehatan,hoaxid_hf,2020-03-24
hf-5080,salah bawang merah yang dikupas bisa menyedot dan membunuh virus dan kuman turnbackhoax.id,0,kesehatan,hoaxid_hf,2020-03-23
hf-5083,"salah rs premier bintaro di-lockdown, 19 tenaga medis positif covid-19 turnbackhoax.id",0,kesehatan,hoaxid_hf,2020-03-23
hf-5085,salah ratusan warga china yang menetap di indonesia menuju singapura karena virus corona turnbackhoax.id,0,kesehatan,hoaxid_hf,2020-03-23
hf-5086,salah tulisan to:front pembela islam di foto paket bantuan covid-19 tiongkok turnbackhoax.id,0,kesehatan,hoaxid_hf,2020-03-23
hf-5087,salah foto perempuan muslim uighur yang dizalimi dan doanya memicu azab virus corona turnbackhoax.id,0,kesehatan,hoaxid_hf,2020-03-22
hf-5090,salah akan ada penyemprotan racun untuk virus corona dari malaysia dan singapore melalui udara turnbackhoax.id,0,kesehatan,hoaxid_hf,2020-03-22
hf-5095,salah gambar sampul koran tempo gotong royong melawan virus corona turnbackhoax.id,0,kesehatan,hoaxid_hf,2020-03-22
hf-5096,salah wapres ma’ruf amin imbau umat islam sholat tobat agar virus corona cepat teratasi turnbackhoax.id,0,kesehatan,hoaxid_hf,2020-03-21
hf-5101,"salah gara-gara virus corona, tka china digaji 200 juta per tahun turnbackhoax.id",0,kesehatan,hoaxid_hf,2020-03-21
hf-5102,berita update status wna yang meninggal di atas motor positif covid-19 turnbackhoax.id,0,kesehatan,hoaxid_hf,2020-03-21
hf-5104,berita perkembangan chloroquine untuk obat covid-19 turnbackhoax.id,0,kesehatan,hoaxid_hf,2020-03-21
hf-5107,"salah video sholat jum’atan di china menjadi lautan manusia, orang islam di wuhan tidak satupun yang kena virus corona turnbackhoax.id",0,kesehatan,hoaxid_hf,2020-03-20
hf-5110,"salah di wuhan cina ketika terjadi virus corona rakyat berbondong2 ke mesjid, di indon rakyat dilarang ke mesjid turnbackhoax.id",0,kesehatan,hoaxid_hf,2020-03-20
hf-5111,salah ganja mampu menangkal covid-19 turnbackhoax.id,0,kesehatan,hoaxid_hf,2020-03-20
hf-5118,"salahdi tanya soal virus corona korlap fpi: hanya imam besar kami yang punya penangkal virus corona,karna imam besar kami cucu nabi turnbackhoax.id",0,kesehatan,hoaxid_hf,2020-03-19
hf-5119,salah donald trump umumkan roche medical company akan meluncurkan vaksin covid19 jutaan dosis minggu depan turnbackhoax.id,0,kesehatan,hoaxid_hf,2020-03-19
hf-5120,"salah himbauan penutupan tpu akibat virus corona, jenazah diminta diletakkan terlebih dahulu di rumah turnbackhoax.id",0,kesehatan,hoaxid_hf,2020-03-19
hf-5124,salah coronavirus akan hancur dengan air turnbackhoax.id,0,kesehatan,hoaxid_hf,2020-03-18
hf-5125,salah dosen kedokteran gigi ui meninggal karena covid-19 turnbackhoax.id,0,kesehatan,hoaxid_hf,2020-03-18
hf-5126,"salah virus corona bukanlah virus, sinyal 5g yang sebenarnya membunuh orang turnbackhoax.id",0,kesehatan,hoaxid_hf,2020-03-18
hf-5129,salah foto 1 korban dalam pengawasan covid-19 di rs wahidin mks setelah bersalaman dengan menhub budi karya turnbackhoax.id,0,kesehatan,hoaxid_hf,2020-03-18
hf-5131,salah video ini di pgc evakuasi pasien covid 19 turnbackhoax.id,0,kesehatan,hoaxid_hf,2020-03-17
hf-5132,salah minum banyak air dan berkumur dengan air hangat garam atau cuka dapat menghilangkan virus corona saat di tenggorokan turnbackhoax.id,0,kesehatan,hoaxid_hf,2020-03-17
hf-5135,"salah mengonsumsi pisang dalam sehari, membuat virus corona pergi turnbackhoax.id",0,kesehatan,hoaxid_hf,2020-03-17
hf-5138,"salah satu lagi mentri kabinet jokowi positif terpapar covid-19, menteri nadien dinyatakan positif virus corona, jalani isolasi secara mandiri turnbackhoax.id",0,kesehatan,hoaxid_hf,2020-03-17
hf-5139,salah chloroquine (obat malaria klorokuin) bisa menyembuhkan covid-19 turnbackhoax.id,0,kesehatan,hoaxid_hf,2020-03-17
hf-5140,salah surat edaran walikota palembang soal virus corona turnbackhoax.id,0,kesehatan,hoaxid_hf,2020-03-17
hf-5144,salah china akui dokter palestina penemu vaksin corona yang terbukti ampuh 100 persen turnbackhoax.id,0,kesehatan,hoaxid_hf,2020-03-16
hf-5146,salah covid-19 sudah sampai purwakarta turnbackhoax.id,0,kesehatan,hoaxid_hf,2020-03-16
hf-5148,salah dua orang terinfeksi virus corona di parepare turnbackhoax.id,0,kesehatan,hoaxid_hf,2020-03-16
hf-5149,false alcohol kill coronavirus turnbackhoax.id,0,kesehatan,hoaxid_hf,2020-03-16
hf-5150,salah alkohol bisa membunuh coronavirus covid-19 turnbackhoax.id,0,kesehatan,hoaxid_hf,2020-03-16
hf-5152,"salah orang karangturi,balak cawas,sudah tertular virus corona turnbackhoax.id",0,kesehatan,hoaxid_hf,2020-03-16
hf-5153,salah ditemukannya virus corona atau covid-19 di tisu toilet turnbackhoax.id,0,kesehatan,hoaxid_hf,2020-03-16
hf-5158,salah kapal rute banda aceh sabang distop karena virus corona turnbackhoax.id,0,kesehatan,hoaxid_hf,2020-03-16
hf-5160,salah hasil pemeriksaan presiden jokowi positif virus corona turnbackhoax.id,0,kesehatan,hoaxid_hf,2020-03-16
hf-5161,salah suspect coronavirus ditemukan di salah satu terapis spa hotel goldenhands kelapa gading turnbackhoax.id,0,kesehatan,hoaxid_hf,2020-03-16
hf-5167,edukasi who: tj tentang coronavirus (covid-19) turnbackhoax.id,0,kesehatan,hoaxid_hf,2020-03-15
hf-5168,salah profesor chen horin mengatakan lemon panas dapat membunuh sel kanker turnbackhoax.id,0,kesehatan,hoaxid_hf,2020-03-15
hf-5169,berita kemendagri bantah tito karnavian terjangkit covid-19 turnbackhoax.id,0,kesehatan,hoaxid_hf,2020-03-15
hf-5170,salah katanya ada korban virus corona di pik turnbackhoax.id,0,kesehatan,hoaxid_hf,2020-03-15
hf-5174,berita malware azorult di aplikasi palsu peta sebaran covid-19 turnbackhoax.id,0,kesehatan,hoaxid_hf,2020-03-14
hf-5175,salah satu pasien virus corona dari badau otw dirujuk ke rumah sakit rujukan sintang turnbackhoax.id,0,kesehatan,hoaxid_hf,2020-03-14
hf-5178,edukasi who: saran penyakit coronavirus (covid-19) untuk umum: membantah mitos turnbackhoax.id,0,kesehatan,hoaxid_hf,2020-03-14
hf-5179,salah the simpsons 1993 memprediksi corona virus dari china turnbackhoax.id,0,kesehatan,hoaxid_hf,2020-03-14
hf-5181,"salah jangan ke kokas dulu ya, mall di lockdown karena salah satu staff diatas ada yang suspect covid-19 turnbackhoax.id",0,kesehatan,hoaxid_hf,2020-03-13
hf-5182,salah kokain membunuh coronavirus turnbackhoax.id,0,kesehatan,hoaxid_hf,2020-03-13
hf-5186,false alcoholic drinks can reduce the risk of infection from a coronavirus novel; covid-19 turnbackhoax.id,0,kesehatan,hoaxid_hf,2020-03-12
hf-5187,salah minuman beralkohol bisa mengurangi risiko infeksi dari novel coronavirus; covid-19 turnbackhoax.id,0,kesehatan,hoaxid_hf,2020-03-12
hf-5188,salah politisi india: urin dan kotoran sapi jadi obat virus corona turnbackhoax.id,0,kesehatan,hoaxid_hf,2020-03-12
hf-5189,salah arahan gubernur dki terkait himbauan covid-19 turnbackhoax.id,0,kesehatan,hoaxid_hf,2020-03-12
hf-5193,salah info terkini : kudus sudah ada 2 orang pasien virus corona turnbackhoax.id,0,kesehatan,hoaxid_hf,2020-03-12
hf-5195,salah bentuk virus corona setelah diperbesar 2600x turnbackhoax.id,0,kesehatan,hoaxid_hf,2020-03-12
hf-5198,salah daniel radcliffe positiv terinfeksi corona covid-19 turnbackhoax.id,0,kesehatan,hoaxid_hf,2020-03-12
hf-5207,salah narasi pesan himbauan pencegahan virus corona mengatasnamakan unicef turnbackhoax.id,0,kesehatan,hoaxid_hf,2020-03-10
hf-5209,salah selamat datang tka china sebarkan virus corona tergagapcorona turnbackhoax.id,0,kesehatan,hoaxid_hf,2020-03-10
hf-5212,berita liputan media acara diskusi publik mafindo: mitigasi hoaks covid19 turnbackhoax.id,0,kesehatan,hoaxid_hf,2020-03-10
hf-5214,salah pangeran uni emirat arab dikabarkan positif virus corona turnbackhoax.id,0,kesehatan,hoaxid_hf,2020-03-09
hf-5215,berita klarifikasi mentari international school tentang pemberitaan terinfeksi covid-19 turnbackhoax.id,0,kesehatan,hoaxid_hf,2020-03-09
hf-5218,"salah who : merokok, salah satu solusi pencegahan covid-19. turnbackhoax.id",0,kesehatan,hoaxid_hf,2020-03-08
hf-5225,salah foto ka’bah sepi dari yang thawaf karena virus corona turnbackhoax.id,0,kesehatan,hoaxid_hf,2020-03-05
hf-5227,salah orang yang bergolongan darah o lebih rentan terinfeksi virus corona turnbackhoax.id,0,kesehatan,hoaxid_hf,2020-03-05
hf-5231,"salah salah satu warga bekasi ada yang positif terkena virus corona, meninggal dunia turnbackhoax.id",0,kesehatan,hoaxid_hf,2020-03-04
hf-5232,salah virus corona mati dalam suhu 26-27 derajat dan saat terkena sinar matahari turnbackhoax.id,0,kesehatan,hoaxid_hf,2020-03-04
hf-5235,salah pesan berantai whatsapp tiga warga yogyakarta terjangkit virus corona turnbackhoax.id,0,kesehatan,hoaxid_hf,2020-03-03
hf-5236,salah 1000 tiket pesawat gratis untuk wni pulang ke tanah air dari pt angkasa pura 1 karena virus corona turnbackhoax.id,0,kesehatan,hoaxid_hf,2020-03-03
hf-5237,salah tes sederhana untuk mengenal virus corona hanya dalam sepuluh detik turnbackhoax.id,0,kesehatan,hoaxid_hf,2020-03-03
hf-5242,salah video 280 jemaah umrah tertahan di pesawat dan 18 di antaranya positif terinfeksi virus corona turnbackhoax.id,0,kesehatan,hoaxid_hf,2020-03-02
hf-5244,salah paus fransiskus dan dua pembantunya dinyatakan positif mengidap coronavirus turnbackhoax.id,0,kesehatan,hoaxid_hf,2020-03-01
hf-5245,berita penjelasan 136 pasien dalam pengawasan virus corona di indonesia turnbackhoax.id,0,kesehatan,hoaxid_hf,2020-02-29
hf-5263,"salah tingkat sulfur dioksida tinggi di kota wuhan tanda kremasi massal korban coronavirus, indikasi ada lebih dari 50.000 korban jiwa dibakar turnbackhoax.id",0,kesehatan,hoaxid_hf,2020-02-24
hf-5275,salah cikarang siaga 3 virus corona karena sudah 3 orang meninggal di meikarta turnbackhoax.id,0,kesehatan,hoaxid_hf,2020-02-19
hf-5281,"salah serangan virus corona belum berakhir, kini negeri china dirundung serangan tentara baru dalam bentuk nyamuk jumbo dan burung gagak turnbackhoax.id",0,kesehatan,hoaxid_hf,2020-02-19
hf-5284,"salah setelah cina di landa virus corona,allah beri hadiah kepada umat muslim di cina yaitu terbukanya mesjid2 seluruh daratan cina turnbackhoax.id",0,kesehatan,hoaxid_hf,2020-02-18
hf-5290,salah di bekasi sudah ada terduga pasien virus corona turnbackhoax.id,0,kesehatan,hoaxid_hf,2020-02-17
hf-5292,salah solat jum’at di balik virus corona turnbackhoax.id,0,kesehatan,hoaxid_hf,2020-02-17
hf-5301,salah ditemukan virus machupo dalam paracetamol turnbackhoax.id,0,kesehatan,hoaxid_hf,2020-02-14
hf-5312,"false ini an era of coronavirus ini china, money is no longer the best thing ini the world turnbackhoax.id",0,kesehatan,hoaxid_hf,2020-02-12
hf-5314,salah virus corona sudah sampai di apartemen taman anggrek turnbackhoax.id,0,kesehatan,hoaxid_hf,2020-02-12
hf-5315,salah 7 penumpang lion air yang berasal dari china di manado terinfeksi virus corona turnbackhoax.id,0,kesehatan,hoaxid_hf,2020-02-12
hf-5316,salah pengemudi ini mencoba kabur’ dari pemeriksaan coronaviruscamp turnbackhoax.id,0,kesehatan,hoaxid_hf,2020-02-12
hf-5318,salah thailand berhasil sembuhkan pasien virus corona dengan ganja turnbackhoax.id,0,kesehatan,hoaxid_hf,2020-02-12
hf-5319,salah mi goreng indonesia masuk daftar makanan yang menyebarkan virus corona di australia turnbackhoax.id,0,kesehatan,hoaxid_hf,2020-02-11
hf-5320,salah video puluhan pasien virus corona kejang-kejang turnbackhoax.id,0,kesehatan,hoaxid_hf,2020-02-11
hf-5321,salah dokter israel membantu pasien corona di china turnbackhoax.id,0,kesehatan,hoaxid_hf,2020-02-10
hf-5322,salah foto tim medis jepang berjumlah 1.000 tiba di wuhan turnbackhoax.id,0,kesehatan,hoaxid_hf,2020-02-10
hf-5323,salah saking takutnya dengan virus corona orang cina islam yang sholat arahnya kemana mana turnbackhoax.id,0,kesehatan,hoaxid_hf,2020-02-10
hf-5330,kompilasi post periksa fakta mafindo berkaitan dengan virus corona turnbackhoax.id,0,kesehatan,hoaxid_hf,2020-02-06
hf-5331,salah video akibat virus corona babi di kubur hidup-hidup turnbackhoax.id,0,kesehatan,hoaxid_hf,2020-02-06
hf-5335,salah rumah sakit kanusojo balikpapan telah menerima pasien positif virus corona turnbackhoax.id,0,kesehatan,hoaxid_hf,2020-02-04
hf-5336,berita warga cina lempar kucing dan anjingnya dari apartemen karena hoaks kucing dan anjing menularkan virus corona turnbackhoax.id,0,kesehatan,hoaxid_hf,2020-02-04
hf-5337,salah virus corona dapat menular melalui tatapan mata turnbackhoax.id,0,kesehatan,hoaxid_hf,2020-02-04
hf-5339,salah virus corona masuk makanan kalengan cina turnbackhoax.id,0,kesehatan,hoaxid_hf,2020-02-04
hf-5340,"salah hati-hati untuk wilayah tanjung enim, muara enim dan sekitarnya. virus corona sudah masuk! turnbackhoax.id",0,kesehatan,hoaxid_hf,2020-02-03
hf-5343,salah dettol antiseptik disebut dapat membunuh virus corona turnbackhoax.id,0,kesehatan,hoaxid_hf,2020-02-03
hf-5345,salah video 5 pasien suspect infeksi virus corona’ 1 meninggal dunia di rsu dari kariadi semarang-indonesia turnbackhoax.id,0,kesehatan,hoaxid_hf,2020-02-03
hf-5346,salah foto china dilaporkan diam-diam kremasi korban virus corona turnbackhoax.id,0,kesehatan,hoaxid_hf,2020-02-02
hf-5348,edukasi apa itu coronavirus dan seberapa khawatir kita seharusnya? turnbackhoax.id,0,kesehatan,hoaxid_hf,2020-02-01
hf-5352,salah virus corona sudah sampai di shah alam selangor turnbackhoax.id,0,kesehatan,hoaxid_hf,2020-01-31
hf-5353,salah presiden china mengumumkan virus corona telah menjadi epidemi dan memohon kepada umat islam mendoakan china turnbackhoax.id,0,kesehatan,hoaxid_hf,2020-01-31
hf-5354,salah video explore pasar wuhan virus corona diduga bermunculan turnbackhoax.id,0,kesehatan,hoaxid_hf,2020-01-30
hf-5357,salah corona virus sudah ada di rs. bhayangkara indramayu turnbackhoax.id,0,kesehatan,hoaxid_hf,2020-01-30
hf-5359,salah pemberitahuan kementerian kesehatan: metode pencegahan virus corona dengan minum air hangat turnbackhoax.id,0,kesehatan,hoaxid_hf,2020-01-30
hf-5363,"salah diduga terinfeksi virus corona, seorang warga di depok diisolasi turnbackhoax.id",0,kesehatan,hoaxid_hf,2020-01-29
hf-5365,salah coronavirus memiliki paten turnbackhoax.id,0,kesehatan,hoaxid_hf,2020-01-29
hf-5367,salah ada 3 orang tka china pt iwip yang meninggal dunia akibat virus corona turnbackhoax.id,0,kesehatan,hoaxid_hf,2020-01-29
hf-5369,"salah diduga terjangkit virus corona, satu pasien rs doris sylvanus diisolasi turnbackhoax.id",0,kesehatan,hoaxid_hf,2020-01-28
hf-5370,salah daftar jajanan makanan di kabupaten bantaeng yang terjangkit virus hepatitis turnbackhoax.id,0,kesehatan,hoaxid_hf,2020-01-28
hf-5371,salah jokowi: virus corona minum bodrex 5 menit langsung sembuh turnbackhoax.id,0,kesehatan,hoaxid_hf,2020-01-28
hf-5372,salah foto virus corona sudah sampai terminal 3 internasional bandara soekarno-hatta turnbackhoax.id,0,kesehatan,hoaxid_hf,2020-01-28
hf-5374,salah di makassar dirawat 1 pasien suspect corona virus turnbackhoax.id,0,kesehatan,hoaxid_hf,2020-01-28
hf-5377,salah air rebusan bawang putih menyembuhkan virus corona turnbackhoax.id,0,kesehatan,hoaxid_hf,2020-01-27
hf-5380,false correlation of video of child fed with living tadpoles with corona virus turnbackhoax.id,0,kesehatan,hoaxid_hf,2020-01-27
hf-5381,salah korelasi video anak disuapi berudu hidup dengan virus corona turnbackhoax.id,0,kesehatan,hoaxid_hf,2020-01-27
hf-5383,salah kepanikan luar biasa orang-orang china akibat viruscorona turnbackhoax.id,0,kesehatan,hoaxid_hf,2020-01-25
hf-5387,salah dua perawat di rs sardjito terjangkit virus corona turnbackhoax.id,0,kesehatan,hoaxid_hf,2020-01-24
hf-5388,salah vaksin penyebab autis turnbackhoax.id,0,kesehatan,hoaxid_hf,2020-01-24
hf-5391,salah anies baswedan dinobatkan sebagai gubernur terbaik di dunia turnbackhoax.id,0,kesehatan,hoaxid_hf,2020-01-22
hf-5412,salah jus daun pepaya mentah obat dbd turnbackhoax.id,0,kesehatan,hoaxid_hf,2020-01-14
hf-5450,salah pelintiran judul berita dokter meminta wapres ma’ruf amin beristirahat turnbackhoax.id,0,kesehatan,hoaxid_hf,2020-01-05
hf-5479,salah air liur dari terompet dapat sebarkan penyakit berbahaya turnbackhoax.id,0,kesehatan,hoaxid_hf,2019-12-30
hf-5511,salah legenda hello kitty berasal dari gadis penderita kanker mulut dan hello kiity artinya dalam bahasa china adalah halo iblis turnbackhoax.id,0,kesehatan,hoaxid_hf,2019-12-21
hf-5529,salah air nanas panas sembuhkan kanker turnbackhoax.id,0,kesehatan,hoaxid_hf,2019-12-17
hf-5530,berita kemenpan rb: tidak ada pengangkatan cpns jalur indonesia sehat turnbackhoax.id,0,kesehatan,hoaxid_hf,2019-12-17
hf-5571,salah minuman probiotik dapat membantu sembuhkan kanker turnbackhoax.id,0,kesehatan,hoaxid_hf,2019-12-05
hf-5578,"salah uym: sholat dimonas itu dosa, karena dianggap riya, semoga para alumni 212 segera bertobat turnbackhoax.id",0,kesehatan,hoaxid_hf,2019-12-04
hf-5614,salah foto anak berdarah mahasiswa poly university korban demo demo rusuh di hongkong turnbackhoax.id,0,kesehatan,hoaxid_hf,2019-11-23
hf-5658,salah gebrakan menteri kesehatan yang baru turnbackhoax.id,0,kesehatan,hoaxid_hf,2019-11-08
hf-5660,salah penyumbatan di usus karena konsumsi mie atau spaghetti yang disingkirkan saat dokter melakukan operasi turnbackhoax.id,0,kesehatan,hoaxid_hf,2019-11-08
hf-5665,salah virus babi hog cholera menular pada manusia turnbackhoax.id,0,kesehatan,hoaxid_hf,2019-11-06
hf-5696,salah minum air es saat cuaca panas dapat mengalami pecah pembuluh darah turnbackhoax.id,0,kesehatan,hoaxid_hf,2019-10-28
hf-5749,salah makan buah saat perut kosong bisa sembuhkan kanker turnbackhoax.id,0,kesehatan,hoaxid_hf,2019-10-10
hf-5766,salah panglima tniudah pada tau kan arahnya kemana.makan yang banyak ya jenderal biar tambah sehat. turnbackhoax.id,0,kesehatan,hoaxid_hf,2019-10-07
hf-5771,salah video potongan kanker menjauhi bawang putih mendekati emas turnbackhoax.id,0,kesehatan,hoaxid_hf,2019-10-07
hf-5830,salah pertolongan pertama pada stroke dengan tusukan jarum ke ujung setiap jari masing-masing atau bagian bawah daun telinga turnbackhoax.id,0,kesehatan,hoaxid_hf,2019-09-23
hf-5900,salah jarum suntik di toilet umum penyebar virus hiv turnbackhoax.id,0,kesehatan,hoaxid_hf,2019-09-05
hf-5932,salah mantan presiden ri ke 3 dinobatkan sebagai pemilik iq tertinggi sepanjang sejarah manusia namun disia-siakan oleh bangsa indonesia turnbackhoax.id,0,kesehatan,hoaxid_hf,2019-08-25
hf-5954,salah zionis israel menebar virus aids di pembalut wanita turnbackhoax.id,0,kesehatan,hoaxid_hf,2019-08-18
hf-5956,"klarifikasi jangan mengkonsumsi bawang yang telah dikupas, karena menyerap kuman dan virus di udara turnbackhoax.id",0,kesehatan,hoaxid_hf,2019-08-17
hf-6056,salah daftar obat terlarang bpom (kop surat rs siloam) turnbackhoax.id,0,kesehatan,hoaxid_hf,2019-07-17
hf-6070,"salah imunisasi adalah tipu daya zionist, yang sebenarnya memasukkan bibit penyakit untuk jangka pendek maupun panjang turnbackhoax.id",0,kesehatan,hoaxid_hf,2019-07-14
hf-6088,salah khanzarof : hasil cloning dokter hewan amerika dan rusia yang berasal dari campuran kambing dan babi turnbackhoax.id,0,kesehatan,hoaxid_hf,2019-07-10
hf-6100,salah pesan dari pangdam ix udayana tentang cek gula darah dengan jarum bervirus aids turnbackhoax.id,0,kesehatan,hoaxid_hf,2019-07-08
hf-6126,"klarifikasi disebut ada mafia lakukan jual beli darah hasil donor, pmi angkat bicara turnbackhoax.id",0,kesehatan,hoaxid_hf,2019-07-01
hf-6221,salah jokowi di mata internasional dijuluki tangan berdarah turnbackhoax.id,0,kesehatan,hoaxid_hf,2019-05-25
hf-6241,salah meninggalnya serda supran sida dikaitkan dengan virus cacar monyet turnbackhoax.id,0,kesehatan,hoaxid_hf,2019-05-20
hf-6274,"benar klarifikasi dari dinkes terkait informasi ramuan minyak tanah yang bisa mengobati penyakit asam urat, kolesterol, dan tekanan darah tinggi turnbackhoax.id",0,kesehatan,hoaxid_hf,2019-05-10
hf-6294,salah cuci bersih kurma karena mengandung virus corona yang berasal dari kelelawar turnbackhoax.id,0,kesehatan,hoaxid_hf,2019-05-06
hf-6356,salah ketua kpu 2014 husni kamil mayatnya penuh bercak darah turnbackhoax.id,0,kesehatan,hoaxid_hf,2019-04-23
hf-6609,salah terdapat obat bius di daun teh tiek kwan im turnbackhoax.id,0,kesehatan,hoaxid_hf,2019-02-19
hf-6629,salah ali mochtar ngabalin diserang stroke karena doanya sendiri turnbackhoax.id,0,kesehatan,hoaxid_hf,2019-02-13
hf-6653,kutu jepang untuk diabetes. turnbackhoax.id,0,kesehatan,hoaxid_hf,2019-02-08
hf-6662,salah tes merkuri pada kosmetik dengan emas. turnbackhoax.id,0,kesehatan,hoaxid_hf,2019-02-07
hf-6679,"salah stroke kambuh, prabowo batal orasi politik di acara fraksi pks turnbackhoax.id",0,kesehatan,hoaxid_hf,2019-02-04
hf-6755,salah ustaz arifin ilham berobat ke malaysia naik jet pribadi milik prabowo turnbackhoax.id,0,kesehatan,hoaxid_hf,2019-01-11
hf-6850,salah orang penyakitan kok nyapres turnbackhoax.id,0,kesehatan,hoaxid_hf,2018-12-19
hf-6942,salah megawati soekarnoputri dirawat di rumah sakit karena stroke turnbackhoax.id,0,kesehatan,hoaxid_hf,2018-11-08
hf-7054,hoax institut pencegahan kanker mengumumkan ranking sayuran anti kanker: turnbackhoax.id,0,kesehatan,hoaxid_hf,2018-10-09
hf-7069,salah zionis israel menebar virus aids disetiap pembalut wanita turnbackhoax.id,0,kesehatan,hoaxid_hf,2018-10-03
hf-7162,salah foto bibir miring prabowo petanda stroke ringan turnbackhoax.id,0,kesehatan,hoaxid_hf,2018-09-14
hf-7237,"benar dirumorkan punya aturan baru pembatasan waktu pasien bertemu dokter, bpjs angkat bicara turnbackhoax.id",0,kesehatan,hoaxid_hf,2018-08-29
hf-7240,benar kpai bantah 55 anak meninggal karena korban vaksin turnbackhoax.id,0,kesehatan,hoaxid_hf,2018-08-28
hf-7260,berita mui ajak masyarakat tak ragu untuk vaksin mr turnbackhoax.id,0,kesehatan,hoaxid_hf,2018-08-23
hf-7289,benar bmkg menilai pemberitaan aljazeera yang mengatakan polusi udara di jakarta tidak sehat’ jelang asian games adalah berlebihan turnbackhoax.id,0,kesehatan,hoaxid_hf,2018-08-18
hf-7302,benar dinkes aceh membantah atas isu pelajar lumpuh setelah vaksin mr turnbackhoax.id,0,kesehatan,hoaxid_hf,2018-08-15
hf-7322,"benar bukan disebabkan vaksin, siswa mi di palembang tewas karena radang otak turnbackhoax.id",0,kesehatan,hoaxid_hf,2018-08-09
hf-7337,benar pihak keluarga almarhumah siswi smpn 2 semen bantah sa’ meninggal dalam kondisi telinga berdarah dan hp berantakan di lantai turnbackhoax.id,0,kesehatan,hoaxid_hf,2018-08-06
hf-7339,salah racun vaksin apa yang kalian tebarkan turnbackhoax.id,0,kesehatan,hoaxid_hf,2018-08-05
hf-7340,"salah bahan vaksin dari darah babi, turnbackhoax.id",0,kesehatan,hoaxid_hf,2018-08-05
hf-7342,klarifikasi pare tidak serta-merta bisa menyembuhkan kanker turnbackhoax.id,0,kesehatan,hoaxid_hf,2018-08-04
hf-7413,benar parasetamol tidak mengandung virus machupo turnbackhoax.id,0,kesehatan,hoaxid_hf,2018-07-17
hf-7426,salah surat perintah pendataan tenaga medis dan non medis rumah sakit tahun 2018 turnbackhoax.id,0,kesehatan,hoaxid_hf,2018-07-14
hf-7438,salah pembuluh darah di mata pecah akibat sering bermain hp turnbackhoax.id,0,kesehatan,hoaxid_hf,2018-07-11
hf-7454,benar selebaran poster acara penobatan miss waria banten 2018 turnbackhoax.id,0,kesehatan,hoaxid_hf,2018-07-05
hf-7535,"salah dari gupta mengatakan, tidak ada yang harus mati kanker kecuali keluar dari kecerobohan; turnbackhoax.id",0,kesehatan,hoaxid_hf,2018-06-11
hf-7544,salah sebuah akun facebook meminta donasi untuk anak penderita kanker tulang turnbackhoax.id,0,kesehatan,hoaxid_hf,2018-06-07
hf-7568,"salah begal beraksi di wilayah cileweung, korban wanita alami luka bacok turnbackhoax.id",0,kesehatan,hoaxid_hf,2018-05-31
hf-7577,benar edy rahmayadi tidak terkena stroke turnbackhoax.id,0,kesehatan,hoaxid_hf,2018-05-28
hf-7613,salah tes gula darah untuk menyebarkan aids di medan turnbackhoax.id,0,kesehatan,hoaxid_hf,2018-05-17
hf-7634,benar klarifikasi dinas kesehatan kota palopo terkait isu beredarnya obat kedaluwarsa turnbackhoax.id,0,kesehatan,hoaxid_hf,2018-05-11
hf-7739,"salah calon gubernur sulsel, nurdin abdullah derita kanker di leher turnbackhoax.id",0,kesehatan,hoaxid_hf,2018-04-13
hf-7743,benar klarifikasi rumah sakit umum cut nyak dien (rsu-cnd) meulaboh terkait isu keluarnya dokter spesialis jantung karena tak digaji turnbackhoax.id,0,kesehatan,hoaxid_hf,2018-04-12
hf-7781,salah 9 merek pembalut di indonesia penyebab kanker turnbackhoax.id,0,kesehatan,hoaxid_hf,2018-04-01
hf-7782,berita dokter ini aktif sembuhkan’ pasien dari kabar hoax turnbackhoax.id,0,kesehatan,hoaxid_hf,2018-04-01
hf-7784,salah penyakit makula turnbackhoax.id,0,kesehatan,hoaxid_hf,2018-03-30
hf-7846,salah bahaya makanan anak kinder joy bisa sebabkan kanker turnbackhoax.id,0,kesehatan,hoaxid_hf,2018-03-16
hf-7865,benar klarifikasi dinas kesehatan kabupaten cianjur terkait kabar bocah bernama muhammad zihad menderita gizi buruk turnbackhoax.id,0,kesehatan,hoaxid_hf,2018-03-13
hf-7917,hoax prabowo subianto sempat alami stroke sebanyak 3 kali turnbackhoax.id,0,kesehatan,hoaxid_hf,2018-02-28
hf-7930,hoax satanisme buah disuntik darah mengandung hiv turnbackhoax.id,0,kesehatan,hoaxid_hf,2018-02-25
hf-7949,hoax nyalakan ac tanpa buka kaca saat pertama masuk mobil bisa sebabkan kanker turnbackhoax.id,0,kesehatan,hoaxid_hf,2018-02-21
hf-8006,disinformasi mantan presiden ri ke 3 di nobatkan sebagai pemilik iq tertinggi sepanjang sejarah manusia namun di sia siakan oleh bangsa indonesia turnbackhoax.id,0,kesehatan,hoaxid_hf,2018-02-03
hf-8078,hoax dokter anti vaksin asal amerika serikat turnbackhoax.id,0,kesehatan,hoaxid_hf,2018-01-10
hf-8152,"berita hina panglima tni dan jokowi di medsos, dokter di sumbar ditangkap turnbackhoax.id",0,kesehatan,hoaxid_hf,2017-12-16
hf-8186,klarifikasi bpjs tak tanggung jaminan kesehatan untuk perokok turnbackhoax.id,0,kesehatan,hoaxid_hf,2017-12-08
hf-8193,hoax foto pengendara ojol yang berdarah dipukuli sopir taksi turnbackhoax.id,0,kesehatan,hoaxid_hf,2017-12-06
hf-8216,isu efek samping vaksin kanker serviks turnbackhoax.id,0,kesehatan,hoaxid_hf,2017-11-29
hf-8221,klarifikasi bpjs tak tanggung biaya pengobatan 8 penyakit katastropik turnbackhoax.id,0,kesehatan,hoaxid_hf,2017-11-27
hf-8240,hoax penjual air kesehatan sebar hoax pemanis buatan turnbackhoax.id,0,kesehatan,hoaxid_hf,2017-11-21
hf-8261,hoax donor sperma di fakultas kedokteran universitas indonesia turnbackhoax.id,0,kesehatan,hoaxid_hf,2017-11-17
hf-8274,berita eksperimen: mengupas hoax potongan kanker’ yang menjauhi bawang putih turnbackhoax.id,0,kesehatan,hoaxid_hf,2017-11-16
hf-8299,hoax potongan kanker bergerak jauhi bawang putih turnbackhoax.id,0,kesehatan,hoaxid_hf,2017-11-09
hf-8335,"disinformasi metro_tv: kembali tenang berdagang di trotoar tanah abang, portal-islam.id: serang anies-sandi dengan berita hoax, metro tv dipermalukan haji lulung turnbackhoax.id",0,kesehatan,hoaxid_hf,2017-10-26
hf-8367,disinformasi registrasi kartu sim card perlukah nama ibu kandung ? turnbackhoax.id,0,kesehatan,hoaxid_hf,2017-10-19
hf-8377,(hoax) makam berdarah turnbackhoax.id,0,kesehatan,hoaxid_hf,2017-10-16
hf-8421,disinformasi pesan berantai tentang penyebab penyakit dalam organ tubuh turnbackhoax.id,0,kesehatan,hoaxid_hf,2017-10-04
hf-8425,"hoax, hasut, provokasi bra yang berisi cairan penyebab kanker payudara turnbackhoax.id",0,kesehatan,hoaxid_hf,2017-10-03
hf-8451,(hoax) yayasan miracle hope ingin membantu untuk mengobati penderita kanker jenis apapun turnbackhoax.id,0,kesehatan,hoaxid_hf,2017-09-24
hf-8470,(hoax): waspada dokter palsu pki tularkan hiv,0,kesehatan,hoaxid_hf,2017-09-18
hf-8488,hoax biksu myanmar terkena azab penyakit misteri turnbackhoax.id,0,kesehatan,hoaxid_hf,2017-09-07
hf-8519,"hoax rs gatot subroto jkt, sudah mulai ada pengobatan tumor ganas",0,kesehatan,hoaxid_hf,2017-08-12
hf-8528,"edukasi, berita rangkuman 40 berita hoax kesehatan terbanyak turnbackhoax.id",0,kesehatan,hoaxid_hf,2017-07-19
hf-8544,"hoax fluoride sangat berbahaya, bisa menyebabkan kanker turnbackhoax.id",0,kesehatan,hoaxid_hf,2017-06-28
hf-8625,hoax soda kue dicampur madu dapat menyembuhkan kanker turnbackhoax.id,0,kesehatan,hoaxid_hf,2017-04-09
hf-8638,hoax bahaya obat bius untuk wanita progesterex turnbackhoax.id,0,kesehatan,hoaxid_hf,2017-03-22
hf-8669,hoax: daftar obat terlarang bpom (kop surat rs siloam) turnbackhoax.id,0,kesehatan,hoaxid_hf,2017-03-06
hf-8689,hoax: parasetamol mengandung virus turnbackhoax.id,0,kesehatan,hoaxid_hf,2017-02-27
hf-8694,hoax paracetamol mengandung virus machupo turnbackhoax.id,0,kesehatan,hoaxid_hf,2017-02-22
hf-8751,(hoax) mengkonsumsi sayap dan ceker ayam yang disuntik hormon dapat menyebabkan kanker turnbackhoax.id,0,kesehatan,hoaxid_hf,2017-02-08
hf-8770,(disinformasi): pengobatan jantung koroner dengan terapi kelasi (chelation) bisa gantikan angioplasty turnbackhoax.id,0,kesehatan,hoaxid_hf,2017-02-02
hf-8819,(hoax): fpi bubarkan pengobatan gratis dpp pdi perjuangan di tambora turnbackhoax.id,0,kesehatan,hoaxid_hf,2017-01-17
hf-8847,"hoax laetrile alias amygdalin adalah vitamin b17, dan satu-satunya obat yang diperlukan untuk sembuhkan kanker turnbackhoax.id",0,kesehatan,hoaxid_hf,2017-01-07
hf-8882,(edukasi): panduan bersosial media secara sehat turnbackhoax.id,0,kesehatan,hoaxid_hf,2016-12-22
hf-8951,hoax ada besi tipis di dalam obat turnbackhoax.id,0,kesehatan,hoaxid_hf,2016-12-06
hf-8971,hoax: vaksin kanker serviks menyebabkan menopause dini turnbackhoax.id,0,kesehatan,hoaxid_hf,2016-12-01
hf-8983,isu vaksin kanker serviks sebabkan menopouse dini turnbackhoax.id,0,kesehatan,hoaxid_hf,2016-11-28
hf-8988,edukasi tips bermedia sosial sehat ala ahmad mustofa bari turnbackhoax.id,0,kesehatan,hoaxid_hf,2016-11-27
hf-9010,(hoax) makanan kalengan dari thailand mengandung virus aids turnbackhoax.id,0,kesehatan,hoaxid_hf,2016-11-21
hf-9072,"hoax gubernur papua, lukas enembe hadir di rapat ktt amerika serikat afrika turnbackhoax.id",0,kesehatan,hoaxid_hf,2016-09-10
hf-9161,hoax pengendara ojol bersimbah darah akibat dipukuli oleh para sopir taksi turnbackhoax.id,0,kesehatan,hoaxid_hf,2016-03-23
hf-9185,(fitnah) warsito dilarang melakukan riset kanker oleh pemerintah turnbackhoax.id,0,kesehatan,hoaxid_hf,2016-02-06
hf-9236,hoax : pembalut yahudi yang ditanami virus hiv turnbackhoax.id,0,kesehatan,hoaxid_hf,2015-11-21
hf-9278,jurnal medis tidak menyatakan potensi penularan orang sebelum divaksin covid-19 lebih rendah,0,kesehatan,hoaxid_hf,2022-08-03
hf-9308,infografik: beredarnya informasi keliru tentang kewajiban skrining peserta bpjs kesehatan,0,kesehatan,hoaxid_hf,2022-07-29
hf-9315,hoaks menggosokkan hidrogen peroksida pada kulit sembuhkan kanker,0,kesehatan,hoaxid_hf,2022-07-29
hf-9323,meta pertimbangkan perubahan kebijakan soal misinformasi covid-19,0,kesehatan,hoaxid_hf,2022-07-27
hf-9328,klarifikasi bpjs kesehatan mewajibkan skrining mulai 17 juli 2022,0,kesehatan,hoaxid_hf,2022-07-27
hf-9349,hoaks meninggalnya tjahjo kumolo dikaitkan dengan vaksin mrna,0,kesehatan,hoaxid_hf,2022-07-22
hf-9352,infografik: benarkah kucing bisa menularkan covid-19 ke manusia?,0,kesehatan,hoaxid_hf,2022-07-22
hf-9356,hoaks vaksinasi covid-19 buat tingkat kesuburan pada pria menurun,0,kesehatan,hoaxid_hf,2022-07-21
hf-9358,hoaks ramuan air panas dan pare untuk membunuh sel kanker,0,kesehatan,hoaxid_hf,2022-07-21
hf-9361,hoaks vaksinasi bertujuan memasukkan mikrocip 666 ke tubuh manusia,0,kesehatan,hoaxid_hf,2022-07-20
hf-9378,"hoaks vaksin covid-19 meningkatkan hiv, vaksin cacar memicu aids",0,kesehatan,hoaxid_hf,2022-07-18
hf-9387,hoaks donny suhendra meninggal karena vaksin,0,kesehatan,hoaxid_hf,2022-07-15
hf-9401,hoaks vaksin adalah cairan beracun,0,kesehatan,hoaxid_hf,2022-07-12
hf-9402,hoaks parasetamol p-500 mengandung virus machupo,0,kesehatan,hoaxid_hf,2022-07-12
hf-9421,klarifikasi peningkatan kasus enggak bisa setelah vaksinasi covid-19,0,kesehatan,hoaxid_hf,2022-07-07
hf-9427,cek fakta: pernyataan justin bieber soal vaksin covid-19,0,kesehatan,hoaxid_hf,2022-07-06
hf-9433,cek fakta: gadis ukraina diklaim terluka karena misil rusia,0,kesehatan,hoaxid_hf,2022-07-05
hf-9455,infografik: benarkah rebusan putri malu berkhasiat obati berbagai penyakit?,0,kesehatan,hoaxid_hf,2022-06-30
hf-9456,hoaks cdc mengakui kekebalan alami lebih kuat dari vaksin covid-19,0,kesehatan,hoaxid_hf,2022-06-29
hf-9457,cek fakta: benarkah vaksin cacar penyebab wabah aids pada 1987?,0,kesehatan,hoaxid_hf,2022-06-29
hf-9462,klarifikasi rebusan putri malu berkhasiat mengobati berbagai penyakit,0,kesehatan,hoaxid_hf,2022-06-28
hf-9463,hoaks dokumen pfizer mencantumkan 1.291 efek vaksin,0,kesehatan,hoaxid_hf,2022-06-27
hf-9465,hoaks angka covid-19 naik karena disengaja jelang idul adha,0,kesehatan,hoaxid_hf,2022-06-27
hf-9473,cek fakta: benarkah vaksin covid-19 meningkatkan sindrom kematian mendadak?,0,kesehatan,hoaxid_hf,2022-06-25
hf-9476,hoaks pada 2025 tidak bisa tarik tunai di atm jika tidak divaksin,0,kesehatan,hoaxid_hf,2022-06-24
hf-9489,berbagai hoaks tentang cara menyembuhkan kanker,0,kesehatan,hoaxid_hf,2022-06-22
hf-9492,"resep parutan kulit lemon beku untuk penderita kanker, ini kata dokter",0,kesehatan,hoaxid_hf,2022-06-21
hf-9493,hoaks vaksin astrazeneca menyebabkan cacar monyet dan hepatitis akut,0,kesehatan,hoaxid_hf,2022-06-21
hf-9496,"hoaks capres muncul meski pemilu masih lama, dinilai ganggu sehatnya demokrasi",0,kesehatan,hoaxid_hf,2022-06-21
hf-9500,hoaks makan buah saat perut kosong bisa sembuhkan kanker,0,kesehatan,hoaxid_hf,2022-06-20
hf-9501,hoaks bill gates telah memesan 13 juta dosis vaksin cacar monyet,0,kesehatan,hoaxid_hf,2022-06-20
hf-9507,cek fakta: benarkah empon-empon sembuhkan pmk pada sapi ?,0,kesehatan,hoaxid_hf,2022-06-18
hf-9508,cek fakta: benarkah bill gates telah menyiapkan miliaran vaksin cacar monyet?,0,kesehatan,hoaxid_hf,2022-06-17
hf-9513,hoaks justin bieber terkena sindrom ramsay hunt akibat vaksin covid-19,0,kesehatan,hoaxid_hf,2022-06-16
hf-9518,hoaks bahaya mengonsumsi daging akibat adanya penyakit pmk,0,kesehatan,hoaxid_hf,2022-06-16
hf-9519,cek fakta: benarkah vaksin astrazeneca sebabkan cacar monyet?,0,kesehatan,hoaxid_hf,2022-06-15
hf-9525,benarkah penyakit mulut dan kuku sengaja disebar untuk halangi idul adha?,0,kesehatan,hoaxid_hf,2022-06-14
hf-9527,"banyak hoaks soal tepung terigu bisa sembuhkan luka bakar, ini faktanya",0,kesehatan,hoaxid_hf,2022-06-14
hf-9539,"hati-hati testimoni obat menyembuhkan long covid, jangan langsung percaya",0,kesehatan,hoaxid_hf,2022-06-10
hf-9542,"muncul hoaks obat diet thailand sembuhkan long covid, ini faktanya",0,kesehatan,hoaxid_hf,2022-06-09
hf-9543,hoaks rebusan tepung kanji berkhasiat mengobati asam lambung,0,kesehatan,hoaxid_hf,2022-06-09
hf-9558,hoaks kerokan kulit batang mangga berkhasiat mengobati sakit gigi,0,kesehatan,hoaxid_hf,2022-06-07
hf-9564,hoaks twit senator as rand paul soal bukti vaksin covid-19 berbahaya,0,kesehatan,hoaxid_hf,2022-06-06
hf-9578,hoaks pesan dari pangdam ixudayana soal penyebaran hivaids lewat cek gula darah gratis,0,kesehatan,hoaxid_hf,2022-05-31
hf-9580,hoaks cairan batang pisang untuk obat lambung dan kerontokan rambut,0,kesehatan,hoaxid_hf,2022-05-31
hf-9590,infografik: benarkah monkeypox disebabkan vaksin dan terkait covid-19?,0,kesehatan,hoaxid_hf,2022-05-28
hf-9600,"monkeypox bukan disebabkan vaksin atau covid-19, ini kata epidemiolog",0,kesehatan,hoaxid_hf,2022-05-26
hf-9601,hoaks cacar monyet akibat efek samping vaksin atau vaids,0,kesehatan,hoaxid_hf,2022-05-25
hf-9609,hoaks ilmuwan yang membuat dan menjual virus corona sudah tertangkap,0,kesehatan,hoaxid_hf,2022-05-24
hf-9632,hoaks lowongan kerja dinas kesehatan berbagai daerah,0,kesehatan,hoaxid_hf,2022-05-18
hf-9633,hoaks tepung terigu untuk pertolongan pertama luka bakar,0,kesehatan,hoaxid_hf,2022-05-18
hf-9663,infografik: berbagai klaim keliru seputar hepatitis akut yang dikaitkan covid-19,0,kesehatan,hoaxid_hf,2022-05-12
hf-9676,"klarifikasi ppkm belum berakhir, diperpanjang sampai pandemi covid-19 terkendali",0,kesehatan,hoaxid_hf,2022-05-10
hf-9679,hoaks vaksin covid-19 menyebabkan hepatitis akut pada anak,0,kesehatan,hoaxid_hf,2022-05-09
hf-9681,klarifikasi imbauan kemenkes terkait penyakit hepatitis akut misterius,0,kesehatan,hoaxid_hf,2022-05-09
hf-9682,berbagai klaim keliru seputar kasus hepatitis akut dan covid-19,0,kesehatan,hoaxid_hf,2022-05-09
hf-9700,hoaks moderna memproduksi virus corona dan vaksinnya sebelum menyebar di wuhan,0,kesehatan,hoaxid_hf,2022-04-28
hf-9710,hoaks pengguna bpjs kesehatan melahirkan di pinggir jalan setelah ditolak rs,0,kesehatan,hoaxid_hf,2022-04-27
hf-9711,hoaks putusan sama menyatakan pandemi covid-19 telah berakhir,0,kesehatan,hoaxid_hf,2022-04-26
hf-9724,"infografik: hoaks, nasi dipanaskan lebih dari 12 jam memicu diabetes",0,kesehatan,hoaxid_hf,2022-04-23
hf-9731,hoaks nasi dipanaskan lebih dari 12 jam memicu diabetes,0,kesehatan,hoaxid_hf,2022-04-21
hf-9739,"beredar film dokumenter anti-vaksin, klaim virus corona adalah bisa ular",0,kesehatan,hoaxid_hf,2022-04-20
hf-9761,kumpulan hoaks dan penelusuran fakta chip pada vaksin covid-19,0,kesehatan,hoaxid_hf,2022-04-14
hf-9770,hoaks bill gates kembangkan vaksin covid-19 mengandung luciferase,0,kesehatan,hoaxid_hf,2022-04-13
hf-9782,hoaks vaksin covid-19 mengandung komponen virus aids,0,kesehatan,hoaxid_hf,2022-04-09
hf-9789,infografik: bantahan idi terkait hoaks pemecatan terawan karena vaksin nusantara,0,kesehatan,hoaxid_hf,2022-04-08
hf-9792,hoaks getah daun kemangi bermanfaat mengobati gatal pada kulit,0,kesehatan,hoaxid_hf,2022-04-07
hf-9795,benarkah buah zuriat meningkatkan peluang hamil? ini kata dokter,0,kesehatan,hoaxid_hf,2022-04-07
hf-9797,infografik: informasi keliru vaksin covid-19 menyebabkan stroke,0,kesehatan,hoaxid_hf,2022-04-07
hf-9799,hoaks daftar tingkat kelangsungan hidup covid-19 di atas 99 persen,0,kesehatan,hoaxid_hf,2022-04-06
hf-9807,hoaks solidaritas dokter keluar dari idi dan membentuk idsi,0,kesehatan,hoaxid_hf,2022-04-05
hf-9808,klarifikasi pemberhentian terawan dari keanggotaan idi karena vaksin nusantara,0,kesehatan,hoaxid_hf,2022-04-05
hf-9813,hoaks ranking dan peringkat sayuran antikanker dari ipb,0,kesehatan,hoaxid_hf,2022-04-04
hf-9820,hoaks air rebusan daun seledri untuk menggantikan terapi cuci darah,0,kesehatan,hoaxid_hf,2022-04-02
hf-9823,klarifikasi vaksin astrazeneca dan pfizer berpotensi serius menyebabkan stroke,0,kesehatan,hoaxid_hf,2022-04-01
hf-9829,hoaks varian baru virus corona dari india tidak terdeteksi alat tes covid-19,0,kesehatan,hoaxid_hf,2022-03-31
hf-9836,hoaks jada pinkett smith alami kerontokan rambut akibat kanker,0,kesehatan,hoaxid_hf,2022-03-29
hf-9847,hoaks vaksin covid-19 pfizer menyebabkan ensefalitis,0,kesehatan,hoaxid_hf,2022-03-24
hf-9848,hoaks video dokter pingsan saat operasi karena virus corona,0,kesehatan,hoaxid_hf,2022-03-24
hf-9853,infografik: benarkah rebusan air kelapa muda bisa sembuhkan batu ginjal?,0,kesehatan,hoaxid_hf,2022-03-24
hf-9855,hoaks covid-19 berasal dari laboratorium senjata biologis di ukraina yang didanai as,0,kesehatan,hoaxid_hf,2022-03-23
hf-9860,"infografik: efek megadosis vitamin c, berbahayakah bagi kesehatan?",0,kesehatan,hoaxid_hf,2022-03-23
hf-9872,cek fakta sepekan: hoaks seputar kesehatan hingga penyelundupan anak,0,kesehatan,hoaxid_hf,2022-03-21
hf-9873,hoaks marc marquez ditolak rumah sakit karena tak punya kartu bpjs kesehatan,0,kesehatan,hoaxid_hf,2022-03-21
hf-9896,hoaks rsud cipayung meng-covid-kan pasien,0,kesehatan,hoaxid_hf,2022-03-15
hf-9900,hoaks who menamai varian baru covid-19 dengan deltacron,0,kesehatan,hoaxid_hf,2022-03-14
hf-9902,cek fakta sepekan: hoaks seputar konflik rusia-ukraina hingga metode mandi yang sebabkan stroke,0,kesehatan,hoaxid_hf,2022-03-14
hf-9904,infografik: klarifikasi terkait anak suku kanekes kebal suntik saat vaksinasi,0,kesehatan,hoaxid_hf,2022-03-14
hf-9911,waspadai hoaks lowongan kerja untuk dokter pribadi kepala bnpb,0,kesehatan,hoaxid_hf,2022-03-09
hf-9913,"hoaks jangan basahi kepala terlebih dulu saat mandi, bisa sebabkan stroke",0,kesehatan,hoaxid_hf,2022-03-09
hf-9922,"hoaks surat edaran satgas penanganan covid-19, pandemi dicabut",0,kesehatan,hoaxid_hf,2022-03-07
hf-9928,muncul hoaks yang menyebut vaksin covid-19 dapat menyebabkan sifilis,0,kesehatan,hoaxid_hf,2022-03-04
hf-9953,hoaks pengobatan covid-19 ratu elizabeth ii gunakan ivermectin,0,kesehatan,hoaxid_hf,2022-02-24
hf-9954,"bahaya mengonsumsi hujan es, ini penjelasan dari dokter",0,kesehatan,hoaxid_hf,2022-02-24
hf-9959,muncul misinformasi ratu elizabeth ii pakai ivermectin dalam pengobatan covid-19,0,kesehatan,hoaxid_hf,2022-02-23
hf-9964,klarifikasi kartu vaksin jadi syarat beli minyak goreng bersubsidi,0,kesehatan,hoaxid_hf,2022-02-22
hf-9966,hoaks jasa pembuatan sertifikat vaksin resmi tanpa perlu suntik,0,kesehatan,hoaxid_hf,2022-02-22
hf-9967,"ramai kartu vaksin jadi syarat beli minyak goreng, ini tanggapan indomaret dan alfamart",0,kesehatan,hoaxid_hf,2022-02-21
hf-9971,hoaks virus corona varian omicron berbentuk swastika lambang nazi,0,kesehatan,hoaxid_hf,2022-02-19
hf-9972,hoaks vaksin covid-19 menyebabkan vaids,0,kesehatan,hoaxid_hf,2022-02-19
hf-9975,hoaks ada kode 5g setelah booster vaksin covid-19,0,kesehatan,hoaxid_hf,2022-02-19
hf-9979,"hoaks chemtrail attack, penyemprotan zat kimia yang menimbulkan berbagai penyakit",0,kesehatan,hoaxid_hf,2022-02-18
hf-9980,hoaks ratusan siswa sd meninggal karena vaksin,0,kesehatan,hoaxid_hf,2022-02-18
hf-9983,kumpulan hoaks dan penelusuran fakta seputar alat tes covid-19,0,kesehatan,hoaxid_hf,2022-02-17
hf-9985,infografik: anak penderita kanker dalam angka,0,kesehatan,hoaxid_hf,2022-02-17
hf-9986,hoaks video manusia menjadi zombie karena terapi gen dan virus,0,kesehatan,hoaxid_hf,2022-02-17
hf-9987,"infografik: beredar resep obat untuk omicron di medsos, amankah?",0,kesehatan,hoaxid_hf,2022-02-16
hf-9990,infografik: 7 vaksin covid-19 yang paling banyak digunakan,0,kesehatan,hoaxid_hf,2022-02-16
hf-9991,klarifikasi virus corona sudah diprediksi dalam novel,0,kesehatan,hoaxid_hf,2022-02-16
hf-9998,hoaks video kantong mayat bergerak dikaitkan dengan covid-19,0,kesehatan,hoaxid_hf,2022-02-14
hf-10000,hoaks pembagian masker gratis mengandung obat bius,0,kesehatan,hoaxid_hf,2022-02-14
hf-10004,hoaks bpjs kesehatan akan dinonaktifkan jika setahun tidak dipakai,0,kesehatan,hoaxid_hf,2022-02-11
hf-10006,"resep obat untuk omicron beredar di facebook, bolehkah digunakan?",0,kesehatan,hoaxid_hf,2022-02-11
hf-10007,klarifikasi cara menghadapi covid-19 dari menkes portugal,0,kesehatan,hoaxid_hf,2022-02-11
hf-10011,"omicron diklaim akibat polusi udara, ini bantahan dokter paru",0,kesehatan,hoaxid_hf,2022-02-10
hf-10014,hoaks covid-19 adalah propaganda ketakutan yang tidak nyata,0,kesehatan,hoaxid_hf,2022-02-09
hf-10019,hoaks ramuan obat herbal untuk menyembuhkan varian omicron,0,kesehatan,hoaxid_hf,2022-02-08
hf-10020,hoaks video pria dipiting petugas tni dan dipaksa vaksinasi covid-19,0,kesehatan,hoaxid_hf,2022-02-08
hf-10024,"infografik: 4 fakta neocov, varian baru virus yang tak terkait covid-19",0,kesehatan,hoaxid_hf,2022-02-07
hf-10025,"cek fakta sepekan: hoaks erupsi anak krakatau, hingga daftar obat covid-19",0,kesehatan,hoaxid_hf,2022-02-07
hf-10028,hoaks video penyuntikan vaksin kosong di semarang,0,kesehatan,hoaxid_hf,2022-02-05
hf-10038,hoaks omicron bukan virus tetapi efek keracunan chemtrail,0,kesehatan,hoaxid_hf,2022-02-03
hf-10040,hoaks 10 negara mencabut semua tindakan pencegahan covid-19,0,kesehatan,hoaxid_hf,2022-02-03
hf-10042,hoaks varian baru virus corona penyebab covid-19 bernama neocov,0,kesehatan,hoaxid_hf,2022-02-02
hf-10046,hoaks daftar obat covid-19 dari perkumpulan dokter wisma atlet,0,kesehatan,hoaxid_hf,2022-01-31
hf-10049,cek fakta sepekan: hoaks kopi sembuhkan covid-19 hingga odol untuk jerawat,0,kesehatan,hoaxid_hf,2022-01-31
hf-10059,klarifikasi inggris mencabut status covid-19 sebagai pandemi,0,kesehatan,hoaxid_hf,2022-01-27
hf-10064,klarifikasi video 1 juta dosis vaksin dihancurkan di nigeria,0,kesehatan,hoaxid_hf,2022-01-26
hf-10068,"polemik herbal: bermanfaat, tetapi disalahpahami untuk pengobatan covid-19",0,kesehatan,hoaxid_hf,2022-01-25
hf-10073,hoaks ramuan 131 mencegah infeksi dan replikasi virus,0,kesehatan,hoaxid_hf,2022-01-24
hf-10074,hoaks otg tidak menularkan virus dan prinsip survival di masa wabah,0,kesehatan,hoaxid_hf,2022-01-24
hf-10077,hoaks bill gates meminta semua vaksin covid-19 ditarik dari peredaran,0,kesehatan,hoaxid_hf,2022-01-24
hf-10085,"hikayat bawang putih, mitos pengobatan covid-19 hingga sakit telinga",0,kesehatan,hoaxid_hf,2022-01-21
hf-10098,"hoaks sembuhkan sakit gigi dengan es, bawang, cengkeh, atau jahe",0,kesehatan,hoaxid_hf,2022-01-19
hf-10101,klarifikasi delegasi indonesia ke israel bahas penanganan covid-19,0,kesehatan,hoaxid_hf,2022-01-19
hf-10111,"mengenal infodemik, misinformasi yang menyebar lebih cepat dari virus",0,kesehatan,hoaxid_hf,2022-01-17
hf-10115,cek fakta sepekan: booster vaksin covid-19 hingga info gempa,0,kesehatan,hoaxid_hf,2022-01-17
hf-10117,kominfo paparkan sebaran hoaks covid-19 dan vaksin selama sepekan,0,kesehatan,hoaxid_hf,2022-01-14
hf-10120,"pandemi sudah hampir 2 tahun, kenapa hoaks covid-19 masih bermunculan?",0,kesehatan,hoaxid_hf,2022-01-14
hf-10121,epidemiolog sebut infodemik jadi penghalang penanganan pandemi covid-19,0,kesehatan,hoaxid_hf,2022-01-13
hf-10123,hoaks who meminta peredaran vaksin di seluruh dunia dihentikan,0,kesehatan,hoaxid_hf,2022-01-13
hf-10124,hoaks login facebook harus pakai sertifikat vaksin,0,kesehatan,hoaxid_hf,2022-01-13
hf-10126,muncul hoaks yang sebut sertifikat vaksin jadi syarat login facebook,0,kesehatan,hoaxid_hf,2022-01-13
hf-10127,hoaks vaksin booster berbayar untuk masyarakat yang tidak punya kartu bpjs kesehatan,0,kesehatan,hoaxid_hf,2022-01-12
hf-10128,kemenkes bantah vaksin booster berbayar untuk yang tidak punya bpjs kesehatan,0,kesehatan,hoaxid_hf,2022-01-12
hf-10129,hoaks booster vaksin covid-19 diberikan setiap 6 bulan sekali,0,kesehatan,hoaxid_hf,2022-01-12
hf-10131,epidemiolog bantah hoaks yang beredar soal booster vaksin covid-19 setiap 6 bulan,0,kesehatan,hoaxid_hf,2022-01-12
hf-10133,hoaks cdc akui tes pcr tidak bisa bedakan virus corona dan influenza,0,kesehatan,hoaxid_hf,2022-01-11
hf-10142,hoaks warna darah orang yang sudah divaksin lebih hitam,0,kesehatan,hoaxid_hf,2022-01-08
hf-10143,"bantah hoaks darah menghitam akibat vaksin covid-19, ini penjelasan dokter",0,kesehatan,hoaxid_hf,2022-01-08
hf-10145,hoaks bahaya menerima donasi darah dari donor yang divaksin covid-19,0,kesehatan,hoaxid_hf,2022-01-08
hf-10146,hoaks florona adalah varian baru virus corona,0,kesehatan,hoaxid_hf,2022-01-07
hf-10155,kominfo: hoaks seputar covid-19 mengancam keselamatan jiwa masyarakat,0,kesehatan,hoaxid_hf,2022-01-06
hf-10156,hoaks vaksinasi adalah genosida dan menyebabkan kemandulan,0,kesehatan,hoaxid_hf,2022-01-06
hf-10160,"tren hoaks 2022: omicron, vaksinasi anak, hingga pilpres 2024",0,kesehatan,hoaxid_hf,2022-01-05
hf-10205,apakah kucing bisa menularkan covid-19 ke manusia?,0,kesehatan,hoaxid_hf,2022-07-18
hf-10260,infografik: vaksin covid-19 tangkal dampak berat subvarian omicron ba.4 dan ba.5,0,kesehatan,hoaxid_hf,2022-06-16
hf-10270,vaksin covid-19 mampu lawan penularan subvarian omicron ba.4 dan ba.5,0,kesehatan,hoaxid_hf,2022-06-14
hf-10290,"apakah akrobat udara di film ""top gun"" benar-benar bisa dilakukan?",0,kesehatan,hoaxid_hf,2022-06-08
hf-10295,infografik: kapan pandemi covid-19 bisa dinyatakan berakhir?,0,kesehatan,hoaxid_hf,2022-06-07
hf-10299,"kasus di indonesia turun, kapan pandemi covid-19 dinyatakan berakhir?",0,kesehatan,hoaxid_hf,2022-06-06
hf-10324,"vaksin covid-19 dan asi tak ada kaitannya dengan hepatitis akut, simak faktanya",0,kesehatan,hoaxid_hf,2022-05-10
hf-10329,cerita dukcapil paniai meluruskan isu perekaman iris mata untuk e-ktp menghisap darah,0,kesehatan,hoaxid_hf,2022-04-28
hf-10335,"vaksin hpv tidak berbahaya, simak faktanya",0,kesehatan,hoaxid_hf,2022-04-23
hf-10347,"simak, ini 3 hal yang sudah diketahui tentang virus corona varian xe",0,kesehatan,hoaxid_hf,2022-04-08
hf-10384,"kabar data: gempa sama 7,4 guncang jepang, 4 orang tewas 97 terluka",0,kesehatan,hoaxid_hf,2022-03-17
hf-10399,infografik: perkembangan vaksin merah putih...,0,kesehatan,hoaxid_hf,2022-03-08
hf-10411,kabar data: perkembangan terkini vaksin merah putih biotis-airlangga,0,kesehatan,hoaxid_hf,2022-03-02
hf-10416,"kabar data: rekor 586.113 kasus aktif covid-19, ini perjalanan sejak 24 juli 2021",0,kesehatan,hoaxid_hf,2022-02-25
hf-10421,"infografik: kasus covid-19 dalam angka periode 14-21 februari 2022, rekor kasus tercipta",0,kesehatan,hoaxid_hf,2022-02-22
hf-10422,"ratu elizabeth ii positif covid-19, begini riwayat kesehatannya sejak 2018",0,kesehatan,hoaxid_hf,2022-02-21
hf-10424,"infografik: mengenal virus corona, kelompok virus yang tak hanya sebabkan covid-19",0,kesehatan,hoaxid_hf,2022-02-21
hf-10435,kabar data: anak penderita kanker dalam angka...,0,kesehatan,hoaxid_hf,2022-02-15
hf-10446,infografik: kebijakan twitter terkait misinformasi covid-19,0,kesehatan,hoaxid_hf,2022-02-09
hf-10456,infografik: kanker paling mematikan di dunia...,0,kesehatan,hoaxid_hf,2022-02-05
hf-10460,"cermati, begini kebijakan twitter terkait misinformasi covid-19",0,kesehatan,hoaxid_hf,2022-02-05
hf-10461,spotify perbarui kebijakan konten podcast terkait covid-19,0,kesehatan,hoaxid_hf,2022-02-05
hf-10462,kabar data: kanker paling mematikan di dunia,0,kesehatan,hoaxid_hf,2022-02-04
hf-10468,"neocov bukan varian baru penyebab covid-19, ini 4 faktanya",0,kesehatan,hoaxid_hf,2022-02-03
hf-10496,"booster gratis untuk masyarakat, ini syarat, mekanisme, dan vaksin yang digunakan",0,kesehatan,hoaxid_hf,2022-01-12
hf-10501,"kabar data jelang pelaksanaan booster, seperti apa capaian vaksinasi covid-19?",0,kesehatan,hoaxid_hf,2022-01-10
hf-10503,kabar data efek samping dan imunogenisitas 5 jenis vaksin booster yang disetujui bpom,0,kesehatan,hoaxid_hf,2022-01-10
hf-10504,infografik: beda gejala covid-19 bagi orang yang belum dan sudah divaksin,0,kesehatan,hoaxid_hf,2022-01-10
hf-10510,ini perbedaan gejala covid-19 sebelum dan sesudah disuntik vaksin,0,kesehatan,hoaxid_hf,2022-01-07
hf-10516,salah pesan whatsapp bantuan bpjs kesehatan sebesar rp75 juta,0,kesehatan,hoaxid_hf,
hf-10526,salah lowongan kerja dinas kesehatan kabupaten kediri,0,kesehatan,hoaxid_hf,
hf-10556,salah vaksin covid-19 mengandung luciferase dan menjadi alat pelacak,0,kesehatan,hoaxid_hf,
hf-10564,salah: getah daun kemangi dapat obati gatal pada kulit,0,kesehatan,hoaxid_hf,
hf-10580,salah: informasi peringkat sayuran anti kanker oleh institut pencegahan kanker,0,kesehatan,hoaxid_hf,
hf-10592,"keliru, yayasan miracle hope membantu pengobatan kanker di rs gatot subroto dengan metode cell cure",0,kesehatan,hoaxid_hf,
hf-10597,salah perusahaan farmasi moderna yang menciptakan virus corona,0,kesehatan,hoaxid_hf,
hf-10619,salah vaksin pfizer-biontech dapat menyebabkan radang otak,0,kesehatan,hoaxid_hf,
hf-10634,"keliru, equinox menyebabkan cuaca panas ekstrim dan sun stroke",0,kesehatan,hoaxid_hf,
hf-10640,salah tiga orang china yang terpapar varian baru dari india tidak dapat dideteksi dengan alat test covid-19 biasa,0,kesehatan,hoaxid_hf,
hf-10660,salah pesepak bola qatar alami serangan jantung setelah divaksin covid-19,0,kesehatan,hoaxid_hf,
hf-10662,"tidak terbukti, covid-19 berasal dari laboratorium ukraina",0,kesehatan,hoaxid_hf,
hf-10696,salah pengobatan tumor ganas kanker cell cure rs gatot subroto jakarta,0,kesehatan,hoaxid_hf,
hf-10702,salah jadi covid adalah tidak natural tapi rekayasa sih laboratorium amerika serikat di ukraina untuk senjata biologi,0,kesehatan,hoaxid_hf,
hf-10705,salah arab saudi tidak mewajibkan masker untuk jamaah masjidil haram dan masjid nabawi serta akan menyediakan asuransi kesehatan,0,kesehatan,hoaxid_hf,
hf-10708,salah minum air rebusan rumput paragis bisa sembuhkan kista ovarium hingga epilepsi,0,kesehatan,hoaxid_hf,
hf-10714,salah pernyataan ekstrim menteri kesehatan letjen tni dari. terawan agus putranto sp. rad,0,kesehatan,hoaxid_hf,
hf-10742,"salah video kementerian kesehatan ukraina: 57 mati, 169 terluka di seluruh ukraina karena serangan rusia",0,kesehatan,hoaxid_hf,
hf-10743,salah covid-19 varian omicron adalah senjata biologis buatan,0,kesehatan,hoaxid_hf,
hf-10763,"menyesatkan, fda sembunyikan dokumen vaksin covid-19 pfizer hingga 75 tahun",0,kesehatan,hoaxid_hf,
hf-10764,"keliru, surat edaran bnpb cabut status pandemi covid-19",0,kesehatan,hoaxid_hf,
hf-10769,salah kulit bayi baru lahir melepuh karena sang ibu divaksin covid-19,0,kesehatan,hoaxid_hf,
hf-10772,salah: kulit bayi baru lahir melepuh karena ibu vaksin covid-19 saat hamil,0,kesehatan,hoaxid_hf,
hf-10776,salah foto tangkapan layar akun twitter bpjskesehatanri yang mengatakan ukraina wajib gabung bpjs kesehatan apabila ingin dibantu indonesia,0,kesehatan,hoaxid_hf,
hf-10780,salah lowongan dokter pribadi full timer untuk kepala bnpb,0,kesehatan,hoaxid_hf,
hf-10782,"keliru, video dinkes banten kesulitan vaksinasi covid-19 terhadap anak baduy luar karena dibekali ilmu kebal",0,kesehatan,hoaxid_hf,
hf-10800,salah covid 19 meningkat hanya saat ibadah umat islam,0,kesehatan,hoaxid_hf,
hf-10810,salah covid-19 dinyatakan dicabut dan dinyatakan tidak berlaku dengan surat edaran satgas se satgas no 92022,0,kesehatan,hoaxid_hf,
hf-10831,salah ilmuwan jerman mengumumkan bahwa berkumur dengan air garam dapat menghilangkan virus covid-19,0,kesehatan,hoaxid_hf,
hf-10835,"salah vaksin covid 19 tidak berguna, karena bermutasi menjadi ribuan varian covid baru",0,kesehatan,hoaxid_hf,
hf-10836,salah anjuran ahli virologi agar penerima vaksin dosis ketiga tes hiv karena vaksin covid menyebabkan hiv,0,kesehatan,hoaxid_hf,
hf-10840,salah lowongan pekerjaan staff vaksinasi booster dinas kesehatan provinsi jawa barat,0,kesehatan,hoaxid_hf,
hf-10843,salah melakukan tes pcr sama dengan mendapatkan vaksinasi,0,kesehatan,hoaxid_hf,
hf-10844,salah antigen test kits tidak dapat diandalkan untuk mendeteksi covid-19,0,kesehatan,hoaxid_hf,
hf-10862,salah imigran ilegal di amerika serikat mendapatkan kebebasan lebih untuk akses jaminan kesehatan dan hak memilih pada 2022,0,kesehatan,hoaxid_hf,
hf-10878,"salah foto protes anti-vaksin di canberra, australia tahun 2022",0,kesehatan,hoaxid_hf,
hf-10882,salah menggunakan obat bius setelah vaksin covid 19 sebabkan kematian,0,kesehatan,hoaxid_hf,
hf-10883,"salah jangan panik, seseorang yang terinfeksi covid-19 varian omicron dapat sembuh setelah mengonsumsi paracetamol 500 mg, vitamin sih 1000 mg, dan vitamin d3 1000 itu",0,kesehatan,hoaxid_hf,
hf-10887,"salah dari. gupta mengatakan tidak seorang pun boleh mati karena kanker, kecuali karena pengabaian",0,kesehatan,hoaxid_hf,
hf-10891,"keliru, asap putih dari pesawat adalah chemtrail yang sebarkan virus dan senjata biologi",0,kesehatan,hoaxid_hf,
hf-10914,salah video pasien meninggal 15 menit setelah divaksin,0,kesehatan,hoaxid_hf,
hf-10918,salah antibodi covid-19 membuat asi berubah warna,0,kesehatan,hoaxid_hf,
hf-10921,salah deteksi covid 19 dengan tahan napas 10 detik,0,kesehatan,hoaxid_hf,
hf-10922,salah makanan kaleng mengandung virus hiv aids,0,kesehatan,hoaxid_hf,
hf-10929,salah bentuk virus omicron seperti lambang nazi,0,kesehatan,hoaxid_hf,
hf-10932,salah bpjs kesehatan berikan dana bantuan rp100 juta,0,kesehatan,hoaxid_hf,
hf-10942,"keliru, klaim apabila dalam kondisi flu bila rapid atau swab hasilnya pasti positif covid-19",0,kesehatan,hoaxid_hf,
hf-10944,"keliru, neocov merupakan varian baru covid-19 yang ditemukan di afrika selatan",0,kesehatan,hoaxid_hf,
hf-10947,"keliru, covid-19 datang dan meningkat hanya di momen ibadah umat islam",0,kesehatan,hoaxid_hf,
hf-10950,salah terlihat korban covid-19 tergeletak di jalanan ternyata hanya akting belaka,0,kesehatan,hoaxid_hf,
hf-10959,salah cerita dalam novel telah memprediksi adanya pandemi covid-19,0,kesehatan,hoaxid_hf,
hf-10961,salah mayoritas penduduk dunia belum divaksin covid-19,0,kesehatan,hoaxid_hf,
hf-10962,salah pidato henry kissinger sebut vaksin adalah alat pengendali populasi,0,kesehatan,hoaxid_hf,
hf-10964,salah garam dan air kelapa dapat hilangkan vaksin di dalam tubuh,0,kesehatan,hoaxid_hf,
hf-10967,salah jasa sertifikat vaksin melalui telegram,0,kesehatan,hoaxid_hf,
hf-10971,salah omicron bukanlah virus melainkan akibat dari keracunan chemtrail yang disebar di udara,0,kesehatan,hoaxid_hf,
hf-10975,salah campuran daun pepaya dan jahe dapat sembuhkan omicron,0,kesehatan,hoaxid_hf,
hf-10977,salah covid-19 hoax karena narasinya sudah ada sebelum covid-19 muncul,0,kesehatan,hoaxid_hf,
hf-10978,salah vaksin booster menyebabkan manusia bertingkah seperti zombie,0,kesehatan,hoaxid_hf,
hf-10979,salah aplikasi android untuk scan vaksin covid-19 yang terhubung jaringan 5g,0,kesehatan,hoaxid_hf,
hf-10986,salah sebuah koran menyebut bill gates melakukan depopulasi melalui pemaksaan vaksinasi,0,kesehatan,hoaxid_hf,
hf-10989,salah pembagian masker gratis yang diberi obat bius ke rumah-rumah warga,0,kesehatan,hoaxid_hf,
hf-10990,"salah video nigeria, minggu 23-01-2022, menghancurkan jutaan vaksin covid19 demi melindungi rakyatnya dari kematian akibat suntikan vaksin covid19",0,kesehatan,hoaxid_hf,
hf-10991,salah air rebusan pare dapat membersihkan kolesterol dan semua penyakit,0,kesehatan,hoaxid_hf,
hf-10994,"keliru, pesan berantai 17 poin menghadapi covid-19 dari menteri kesehatan portugal, marta temido",0,kesehatan,hoaxid_hf,
hf-11000,"salah dzalim, cara vaksin model baru anti omicron",0,kesehatan,hoaxid_hf,
hf-11001,salah foto lampion untuk perayaan imlek saat pandemi covid-19,0,kesehatan,hoaxid_hf,
hf-11006,salah 5g dapat mengganggu keamanan penerbangan yang berarti juga berbahaya bagi kesehatan manusia,0,kesehatan,hoaxid_hf,
hf-11008,salah sri sultan hamengku buwono kali mengganggap covid 19 sandiwara di bumi nkri,0,kesehatan,hoaxid_hf,
hf-11012,"menyesatkan, nigeria menghancurkan satu juta dosis vaksin covid-19 atas desakan kekuatan rakyat",0,kesehatan,hoaxid_hf,
hf-11013,"keliru, 10 negara telah menganggap covid-19 hanya flu biasa dan membatalkan semua prosedur wajib karantina",0,kesehatan,hoaxid_hf,
hf-11015,salah atlet rugby jordan michallet meninggal karena vaksin covid-19,0,kesehatan,hoaxid_hf,
hf-11018,salah penyuntikan vaksin kosong di semarang,0,kesehatan,hoaxid_hf,
hf-11021,"salah: siap-siap suntik vaksin dosis ketiga, tak punya kartu bpjs kesehatan wajib bayar",0,kesehatan,hoaxid_hf,
hf-11026,"keliru, jokowi merayakan imlek tanpa protokol kesehatan",0,kesehatan,hoaxid_hf,
hf-11027,"keliru, menepuk lengan dapat mencegah segala penyakit dan serangan jantung",0,kesehatan,hoaxid_hf,
hf-11031,salah foto anak berlumuran darah korban serangan di yaman,0,kesehatan,hoaxid_hf,
hf-11036,"keliru, pesan berantai berisi resep obat covid-19 dari perkumpulan dokter di rs wisma atlet",0,kesehatan,hoaxid_hf,
hf-11042,salah pesan berantai resep obat covid-19,0,kesehatan,hoaxid_hf,
hf-11064,salah luhut dan pak mahfud tidak divaksin dengan alasan usia,0,kesehatan,hoaxid_hf,
hf-11071,salah microsoft mengembangkan implan chip mikro untuk mengumpulkan informasi vaksin covid-19,0,kesehatan,hoaxid_hf,
hf-11076,"keliru, daya rusak vaksin dapat dinetralisir dengan garam laut dan air kelapa muda",0,kesehatan,hoaxid_hf,
hf-11082,salah warga korea selatan yang belum vaksin tidak dapat mengikuti pemilu,0,kesehatan,hoaxid_hf,
hf-11090,salah jus daun pepaya bisa sembuhkan dbd,0,kesehatan,hoaxid_hf,
hf-11095,salah bill gates akan menarik semua peredaran vaksin covid-19,0,kesehatan,hoaxid_hf,
hf-11097,salah video 90 alat tes covid-19 palsu dan tidak berfungsi,0,kesehatan,hoaxid_hf,
hf-11099,salah jasa pembuatan sertifikat vaksin tanpa harus melakukan vaksinasi,0,kesehatan,hoaxid_hf,
hf-11102,salah kipas angin listrik yang diletakkan di dahi dapat menghilangkan virus,0,kesehatan,hoaxid_hf,
hf-11104,salah video protes melawan tirani covid-19 di belanda,0,kesehatan,hoaxid_hf,
hf-11105,salah viagra dapat menyembuhkan covid-19,0,kesehatan,hoaxid_hf,
hf-11106,salah pasien covid-19 tanpa gejala berarti sehat dan mendapatkan hasil test positif palsu,0,kesehatan,hoaxid_hf,
hf-11111,salah kedinkes semarang menyebar undangan rapat kerja peningkatan kinerja tenaga kesehatan via whatsapp,0,kesehatan,hoaxid_hf,
hf-11117,salah surat penunjukan penyedia barangjasa kementerian kesehatan republik indonesia tahun 2022,0,kesehatan,hoaxid_hf,
hf-11123,"keliru, surat terbuka berisi klaim vaksinasi merupakan program genosida dan menyebabkan mandul",0,kesehatan,hoaxid_hf,
hf-11130,salah atlet tenis dalila jakupovic mengalami kesulitan bernapas saat babak kualifikasi australia open karena vaksin covid-19,0,kesehatan,hoaxid_hf,
hf-11139,salah login ke facebook wajib gunakan sertifikat vaksin,0,kesehatan,hoaxid_hf,
hf-11145,"keliru, video 600 siswa sekolah cina di jakarta disuntik vaksin kosongan hanya untuk mendapat sertifikat vaksin dan barcode",0,kesehatan,hoaxid_hf,
hf-11152,salah daftar kandungan bahan kimia berbahaya dalam vaksin covid-19,0,kesehatan,hoaxid_hf,
hf-11163,salah lowongan kerja vaksinator di puskesmas kota batu,0,kesehatan,hoaxid_hf,
hf-11164,salah vaksin mrna sebabkan kematian pada lansia,0,kesehatan,hoaxid_hf,
hf-11177,salah benda logam menempel pada lengan setelah divaksin,0,kesehatan,hoaxid_hf,
hf-11178,salah pemerintah new zealand mengizinkan euthanasia secara spesifik bagi pasien covid-19,0,kesehatan,hoaxid_hf,
hf-11184,salah who mengatakan vaksinasi di seluruh dunia harus dihentikan,0,kesehatan,hoaxid_hf,
hf-11191,salah cdc mengumumkan tes pcr tidak mampu membedakan virus sars-cov-2 dan influenza,0,kesehatan,hoaxid_hf,
hf-11193,"keliru, klaim penamaan virus covid-19 varian omicron diambil dari nama bintang ke-15 dan sinar uv melindungi indonesia dari omicron",0,kesehatan,hoaxid_hf,
hf-11210,salah video penduduk aborigin di australia menyambut pemerintah dengan busur dan panah sebagai bentuk penolakan vaksin covid-19,0,kesehatan,hoaxid_hf,
hf-11212,salah warga korea selatan yang belum vaksin dilarang mengikuti pemilihan presiden,0,kesehatan,hoaxid_hf,
hf-11217,"keliru, pernyataan robert malone soal vaksin mrna untuk covid-19 belum diuji secara memadai dan vaksinasi anak tidak bermanfaat.",0,kesehatan,hoaxid_hf,
hf-11218,salah varian baru covid-19 bernama florona,0,kesehatan,hoaxid_hf,
hf-11220,"keliru, foto dengan klaim vaksin bisa mengubah warna darah",0,kesehatan,hoaxid_hf,
hf-11226,"keliru, video dengan narasi pbb dan who menghentikan vaksin di seluruh dunia",0,kesehatan,hoaxid_hf,
hf-11227,salah varian baru covid-19 bernama delmicron,0,kesehatan,hoaxid_hf,
hf-11231,"sebagian benar, narasi yang mengaitkan 79 ribu orang di australia mendapat efek samping serius vaksin dan pemerintah memberikan kompensasi lebih 6 ribu dollar",0,kesehatan,hoaxid_hf,
hf-11233,"sesat, guru di eropa dan amerika mengajarkan bahaya vaksin kepada anak-anak sd",0,kesehatan,hoaxid_hf,
hf-11235,salah nikita mirzani meminta masyarakat berhenti sebut harus sebagai habib. dia itu hanyalah seorang tukang obat saja jangan mau dibodohi bro,0,kesehatan,hoaxid_hf,
hf-11251,"salah foto seorang akademisi asal indonesia berusia 105 tahun, moerhadi, berbagi rahasia kemenanganya atasi diabetes",0,kesehatan,hoaxid_hf,
hf-11252,salah: pemesanan online vaksin covid-19 sinopharm melalui e-commerce,0,kesehatan,hoaxid_hf,
hf-11254,salah vaksin mrna pada pfizer dan moderna berbahaya bagi anak-anak,0,kesehatan,hoaxid_hf,
hf-11259,"salah victor lindelof gagal jantung setelah vaksinasi covid-19, kemudian jantungnya dipasangi chip",0,kesehatan,hoaxid_hf,
hf-11263,"keliru, penamaan virus covid-19 varian omicron diambil dari video games buatan microsoft (bill gates) tahun 1999",0,kesehatan,hoaxid_hf,
hf-11264,"keliru, bill gates diusir dari india karena menyebabkan 47 ribu anak cacat setelah mendapat vaksin polio",0,kesehatan,hoaxid_hf,
hf-11274,salah link mendaftarkan bantuan covid-19 bagi yang mempunyai e-ktp,0,kesehatan,hoaxid_hf,
hf-11290,"menyesatkan, fenomena para atlet berjatuhan dan kasus gagal jantung setelah vaksinasi covid-19",0,kesehatan,hoaxid_hf,
hf-11298,"keliru, video vaksin sinovac untuk anak belum diuji coba",0,kesehatan,hoaxid_hf,
hf-11304,salah judul berita ilmuwan pfizer memperingatkan vaksinasi mingguan untuk virus omicron mungkin diperlukan untuk mencegah lockdown,0,kesehatan,hoaxid_hf,
hf-11312,"sesat, foto yang dikaitkan dengan jenazah rumini yang tewas berpelukan saat erupsi gunung semeru",0,kesehatan,hoaxid_hf,
hf-11317,"keliru, varian omicron disebarkan untuk memaksa vaksinasi covid-19 di benua afrika",0,kesehatan,hoaxid_hf,
hf-11320,"keliru, dokter asal malaysia dari. chai koh meow meninggal setelah mendapat vaksin booster pfizer",0,kesehatan,hoaxid_hf,
hf-11321,"keliru, 2.620 bayi meninggal setelah mendapatkan vaksin covid-19",0,kesehatan,hoaxid_hf,
hf-11330,"keliru, rencana pandemi covid-19 dibuat rockefeller pada 2010",0,kesehatan,hoaxid_hf,
hf-11333,"keliru, mahkamah agung amerika serikat membatalkan vaksinasi universal",0,kesehatan,hoaxid_hf,
hf-11337,"keliru, ceo pfizer ditangkap fbi karena penipuan dan pemalsuan data vaksin",0,kesehatan,hoaxid_hf,
hf-11340,"keliru, video 13 siswa di afrika selatan tewas setelah divaksin covid-19",0,kesehatan,hoaxid_hf,
hf-11346,"keliru, who sebut covid-19 sama dengan flu biasa dan 500 orang amerika meninggal karena vaksin",0,kesehatan,hoaxid_hf,
hf-11357,"keliru, ceo pfizer albert vorla menyatakan tanpa vaksin, seseorang bisa mengimunisasi dirinya sendiri",0,kesehatan,hoaxid_hf,
hf-11359,"sesat, video para nakes berjoget untuk merayakan covid-19",0,kesehatan,hoaxid_hf,
hf-11361,"keliru, ceo pfizer albert vorla menyatakan tanpa vaksin seseorang bisa mengimunisasi dirinya sendiri",0,kesehatan,hoaxid_hf,
hf-11364,"keliru, ribuan orang di indonesia meninggal dunia setelah vaksin covid-19",0,kesehatan,hoaxid_hf,
hf-11365,"sebagian benar, ilmuwan california temukan obat tetes mata yang bisa membuat manusia melihat dalam kegelapan",0,kesehatan,hoaxid_hf,
hf-11369,"tidak terbukti, klaim menghentikan asupan gula, minum perasan lemon dan minyak kelapa organik dapat membunuh sel kanker",0,kesehatan,hoaxid_hf,
hf-11370,"keliru, risiko anak di bawah 12 tahun mengalami covid-19 hanya 0,001 persen",0,kesehatan,hoaxid_hf,
hf-11377,"keliru, vaksin sinovac dan astrazeneca mengandung dna babi",0,kesehatan,hoaxid_hf,
hf-11383,"benar, eropa tambahkan gangguan saraf langka dalam daftar efek samping vaksin astrazeneca",0,kesehatan,hoaxid_hf,
hf-11386,"keliru, vaksin nusantara ampuh hancurkan semua jenis virus corona dengan efikasi 100 persen",0,kesehatan,hoaxid_hf,
hf-11387,"keliru, informasi penjualan vaksin seharga rp 1 juta di situs pedulilindungi",0,kesehatan,hoaxid_hf,
hf-11396,"tidak terbukti, pemerintah turki memesan 5,2 juta vaksin nusantara",0,kesehatan,hoaxid_hf,
hf-11399,"keliru, who mengakui vaksin nusantara aman digunakan",0,kesehatan,hoaxid_hf,
hf-11400,"sesat, pria keluar gua setelah 20 tahun hanya untuk mendapatkan vaksin covid-19",0,kesehatan,hoaxid_hf,
hf-11405,"keliru, vaksin asal cina sebagai senjata pemusnah massal",0,kesehatan,hoaxid_hf,
hf-11411,"keliru, klaim asap cair batok kelapa bisa mengobati covid-19",0,kesehatan,hoaxid_hf,
hf-11416,"sebagian benar, harga vaksin astrazeneca paling murah karena sarah gilbert menyerahkan seluruh hak paten",0,kesehatan,hoaxid_hf,
hf-11417,"keliru, terapi uap minyak kayu putih dan serai bisa menghilangkan sesak napas karena virus",0,kesehatan,hoaxid_hf,
hf-11423,"keliru, pesan berantai soal bukti ilmiah penularan virus corona dari dokter erlina burhan",0,kesehatan,hoaxid_hf,
hf-11430,"sesat, klaim video air keran mengandung covid-19",0,kesehatan,hoaxid_hf,
hf-11432,"keliru, organisasi kesehatan dunia (who) sengaja menyebarkan varian baru virus corona",0,kesehatan,hoaxid_hf,
hf-11437,"sesat, unggahan yang berisi video vaksin palsu",0,kesehatan,hoaxid_hf,
hf-11438,"keliru, uji vaksin covid-19 pada binatang menyebabkan kematian hingga dihentikan",0,kesehatan,hoaxid_hf,
hf-11440,"keliru, nakes dijadikan kelinci percobaan vaksinasi ketiga",0,kesehatan,hoaxid_hf,
hf-11442,"sesat, as kirim 4 juta dosis vaksin moderna yang tiba di indonesia hanya 3 juta",0,kesehatan,hoaxid_hf,
hf-11445,"keliru, menyetop berita tentang covid-19 dapat membuat pandemi selesai",0,kesehatan,hoaxid_hf,
hf-11446,"keliru, donald trump anjurkan warga as gunakan burqa untuk mencegah penularan covid-19",0,kesehatan,hoaxid_hf,
hf-11448,"sesat, 3 ambulans kosong diminta berputar-putar untuk menakuti warga agar percaya covid-19",0,kesehatan,hoaxid_hf,
hf-11449,"sesat, klaim ini video pasien rumah sakit di surabaya dicovidkan dan jenazahnya ditangani secara tidak wajar",0,kesehatan,hoaxid_hf,
hf-11450,"keliru, susu beruang (bear brand) dapat menyembuhkan covid-19",0,kesehatan,hoaxid_hf,
hf-11454,"keliru, klaim ini video penyiraman virus di madura lewat pesawat",0,kesehatan,hoaxid_hf,
hf-11455,"keliru, klaim obat bius pada penerima vaksin covid-19 bisa sebabkan kematian",0,kesehatan,hoaxid_hf,
hf-11456,"keliru, klaim ini video sri mulyani vaksinasi covid-19 palsu karena jarum suntik yang dipakai kosong",0,kesehatan,hoaxid_hf,
hf-11457,"keliru, pesan berantai tentang adanya genosida umat islam lewat vaksin covid-19",0,kesehatan,hoaxid_hf,
hf-11459,"keliru, pesan berantai yang klaim ada ketidakwajaran pada isu covid-19 di indonesia",0,kesehatan,hoaxid_hf,
hf-11461,"keliru, urus sim dan skck harus tunjukkan sertifikat vaksin covid-19 per 1 juli",0,kesehatan,hoaxid_hf,
hf-11463,"benar, klaim pria ini ditangkap polisi karena tak percaya covid-19",0,kesehatan,hoaxid_hf,
hf-11464,"keliru, vaksin covid-19 mengandung microchip yang bisa nyalakan lampu",0,kesehatan,hoaxid_hf,
hf-11465,"keliru, kolapsnya christian eriksen dalam laga euro terkait vaksin pfizer",0,kesehatan,hoaxid_hf,
hf-11469,"sesat, kadus di jember yang meninggal usai jatuh sengaja divonis covid-19 oleh rs",0,kesehatan,hoaxid_hf,
hf-11472,"keliru, klaim produk hand sanitizer di foto ini mengandung virus baru",0,kesehatan,hoaxid_hf,
hf-11473,"sesat, klaim pemkot pekanbaru tarik semua vaksin covid-19 dari rs karena tidak manjur",0,kesehatan,hoaxid_hf,
hf-11475,"keliru, vaksin covid-19 mengandung bahan berbahaya seperti aluminium, formalin, msg, dan merkuri",0,kesehatan,hoaxid_hf,
hf-11476,"keliru, pesan berantai yang sebut ivermectin dapat obati dan cegah covid-19",0,kesehatan,hoaxid_hf,
hf-11479,"keliru, ribuan email anthony fauci bocor dan ungkap keterlibatannya dalam pembuatan covid-19 di wuhan",0,kesehatan,hoaxid_hf,
hf-11485,"keliru, swedia berhenti gunakan tes pcr untuk deteksi pasien covid-19",0,kesehatan,hoaxid_hf,
hf-11488,"keliru, klaim ini foto-foto jenazah covid-19 india yang dibuang ke laut dan hanyut sampai malaysia",0,kesehatan,hoaxid_hf,
hf-11489,"keliru, klaim ini video pasien covid-19 di malaysia yang dirawat di luar rs",0,kesehatan,hoaxid_hf,
hf-11494,"keliru, pasien covid-19 yang terinfeksi jamur hitam ini dari sri lanka",0,kesehatan,hoaxid_hf,
hf-11498,"keliru, donor darah dari penerima vaksin covid-19 berbahaya",0,kesehatan,hoaxid_hf,
hf-11501,"keliru, anak-anak kebal terhadap virus corona dan yang meninggal tak ada kaitannya dengan covid-19",0,kesehatan,hoaxid_hf,
hf-11504,"keliru, vaksin covid-19 sebabkan 0,8 persen kematian dalam 2 minggu dan yang hidup hanya bertahan 2 tahun",0,kesehatan,hoaxid_hf,
hf-11509,"keliru, klaim vaksin pfizer mengandung chip sehingga magnet menempel di lengan yang disuntik",0,kesehatan,hoaxid_hf,
hf-11512,"keliru, klaim covid-19 hanya tipuan yahudi untuk atur ibadah umat islam",0,kesehatan,hoaxid_hf,
hf-11514,"sesat, warga malaysia antri menginap di stadion shah alam karena positif covid-19",0,kesehatan,hoaxid_hf,
hf-11524,"keliru, klaim ini video aksi anarki warga india akibat frustasi karena covid-19",0,kesehatan,hoaxid_hf,
hf-11525,"keliru, rusia tak temukan virus di hasil autopsi jenazah covid-19",0,kesehatan,hoaxid_hf,
hf-11529,"keliru, klaim ini bukan video kremasi jenazah covid-19 di india tapi korban kebocoran gas",0,kesehatan,hoaxid_hf,
hf-11530,"sesat, penyebab krisis oksigen di india bukan covid-19 tapi saluran gas rs yang bocor",0,kesehatan,hoaxid_hf,
hf-11532,"keliru, klaim ini video ratusan kantong jenazah covid-19 palsu yang berisi kertas",0,kesehatan,hoaxid_hf,
hf-11535,"keliru, klaim ini foto kremasi massal saat tsunami covid india",0,kesehatan,hoaxid_hf,
hf-11539,"keliru, klaim microsoft masukkan chip ke vaksin pfizer",0,kesehatan,hoaxid_hf,
hf-11540,"benar, klaim ini video tumpukan jenazah covid-19 yang penuhi rs di india",0,kesehatan,hoaxid_hf,
hf-11542,"keliru, klaim ini foto parahnya covid-19 di india hingga bikin warga pakai oksigen di jalanan",0,kesehatan,hoaxid_hf,
hf-11543,"keliru, klaim ini video orang bergelimpangan di india karena tsunami covid",0,kesehatan,hoaxid_hf,
hf-11547,"keliru, klaim tak ada uji coba vaksin covid-19 pada hewan yang berhasil",0,kesehatan,hoaxid_hf,
hf-11550,"keliru, pejabat denmark meninggal karena diracun saat umumkan larangan vaksin astrazeneca",0,kesehatan,hoaxid_hf,
hf-11552,"sesat, vaksin covid-19 tingkatkan limfosit yang mematikan bagi manusia",0,kesehatan,hoaxid_hf,
hf-11555,"sesat, covid-19 akan hilang seiring ditemukannya obat oral molnupiravir",0,kesehatan,hoaxid_hf,
hf-11557,"keliru, klaim mrna bukan vaksin tapi terapi gen untuk mutasi virus",0,kesehatan,hoaxid_hf,
hf-11558,"sesat, vaksin covid-19 sinovac ilegal karena tak punya sertifikat who",0,kesehatan,hoaxid_hf,
hf-11559,"keliru, klaim ini foto munarman fpi saat disuntik vaksin covid-19",0,kesehatan,hoaxid_hf,
hf-11562,"keliru, presiden tanzania meninggal karena dibungkam demi agenda kontrol populasi lewat vaksinasi",0,kesehatan,hoaxid_hf,
hf-11563,"keliru, klaim anggota brimob maluku ini korban vaksin astrazeneca",0,kesehatan,hoaxid_hf,
hf-11564,"keliru, bill gates tolak beri vaksin ke anak-anaknya",0,kesehatan,hoaxid_hf,
hf-11567,"sesat, klaim vaksinasi covid-19 hanya percobaan karena cuma kantongi izin darurat",0,kesehatan,hoaxid_hf,
hf-11570,"keliru, klaim ini video tumpukan jenazah covid-19 yang salah satunya merokok",0,kesehatan,hoaxid_hf,
hf-11571,"sesat, artikel yang sebut cina bohong soal asal-usul virus corona",0,kesehatan,hoaxid_hf,
hf-11574,"sesat, pesan berantai yang klaim usai vaksinasi covid-19 justru lebih rentan terinfeksi virus corona",0,kesehatan,hoaxid_hf,
hf-11580,"keliru, inggris menyatakan covid-19 penyakit menular biasa karena konspirasi dan bisa diobati parasetamol",0,kesehatan,hoaxid_hf,
hf-11581,"keliru, kebiasaan minum air es sebabkan penyakit jantung",0,kesehatan,hoaxid_hf,
hf-11582,"keliru, 5 bulan usai vaksinasi covid-19 dilarang konsumsi alkohol dan tape",0,kesehatan,hoaxid_hf,
hf-11584,"sesat, klaim video ini bukti kebohongan vaksinasi covid-19 oleh yahudi",0,kesehatan,hoaxid_hf,
hf-11586,"keliru, pemerintah wajibkan nama di sertifikat vaksinasi covid-19 sesuai paspor",0,kesehatan,hoaxid_hf,
hf-11589,"keliru, pesan berantai tentang pandemi covid-19 hanya tipuan yang diklaim berasal dari idi",0,kesehatan,hoaxid_hf,
hf-11591,"sesat, klaim ini grafik antibodi usai vaksinasi covid-19 dosis i yang dekati nol pada hari ke-28",0,kesehatan,hoaxid_hf,
hf-11593,"sesat, pesan berantai tentang 4 vaksin covid-19 cina duduki peringkat teratas vaksin teraman",0,kesehatan,hoaxid_hf,
hf-11599,"sesat, klaim vaksin sinovac dibuat sebelum pandemi covid-19 pada 25 maret 2019",0,kesehatan,hoaxid_hf,
hf-11604,"keliru, sertifikat vaksinasi dengan vaksin pfizer yang berefek memperpanjang ereksi",0,kesehatan,hoaxid_hf,
hf-11605,"keliru, klaim vaksin sinovac sebenarnya ditujukan bagi ayam dan barcode aslinya ditukar",0,kesehatan,hoaxid_hf,
hf-11608,"keliru, klaim ini video vaksinasi covid-19 di taman anggrek yang ciptakan kerumunan",0,kesehatan,hoaxid_hf,
hf-11609,"sesat, klaim yang kaitkan kasus vaksin covid-19 palsu ini dengan vaksinasi di indonesia",0,kesehatan,hoaxid_hf,
hf-11619,"keliru, klaim empat nakes ini meninggal karena vaksin covid-19",0,kesehatan,hoaxid_hf,
hf-11626,"keliru, anosmia bukan gejala khas virus dan bisa diobati dengan mecobalamin",0,kesehatan,hoaxid_hf,
hf-11634,"keliru, kematian covid-19 irlandia turun karena polisi dilibatkan dalam pelaporan kasus",0,kesehatan,hoaxid_hf,
hf-11638,"keliru, vaksin flu sebabkan infeksi hiv dan kanker",0,kesehatan,hoaxid_hf,
hf-11646,"sesat, klaim who sebut virus corona berasal dari kepala babi dan bukan kelelawar",0,kesehatan,hoaxid_hf,
hf-11652,"keliru, gubernur kaltim isran noor ganti rugi umkm yang tutup 6-7 februari dengan dana covid-19",0,kesehatan,hoaxid_hf,
hf-11654,"keliru, tak ada warga vietnam yang meninggal akibat covid-19 karena minum teh panas campur lemon",0,kesehatan,hoaxid_hf,
hf-11655,"keliru, pria ini syok saat siuman dari koma setahun karena keluarganya meninggal akibat covid-19",0,kesehatan,hoaxid_hf,
hf-11663,"keliru, virus corona covid-19 muncul karena adanya tes rapid dan pcr",0,kesehatan,hoaxid_hf,
hf-11664,"keliru, kasus covid-19 terus naik karena urutan genetik virusnya sama dengan manusia",0,kesehatan,hoaxid_hf,
hf-11666,"keliru, jarum suntik palsu di video ini disiapkan untuk vaksinasi covid-19 elite global",0,kesehatan,hoaxid_hf,
hf-11667,"keliru, klaim video kamala harris yang disuntik ini bukti kebohongan vaksinasi covid-19",0,kesehatan,hoaxid_hf,
hf-11669,"keliru, menkumham hapus sanksi pidana usai anak buah megawati tolak vaksinasi covid-19",0,kesehatan,hoaxid_hf,
hf-11670,"keliru, vaksin adalah senjata biologis karena mengandung racun seperti as03 dan mf59",0,kesehatan,hoaxid_hf,
hf-11671,"sesat, konsumsi qusthul hindi atau kayu india bisa sembuhkan covid-19",0,kesehatan,hoaxid_hf,
hf-11672,"keliru, vaksin covid-19 terkait dengan jaringan 5g dan sebabkan wabah penyakit baru",0,kesehatan,hoaxid_hf,
hf-11675,"keliru, dokter di palembang meninggal karena vaksin covid-19 mengandung zat beracun",0,kesehatan,hoaxid_hf,
hf-11676,"keliru, klaim ini video prosesi pemakaman penyanyi julio iglesias yang meninggal karena covid-19",0,kesehatan,hoaxid_hf,
hf-11677,"keliru, pakai masker membuat co2 menumpuk dan keasaman tubuh naik sehingga rentan virus",0,kesehatan,hoaxid_hf,
hf-11680,"keliru, vaksin sinovac dipasangi gps atau chip untuk lacak keberadaan orang yang telah divaksin",0,kesehatan,hoaxid_hf,
hf-11681,"sesat, klaim ini video seorang pria yang pingsan usai disuntik vaksin covid-19",0,kesehatan,hoaxid_hf,
hf-11682,"keliru, klaim ini video ratusan warga yang terkapar usai disuntik vaksin sinovac",0,kesehatan,hoaxid_hf,
hf-11685,"keliru, klaim foto-foto ini terkait 48 orang yang tewas usai disuntik vaksin covid-19",0,kesehatan,hoaxid_hf,
hf-11686,"keliru, kepala staf kodim gresik meninggal akibat disuntik vaksin covid-19",0,kesehatan,hoaxid_hf,
hf-11687,"sesat, pesan berantai yang sebut vaksinasi covid-19 presiden jokowi harus diulang",0,kesehatan,hoaxid_hf,
hf-11688,"keliru, orang yang sudah vaksinasi covid-19 tak perlu pakai masker dan cuci tangan",0,kesehatan,hoaxid_hf,
hf-11691,"sesat, siswi sd meninggal karena vaksin di tengah pandemi covid-19",0,kesehatan,hoaxid_hf,
hf-11694,"keliru, klaim ini video mensos risma dan mendagri berjoget tanpa masker di tengah pandemi covid-19",0,kesehatan,hoaxid_hf,
hf-11695,"sesat, klaim ini video ratusan santri yang pingsan usai disuntik vaksin di tengah pandemi covid-19",0,kesehatan,hoaxid_hf,
hf-11698,"keliru, klaim ini video antrian masuk pasien covid-19 di rsd wisma atlet",0,kesehatan,hoaxid_hf,
hf-11699,"keliru, jurnal inggris sebut vaksin covid-19 sinovac bikin alat kelamin membesar",0,kesehatan,hoaxid_hf,
hf-11700,"keliru, klaim moeldoko sebut vaksin covid-19 untuk jokowi beda dengan yang tersebar di masyarakat",0,kesehatan,hoaxid_hf,
hf-11704,"keliru, terjadi penyebaran penyakit baru di kodi ntt lewat ikan tembang dan tongkol",0,kesehatan,hoaxid_hf,
hf-11705,"keliru, vaksin sinovac mengandung bahan berbahaya dan virus hidup yang dilemahkan",0,kesehatan,hoaxid_hf,
hf-11707,"keliru, who bandingkan efektivitas 10 vaksin covid-19 dan sebut sinovac yang terendah",0,kesehatan,hoaxid_hf,
hf-11712,"keliru, klaim ini video ratusan pasien covid-19 yang dirawat di istora senayan",0,kesehatan,hoaxid_hf,
hf-11714,"tidak terbukti, vaksin cina akan bunuh warga karena timbulkan efek adek",0,kesehatan,hoaxid_hf,
hf-11717,"keliru, paus fransiskus sebut vaksin covid-19 tiket masuk surga",0,kesehatan,hoaxid_hf,
hf-11718,"keliru, vaksin covid-19 ubah dna dan sebabkan cacat genetik seumur hidup",0,kesehatan,hoaxid_hf,
hf-11722,"sesat, klaim ini foto keluarga ugur sahin penemu vaksin covid-19 pfizer",0,kesehatan,hoaxid_hf,
hf-11724,"keliru, media jepang beritakan bansos covid-19 yang dikorupsi pinjaman dari perdana menterinya",0,kesehatan,hoaxid_hf,
hf-11725,"keliru, klaim ini foto relawan yang alami bell's palsy akibat vaksin covid-19 pfizer",0,kesehatan,hoaxid_hf,
hf-11732,"tidak terbukti, klaim terapi gurah minyak kayu putih bisa cegah dan sembuhkan covid-19",0,kesehatan,hoaxid_hf,
hf-11741,"sesat, foto yang disebut vaksinasi covid-19 di peru yang dikawal tentara",0,kesehatan,hoaxid_hf,
hf-11745,"sesat, narasi yang samakan sertifikat vaksin covid-19 dengan libellus di kerajaan romawi",0,kesehatan,hoaxid_hf,
hf-11746,"keliru, video yang diklaim berisi pesan terakhir bupati situbondo yang meninggal akibat covid-19",0,kesehatan,hoaxid_hf,
hf-11752,"keliru, foto bekas luka di punggung warga zimbabwe yang diklaim akibat vaksin cina",0,kesehatan,hoaxid_hf,
hf-11758,tidak benar arab saudi tutup kembali visa umrah karena 13 jemaah asal jabar positif covid-19,0,kesehatan,hoaxid_hf,
hf-11764,tuduhan covid-19 hanya konspirasi karena hasil tes positif pada pepaya dan kambing di tanzania tidak terbukti,0,kesehatan,hoaxid_hf,
hf-11766,ini bukan video pemilik toko yang bunuh diri di roxy mas karena dagangannya sepi akibat covid-19,0,kesehatan,hoaxid_hf,
hf-11771,fakta atau hoaks benarkah ini foto terawan yang dapat penghargaan who karena berhasil tangani covid-19?,0,kesehatan,hoaxid_hf,
hf-11776,fakta atau hoaks benarkah jenazah pasien covid-19 di probolinggo ini hilang bola matanya?,0,kesehatan,hoaxid_hf,
hf-11781,fakta atau hoaks benarkah 48 warga korsel tewas usai terima vaksin covid-19?,0,kesehatan,hoaxid_hf,
hf-11784,fakta atau hoaks benarkah ini video pendiri aliansi dokter dunia yang ditangkap usai bikin video bohong tentang covid-19?,0,kesehatan,hoaxid_hf,
hf-11785,fakta atau hoaks benarkah tusuk 10 jari dengan jarum adalah pertolongan pertama stroke?,0,kesehatan,hoaxid_hf,
hf-11789,fakta atau hoaks benarkah cdc sebut covid-19 tak menyebar lewat udara sehingga pakai masker tak berguna?,0,kesehatan,hoaxid_hf,
hf-11793,fakta atau hoaks benarkah tidak adanya klaster demo tunjukkan covid-19 adalah konspirasi?,0,kesehatan,hoaxid_hf,
hf-11795,fakta atau hoaks benarkah klaim-klaim soal covid-19 oleh aliansi dokter dunia di video ini?,0,kesehatan,hoaxid_hf,
hf-11799,fakta atau hoaks benarkah penonton bioskop wajib keluar studio tiap 30 menit saat pandemi covid-19?,0,kesehatan,hoaxid_hf,
hf-11805,fakta atau hoaks benarkah who sebut covid-19 tak lebih berbahaya dari flu?,0,kesehatan,hoaxid_hf,
hf-11812,fakta atau hoaks benarkah ma'ruf amin tak masalah jika vaksin covid-19 dari cina tak halal?,0,kesehatan,hoaxid_hf,
hf-11813,fakta atau hoaks benarkah covid-19 bohong belaka jika besok tak ada pendemo uu cipta kerja yang sakit atau meninggal?,0,kesehatan,hoaxid_hf,
hf-11817,fakta atau hoaks benarkah guru dan ustaz masuk kelompok pertama yang terima vaksin covid-19 tapi tni dan polri tidak?,0,kesehatan,hoaxid_hf,
hf-11824,fakta atau hoaks benarkah pesan berantai soal minum kopi bisa tangkal covid-19 ini?,0,kesehatan,hoaxid_hf,
hf-11830,fakta atau hoaks benarkah keluarga peserta bpjs kesehatan dapat blt rp 4 juta per orang?,0,kesehatan,hoaxid_hf,
hf-11834,fakta atau hoaks benarkah tak ada analis laboratorium yang terkena covid-19?,0,kesehatan,hoaxid_hf,
hf-11840,fakta atau hoaks benarkah hewan ternak lebih kebal pada infeksi covid-19?,0,kesehatan,hoaxid_hf,
hf-11845,fakta atau hoaks benarkah pernyataan sultan hb kali soal kasus covid-19 pada 19 september 2020 hoaks?,0,kesehatan,hoaxid_hf,
hf-11846,fakta atau hoaks benarkah tidak ada orang dengan gangguan jiwa yang meninggal karena covid-19?,0,kesehatan,hoaxid_hf,
hf-11852,fakta atau hoaks benarkah ini video penghuni apartemen italia yang semua tewas akibat covid-19?,0,kesehatan,hoaxid_hf,
hf-11855,"fakta atau hoaks benarkah vaksin covid-19 tanamkan microchip yang diprogram untuk bantai 7,5 miliar nyawa?",0,kesehatan,hoaxid_hf,
hf-11857,fakta atau hoaks benarkah menkes terawan sebut kematian dokter jangan dibesar-besarkan?,0,kesehatan,hoaxid_hf,
hf-11861,fakta atau hoaks benarkah bandung ditetapkan sebagai zona hitam karena kasus covid-19 meningkat?,0,kesehatan,hoaxid_hf,
hf-11862,fakta atau hoaks benarkah ada pembagian masker gratis yang telah diberi obat bius?,0,kesehatan,hoaxid_hf,
hf-11863,fakta atau hoaks benarkah presiden belarus klaim imf tawarkan suap untuk pembatasan covid-19?,0,kesehatan,hoaxid_hf,
hf-11866,fakta atau hoaks benarkah wamenlu sebut wna juga dilarang masuk kecuali tka cina saat pandemi covid-19?,0,kesehatan,hoaxid_hf,
hf-11876,fakta atau hoaks benarkah ini video demo covid-19 di polandia yang tuntut pandemi diakhiri?,0,kesehatan,hoaxid_hf,
hf-11884,fakta atau hoaks benarkah drama korea my secret terrius prediksi pandemi covid-19 sejak 2018?,0,kesehatan,hoaxid_hf,
hf-11885,"fakta atau hoaks benarkah campuran air kelapa, jeruk nipis, dan garam bisa matikan virus corona covid-19?",0,kesehatan,hoaxid_hf,
hf-11893,fakta atau hoaks benarkah ini foto-foto warga wuhan yang bergelimpangan karena covid-19?,0,kesehatan,hoaxid_hf,
hf-11897,fakta atau hoaks benarkah hanya imam besar fpi yang punya penangkal virus corona covid-19?,0,kesehatan,hoaxid_hf,
hf-11903,fakta atau hoaks benarkah putri putin tewas usai terima dosis ke-2 vaksin covid-19 rusia?,0,kesehatan,hoaxid_hf,
hf-11906,fakta atau hoaks benarkah lukisan tahun 1962 ini telah ramalkan kehidupan pada 2022 usai pandemi covid-19?,0,kesehatan,hoaxid_hf,
hf-11908,fakta atau hoaks benarkah ini foto putri presiden putin yang pertama terima vaksin covid-19?,0,kesehatan,hoaxid_hf,
hf-11916,fakta atau hoaks benarkah virus corona covid-19 dibuat di lab militer partai komunis cina?,0,kesehatan,hoaxid_hf,
hf-11918,fakta atau hoaks benarkah suntik kb bisa sebabkan penyakit kista ovarium?,0,kesehatan,hoaxid_hf,
hf-11925,fakta atau hoaks benarkah ini foto jutaan warga jerman yang demo terkait covid-19 pada 1 agustus 2020?,0,kesehatan,hoaxid_hf,
hf-11933,fakta atau hoaks benarkah vaksin covid-19 diuji coba di indonesia karena lab cina kekurangan monyet?,0,kesehatan,hoaxid_hf,
hf-11934,fakta atau hoaks benarkah rockefeller foundation berada di balik kemunculan virus corona covid-19?,0,kesehatan,hoaxid_hf,
hf-11936,fakta atau hoaks benarkah tes pcr tak bisa bedakan terpapar dan terinfeksi serta virus hidup dan virus mati?,0,kesehatan,hoaxid_hf,
hf-11937,fakta atau hoaks benarkah indonesia sudah borong vaksin covid-19 dari cina meski who sebut belum ada vaksin resmi?,0,kesehatan,hoaxid_hf,
hf-11938,fakta atau hoaks benarkah siswa secapa ada bantah positif covid-19 di depan kasad tni?,0,kesehatan,hoaxid_hf,
hf-11940,fakta atau hoaks benarkah jenazah pasien covid-19 yang berdaster ini tak dimakamkan sesuai syariat islam?,0,kesehatan,hoaxid_hf,
hf-11941,fakta atau hoaks benarkah indonesia satu-satunya negara yang jadi kelinci percobaan vaksin covid-19 dari cina?,0,kesehatan,hoaxid_hf,
hf-11951,fakta atau hoaks benarkah ahli virus cina klaim covid-19 hasil persekongkolan jahat?,0,kesehatan,hoaxid_hf,
hf-11956,fakta atau hoaks benarkah covid-19 diciptakan untuk hambat kebangkitan umat islam?,0,kesehatan,hoaxid_hf,
hf-11961,fakta atau hoaks benarkah ini video pembuangan jenazah korban covid-19 di laut meksiko?,0,kesehatan,hoaxid_hf,
hf-11965,fakta atau hoaks benarkah tidak ada kematian yang murni disebabkan oleh covid-19?,0,kesehatan,hoaxid_hf,
hf-11974,fakta atau hoaks benarkah ribuan santri tak sadarkan diri usai ikut rapid test covid-19 dari rs cina?,0,kesehatan,hoaxid_hf,
hf-11977,fakta atau hoaks benarkah keluarga di india ini tewas karena daun pisang yang terkena virus kelelawar?,0,kesehatan,hoaxid_hf,
hf-11984,fakta atau hoaks benarkah covid-19 singkatan dari certificate of vaccination id dan konsep new normal bermuatan lgbt?,0,kesehatan,hoaxid_hf,
hf-11986,fakta atau hoaks benarkah ini video demo di amerika saat pandemi covid-19?,0,kesehatan,hoaxid_hf,
hf-11994,fakta atau hoaks benarkah mencium cuka bisa deteksi covid-19 tanpa perlu rapid test?,0,kesehatan,hoaxid_hf,
hf-12003,fakta atau hoaks benarkah who tetapkan covid-19 sebagai pandemi sehari setelah terima sumbangan bill gates?,0,kesehatan,hoaxid_hf,
hf-12008,fakta atau hoaks benarkah imigrasi tahan 300 wna cina yang bawa ribuan senjata api di tengah pandemi covid-19?,0,kesehatan,hoaxid_hf,
hf-12013,fakta atau hoaks benarkah ini lima bersaudara di surabaya yang menunggu diadopsi karena orang tuanya meninggal akibat covid-19?,0,kesehatan,hoaxid_hf,
hf-12014,fakta atau hoaks benarkah anies dapat penghargaan gubernur terbaik penanganan covid-19 di ktt cac?,0,kesehatan,hoaxid_hf,
hf-12016,fakta atau hoaks benarkah ini foto uang yang dibuang pasien kanker karena frustasi tak bisa sembuh?,0,kesehatan,hoaxid_hf,
hf-12017,fakta atau hoaks benarkah jenazah di video ini adalah pasien covid-19 yang organ dalamnya telah diambil?,0,kesehatan,hoaxid_hf,
hf-12018,fakta atau hoaks benarkah virus flu babi lebih ganas ketimbang virus corona covid-19?,0,kesehatan,hoaxid_hf,
hf-12019,fakta atau hoaks benarkah vodka bisa kurangi risiko terinfeksi virus corona covid-19?,0,kesehatan,hoaxid_hf,
hf-12020,fakta atau hoaks benarkah pesan berantai soal petugas rapid test covid-19 yang tak ganti sarung tangan?,0,kesehatan,hoaxid_hf,
hf-12023,fakta atau hoaks benarkah isi tulisan yang berjudul dugaan konspirasi covid-19 bukan isapan jempol?,0,kesehatan,hoaxid_hf,
hf-12025,fakta atau hoaks benarkah ramuan herbal bernama mio kopi bisa obati covid-19?,0,kesehatan,hoaxid_hf,
hf-12026,fakta atau hoaks benarkah ini video demo mahasiswa yang tuntut jokowi mundur saat pandemi covid-19?,0,kesehatan,hoaxid_hf,
hf-12027,fakta atau hoaks benarkah parahnya kasus covid-19 di surabaya adalah konspirasi elite global?,0,kesehatan,hoaxid_hf,
hf-12031,fakta atau hoaks benarkah tentara merah cina yang menyamar ditangkap di karawang saat pandemi covid-19?,0,kesehatan,hoaxid_hf,
hf-12032,fakta atau hoaks benarkah video ricuh di rs pancaran kasih manado ini tunjukkan covid-19 adalah bisnis?,0,kesehatan,hoaxid_hf,
hf-12033,fakta atau hoaks benarkah daun sungkai dapat obati pasien covid-19?,0,kesehatan,hoaxid_hf,
hf-12034,fakta atau hoaks benarkah foto-foto warga beratribut palu arit ini terkait dengan kebangkitan pki saat pandemi covid-19?,0,kesehatan,hoaxid_hf,
hf-12035,fakta atau hoaks benarkah ada penangkapan mobil berstiker palu arit di tengah pandemi covid-19?,0,kesehatan,hoaxid_hf,
hf-12036,fakta atau hoaks benarkah ini foto-foto malaysia yang sapu habis wna termasuk tki saat pandemi covid-19?,0,kesehatan,hoaxid_hf,
hf-12037,fakta atau hoaks benarkah mantan rektor unhas ini sebut covid-19 bisa disembuhkan dengan minyak kayu putih?,0,kesehatan,hoaxid_hf,
hf-12038,fakta atau hoaks benarkah covid-19 hanya flu biasa dan hasil rekayasa untuk cari untung?,0,kesehatan,hoaxid_hf,
hf-12039,fakta atau hoaks benarkah pesan berantai soal virus hanya bisa dikalahkan antibodi ini berasal dari dekan ipb?,0,kesehatan,hoaxid_hf,
hf-12040,fakta atau hoaks benarkah tocilizumab adalah obat yang 90 persen bisa sembuhkan covid-19 meski pasien kritis?,0,kesehatan,hoaxid_hf,
hf-12041,fakta atau hoaks benarkah ini video gereja italia yang hampir semua jemaatnya meninggal akibat covid-19 saat dibuka kembali?,0,kesehatan,hoaxid_hf,
hf-12042,fakta atau hoaks benarkah campuran air hangat dan garam bisa hilangkan virus corona covid-19?,0,kesehatan,hoaxid_hf,
hf-12043,fakta atau hoaks benarkah dokter italia temukan sebab kematian covid-19 adalah bakteri bukan virus?,0,kesehatan,hoaxid_hf,
hf-12044,fakta atau hoaks benarkah tes pcr tak bisa tunjukkan jenis virus corona covid-19?,0,kesehatan,hoaxid_hf,
hf-12045,fakta atau hoaks benarkah virus corona covid-19 tidak bahaya dan tidak sebabkan kematian?,0,kesehatan,hoaxid_hf,
hf-12047,fakta atau hoaks benarkah ini video dan foto konser yang dihadiri presiden jokowi saat pandemi covid-19?,0,kesehatan,hoaxid_hf,
hf-12048,fakta atau hoaks benarkah pemerintah tak akan lagi umumkan kasus positif covid-19?,0,kesehatan,hoaxid_hf,
hf-12049,fakta atau hoaks benarkah ini video keramaian pasar di palembang saat pandemi covid-19?,0,kesehatan,hoaxid_hf,
hf-12050,fakta atau hoaks benarkah muncul serangan tawon pembunuh di tengah pandemi covid-19?,0,kesehatan,hoaxid_hf,
hf-12051,fakta atau hoaks benarkah ini video warga sumbar yang usir turis cina dan bakar perusahaannya saat pandemi covid-19?,0,kesehatan,hoaxid_hf,
hf-12053,fakta atau hoaks benarkah menhub budi karya kembali dinyatakan positif covid-19?,0,kesehatan,hoaxid_hf,
hf-12054,fakta atau hoaks benarkah ini video kiai di banten yang dipaksa suntik vaksin covid-19?,0,kesehatan,hoaxid_hf,
hf-12055,fakta atau hoaks benarkah ini video patung-patung di india yang dibuang karena tak bisa selamatkan dari covid-19?,0,kesehatan,hoaxid_hf,
hf-12056,fakta atau hoaks benarkah ini video serangan serangga beracun di india saat pandemi covid-19?,0,kesehatan,hoaxid_hf,
hf-12062,fakta atau hoaks benarkah polisi as sebut kematian bing liu terkait risetnya soal covid-19?,0,kesehatan,hoaxid_hf,
hf-12064,fakta atau hoaks benarkah klaim judy mikovits soal virus corona dalam film dokumenter plandemic?,0,kesehatan,hoaxid_hf,
hf-12067,fakta atau hoaks benarkah kemenhub izinkan warga untuk mudik saat pandemi covid-19?,0,kesehatan,hoaxid_hf,
hf-12069,fakta atau hoaks benarkah ini video tka cina di morowali yang bikin ulah saat pandemi covid-19?,0,kesehatan,hoaxid_hf,
hf-12070,fakta atau hoaks benarkah amerika tanamkan chip 666 ke tubuh warganya di tengah pandemi covid-19?,0,kesehatan,hoaxid_hf,
hf-12072,fakta atau hoaks benarkah jokowi sebut kepala daerah yang mainkan bantuan covid-19 bakal dihukum seumur hidup?,0,kesehatan,hoaxid_hf,
hf-12075,fakta atau hoaks benarkah korban covid-19 di aceh hanya satu orang karena tetap salat berjamaah?,0,kesehatan,hoaxid_hf,
hf-12078,fakta atau hoaks benarkah gibran salahkan rakyat yang tak patuhi aturan pemerintah atas merebaknya covid-19?,0,kesehatan,hoaxid_hf,
hf-12081,fakta atau hoaks benarkah ini video kakak-adik di tangerang yang kena covid-19 usai bermain di luar rumah?,0,kesehatan,hoaxid_hf,
hf-12084,fakta atau hoaks benarkah peneliti cina ini sebut virus corona hanya satu dari 1.500 virus yang tersimpan di lab wuhan?,0,kesehatan,hoaxid_hf,
hf-12085,fakta atau hoaks benarkah pemerintah italia meminta pembacaan al quran di tengah pandemi covid-19?,0,kesehatan,hoaxid_hf,
hf-12086,fakta atau hoaks benarkah gubernur sumut edy rahmayadi instruksikan masjid dibuka seluas-luasnya saat pandemi covid-19?,0,kesehatan,hoaxid_hf,
hf-12088,fakta atau hoaks benarkah bill gates bikin vaksin corona yang dipasang microchip?,0,kesehatan,hoaxid_hf,
hf-12089,fakta atau hoaks benarkah virus corona covid-19 bisa menular lewat kentut?,0,kesehatan,hoaxid_hf,
hf-12097,fakta atau hoaks benarkah ini video uji coba tentang virus corona yang takut suara azan?,0,kesehatan,hoaxid_hf,
hf-12113,fakta atau hoaks benarkah virus corona covid-19 tidak kuat dengan cuaca di wilayah seperti indonesia?,0,kesehatan,hoaxid_hf,
hf-12114,fakta atau hoaks benarkah ini bentuk virus corona yang berhasil difoto ilmuwan india?,0,kesehatan,hoaxid_hf,
hf-12115,fakta atau hoaks benarkah pesan berantai tentang penjelasan ilmiah corona ini dari ahli virus indro cahyono?,0,kesehatan,hoaxid_hf,
hf-12118,salah bill gates pembuat virus covid-19,0,kesehatan,hoaxid_hf,
hf-12123,salah dokter di malaysia meninggal setelah mendapatkan vaksin pfizer,0,kesehatan,hoaxid_hf,
hf-12136,salah benarkah guinness world record menobatkan model asal sudan sebagai the queen of darkness?,0,kesehatan,hoaxid_hf,
hf-12144,"salah foto kisah harus erupsi semeru, tak rela tinggalkan sang ibu yang sudah renta, rumini ditemukan tewas berpelukan di rumahnya..",0,kesehatan,hoaxid_hf,
hf-12153,salah gejala varian omicron disebabkan oleh komplikasi vaksin covid-19,0,kesehatan,hoaxid_hf,
hf-12157,salah foto supermarket di jerman memasang pagar pembatas untuk memisahkan pengunjung yang sudah divaksin dan belum divaksin,0,kesehatan,hoaxid_hf,
hf-12160,"salah mandi detox menggunakan campuran garam epsom, baking soda, borax, dan indian healing clay mampu mengeluarkan kandungan vaksin covid yang sebelumnya telah disuntikkan kepada seseorang",0,kesehatan,hoaxid_hf,
hf-12166,salah covid-19 varian omicron sudah diprediksi sejak juli 2021,0,kesehatan,hoaxid_hf,
hf-12167,salah video wawancara ceo biontech menolak divaksin karena alasan keamanan,0,kesehatan,hoaxid_hf,
hf-12178,"salah komik phantom meramalkan kemunculan ""china virus""",0,kesehatan,hoaxid_hf,
hf-12186,salah vaksin sebabkan sperma membeku dan mr p mengecil,0,kesehatan,hoaxid_hf,
hf-12188,salah protes vaksinasi di yunani berakhir ricuh,0,kesehatan,hoaxid_hf,
hf-12189,"salah menempelkan bawang putih di telinga, dapat sembuhkan sakit kepala",0,kesehatan,hoaxid_hf,
hf-12194,salah pemerintah paksakan vaksin booster,0,kesehatan,hoaxid_hf,
hf-12201,salah komik phantom yang terbit tahun 1957 memprediksi munculnya covid-19,0,kesehatan,hoaxid_hf,
hf-12206,salah mandi dengan soda kue hingga boraks dapat menghilangkan racun pada orang yang divaksin covid-19,0,kesehatan,hoaxid_hf,
hf-12208,salah rapid test device berlabel positif dan negatif sudah dimuat virus,0,kesehatan,hoaxid_hf,
hf-12209,salah fda: suntikan booster vaksinasi pfizer berpotensi infeksi berat pada hati,0,kesehatan,hoaxid_hf,
hf-12212,"salah foto demo melanggar covid dan vaksinasi di wina, austria",0,kesehatan,hoaxid_hf,
hf-12215,salah video wanita tak bermasker menolak untuk duduk bersebelahan dengan pria yang belum divaksin,0,kesehatan,hoaxid_hf,
hf-12216,salah konsumsi buah dalam keadaan perut kosong dapat sembuhkan kanker,0,kesehatan,hoaxid_hf,
hf-12220,salah terdapat parasit yang mematikan di dalam vaksin covid-19,0,kesehatan,hoaxid_hf,
hf-12221,salah sayur pakis bisa menyebabkan kanker,0,kesehatan,hoaxid_hf,
hf-12223,salah darah orang yang sudah divaksin covid-19 tidak sehat,0,kesehatan,hoaxid_hf,
hf-12226,salah jepang menggunakan ivermectin dan menghentikan vaksin untuk memberantas virus covid-19,0,kesehatan,hoaxid_hf,
hf-12228,salah ppkm level 4 pada 24 desember 2021 karena ada varian covid-19 baru,0,kesehatan,hoaxid_hf,
hf-12233,salah swab pcr merupakan cara untuk melakukan vaksinasi,0,kesehatan,hoaxid_hf,
hf-12235,salah aliansi dokter dunia mengatakan bahwa varian delta tidak ada,0,kesehatan,hoaxid_hf,
hf-12240,salah vaksinasi covid-19 menyebabkan seseorang terkena kanker,0,kesehatan,hoaxid_hf,
hf-12241,salah pemerintah terapkan ppkm level 4 pada 24 desember karena ada varian covid-19 baru,0,kesehatan,hoaxid_hf,
hf-12252,salah video politisi austria pingsan usai disuntik vaksin,0,kesehatan,hoaxid_hf,
hf-12256,salah akun facebook kabid p2p dinkes sampang dokter yuliono,0,kesehatan,hoaxid_hf,
hf-12261,salah istri ceo pfizer albert bourla tewas akibat komplikasi vaksin covid-19,0,kesehatan,hoaxid_hf,
hf-12265,salah rumah sakit australia penuh karena pasien mengalami efek samping vaksin,0,kesehatan,hoaxid_hf,
hf-12272,salah sms hadiah dari bpjs kesehatan sebesar rp75 juta,0,kesehatan,hoaxid_hf,
hf-12274,salah mahkamah agung amerika serikat telah membatalkan vaksinasi masal,0,kesehatan,hoaxid_hf,
hf-12289,salah petai dan jengkol dapat sebabkan stroke,0,kesehatan,hoaxid_hf,
hf-12294,salah tautan pengecekan bantuan covid-19 sebesar rp600.000 bagi pemilik ktp atau sim,0,kesehatan,hoaxid_hf,
hf-12299,salah pemerintah akan suntik paksa vaksin mematikan pada 22 februari 2022,0,kesehatan,hoaxid_hf,
hf-12300,salah bayi dilahirkan dengan kelainan genetik akibat ibunya disuntik vaksin covid-19,0,kesehatan,hoaxid_hf,
hf-12310,salah vaksin covid-19 mengandung graphene oxide yang bereaksi pada getaran musik,0,kesehatan,hoaxid_hf,
hf-12321,salah pfizer tambahkan tromethamine pada vaksin covid-19 untuk anak sehingga tingkatkan risiko radang jantung,0,kesehatan,hoaxid_hf,
hf-12322,salah pemerintah suntik paksa vaksin mematikan secara massal pada 22 februari 2022,0,kesehatan,hoaxid_hf,
hf-12326,salah robot dirancang untuk memberikan vaksinasi secara paksa,0,kesehatan,hoaxid_hf,
hf-12331,salah 13 anak sekolah di afrika meninggal karena vaksin covid-19,0,kesehatan,hoaxid_hf,
hf-12337,salah foto kemasan vaksin sinovac only for clinical trial,0,kesehatan,hoaxid_hf,
hf-12341,salah foto keluarga agus harimurti yudhoyono berwisata saat surabaya berobat kanker prostat di as,0,kesehatan,hoaxid_hf,
hf-12352,salah pertolongan pertama luka bakar dengan tepung terigu,0,kesehatan,hoaxid_hf,
hf-12358,salah poster tentang penyakit stroke yang menyerang anak-anak sebagai efek samping covid-19,0,kesehatan,hoaxid_hf,
hf-12374,salah seorang anak meninggal setelah divaksinasi covid-19,0,kesehatan,hoaxid_hf,
hf-12388,salah mendeteksi kesehatan jantung dengan memasukkan tangan ke dalam air dingin selama 30 detik,0,kesehatan,hoaxid_hf,
hf-12404,salah video jenazah covid-19 yang sedang merokok,0,kesehatan,hoaxid_hf,
hf-12406,salah menghirup cuka dapat menyembuhkan covid-19,0,kesehatan,hoaxid_hf,
hf-12410,salah 600 pelajar china diberikan vaksin kosong di dki jakarta,0,kesehatan,hoaxid_hf,
hf-12412,salah daftar minuman instan yang dapat sebabkan diabetes dan matikan sumsum tulang,0,kesehatan,hoaxid_hf,
hf-12416,salah minum air es setelah cuaca panas dapat membuat pembuluh darah pecah,0,kesehatan,hoaxid_hf,
hf-12420,salah studi fda: vaksin pfizer membuat orang lebih rentan tertular covid-19,0,kesehatan,hoaxid_hf,
hf-12421,salah scan mri harus dihindari penerima vaksin covid-19,0,kesehatan,hoaxid_hf,
hf-12422,salah daun kemangi obat penghilang gatal kulit,0,kesehatan,hoaxid_hf,
hf-12425,salah uni eropa akan menghentikan program vaksin covid-19 mulai oktober 2021,0,kesehatan,hoaxid_hf,
hf-12427,salah video pidato anthony fauci mengembangkan virus influenza baru,0,kesehatan,hoaxid_hf,
hf-12430,salah judul berita itv tentang seorang pria bersedia divaksin setelah membuat tiga orang temannya meninggal karena covid-19,0,kesehatan,hoaxid_hf,
hf-12434,salah balita divaksin upaya menuju pemusnahan massal umat islam,0,kesehatan,hoaxid_hf,
hf-12439,salah ipb mengumumkan ranking sayuran anti kanker,0,kesehatan,hoaxid_hf,
hf-12446,salah pilot pesawat maskapai delta meninggal setelah divaksin,0,kesehatan,hoaxid_hf,
hf-12447,salah kasus positif covid-19 di surabaya naik,0,kesehatan,hoaxid_hf,
hf-12453,salah dana bantuan kesehatan modal usaha dari pusat bpjs kesehatan,0,kesehatan,hoaxid_hf,
hf-12454,salah tetesan jeruk nipis dapat mengobati mata,0,kesehatan,hoaxid_hf,
hf-12456,salah darah orang yang divaksin covid-19 menjadi tidak normal dan tidak bisa donor darah,0,kesehatan,hoaxid_hf,
hf-12460,salah mengonsumsi bawang dayak dapat menyembuhkan getah bening hingga kanker,0,kesehatan,hoaxid_hf,
hf-12462,salah minum air es setelah makan dapat sebabkan kanker,0,kesehatan,hoaxid_hf,
hf-12471,salah cdc amerika serikat memperingatkan adanya penyakit mirip polio yang akan muncul pada akhir tahun 2021,0,kesehatan,hoaxid_hf,
hf-12473,salah: situs pedulilindungiq.com dan meminta dana rp1 juta untuk vaksin covid-19,0,kesehatan,hoaxid_hf,
hf-12476,salah penampakan protes wajib vaksin di melbourne tahun 2021,0,kesehatan,hoaxid_hf,
hf-12478,salah covid-19 adalah rencana depopulasi dunia,0,kesehatan,hoaxid_hf,
hf-12484,"salah sertifikat vaksin menjadi syarat pengisian bbm di spbu wilayah trumon raya, aceh selatan",0,kesehatan,hoaxid_hf,
hf-12486,salah gadget dan wifi sebabkan kanker darah,0,kesehatan,hoaxid_hf,
hf-12488,salah foto pm singapura mengantre vaksin covid-19,0,kesehatan,hoaxid_hf,
hf-12494,salah pesan whatsapp nanas panas dapat membunuh sel kanker!,0,kesehatan,hoaxid_hf,
hf-12495,salah air rebusan kayu manis dapat menurunkan kadar gula darah bagi penderita diabetes,0,kesehatan,hoaxid_hf,
hf-12504,salah who merencanakan modifikasi genetik manusia melalui vaksinasi,0,kesehatan,hoaxid_hf,
hf-12505,salah utsmaniy menjadi pelopor dalam penanganan wabah melalui vaksinasi,0,kesehatan,hoaxid_hf,
hf-12510,salah video rakyat menang.. !! pemerintah rumania menutup semua pusat vaksin..!,0,kesehatan,hoaxid_hf,
hf-12512,salah vaksin covid-19 dapat mengubah warna darah,0,kesehatan,hoaxid_hf,
hf-12516,salah tukul arwana alami pendarahan otak karena vaksin,0,kesehatan,hoaxid_hf,
hf-12527,salah video demo menolak wajib vaksin di brazil,0,kesehatan,hoaxid_hf,
hf-12536,salah pesan berantai cek gula darah gratis sebagai modus menyebarkan hiv,0,kesehatan,hoaxid_hf,
hf-12540,salah bill gates menyarankan melakukan depopulasi dengan vaksinasi untuk solusi nol karbon,0,kesehatan,hoaxid_hf,
hf-12541,salah pendaftaran vaksin nusantara melalui whatsapp,0,kesehatan,hoaxid_hf,
hf-12547,salah mengonsumsi labu kuning dapat menyembuhkan covid-19,0,kesehatan,hoaxid_hf,
hf-12554,salah vaksin bukan syarat penerbangan internasional,0,kesehatan,hoaxid_hf,
hf-12557,"salah siaran tvonenews harta pejabat meningkat drastis selama pandemi, bonus jual corona dan vaksin",0,kesehatan,hoaxid_hf,
hf-12561,salah panggilan telepon informasi seputar vaksinasi,0,kesehatan,hoaxid_hf,
hf-12563,salah mulai 1 oktober pasien covid tidak ditanggung kemenkes,0,kesehatan,hoaxid_hf,
hf-12584,salah judul berita itv tentang efek samping vaksin yang membuat wajah menjadi merah,0,kesehatan,hoaxid_hf,
hf-12588,salah banjir darah di bandara kabul,0,kesehatan,hoaxid_hf,
hf-12591,salah cat kuku pendeteksi obat pemerkosa termasuk obat ghb,0,kesehatan,hoaxid_hf,
hf-12592,salah artikel cnn dengan judul healthy 40-year old covid victim’s last words: i blame unvaccinated for this,0,kesehatan,hoaxid_hf,
hf-12612,salah yakult dapat mencegah kanker paru-paru,0,kesehatan,hoaxid_hf,
hf-12616,salah pesan berantai tim vaksinasi gsp meminta data pribadi,0,kesehatan,hoaxid_hf,
hf-12617,salah mencuci hidung dengan garam menghilangkan virus corona,0,kesehatan,hoaxid_hf,
hf-12625,salah muammar gaddafi prediksi covid-19,0,kesehatan,hoaxid_hf,
hf-12626,salah obat covid-19 molnulpiravir mulai beredar september mendatang,0,kesehatan,hoaxid_hf,
hf-12628,salah mengonsumsi banyak petai bisa mengatasi sakit kaki hingga kanker,0,kesehatan,hoaxid_hf,
hf-12637,"salah munarman kritis total, nasibnya memilukan",0,kesehatan,hoaxid_hf,
hf-12642,"salah campuran air kelapa muda, jeruk nipis, garam, dan madu dapat mengobati covid-19",0,kesehatan,hoaxid_hf,
hf-12644,"salah wapres: vaksin merupakan perintah agama dan hukumnya wajib, menolak masuk neraka??",0,kesehatan,hoaxid_hf,
hf-12652,"salah vaksin corona mengandung babi, dapat mengubah dna, dan membuat manusia jadi zombie",0,kesehatan,hoaxid_hf,
hf-12672,salah vaksin di gedung gradika bakti ditujukan untuk 18-59 tahun,0,kesehatan,hoaxid_hf,
hf-12679,salah pesan berantai dari ketua satgas covid-19 dwiyono terkait metode menghirup uap air panas untuk membunuh virus corona,0,kesehatan,hoaxid_hf,
hf-12682,salah video biang covid bill gates kena timpuk dari orang yang geram padanya,0,kesehatan,hoaxid_hf,
hf-12689,salah oseltamivir obat covid-19 berbahaya dan mematikan,0,kesehatan,hoaxid_hf,
hf-12691,salah informasi vaksin dosis 1 dan 2 16 agustus 2021 di rsal dari. ramelan surabaya,0,kesehatan,hoaxid_hf,
hf-12692,salah sertifikat vaksin covid-19 bukan syarat administrasi,0,kesehatan,hoaxid_hf,
hf-12706,salah foto aksi demo paspor kesehatan di paris pada 7 agustus 2021,0,kesehatan,hoaxid_hf,
hf-12707,salah masyarakat suku baduy tidak pernah divaksin dalam ratusan tahun,0,kesehatan,hoaxid_hf,
hf-12721,salah covid-19 singkatan dari certification of vaccination identification artificial intelligence,0,kesehatan,hoaxid_hf,
hf-12726,salah tidak boleh mengonsumsi makanan dan minuman yang mengandung alkohol dan soda setelah vaksin covid-19,0,kesehatan,hoaxid_hf,
hf-12728,salah hasil perhitungan data orang yang sudah divaksinasi lebih banyak terpapar varian delta dan peluang kematian lebih tinggi,0,kesehatan,hoaxid_hf,
hf-12735,salah rockefeller foundation telah rencanakan skenario pandemi covid-19 sejak 2010,0,kesehatan,hoaxid_hf,
hf-12747,"salah virus corona katanya ganas dan mematikan, tapi yang mati selalu di rumah sakit",0,kesehatan,hoaxid_hf,
hf-12752,salah suku baduy tidak divaksin covid-19,0,kesehatan,hoaxid_hf,
hf-12753,salah video wawancara ceo pfizer yang menolak divaksin pada agustus 2021,0,kesehatan,hoaxid_hf,
hf-12754,"salah vaksin astrazeneca, pfizer, dan moderna berafiliasi dengan bluetooth kecuali sinovac",0,kesehatan,hoaxid_hf,
hf-12755,salah covid-19 bermutasi menjadi virus baru yang lebih berbahaya dan vaksinasi timbulkan virus lain dari covid-19,0,kesehatan,hoaxid_hf,
hf-12757,salah dokumen bank dunia tetapkan covid-19 sampai tahun 2025,0,kesehatan,hoaxid_hf,
hf-12760,"salah vaksin corona tidak terbukti aman dan efektif, coronavirus sama seperti flu biasa, ini adalah pandemi palsu",0,kesehatan,hoaxid_hf,
hf-12762,"salah semua pasien positif covid-19 di new south wales, australia sudah divaksinasi",0,kesehatan,hoaxid_hf,
hf-12770,salah dukun meninggal karena covid-19 setelah menghirup napas pasien covid-19,0,kesehatan,hoaxid_hf,
hf-12771,salah video sebut bocoran jadwal varian covid-19 diluncurkan,0,kesehatan,hoaxid_hf,
hf-12772,salah air rebusan nanas bisa membunuh sel kanker,0,kesehatan,hoaxid_hf,
hf-12773,salah jadwal vaksinasi massal di royal plaza surabaya tanggal 2-6 agustus 2021,0,kesehatan,hoaxid_hf,
hf-12774,salah sms bantuan bpjs kesehatan sebesar rp78 juta,0,kesehatan,hoaxid_hf,
hf-12777,salah vaksin covid-19 astrazeneca dibuat sejak 2018,0,kesehatan,hoaxid_hf,
hf-12778,salah air nanas panas bisa membunuh sel kanker,0,kesehatan,hoaxid_hf,
hf-12779,salah foto jadwal perilisan varian covid-19,0,kesehatan,hoaxid_hf,
hf-12782,salah pernyataan moh indro cahyono terbongkar sudah!!! fakta covid 19,0,kesehatan,hoaxid_hf,
hf-12788,"salah tanggal pembuatan vaksin adalah 2018, setahun sebelum covid-19 melanda",0,kesehatan,hoaxid_hf,
hf-12794,salah bantuan ppkm rp1 juta bagi pemilik sertifikat vaksinasi,0,kesehatan,hoaxid_hf,
hf-12797,salah daun sungkai dapat menangkal covid-19,0,kesehatan,hoaxid_hf,
hf-12798,salah bnpb membuka donasi kaos oblong bagi tenaga medis dan relawan satgas covid 19,0,kesehatan,hoaxid_hf,
hf-12803,salah data pendonor plasma darah konvalesen area jogja,0,kesehatan,hoaxid_hf,
hf-12807,"salah gambar artikel kompas berjudul hemoglobin rendah dan butuh tranfusi darah, karl marx pilih pendonor yang hafal das kapital",0,kesehatan,hoaxid_hf,
hf-12809,salah orang yang pernah terinfeksi covid-19 memiliki imunitas lebih baik ketimbang yang divaksin,0,kesehatan,hoaxid_hf,
hf-12810,salah air keran positif covid-19,0,kesehatan,hoaxid_hf,
hf-12811,salah vaksin dengan pfizer dapat menularkan virus ke orang yang belum divaksin,0,kesehatan,hoaxid_hf,
hf-12815,salah vaksin mengandung racun berbahaya,0,kesehatan,hoaxid_hf,
hf-12818,salah cnn indonesia menawarkan hadiah agar warga bersedia divaksin,0,kesehatan,hoaxid_hf,
hf-12819,salah foto beberapa jenazah covid-19 di bekasi,0,kesehatan,hoaxid_hf,
hf-12821,salah mata jenazah covid-19 diambil tanpa sepengetahuan keluarga,0,kesehatan,hoaxid_hf,
hf-12823,salah video pengurusan covid di indon,0,kesehatan,hoaxid_hf,
hf-12827,salah foto suasana demo anti-vaksin di prancis,0,kesehatan,hoaxid_hf,
hf-12835,"salah ketentuan baru, mau buat ktp harus punya sertifikat vaksin",0,kesehatan,hoaxid_hf,
hf-12840,salah barcode pada vaksin covid-19 mengontrol manusia sampai mati,0,kesehatan,hoaxid_hf,
hf-12841,salah akhirnya!! dunia setujui vaksin nusantara,0,kesehatan,hoaxid_hf,
hf-12842,salah campuran lemon dan soda kue dapat membunuh virus corona,0,kesehatan,hoaxid_hf,
hf-12846,salah minuman penambah imun untuk cegah penularan virus covid-19,0,kesehatan,hoaxid_hf,
hf-12847,salah bawang putih bisa keluarkan cairan di paru-paru akibat covid-19,0,kesehatan,hoaxid_hf,
hf-12850,"salah video kondisi gibran berita terbaru hari iniistana banjir tangis,virus menggrogoti tubuhnya hingga beginiviral news jkw",0,kesehatan,hoaxid_hf,
hf-12851,"salah singapura negara pertama yang lakukan otopsi jenazah covid-19, sumber kemenkes singapura",0,kesehatan,hoaxid_hf,
hf-12852,salah pernyataan semua orang yang divaksinasi akan mati dalam 2 tahun oleh luc montagnier,0,kesehatan,hoaxid_hf,
hf-12860,salah semangkin gawat indonesia sekarang ini! banyaknya rumah sakit penerima vaksin palsu!,0,kesehatan,hoaxid_hf,
hf-12861,salah nilai ct pada tes pcr menentukan kesembuhan pasien covid-19,0,kesehatan,hoaxid_hf,
hf-12863,salah banyaknya varian covid-19 muncul setelah vaksinasi dilakukan,0,kesehatan,hoaxid_hf,
hf-12864,salah labu kuning kukus dapat sembuhkan covid-19,0,kesehatan,hoaxid_hf,
hf-12865,salah chemtrails penyebar virus penyakit muncul di langit pantura,0,kesehatan,hoaxid_hf,
hf-12867,salah kurir tetap bekerja meski terpapar covid-19,0,kesehatan,hoaxid_hf,
hf-12868,salah foto ajakan untuk stop upload berita covid-19 oleh pemerintah kabupaten gresik,0,kesehatan,hoaxid_hf,
hf-12869,salah tabung selam dapat digunakan sebagai pengganti tabung oksigen medis,0,kesehatan,hoaxid_hf,
hf-12871,"salah video di probolinggo, 16 juli 2021 meninggal bersama 5 orang serumah setelah di vaksin",0,kesehatan,hoaxid_hf,
hf-12872,salah video potensi bahaya vaksin covid-19,0,kesehatan,hoaxid_hf,
hf-12876,salah air keran dapat positif covid-19 setelah ditest menggunakan device rapid test antigen,0,kesehatan,hoaxid_hf,
hf-12877,salah daun teh pinus putih hentikan bahaya vaksin covid-19,0,kesehatan,hoaxid_hf,
hf-12882,salah tidak ada mesjid yang akan ditutup di turki dari ancaman virus corona,0,kesehatan,hoaxid_hf,
hf-12894,salah berkumur dengan air garam dan meminum air hangat dapat membunuh virus corona di dalam perut,0,kesehatan,hoaxid_hf,
hf-12897,"salah cuci hidung dengan nacl 0,9 dapat menghilangkan virus dan bakteri di lubang hidung",0,kesehatan,hoaxid_hf,
hf-12902,salah detektor radiasi elektromagnetik dapat mendeteksi radiasi dari vaksin covid-19,0,kesehatan,hoaxid_hf,
hf-12905,salah video akting plandemi jenazah pasien covid-19 dapat bergerak,0,kesehatan,hoaxid_hf,
hf-12907,"salah racikan air kelapa muda, jeruk nipis, garam, dan madu dapat membunuh virus covid-19",0,kesehatan,hoaxid_hf,
hf-12908,salah seorang pria tewas karena makan durian setelah divaksin,0,kesehatan,hoaxid_hf,
hf-12909,salah fda amerika sebut invermectin dapat digunakan untuk sembuhkan covid-19,0,kesehatan,hoaxid_hf,
hf-12919,salah air rebusan bawang putih dapat menyembuhkan covid,0,kesehatan,hoaxid_hf,
hf-12921,salah varian baru covid-19 tidak lain dari infeksi protein spike dari vaksin,0,kesehatan,hoaxid_hf,
hf-12923,salah suara adzan di masjid dapat mengecilkan virus corona,0,kesehatan,hoaxid_hf,
hf-12925,"salah campuran air panas dan lemon, rahasia vietnam tak alami kasus kematian akibat covid-19",0,kesehatan,hoaxid_hf,
hf-12938,"salah virus corona sangat ganas dan menakutkan, tapi anehnya yang mati semua di rumah sakit",0,kesehatan,hoaxid_hf,
hf-12940,salah per 1 juli 2021 mengurus sim dan skck membutuhkan sertifikat vaksin covid,0,kesehatan,hoaxid_hf,
hf-12941,salah ketersediaan ventilator cukup memadai dan obat ivermectin sudah akan diproduksi massal,0,kesehatan,hoaxid_hf,
hf-12948,salah foto orang india membuang ribuan berhala ke jalan karena ketidakmampuan mereka melindungi masyarakat dari virus corona,0,kesehatan,hoaxid_hf,
hf-12949,salah ct value sebagai penentu kesembuhan pasien covid-19,0,kesehatan,hoaxid_hf,
hf-12950,salah insentif tenaga kesehatan selama pandemi covid-19 dihentikan pemerintah pusat,0,kesehatan,hoaxid_hf,
hf-12953,salah foto daftar obat dari rs yang bisa digunakan sendiri oleh pasien covid-19,0,kesehatan,hoaxid_hf,
hf-12954,"sebuah artikel online membagikan dokumen rahasia yang bocor dan disandingkan dengan sebuah informasi yang mengklaim bahwa perusahaan biofarmasi moderna, inc mengembangkan vaksin covid-19 sebelum muncu",0,kesehatan,hoaxid_hf,
hf-12959,salah pesan berantai bfl (blood for life) indonesia untuk kebutuhan donor darah,0,kesehatan,hoaxid_hf,
hf-12961,salah sinar kali dalam tv tabung dapat membunuh virus dalam 8 jam,0,kesehatan,hoaxid_hf,
hf-12967,salah who tetapkan indonesia sebagai negara high risk covid-19,0,kesehatan,hoaxid_hf,
hf-12968,salah daftar obat dari rs yang bisa digunakan sendiri oleh pasien covid-19,0,kesehatan,hoaxid_hf,
hf-12971,salah parasetamol p-500 mengandung virus machupo,0,kesehatan,hoaxid_hf,
hf-12972,salah video sri mulyani suntik vaksin untuk pencitraan tapi kamera enggak bisa bohong di jarum suntik enggak ada isi vaksin nya,0,kesehatan,hoaxid_hf,
hf-12981,salah meminum minuman panas dan menghirup uap panas dapat membunuh virus corona,0,kesehatan,hoaxid_hf,
hf-12984,salah anies baswedan hanya mengurusi asbak dan tidak mengurusi covid di jakarta,0,kesehatan,hoaxid_hf,
hf-12986,salah covid-19 tidak mematikan,0,kesehatan,hoaxid_hf,
hf-12990,salah rajin wudhu aman dari virus,0,kesehatan,hoaxid_hf,
hf-12992,salah resep obat untuk pasien covid-19,0,kesehatan,hoaxid_hf,
hf-12993,"salah jateng membludak, media tv hanya liput covid-19 di dki jakarta",0,kesehatan,hoaxid_hf,
hf-12995,salah vaksinasi massal gratis 22 juni 2021 di kota bogor untuk umum 18 tahun ke atas,0,kesehatan,hoaxid_hf,
hf-12996,salah konsumsi nigella oil menghilangkan pendarahan di tenggorokan orang yang terdampak covid,0,kesehatan,hoaxid_hf,
hf-12998,salah pesan berantai sandiwara corona dari ikatan dokter indonesia (idi),0,kesehatan,hoaxid_hf,
hf-13000,"salah mengandung virus baru, merek handsanitizer farah’ dapat sebabkan tangan melepuh",0,kesehatan,hoaxid_hf,
hf-13030,"salah pemkot pekanbaru, riau menarik vaksin covid-19 karena keampuhan vaksin masih tarik ulur",0,kesehatan,hoaxid_hf,
hf-13031,salah pesepakbola christian eriksen terkena serangan jantung setelah divaksin,0,kesehatan,hoaxid_hf,
hf-13033,salah vaksinasi sebabkan varian baru covid-19,0,kesehatan,hoaxid_hf,
hf-13039,salah foto the last moment dokter hadio,0,kesehatan,hoaxid_hf,
hf-13041,salah pemberian obat bius usai vaksinasi covid-19 bisa akibatkan kematian,0,kesehatan,hoaxid_hf,
hf-13054,salah video eric tohir sangat terbuka menjelaskan tentang chip yang ada dalam vaksin covid-19,0,kesehatan,hoaxid_hf,
hf-13082,salah foto-foto orang mati covid-19 yang dilempar ke laut tiba di laut sabah,0,kesehatan,hoaxid_hf,
hf-13089,salah bahaya donor darah dari orang yang sudah divaksin covid-19,0,kesehatan,hoaxid_hf,
hf-13090,salah video 450 kantong jenazah covid-19 berisikan kertas,0,kesehatan,hoaxid_hf,
hf-13091,salah menerima donor darah dari orang yang sudah di vaksinasi covid-19 berbahaya,0,kesehatan,hoaxid_hf,
hf-13110,salah suntikan vaksin kosong di indonesia,0,kesehatan,hoaxid_hf,
hf-13115,"salah campuran air kelapa muda, jeruk nipis dan garam dapat menyembuhkan covid-19",0,kesehatan,hoaxid_hf,
hf-13120,"salah tangkapan layar hati2,,, rakyat akan dibunuh vaksin cina,,,! video cnn indonesia",0,kesehatan,hoaxid_hf,
hf-13130,"salah setelah divaksin, tubuh punya daya magnetis dan dapat dikoneksikan ke bluetooth",0,kesehatan,hoaxid_hf,
hf-13140,salah ekstrak akar dandelion dapat membunuh 98 sel kanker dalam 48 jam,0,kesehatan,hoaxid_hf,
hf-13149,"salah berada di sekitar orang yang baru divaksin, dapat sebabkan gangguan menstruasi pada wanita",0,kesehatan,hoaxid_hf,
hf-13150,salah memakan bawang merah dan meneteskan air perasan lemon ke hidung dapat mengobati covid-19,0,kesehatan,hoaxid_hf,
hf-13151,salah luka warga palestina akibat serangan israel ternyata hasil memakai up,0,kesehatan,hoaxid_hf,
hf-13156,salah gejala baru pada virus corona covid-19 yang bermutasi,0,kesehatan,hoaxid_hf,
hf-13166,salah vaksin covid-19 mengandung microchip magnetik,0,kesehatan,hoaxid_hf,
hf-13168,salah video warga malaysia antri nginep di stadion shah alamsemua positif covid 19,0,kesehatan,hoaxid_hf,
hf-13173,salah obat dan bahan herbal mencegah covid,0,kesehatan,hoaxid_hf,
hf-13175,salah magnet bisa menempel pada lengan orang yang sudah divaksin covid-19,0,kesehatan,hoaxid_hf,
hf-13183,salah jumlah kasus covid-19 di jatim meledak,0,kesehatan,hoaxid_hf,
hf-13205,salah video pernyataan netanyahu akan membunuh muslim dengan vaksin,0,kesehatan,hoaxid_hf,
hf-13206,salah vaksin covid-19 beresiko tinggi bagi perempuan yang sedang menstruasi,0,kesehatan,hoaxid_hf,
hf-13210,"salah jengkol, pete, pepaya sebabkan stroke! dapat reda dengan mengeluarkan darah dari ujung jari",0,kesehatan,hoaxid_hf,
hf-13222,"salah indonesia berduka, 10 dokter meninggal pada hari yang sama akibat terinfeksi covid-19",0,kesehatan,hoaxid_hf,
hf-13224,salah mengonsumsi air hangat dan berkumur dengan air garam dapat hilangkan virus corona,0,kesehatan,hoaxid_hf,
hf-13234,salah video warga india menyerang kendaraan tenaga medis dan menolak pcr,0,kesehatan,hoaxid_hf,
hf-13239,salah mendeteksi virus corona dengan menahan napas 10 detik,0,kesehatan,hoaxid_hf,
hf-13249,salah foto hasil ct scan paru-paru orang yang telah divaksin dan belum divaksin,0,kesehatan,hoaxid_hf,
hf-13263,salah foto kremasi massal saat melonjaknya jumlah kasus infeksi covid-19 india,0,kesehatan,hoaxid_hf,
hf-13266,salah pesan berantai mengatasnamakan satgas covid-19 pusat,0,kesehatan,hoaxid_hf,
hf-13269,"salah covid-19 adalah bakteri yang terpapar radiasi, sumber: kementerian kesehatan rusia",0,kesehatan,hoaxid_hf,
hf-13278,salah video seseorang yang wafat karena terinfeksi virus covid-19 mempercayakan teman baiknya untuk membuang uangnya di times square di new york,0,kesehatan,hoaxid_hf,
hf-13302,salah foto syuting film horor agar masyarakat indonesia mau divaksin,0,kesehatan,hoaxid_hf,
hf-13312,salah vaksin covid-19 pfizer bakal ditambah chip microsoft untuk kurangi gejala,0,kesehatan,hoaxid_hf,
hf-13313,salah bantuan dana dari bpjs kesehatan,0,kesehatan,hoaxid_hf,
hf-13323,salah foto seorang lansia menggunakan alat bantu pernapasan di jalan karena kasus covid-19 di india meningkat drastis,0,kesehatan,hoaxid_hf,
hf-13329,salah ketua dprd mimika meninggal akibat vaksin,0,kesehatan,hoaxid_hf,
hf-13339,"salah menghirup kapur barus, cengkeh, biji karom, dan minyak kayu putih dapat meredakan sesak nafas akibat infeksi covid-19",0,kesehatan,hoaxid_hf,
hf-13358,salah makan bawang mentah dan garam bisa ubah positif covid-19 menjadi negatif setelah 15 menit,0,kesehatan,hoaxid_hf,
hf-13360,"salah kenaikan limfosit usai vaksin, sebabkan kematian",0,kesehatan,hoaxid_hf,
hf-13368,salah video membuang uang di times square untuk teman baiknya yang meninggal karena covid-19,0,kesehatan,hoaxid_hf,
hf-13371,salah meletakkan bawang di bawah telapak kaki dapat menyembuhkan kanker dan malaria,0,kesehatan,hoaxid_hf,
hf-13376,salah video seorang kakek ditahan karena tidak memakai masker setelah vaksinasi,0,kesehatan,hoaxid_hf,
hf-13381,salah seluruh hewan percobaan vaksin covid-19 terbukti mati karena suntik vaksin,0,kesehatan,hoaxid_hf,
hf-13383,salah tim vaksinasi gsp cari data penerima vaksin,0,kesehatan,hoaxid_hf,
hf-13398,"salah positif covid disebabkan oleh kekurangan vitamin, bukan oleh virus",0,kesehatan,hoaxid_hf,
hf-13399,"salah vaksin korongna itu mrna, ini bukan vaksin tapi terapi gen, mrna ini jadi instruksi untuk menyebabkan mutasi",0,kesehatan,hoaxid_hf,
hf-13404,salah kota tarakan kalimantan utara bebas covid-19,0,kesehatan,hoaxid_hf,
hf-13407,salah pentagon ciptakan mikrochip deteksi covid-19,0,kesehatan,hoaxid_hf,
hf-13424,salah korban vaksin lagi. kini anggota brimob di maluku,0,kesehatan,hoaxid_hf,
hf-13425,salah pemerintah inggris menurunkan status covid-19 karena covid-19 bisa sembuh dengan paracetamol,0,kesehatan,hoaxid_hf,
hf-13433,salah penggunaan masker dapat menyebabkan kematian akibat covid-19,0,kesehatan,hoaxid_hf,
hf-13436,salah foto munarman sudah divaksin,0,kesehatan,hoaxid_hf,
hf-13437,salah pembersih alat rapid test corona bisa sebabkan kanker,0,kesehatan,hoaxid_hf,
hf-13443,salah muhammadiyah larang masyarakat dengan ktp non-islam ikut vaksin,0,kesehatan,hoaxid_hf,
hf-13444,salah vaksin covid-19 pfizer dijual online di malaysia,0,kesehatan,hoaxid_hf,
hf-13450,salah vaksin melemahkan kekuatan tni,0,kesehatan,hoaxid_hf,
hf-13459,"salah artikel berjudul china tidak bisa berbohong lagi, who akhirnya bongkar asal usul virus corona yang sebenarnya, benarkah dunia sudah dibohongi selama ini?",0,kesehatan,hoaxid_hf,
hf-13461,"salah video lebih banyak mayat bertumpuk akibat covid, tapi salah satunya menghisap rokok",0,kesehatan,hoaxid_hf,
hf-13463,salah makanan kaleng dari thailand menularkan virus aids,0,kesehatan,hoaxid_hf,
hf-13464,salah website portal vaksin covid-19 corporate-realty.co,0,kesehatan,hoaxid_hf,
hf-13466,salah vaksin covid-19 merusak sel otak dan sel darah,0,kesehatan,hoaxid_hf,
hf-13472,salah vaksin bisa merusak sel darah dan sel otak,0,kesehatan,hoaxid_hf,
hf-13481,salah vaksin di drive thrue banyak yang dibohongin begini sdm kita,0,kesehatan,hoaxid_hf,
hf-13493,salah postingan terkait antibodi dan covid-19 dari dekan ipb,0,kesehatan,hoaxid_hf,
hf-13494,salah air rebusan pare bisa membunuh sel kanker,0,kesehatan,hoaxid_hf,
hf-13503,salah bantuan penanganan covid-19 untuk pondok pesantren dan panti asuhan oleh wakil ketua dprd pasuruan,0,kesehatan,hoaxid_hf,
hf-13509,"salah khawatir tim medis lupa jenis vaksin yang diberikan, sertifikat vaksin harus disimpan",0,kesehatan,hoaxid_hf,
hf-13517,salah ekstrak nanas bisa dijadikan obat virus corona,0,kesehatan,hoaxid_hf,
hf-13521,salah setelah vaksin covid-19 selama 5 bulan tak boleh minum yang mengandung alkohol,0,kesehatan,hoaxid_hf,
hf-13524,salah guru di garut lumpuh usai divaksin covid-19,0,kesehatan,hoaxid_hf,
hf-13525,salah dilarang mengonsumsi tape singkong usai divaksin covid-19,0,kesehatan,hoaxid_hf,
hf-13526,"salah vaksin berbasis mrna, dapat menyebabkan kanker",0,kesehatan,hoaxid_hf,
hf-13527,salah pancaran radiasi wifi berakibat kanker darah pada anak,0,kesehatan,hoaxid_hf,
hf-13528,salah yang vaksin jangan lupa kalau bisa sesuaikan surat vaccine nanti itu namanya sesuai passport,0,kesehatan,hoaxid_hf,
hf-13538,salah tulisan ini dari kawan-kawan komunitas idi (ikatan dokter indonesia),0,kesehatan,hoaxid_hf,
hf-13539,salah tentara angkatan laut australia mengalami efek samping parah setelah divaksin covid-19,0,kesehatan,hoaxid_hf,
hf-13552,salah rumput paragis untuk menyembuhkan kanker,0,kesehatan,hoaxid_hf,
hf-13555,salah pengumuman jadwal vaksinasi untuk umum di wilayah jawa barat maret 2021 oleh gubernur,0,kesehatan,hoaxid_hf,
hf-13556,salah vaksin covid-19 sirup untuk yang takut disuntik,0,kesehatan,hoaxid_hf,
hf-13564,salah foto gubernur korea selatan menggunakan jaket saat divaksin,0,kesehatan,hoaxid_hf,
hf-13565,salah 17 negara melarang penyebaran vaksin astrazeneca,0,kesehatan,hoaxid_hf,
hf-13566,salah foto botol vaksin kadrun,0,kesehatan,hoaxid_hf,
hf-13569,salah pesan berantai berisi grafik kadar antibodi usai divaksin covid-19,0,kesehatan,hoaxid_hf,
hf-13570,salah lowongan kerja dinas kesehatan kabupaten bojonegoro,0,kesehatan,hoaxid_hf,
hf-13573,"salah pemilik rekening bri yang telah divaksin dapat bantuan rp 1,5 juta",0,kesehatan,hoaxid_hf,
hf-13574,salah pesan berantai informasi vaksin covid-19 paling aman dari artikel new york times,0,kesehatan,hoaxid_hf,
hf-13579,salah episode sitkom bajaj bajuri ramalkan virus corona tahun 2021,0,kesehatan,hoaxid_hf,
hf-13581,salah tidak ada kasus covid-19 di bhutan karena penduduknya vegetarian,0,kesehatan,hoaxid_hf,
hf-13582,salah vaksin sinovac kadaluwarsa 25 maret 2021 dan dibuat sebelum pandemi,0,kesehatan,hoaxid_hf,
hf-13591,salah vaksinasi covid-19 untuk warga non dki jakarta di istora senayan,0,kesehatan,hoaxid_hf,
hf-13600,salah pesan berantai whatsapp bantuan sosial finansial rp3.550.00 dari bpjs kesehatan,0,kesehatan,hoaxid_hf,
hf-13602,"salah vaksin sinovac, vaksin yang sebenarnya di peruntukkan untuk ayam",0,kesehatan,hoaxid_hf,
hf-13603,salah rusia menemukan bahwa covid-19 tidak disebabkan oleh virus,0,kesehatan,hoaxid_hf,
hf-13604,salah rebusan daun jambu biji dicampur cuka bisa bunuh virus covid-19,0,kesehatan,hoaxid_hf,
hf-13605,salah sentra vaksinasi covid-19 istora senayan terbuka untuk semua pemegang ktp,0,kesehatan,hoaxid_hf,
hf-13612,"salah bio farma mengadakan vaksinasi covid-19 pada jumat, 12 maret 2021",0,kesehatan,hoaxid_hf,
hf-13614,salah vaksin sinovac berisikan virus hidup yang dilemahkan serta mengandung sel vero dan bahan-bahan berbahaya,0,kesehatan,hoaxid_hf,
hf-13615,salah video vaksinasi di.mall t.anggrek,0,kesehatan,hoaxid_hf,
hf-13618,salah menghirup uap panas teh herbal dapat mencegah dan menyembuhkan covid-19,0,kesehatan,hoaxid_hf,
hf-13627,salah banyak data orang meninggal dunia akibat vaksin covid-19,0,kesehatan,hoaxid_hf,
hf-13628,salah pesan berantai video potensi bahaya vaksin covid-19,0,kesehatan,hoaxid_hf,
hf-13630,salah uap panas hasil rebusan daun jambu dapat mengobati covid-19,0,kesehatan,hoaxid_hf,
hf-13631,salah terdapat paku dalam kapsul obat,0,kesehatan,hoaxid_hf,
hf-13632,salah vaksin moderna dirancang untuk mengubah dna manusia,0,kesehatan,hoaxid_hf,
hf-13636,salah pemberian vaksin covid-19 oleh badan litbangkes,0,kesehatan,hoaxid_hf,
hf-13637,salah kenapa semua nya meninggal dengan ciri ciri penyebab yang sama seperti korban vaksin covid-19 lain di luar negeri,0,kesehatan,hoaxid_hf,
hf-13646,salah vaksinasi di ppsdmk cukup bawa ktp sebagai syarat,0,kesehatan,hoaxid_hf,
hf-13655,salah vaksin covid-19 bisa bikin wanita mandul,0,kesehatan,hoaxid_hf,
hf-13663,"salah anosmia bukan gejala khas virus, minum saja mecobalamin 5 cap setiap 1 jam sampai diare ringan",0,kesehatan,hoaxid_hf,
hf-13672,salah bpjs kesehatan memberikan bantuan dana rp50 juta kepada tkw,0,kesehatan,hoaxid_hf,
hf-13674,salah akun whatsapp juru bicara vaksinasi covid-19 meminta sejumlah dana,0,kesehatan,hoaxid_hf,
hf-13681,salah demonstrasi memprotes kebijakan covid-19 di romania,0,kesehatan,hoaxid_hf,
hf-13686,salah memakai masker secara terus menerus akan menyebabkan kanker paru-paru,0,kesehatan,hoaxid_hf,
hf-13694,salah bantuan 37 juta rupiah dari bpjs kesehatan,0,kesehatan,hoaxid_hf,
hf-13695,salah foto efek samping yang dialami setelah vaksinasi moderna covid-19,0,kesehatan,hoaxid_hf,
hf-13706,salah pernyataan ketua satgas covid terkait hirup uap air panas membunuh virus corona,0,kesehatan,hoaxid_hf,
hf-13713,salah tips kesehatan membuang batu empedu,0,kesehatan,hoaxid_hf,
hf-13725,salah setelah di vaksin maka kasus hiv dan kanker akan meledak,0,kesehatan,hoaxid_hf,
hf-13726,salah wabah flu spanyol penyebabnya bukan virus melainkan gejala pneumonia oleh bakteri akibat oleh karena adanya wajib masker,0,kesehatan,hoaxid_hf,
hf-13743,"salah terkuak, ternyata jemaah haji indonesia ditolak bukan karena covid 19",0,kesehatan,hoaxid_hf,
hf-13746,salah jambu kristal putih dapat menangkal covid-19,0,kesehatan,hoaxid_hf,
hf-13762,"salah covid-19 bukan virus, sumber : kementerian kesehatan italy",0,kesehatan,hoaxid_hf,
hf-13769,salah kondisi seorang remaja perempuan setelah vaksinasi covid-19,0,kesehatan,hoaxid_hf,
hf-13780,salah vietnam tanpa kasus kematian akibat covid-19 karena campuran teh panas dan lemon,0,kesehatan,hoaxid_hf,
hf-13784,salah kematian ustadz maaher akibat disuntik vaksin,0,kesehatan,hoaxid_hf,
hf-13785,salah dokter italia temukan penyebab covid-19 dari bakteri terpapar 5g,0,kesehatan,hoaxid_hf,
hf-13790,salah minum air hangat 4 kali sehari dapat menyembuhkan covid-19,0,kesehatan,hoaxid_hf,
hf-13798,salah vietnam tanpa kasus kematian covid-19 karena minum teh panas dicampur lemon,0,kesehatan,hoaxid_hf,
hf-13799,salah video tata cara hilangkan covid-19 saat isolasi mandiri di rumah,0,kesehatan,hoaxid_hf,
hf-13800,"salah setahun koma di rumah sakit, begitu siuman pria ini syok orang-orang tercinta meninggal karena covid",0,kesehatan,hoaxid_hf,
hf-13812,salah fenomena banjir darah di pekalongan,0,kesehatan,hoaxid_hf,
hf-13825,salah pekalongan dilanda banjir darah,0,kesehatan,hoaxid_hf,
hf-13829,salah yahya waloni menuai balasan dari ucapannya yang menantang covid-19 dan enggan menggunakan masker,0,kesehatan,hoaxid_hf,
hf-13830,salah obat klorin dioksida temuan prof dari richard claproth dapat menyembuhkan covid-19,0,kesehatan,hoaxid_hf,
hf-13832,salah video air rebusan belimbing wuluh dapat mencegah dan menyembuhkan covid-19,0,kesehatan,hoaxid_hf,
hf-13838,salah tanzania terbebas dari covid-19,0,kesehatan,hoaxid_hf,
hf-13842,salah ramuan penangkal covid-19 oleh kemenkes,0,kesehatan,hoaxid_hf,
hf-13847,salah air rebusan belimbing bisa cegah dan sembuhkan covid-19,0,kesehatan,hoaxid_hf,
hf-13852,salah menteri kesehatan thailand menangis saat mendapat vaksin covid-19,0,kesehatan,hoaxid_hf,
hf-13853,salah bantuan covid-19 untuk pemilik sim a dan sih oleh asuransi jasa raharja,0,kesehatan,hoaxid_hf,
hf-13858,salah satu2nya negara yang tidak ada covid19-nya tanzania. mereka enggak pernah adakan rapid test n pcr kepada penduduknya,0,kesehatan,hoaxid_hf,
hf-13862,salah pesan berantai paradox vaksin,0,kesehatan,hoaxid_hf,
hf-13863,"salah test ge nose c19, mudah n murah. rp 15 rb, 10 detik, akurasi 99,9. enggak harus swab, enggak harus diambil darah",0,kesehatan,hoaxid_hf,
hf-13872,salah dua kekasih tidak lepas berpelukan setelah berhubungan intim di jalan,0,kesehatan,hoaxid_hf,
hf-13874,salah gereja haramkan vaksin kok mui halalkan vaksin?,0,kesehatan,hoaxid_hf,
hf-13883,salah lianhua qingwen dapat digunakan sebagai obat covid-19,0,kesehatan,hoaxid_hf,
hf-13887,salah nomor palsu satgas covid-19 beredar di whatsapp,0,kesehatan,hoaxid_hf,
hf-13889,salah berkumur dengan air hangat dan air garam dapat menghilangkan virus corona,0,kesehatan,hoaxid_hf,
hf-13892,salah legenda bisbol as hank aaron meninggal dunia usai disuntik vaksin covid-19,0,kesehatan,hoaxid_hf,
hf-13893,salah minum air kelapa sebagai penangkal racun usai divaksin,0,kesehatan,hoaxid_hf,
hf-13895,salah kumham hapus sanksi pidana setelah anak buah megawati tolak vaksin,0,kesehatan,hoaxid_hf,
hf-13899,"salah karena disuntik vaksin, dokter di palembang meninggal",0,kesehatan,hoaxid_hf,
hf-13902,salah julio iglesias meninggal karena covid19,0,kesehatan,hoaxid_hf,
hf-13904,"salah kesan abdul somad saat divaksin: indak terasa sakit, tak sesakit ditinggal pas lagi sayang-sayangnya",0,kesehatan,hoaxid_hf,
hf-13905,salah foto anak korban vaksinasi covid,0,kesehatan,hoaxid_hf,
hf-13907,salah indonesia tidak dapat menggugat jika vaksin bermasalah,0,kesehatan,hoaxid_hf,
hf-13911,salah ketua bpom ditekan dan diancam untuk keluarkan vaksin sinovac,0,kesehatan,hoaxid_hf,
hf-13912,salah dokter di palembang meninggal dunia usai disuntik covid-19,0,kesehatan,hoaxid_hf,
hf-13918,salah vaksinasi presiden harus diulang dan hati-hati dengan vaksinasi,0,kesehatan,hoaxid_hf,
hf-13919,salah tangkapan layar video cnn memberitakan rakyat akan dibunuh oleh vaksin dari tiongkok,0,kesehatan,hoaxid_hf,
hf-13920,salah diagram chip 5g pada vaksin covid-19,0,kesehatan,hoaxid_hf,
hf-13922,salah obat covid-19 dexamethasone lebih murah dari harga vaksin covid-19,0,kesehatan,hoaxid_hf,
hf-13930,salah penjelasan erick thohir terkait chip covid-19 dalam vaksin dapat mengontrol manusia seumur hidup,0,kesehatan,hoaxid_hf,
hf-13931,"salah pernyataan idi terkait aspartame dalam minuman instan sebabkan kanker, diabetes, dan pengerasan sumsum tulang belakang",0,kesehatan,hoaxid_hf,
hf-13934,salah 5 cara untuk meningkatkan anti body dari regu pembasmi covid-19,0,kesehatan,hoaxid_hf,
hf-13937,salah video korban bergelimpangan setelah disuntik vaksin sinovac,0,kesehatan,hoaxid_hf,
hf-13942,salah video bill gates rapat dengan cia mengenai vaksin pada tahun 2005,0,kesehatan,hoaxid_hf,
hf-13943,salah video puluhan santri pingsan setelah vaksin covid-19 sinovac,0,kesehatan,hoaxid_hf,
hf-13944,salah singapura hentikan vaksinasi setelah 48 orang meninggal di negaranya,0,kesehatan,hoaxid_hf,
hf-13948,salah vaksin sinovac di indonesia dipasang chip,0,kesehatan,hoaxid_hf,
hf-13951,salah video setelah disuntik vaksin pingsan tak sadarkan diri,0,kesehatan,hoaxid_hf,
hf-13954,salah kasdim 0817 gresik mayor sugeng riyadi meninggal akibat disuntik vaksin,0,kesehatan,hoaxid_hf,
hf-13955,salah merokok bisa menghadang virus corona,0,kesehatan,hoaxid_hf,
hf-13957,salah vaksin covid-19 itu telah bermutasi menjadi ribuan covid-19 baru di seluruh dunia,0,kesehatan,hoaxid_hf,
hf-13958,salah pembagian masker gratis dicampur obat bius,0,kesehatan,hoaxid_hf,
hf-13961,salah video seorang pemuda pingsan setelah divaksin di ntb,0,kesehatan,hoaxid_hf,
hf-13964,"salah jokowi bukan disuntik vaksin, melainkan suntik vitamin",0,kesehatan,hoaxid_hf,
hf-13968,"salah jika sudah disuntik vaksin covid-19, tidak perlu mematuhi protokol kesehatan",0,kesehatan,hoaxid_hf,
hf-13972,"salah berita terbaru hari ini 48 orang te.was setelah di vaksin coro.na, agenda ja.hat re.zim terungkap!",0,kesehatan,hoaxid_hf,
hf-13975,salah kronologi syekh ali jabar wafat 2 jam sebelum beliau wafat tak disangka ternyata karena vaksin ini??,0,kesehatan,hoaxid_hf,
hf-13979,salah ketua fraksi pdip saja enggak mau di vaksin,0,kesehatan,hoaxid_hf,
hf-13987,salah presiden terpilih as joe bidden mundur karena alasan kesehatan,0,kesehatan,hoaxid_hf,
hf-13989,salah jokowi kejang dan meninggal dunia setelah disuntik vaksin,0,kesehatan,hoaxid_hf,
hf-13990,salah terapi uap panas dan minyak kayu putih dapat membunuh virus corona,0,kesehatan,hoaxid_hf,
hf-13993,salah pesan whatsapp undangan rakernas peningkatan kinerja tenaga kesehatan oleh dinkes dki,0,kesehatan,hoaxid_hf,
hf-13998,salah jokowi menggunakan vaksin buatan eropa,0,kesehatan,hoaxid_hf,
hf-14000,salah rakyat aceh menolak vaksin covid19 karena menurut para ulama aceh itu haram,0,kesehatan,hoaxid_hf,
hf-14002,salah obat covid-19 dari asap batok kelapa,0,kesehatan,hoaxid_hf,
hf-14006,salah dokter dan perawat di rs purwakarta tolak disuntik vaksin,0,kesehatan,hoaxid_hf,
hf-14007,salah kemasan vaksin sinovac enggak pakai ampulan didalam box vaksin sudah ada spuit khusus yang sudah ada vaksin nya,0,kesehatan,hoaxid_hf,
hf-14010,"salah video antri pemakaman covid-19 di tegal alur,jkt. hidup antri, mau dikuburpun antri.",0,kesehatan,hoaxid_hf,
hf-14011,salah hirup uap air panas dua kali sehari dapat menangkal covid-19,0,kesehatan,hoaxid_hf,
hf-14016,salah tiongkok dan luhut pandjaitan merencanakan pembunuhan massal terhadap pribumi dengan 40 ribu ton alat tes covid-19,0,kesehatan,hoaxid_hf,
hf-14017,salah 21 pasien mengalami efek samping setelah memakai vaksin moderna,0,kesehatan,hoaxid_hf,
hf-14018,salah setengah karyawan btc pangkalpinang positif covid-19,0,kesehatan,hoaxid_hf,
hf-14019,salah pesan berantai rekrutmen relawan untuk merawat pasien covid 19 di wisma atlet oleh dokter irna,0,kesehatan,hoaxid_hf,
hf-14030,salah foto kondisi katak setelah divaksin,0,kesehatan,hoaxid_hf,
hf-14033,salah video vaksin astrazeneca menggunakan mrc-5,0,kesehatan,hoaxid_hf,
hf-14034,salah covid-19 adalah tipuan terbesar yang pernah dilakukan dan hanya flu buruk lainnya,0,kesehatan,hoaxid_hf,
hf-14035,salah sakit mendadak oleh vaksin,0,kesehatan,hoaxid_hf,
hf-14043,salah hanya 13 ribu orang di britania raya yang terinfeksi covid-19 pada tahun 2020,0,kesehatan,hoaxid_hf,
hf-14046,salah penerima vaksin perdana meninggal dunia usai disuntik vaksin pfizer,0,kesehatan,hoaxid_hf,
hf-14048,salah ternyata vaksin yang akan di suntikan ke jokowi berbeda,0,kesehatan,hoaxid_hf,
hf-14052,salah inalilahi wainailaihi rojiun telah meninggal..hrs..di dalam sel karena kena covid,0,kesehatan,hoaxid_hf,
hf-14055,salah vaksin covid-19 dari china musnahkan penduduk pribumi,0,kesehatan,hoaxid_hf,
hf-14056,salah pinjaman dana bantuan covid-19 oleh bupati pasuruan irsyad yusuf,0,kesehatan,hoaxid_hf,
hf-14057,salah vaksin sinovac disebutkan memberi efek samping pembesaran alat kelamin,0,kesehatan,hoaxid_hf,
hf-14058,"salah fabiana souza, penerima perdana suntikan vaksin covid 19 meninggal dunia di rs.sao lucas porto alegre brazil selatan",0,kesehatan,hoaxid_hf,
hf-14060,salah hydro oxy mouth freshener spray dapat cegah dan sembuhkan virus covid-19,0,kesehatan,hoaxid_hf,
hf-14062,salah tulisan najwa shihab soal covid-19,0,kesehatan,hoaxid_hf,
hf-14066,"salah vaksin bermasalah dan mengerikan, disuntik bisa menjadi sakit dan sekarat",0,kesehatan,hoaxid_hf,
hf-14074,salah vaksin sinovac covid-19 yang akan di suntikkan kepada warga hanya untuk kelinci percobaan,0,kesehatan,hoaxid_hf,
hf-14079,salah raja thailand panggil ulama islam baca doa tolak bala covid 19,0,kesehatan,hoaxid_hf,
hf-14080,salah vaksin sinovac mengandung sel kera hijau afrika,0,kesehatan,hoaxid_hf,
hf-14082,salah tulisan dari. siti fadillah terkait pengobatan covid-19,0,kesehatan,hoaxid_hf,
hf-14085,salah artikel cnn seorang dokter merekomendasikan vaksin covid19 disuntikkan di alat kelamin pria,0,kesehatan,hoaxid_hf,
hf-14087,salah resep campuran teh hijau dan lemon untuk atasi covid-19,0,kesehatan,hoaxid_hf,
hf-14091,salah minum teh batang lada bisa sembuhkan covid-19,0,kesehatan,hoaxid_hf,
hf-14098,salah sambal bawang bisa cegah covid19,0,kesehatan,hoaxid_hf,
hf-14101,salah video ribuan jamaah tanpa masker sambut kedatangan ustadz abdul somad di tengah pandemi covid-19,0,kesehatan,hoaxid_hf,
hf-14102,salah bill gates mengatakan dia tidak akan divaksinasi dan ceo pfizer juga menunda menerima vaksin covid-19,0,kesehatan,hoaxid_hf,
hf-14103,salah minum teh dengan batang lada dapat sembuhkan covid-19,0,kesehatan,hoaxid_hf,
hf-14114,salah kesimpulan rob oswald: covid 19 adalah khayalan dan fiktif,0,kesehatan,hoaxid_hf,
hf-14115,salah who menyatakan bahwa vaksin sinovac adalah vaksin yang paling lemah,0,kesehatan,hoaxid_hf,
hf-14116,salah istora senayan dijadikan tempat penampungan pasien covid-19,0,kesehatan,hoaxid_hf,
hf-14133,salah bill gates dan ceo pfizer menolak disuntik vaksin covid-19,0,kesehatan,hoaxid_hf,
hf-14135,salah video keadaan rs covid wisma atlet,0,kesehatan,hoaxid_hf,
hf-14137,salah video petugas medis pakai jarum palsu saat vaksinasi,0,kesehatan,hoaxid_hf,
hf-14150,salah tiga wanita bintang iklan jamu covid-19,0,kesehatan,hoaxid_hf,
hf-14151,salah tunggakan bpjs kesehatan lunas hanya dengan bayar 6 bulan,0,kesehatan,hoaxid_hf,
hf-14161,salah bupati bojonegoro dari. hj. anna muawanah terpapar covid-19,0,kesehatan,hoaxid_hf,
hf-14167,salah jokowi hari ini tolak di suntik vaksin covid-19 duluan,0,kesehatan,hoaxid_hf,
hf-14172,salah rekrutmen kerja staf lab vaksin oleh rsu mulia hati,0,kesehatan,hoaxid_hf,
hf-14176,salah rumah sakit di lockdown karena pasien vaksin covid pertama mulai makan pasien lain,0,kesehatan,hoaxid_hf,
hf-14181,salah vaksin covid-19 buatan pfizer berbentuk vape,0,kesehatan,hoaxid_hf,
hf-14187,salah syarat vaksin gratis jokowi: bpjs kesehatan anda harus aktif,0,kesehatan,hoaxid_hf,
hf-14189,salah relawan alami gangguan saraf setelah disuntik vaksin sinovac,0,kesehatan,hoaxid_hf,
hf-14195,salah paus fransiskus mengatakan vaksin covid sekarang akan diperlukan untuk masuk surga,0,kesehatan,hoaxid_hf,
hf-14196,salah video jarum suntik menghilang saat proses vaksinasi covid-19,0,kesehatan,hoaxid_hf,
hf-14199,salah video perawat meninggal dunia usai disuntik vaksin covid-19,0,kesehatan,hoaxid_hf,
hf-14202,salah jokowi akan menggunakan vaksin pfizer dan vaksin sinovac untuk masyarakat,0,kesehatan,hoaxid_hf,
hf-14208,salah foto polisi dengan luka bacok,0,kesehatan,hoaxid_hf,
hf-14210,"salah video perawat pingsan setelah mendapat vaksin covid-19, potensi genosida massal",0,kesehatan,hoaxid_hf,
hf-14216,salah vaksin yang disimpan -80 derajat bukanlah vaksin melainkan agen transfeksi yang dapat memanipulasi genetika manusia,0,kesehatan,hoaxid_hf,
hf-14218,salah singapura membuka vaccine tourism dan melakukan vaksinasi di bandara changi,0,kesehatan,hoaxid_hf,
hf-14228,salah foto 4 orang alami kelumpuhan wajah setelah disuntik vaksin corona,0,kesehatan,hoaxid_hf,
hf-14233,salah kota manado zona hitam covid-19,0,kesehatan,hoaxid_hf,
hf-14234,salah kandungan formaldehida pada vaksin menyebabkan leukimia pada anak,0,kesehatan,hoaxid_hf,
hf-14244,salah idi tolak yang pertama dapat vaksin sinovac china,0,kesehatan,hoaxid_hf,
hf-14245,salah 44 orang tenaga kesehatan positif covid di rs tipe b parepare,0,kesehatan,hoaxid_hf,
hf-14247,salah singapura lakukan vaksinasi covid-19 di bandara changi,0,kesehatan,hoaxid_hf,
hf-14248,salah idi tolak vaksinasi covid-19,0,kesehatan,hoaxid_hf,
hf-14257,salah pesan berantai larangan ke kota malang akibat covid-19,0,kesehatan,hoaxid_hf,
hf-14259,salah video konvoi kemenangan plat ada tidak patuhi protokol kesehatan,0,kesehatan,hoaxid_hf,
hf-14265,"salah konsumsi campuran air kelapa, jeruk nipis, garam dan madu dapat menyembuhkan covid-19",0,kesehatan,hoaxid_hf,
hf-14266,salah satu rt di ciracas terkena covid-19,0,kesehatan,hoaxid_hf,
hf-14270,salah pendaftaran relawan covid-19 di wisma atlet,0,kesehatan,hoaxid_hf,
hf-14280,salah ketua tim peneliti pfizer: vaksin covid-19 dapat menyebabkan kemandulan bagi perempuan,0,kesehatan,hoaxid_hf,
hf-14281,salah telapak kaki relawan melepuh efek samping suntik vaksin covid-19,0,kesehatan,hoaxid_hf,
hf-14284,"salah covid-19 merupakan buatan manusia sebagai senjata biologis dari carolina utara, amerika serikat dan pasien nol bernama maatje benassi",0,kesehatan,hoaxid_hf,
hf-14292,salah jangan datang ke jalan melong cikawao karena satu rt positif covid-19,0,kesehatan,hoaxid_hf,
hf-14297,salah kpk lakukan ott seorang dokter gigi di surabaya berkaitan dengan pilkada 2020,0,kesehatan,hoaxid_hf,
hf-14303,salah minum minyak kayu putih melancarkan napas pasien covid-19,0,kesehatan,hoaxid_hf,
hf-14333,salah minum minyak kayu putih dapat menyembuhkan covid-19,0,kesehatan,hoaxid_hf,
hf-14335,salah china sembuh dari covid-19 tanpa vaksin,0,kesehatan,hoaxid_hf,
hf-14344,"salah foto enam jenazah anggota fpi yang ditembak polisi, berlumuran darah, wajah penuh luka lebam",0,kesehatan,hoaxid_hf,
hf-14348,salah gratis langganan netflix selama satu tahun karena pandemi covid-19,0,kesehatan,hoaxid_hf,
hf-14353,salah kopi bisa cegah dan sembuhkan covid-19,0,kesehatan,hoaxid_hf,
hf-14358,salah baru sehari mentrinya jadi tsk bantuan covid.19 yang ditilep. hari ini kantor kemensos terbakar,0,kesehatan,hoaxid_hf,
hf-14366,"salah yang punya kartu bpjs (kis) kesehatan akan diberikan bantuan uang tunai sebesar 2,4 juta",0,kesehatan,hoaxid_hf,
hf-14379,"salah foto keadaan rumah sakit yang sepi dari pasien covid-19 di nevada, amerika serikat",0,kesehatan,hoaxid_hf,
hf-14388,salah kandungan alumunium pada vaksin berbahaya bagi otak,0,kesehatan,hoaxid_hf,
hf-14423,salah korea selatan kelabakan lihat warganya meninggal satu persatu usai disuntik vaksin,0,kesehatan,hoaxid_hf,
hf-14424,salah pesan berantai donor darah gratis oleh blood for life (bfl) indonesia,0,kesehatan,hoaxid_hf,
hf-14427,salah vaksin covid-19 berbasis mrna dapat mengubah dna manusia,0,kesehatan,hoaxid_hf,
hf-14437,"salah kebijakan ticketmaster, wajibkan vaksin covid-19 sebelum menghadiri konser",0,kesehatan,hoaxid_hf,
hf-14438,"salah minum air panas, susu panas, teh panas dan menghirup uapnya dapat membunuh virus corona",0,kesehatan,hoaxid_hf,
hf-14439,salah video keramaian stasiun kereta api di india selama pandemi covid-19,0,kesehatan,hoaxid_hf,
hf-14443,salah joe biden mengangkat orang india sebagai penasehat politik,0,kesehatan,hoaxid_hf,
hf-14445,salah covid-19 adalah akronim dari certification of vaccination identification 2019 dan penanaman barcode implan di wuhan pada tahun 2019,0,kesehatan,hoaxid_hf,
hf-14449,salah video pesan terakhir bupati situbondo sebelum meninggal akibat covid-19,0,kesehatan,hoaxid_hf,
hf-14451,salah rebusan daun pepaya muda hingga daun belimbing bisa sembuhkan tumor dalam 24 jam,0,kesehatan,hoaxid_hf,
hf-14453,salah penyebab flu spanyol adalah bakteri dari vaksin meningitis,0,kesehatan,hoaxid_hf,
hf-14456,salah air rebusan bawang putih dapat menyembuhkan covid-19,0,kesehatan,hoaxid_hf,
hf-14458,salah foto viral! beredar foto anies jenguk rizieq yang positif covid-19,0,kesehatan,hoaxid_hf,
hf-14459,salah test swab covid-19 dapat menyebabkan lapisan otak pecah dan pendarahan hingga kematian dan pernah terjadi di kanada,0,kesehatan,hoaxid_hf,
hf-14466,salah corona adalah kedok dari penyakit radiasi,0,kesehatan,hoaxid_hf,
hf-14481,"salah akibat suntik vaksin dari cina , masyarakat zimbabwe terkena penyakit kulit ber air.",0,kesehatan,hoaxid_hf,
hf-14482,salah tempurung kelapa dapat mengobati sakit gigi berlubang,0,kesehatan,hoaxid_hf,
hf-14493,salah foto suasana vaksinasi covid-19 di peru,0,kesehatan,hoaxid_hf,
hf-14498,salah tempurung kelapa bisa sembuhkan gigi berlubang,0,kesehatan,hoaxid_hf,
hf-14499,salah radiasi layar handphone bisa sebabkan mata berdarah,0,kesehatan,hoaxid_hf,
hf-14505,salah pepaya dan kambing di tanzania positif covid-19,0,kesehatan,hoaxid_hf,
hf-14513,salah covid-19 bisa sembuh hanya pakai obat kumur,0,kesehatan,hoaxid_hf,
hf-14514,salah stroke bisa muncul saat membasahi kepala di awal mandi,0,kesehatan,hoaxid_hf,
hf-14518,salah video pemusik dan penyanyi dunia dari berbagai agama menyanyikan asmaul husna di selandia baru untuk memohon berhentinya wabah covid-19,0,kesehatan,hoaxid_hf,
hf-14551,"salah di tanya soal virus corona korlap fpi: hanya imam besar kami yang punya penangkal virus corona, karena imam besar kami cucu nabi",0,kesehatan,hoaxid_hf,
hf-14563,salah luhut positif covid-19 dan dilarikan ke rs militer,0,kesehatan,hoaxid_hf,
hf-14570,salah 48 orang di korea selatan meninggal setelah disuntik vaksin covid-19,0,kesehatan,hoaxid_hf,
hf-14576,salah kisah dokter yang kekasihnya positif covid-19 di italia,0,kesehatan,hoaxid_hf,
hf-14619,salah video penangkapan ketua aliansi dokter sedunia penyebar hoaks covid-19,0,kesehatan,hoaxid_hf,
hf-14622,salah bpom halangi vaksin yang akan diberikan,0,kesehatan,hoaxid_hf,
hf-14629,salah petinggi who terpapar covid-19,0,kesehatan,hoaxid_hf,
hf-14633,salah pemerintah berikan bantuan internet gratis selama pandemi covid-19,0,kesehatan,hoaxid_hf,
hf-14640,salah pertolongan pertama pada stroke dengan tusuk jari,0,kesehatan,hoaxid_hf,
hf-14654,salah ternyata sudah 10 hari pendemo tidak ada yang kena covid 19,0,kesehatan,hoaxid_hf,
hf-14657,salah memakai masker menyebabkan kanker,0,kesehatan,hoaxid_hf,
hf-14684,salah presiden jokowi menjadi dokter,0,kesehatan,hoaxid_hf,
hf-14686,salah pesan pembuatan grup whatsapp tentang virus covid-19 oleh sekjen kemenkes,0,kesehatan,hoaxid_hf,
hf-14696,salah kawasan johor baru malaysia terdampak ekonomi pandemi covid-19,0,kesehatan,hoaxid_hf,
hf-14705,salah pandemi telah berakhir dan covid-19 adalah flu biasa,0,kesehatan,hoaxid_hf,
hf-14721,salah pendataan imunisasi covid-19 untuk tenaga medis dan non medis oleh dinas kesehatan provinsi dki jakarta,0,kesehatan,hoaxid_hf,
hf-14725,salah daun sisik naga dapat menyembuhkan kanker payudara,0,kesehatan,hoaxid_hf,
hf-14750,salah jenazah pasien covid-19 dikubur masih pakai daster dan tidak sesuai syariat fardhu kifayah islam,0,kesehatan,hoaxid_hf,
hf-14764,salah vaksin covid-19 dapat mengubah dna manusia,0,kesehatan,hoaxid_hf,
hf-14765,"salah mana mau media memberita kan polisi yang terluka, mereka beritakan kalau ada perusuh yang terluka",0,kesehatan,hoaxid_hf,
hf-14772,salah presiden donald trump meninggal dunia karena covid-19,0,kesehatan,hoaxid_hf,
hf-14781,salah pesawat darurat bencana diluncurkan karena donald trump positif covid-19,0,kesehatan,hoaxid_hf,
hf-14783,salah hydroxychloroquine sebagai obat malaria di uganda,0,kesehatan,hoaxid_hf,
hf-14790,"salah donald trump: darahku adalah vaksinnya!!!,",0,kesehatan,hoaxid_hf,
hf-14794,salah mui larang penggunaan vaksin covid-19 yang didatangkan dari tiongkok,0,kesehatan,hoaxid_hf,
hf-14807,"salah dzolim banget polisi ini, demonstran terluka dirawat di rs tapi pakai cara interogasi penyiksaan",0,kesehatan,hoaxid_hf,
hf-14808,salah harga vaksin di indonesia 1000 lebih mahal daripada di brazil,0,kesehatan,hoaxid_hf,
hf-14810,salah covid-19 tidak membuat orang meninggal dunia,0,kesehatan,hoaxid_hf,
hf-14825,salah foto dokter menyatakan covid-19 disebarkan melalui vaksin,0,kesehatan,hoaxid_hf,
hf-14837,salah selembaran berisi informasi daun teh tiek kwan im mengandung obat bius,0,kesehatan,hoaxid_hf,
hf-14839,salah pengumuman beasiswa covid-19 rp4 juta dari stmik royal kisaran melalui sms,0,kesehatan,hoaxid_hf,
hf-14842,salah biden terpapar covid-19 dan batuk terus-menerus saat kampanye,0,kesehatan,hoaxid_hf,
hf-14847,salah anies baswedan terpapar covid-19 dan dilarikan ke rs royal sunter,0,kesehatan,hoaxid_hf,
hf-14850,salah tim kampanye donald trump galang dana untuk kesembuhan trump,0,kesehatan,hoaxid_hf,
hf-14866,"salah mereka yang turun ke jalanan hari ini jika besok mereka masih hidup dan sehat, artinya perihal corona hanya politik bisnis semata",0,kesehatan,hoaxid_hf,
hf-14873,salah menghirup uap panci presto dapat mengobati covid-19,0,kesehatan,hoaxid_hf,
hf-14888,"salah emil saat diambil darah untuk uji vaksin china, tutup jarumnya belum di buka",0,kesehatan,hoaxid_hf,
hf-14910,salah cina mentargetkan 100 juta penduduk indonesia mati melalui vaksin cina,0,kesehatan,hoaxid_hf,
hf-14912,salah menghilangkan virus adalah mengkonsumsi lebih banyak makanan dan minuman alkali diatas tingkat keasaman virus,0,kesehatan,hoaxid_hf,
hf-14921,salahpeserta bpjs kesehatan gratis diblokir karena punya motor lebih dari satu.,0,kesehatan,hoaxid_hf,
hf-14923,salah tepung terigu bisa obati luka bakar,0,kesehatan,hoaxid_hf,
hf-14929,salah dua orang pria meninggal dunia akibat kekerasan polisi saat aksi protes anti-vaksin dan anti-masker di london,0,kesehatan,hoaxid_hf,
hf-14930,salah pembuatan group whatsapp info wilayah penularan covid-19’ dan pembagian vaksin,0,kesehatan,hoaxid_hf,
hf-14932,salah artikel detik.com trans studio bandung tutup mulai hari ini untuk cegah penyebaran virus corona di bandung,0,kesehatan,hoaxid_hf,
hf-14933,salah arief puyouno: saya yakin dana penanggulangan covid-19 di dki banyak penyimpangan karena gabenernya adalah kaki tangan kadrun gila,0,kesehatan,hoaxid_hf,
hf-14963,"salah santri yang hidupnya di pondok dicurigai terpapar covid-19, yang keluyuran di mall dibiarkan saja",0,kesehatan,hoaxid_hf,
hf-14970,salah sultan hb kali sebut positif-negatif covid-19 sama saja karena semua orang pasti meninggal,0,kesehatan,hoaxid_hf,
hf-14986,salah akun facebook bupati bekasi meminta sumbangan dana covid-19,0,kesehatan,hoaxid_hf,
hf-14989,salah kunyah daun sirih untuk mengatasi covid-19,0,kesehatan,hoaxid_hf,
hf-14991,salah daun mimba dapat menyembuhkan covid-19,0,kesehatan,hoaxid_hf,
hf-14997,salah foto anies baswedan dinobatkan menjadi gubernur terbaik dunia,0,kesehatan,hoaxid_hf,
hf-15001,salah razia masker non medis dengan denda rp30 ribu di bundaran sampai 5 malang,0,kesehatan,hoaxid_hf,
hf-15009,salah minum kopi 3 kali sehari untuk menangkal covid-19,0,kesehatan,hoaxid_hf,
hf-15018,salah tutorial mendapat kuota gratis 20gb dari program covid-19,0,kesehatan,hoaxid_hf,
hf-15026,"salah ketika di vaksin, microchip yang sangat kecil dipasang tanpa terasa, new dajjal siap membunuh 7.5 milyard manusia",0,kesehatan,hoaxid_hf,
hf-15031,salah 200 mayat korban covid-19 sekali kubur di italia,0,kesehatan,hoaxid_hf,
hf-15034,salah foto peta persebaran covid-19 di jakarta berwarna merah dan hitam,0,kesehatan,hoaxid_hf,
hf-15035,salah sejumlah negara membeli produk alat test covid-19 pada tahun 2017-2018,0,kesehatan,hoaxid_hf,
hf-15037,"salah ini ada ratusan nyawa dokter yang sudah menjadi korban, pak menkes bilang jangan dibesar-besarkan",0,kesehatan,hoaxid_hf,
hf-15050,"salah selama covid19 ada, tidak ada orang gila yang kena covid19",0,kesehatan,hoaxid_hf,
hf-15056,salah video teknik menahan napas untuk deteksi covid-19,0,kesehatan,hoaxid_hf,
hf-15078,salah foto gubernur anies memegang piagam bertuliskan penghargaan provinsi jumlah covid 19 tertinggi,0,kesehatan,hoaxid_hf,
hf-15079,salah makan buah saat perut kosong sembuhkan kanker,0,kesehatan,hoaxid_hf,
hf-15109,salah beredarnya obat progesterex untuk mensterilkan perempuan,0,kesehatan,hoaxid_hf,
hf-15111,salah covid-19 singkatan dari certificate of vaccination identification with artificial intelligence,0,kesehatan,hoaxid_hf,
hf-15116,salah pesan berantai salah satu cara untuk menangkis virus covid-19 dengan air garam dan air hangat,0,kesehatan,hoaxid_hf,
hf-15118,"salah campuran air kelapa muda, jeruk nipis, dan garam dapat mematikan virus corona",0,kesehatan,hoaxid_hf,
hf-15120,salah air rebusan pepaya muda bisa sembuhkan kanker kelenjar getah bening,0,kesehatan,hoaxid_hf,
hf-15121,salah getah daun kemangi obat gatal-gatal,0,kesehatan,hoaxid_hf,
hf-15135,samsung ingin membantu siswa yang membutuhkan ponsel untuk belajar karena pandemi covid19,0,kesehatan,hoaxid_hf,
hf-15137,salah perdana menteri jepang mundur karena terkait virus corona,0,kesehatan,hoaxid_hf,
hf-15141,salah film asal korea prediksi covid-19,0,kesehatan,hoaxid_hf,
hf-15156,salah ivermectin obat covid-19,0,kesehatan,hoaxid_hf,
hf-15160,salah peta sebaran covid-19 wilayah situbondo,0,kesehatan,hoaxid_hf,
hf-15164,salah semua pasien positif covid-19 di padang dinyatakan sembuh,0,kesehatan,hoaxid_hf,
hf-15166,salah azan dapat melemahkan virus corona,0,kesehatan,hoaxid_hf,
hf-15167,salah rsud waluyo jati ditutup karena semua petugas diisolasi akibat covid-19,0,kesehatan,hoaxid_hf,
hf-15170,salah foto italia telah gagal sepenuhnya covid-19,0,kesehatan,hoaxid_hf,
hf-15172,salah korban virus corona,0,kesehatan,hoaxid_hf,
hf-15174,salah video obat covid-19 telah ditemukan dan siap disebarkan ke seluruh indonesia,0,kesehatan,hoaxid_hf,
hf-15176,salah pasien postif virus corona di sungai rangit dijemput paksa kepolisian dan tim medis,0,kesehatan,hoaxid_hf,
hf-15177,salah hotman paris berencana undang bts dan exo setelah virus corona teratasi,0,kesehatan,hoaxid_hf,
hf-15182,salah literasi covid-19 dari drh. moh. indro cahyono,0,kesehatan,hoaxid_hf,
hf-15183,salah dokter italia sengaja membunuh pasien virus corona,0,kesehatan,hoaxid_hf,
hf-15184,salah pasien berstatus positif covid-19 di wilayah tiban melarikan diri,0,kesehatan,hoaxid_hf,
hf-15185,salah bansos psbb covid-19 dari pemda dki jakarta paket sembako senilai 350rb uang tunai 150rb 500rb rupiah,0,kesehatan,hoaxid_hf,
hf-15188,salah kumpulan mobil di pool grab cinere karena sopir tidak sanggup bayar kredit saat covid-19,0,kesehatan,hoaxid_hf,
hf-15190,salah tidak ada sama sekali ucapan bela sungkawa presiden kepada dari dan team medis yang berguguran dimedan covid-19,0,kesehatan,hoaxid_hf,
hf-15197,salah jakarta menjadi daerah paling banyak terinfeksi virus covid-19 karena salah pilih gubernur,0,kesehatan,hoaxid_hf,
hf-15200,salah ternyata virus corona dapat diobati dengan cara berendam di air laut,0,kesehatan,hoaxid_hf,
hf-15202,salah pelabuhan merak-bakauheni tutup pasca persebaran virus corona,0,kesehatan,hoaxid_hf,
hf-15203,salah universitas brawijaya kembalikan uang kuliah akibat persebaran virus corona,0,kesehatan,hoaxid_hf,
hf-15204,salah salah satu solusi untuk virus ini adalah secangkir teh sederhana,0,kesehatan,hoaxid_hf,
hf-15205,salah foto italia. tidak ada lagi ruang yang tersedia di rumah sakit. coronaviruslockdown,0,kesehatan,hoaxid_hf,
hf-15206,salah kanika kapoor tularkan virus corona ke pangeran charles,0,kesehatan,hoaxid_hf,
hf-15207,salah dampak virus covid-19 hubungan suami istri jadi terancam,0,kesehatan,hoaxid_hf,
hf-15208,salah daftar zona merah daerah terjangkit virus corona oleh tni,0,kesehatan,hoaxid_hf,
hf-15211,salah hanya cicilan nasabah yang positif covid-19 yang dapat ditangguhkan,0,kesehatan,hoaxid_hf,
hf-15212,salah kuburan massal buat korban viruscorona di italia,0,kesehatan,hoaxid_hf,
hf-15215,salah peta zona merah virus corona wilayah purwokerto,0,kesehatan,hoaxid_hf,
hf-15216,salah warga dihimbau tak melintas di depan toko spectra dikarenakan adanya odp akibat virus corona,0,kesehatan,hoaxid_hf,
hf-15218,salah ratusan warga china yang menetap di indonesia menuju singapura karena virus corona,0,kesehatan,hoaxid_hf,
hf-15219,salah tulisan to:front pembela islam di foto paket bantuan covid-19 tiongkok,0,kesehatan,hoaxid_hf,
hf-15220,salah minuman beralkohol bisa mengurangi risiko infeksi dari novel coronavirus; covid-19,0,kesehatan,hoaxid_hf,
hf-15222,salah arahan gubernur dki terkait himbauan covid-19,0,kesehatan,hoaxid_hf,
hf-15223,salah info terkini : kudus sudah ada 2 orang pasien virus corona,0,kesehatan,hoaxid_hf,
hf-15224,salah bentuk virus corona setelah diperbesar 2600x,0,kesehatan,hoaxid_hf,
hf-15227,"salah jokowi: sengaja saya bedakan mudik pulang kampung, untuk mengelabui virus corona",0,kesehatan,hoaxid_hf,
hf-15228,salah video nasehat dari alm. erma yunita simamora yang meninggal pada tanggal. 20-04-2020 di rs ar bunda lbk linggau,0,kesehatan,hoaxid_hf,
hf-15229,salah beberapa negara membuang jenazah pasien covid-19 ke laut,0,kesehatan,hoaxid_hf,
hf-15231,salah daniel radcliffe positiv terinfeksi corona covid-19,0,kesehatan,hoaxid_hf,
hf-15233,salah narasi pesan himbauan pencegahan virus corona mengatasnamakan unicef,0,kesehatan,hoaxid_hf,
hf-15236,salah bantuan covid-19 oleh bri melalui briva,0,kesehatan,hoaxid_hf,
hf-15237,"salah akibat pandemi covid-19, keluarga beberapa hari tidak makan",0,kesehatan,hoaxid_hf,
hf-15242,salah foto ka’bah sepi dari yang thawaf karena virus corona,0,kesehatan,hoaxid_hf,
hf-15244,"salah salah satu warga bekasi ada yang positif terkena virus corona, meninggal dunia",0,kesehatan,hoaxid_hf,
hf-15245,salah elisa granato kelinci percobaan vaksin kopit di inggris meninggal 2 hari setelah divaksin,0,kesehatan,hoaxid_hf,
hf-15247,salah pesan berantai whatsapp tiga warga yogyakarta terjangkit virus corona,0,kesehatan,hoaxid_hf,
hf-15248,salah paus fransiskus dan dua pembantunya dinyatakan positif mengidap coronavirus,0,kesehatan,hoaxid_hf,
hf-15252,"salah dijemput oleh tim medis, kakak beradik usia 8 dan 4 tahun di tangerang terjangkit covid-19 akibat main di luar rumah",0,kesehatan,hoaxid_hf,
hf-15253,"salah serangan virus corona belum berakhir, kini negeri china dirundung serangan tentara baru dalam bentuk nyamuk jumbo dan burung gagak",0,kesehatan,hoaxid_hf,
hf-15254,"salah setelah cina di landa virus corona,allah beri hadiah kepada umat muslim di cina yaitu terbukanya mesjid2 seluruh daratan cina",0,kesehatan,hoaxid_hf,
hf-15258,salah di bekasi sudah ada terduga pasien virus corona,0,kesehatan,hoaxid_hf,
hf-15260,salah solat jum’at di balik virus corona,0,kesehatan,hoaxid_hf,
hf-15267,salah virus corona sudah sampai di apartemen taman anggrek,0,kesehatan,hoaxid_hf,
hf-15268,salah 7 penumpang lion air yang berasal dari china di manado terinfeksi virus corona,0,kesehatan,hoaxid_hf,
hf-15269,salah video akibat virus corona babi di kubur hidup-hidup,0,kesehatan,hoaxid_hf,
hf-15272,salah akun palsu bupati pasuruan meminta penggalangan dana covid-19,0,kesehatan,hoaxid_hf,
hf-15273,salah rumah sakit kanusojo balikpapan telah menerima pasien positif virus corona,0,kesehatan,hoaxid_hf,
hf-15274,salah virus corona masuk makanan kalengan cina,0,kesehatan,hoaxid_hf,
hf-15276,"salah hati-hati untuk wilayah tanjung enim, muara enim dan sekitarnya. virus corona sudah masuk!",0,kesehatan,hoaxid_hf,
hf-15280,salah dettol antiseptik disebut dapat membunuh virus corona,0,kesehatan,hoaxid_hf,
hf-15281,salah video 5 pasien suspect infeksi virus corona’ 1 meninggal dunia di rsu dari kariadi semarang-indonesia,0,kesehatan,hoaxid_hf,
hf-15282,"salah golden swalayan jadi klaster baru covid-19, warga wajib lapor rt jika ingin berkunjung",0,kesehatan,hoaxid_hf,
hf-15284,"salah bukannya memotong gajinya untuk mereka para tim medis, malah memotong tunjangan para tim medis.",0,kesehatan,hoaxid_hf,
hf-15286,salah video explore pasar wuhan virus corona diduga bermunculan,0,kesehatan,hoaxid_hf,
hf-15289,salah vaksin covid sebabkan mandul,0,kesehatan,hoaxid_hf,
hf-15290,salah dokumen who tidak menganjurkan untuk memakai masker selama pandemi covid-19,0,kesehatan,hoaxid_hf,
hf-15294,salah corona virus sudah ada di rs. bhayangkara indramayu,0,kesehatan,hoaxid_hf,
hf-15301,"salah diduga terinfeksi virus corona, seorang warga di depok diisolasi",0,kesehatan,hoaxid_hf,
hf-15302,salah ada 3 orang tka china pt iwip yang meninggal dunia akibat virus corona,0,kesehatan,hoaxid_hf,
hf-15303,salah jokowi: virus corona minum bodrex 5 menit langsung sembuh,0,kesehatan,hoaxid_hf,
hf-15307,salah foto virus corona sudah sampai terminal 3 internasional bandara soekarno-hatta,0,kesehatan,hoaxid_hf,
hf-15308,salah di makassar dirawat 1 pasien suspect corona virus,0,kesehatan,hoaxid_hf,
hf-15309,salah dua perawat di rs sardjito terjangkit virus corona,0,kesehatan,hoaxid_hf,
hf-15312,salah sekeluarga terinfeksi covid-19 setelah menghadiri acara ulang tahun,0,kesehatan,hoaxid_hf,
hf-15317,"salah gereja semakin sepi yang tinggal cuma pakaian, orang nya sudah bertobat masuk islam",0,kesehatan,hoaxid_hf,
hf-15318,salah video penjelasan ahli virus bahwa corona tidak membunuh,0,kesehatan,hoaxid_hf,
hf-15319,salah pegawai pusat perbelanjaan luwes gading dijemput petugas medis,0,kesehatan,hoaxid_hf,
hf-15334,salah korlap fpi sebut imam besar kami punya penangkal virus corona,0,kesehatan,hoaxid_hf,
hf-15345,salah pemerintah takkan umumkan lagi kasus positif covid-19,0,kesehatan,hoaxid_hf,
hf-15354,salah mengonsumsi telur rebus saat tengah malam dapat menangkal covid-19,0,kesehatan,hoaxid_hf,
hf-15365,salah putri vladimir putin meninggal setelah dosis kedua vaksin covid,0,kesehatan,hoaxid_hf,
hf-15378,salah tangkapan layar pengakuan relawan suntik vaksin covid-19 yang menyebut lupa punya hutang tapi plonga-plongo,0,kesehatan,hoaxid_hf,
hf-15387,salah pemakaian masker menyebabkan penyakit legionnaires,0,kesehatan,hoaxid_hf,
hf-15394,salah video kembang api olimpiade ditampilkan pada saat ini karena olimpiade tokyo ditunda karena covid-19,0,kesehatan,hoaxid_hf,
hf-15398,salah video rusia jadi pemenang pembuatan vaksin c19,0,kesehatan,hoaxid_hf,
hf-15403,"salah air kelapa muda, jeruk nipis, dan garam obat covid-19",0,kesehatan,hoaxid_hf,
hf-15408,"salah foto putri presiden rusia vladimir putin, orang pertama yang sudah divaksin dengan vaksin tim kedokteran rusia",0,kesehatan,hoaxid_hf,
hf-15418,salah tenaga medis china didatangkan untuk membantu menangani covid-19 di indonesia,0,kesehatan,hoaxid_hf,
hf-15432,salah video animasi penyebaran virus corona,0,kesehatan,hoaxid_hf,
hf-15437,salah kanada sudah terbebas dari covid-19,0,kesehatan,hoaxid_hf,
hf-15443,salah pesan berantai kantor pusat pt kawan lama ditutup karena salah satu direksi meninggal dan 10 orang karyawan terpapar covid-19,0,kesehatan,hoaxid_hf,
hf-15456,salah setiap hari puskesmas di kelapa gading rujuk 10 pasien covid-19 ke wisma atlet,0,kesehatan,hoaxid_hf,
hf-15457,"salah foto 1 agustus 2020, jutaan warga jerman turun ke jalan menolak kemerdekaannya dirampas dengan dalih virus sepele.",0,kesehatan,hoaxid_hf,
hf-15459,salah pedagang di pasar mayestik meninggal karena covid-19,0,kesehatan,hoaxid_hf,
hf-15461,"salah 99, 9 tingkat kesembuhan covid dan vaksin dengan tingkat efek merugikan 80",0,kesehatan,hoaxid_hf,
hf-15464,"salah pesan berantai penelitian online mahasiswi ilmu psikologi kesehatan, fakultas kedokteran universitas brawijaya",0,kesehatan,hoaxid_hf,
hf-15466,salah himbauan dokter bernard mahfoudz,0,kesehatan,hoaxid_hf,
hf-15478,"salah virus ini punya obat hydroxychloroquine, zinc dan zithromax",0,kesehatan,hoaxid_hf,
hf-15484,salah foto presiden jokowi bersama pelawak di istana negara dikaitkan dengan covid-19,0,kesehatan,hoaxid_hf,
hf-15487,salah klaim hadi pranoto soal covid-19,0,kesehatan,hoaxid_hf,
hf-15500,salah tangkapan layar berita rk ajak abu janda jadi relawan uji vaksin covid-19 buatan china,0,kesehatan,hoaxid_hf,
hf-15501,salah jus jahe dan lada hitam mampu sembuhkan covid-19,0,kesehatan,hoaxid_hf,
hf-15513,"salah nih yang bikin covid, sih jagoan wall street (rockefeller foundation)",0,kesehatan,hoaxid_hf,
hf-15514,salah transmart ditutup selama 10 hari karena belasan orang terpapar covid-19,0,kesehatan,hoaxid_hf,
hf-15516,"salah foto penipuan para medis, termasuk alat tes suhu di kening, itu alat sinar leser tes suhu kabel demi proyek covit",0,kesehatan,hoaxid_hf,
hf-15517,salah china lakukan uji coba vaksin di indonesia karena kekurangan monyet,0,kesehatan,hoaxid_hf,
hf-15522,salah gambar pengujian vaksin covid-19 telah sukses,0,kesehatan,hoaxid_hf,
hf-15527,salah jokowi mendapat silver button karena mencapai 100.000 kasus covid,0,kesehatan,hoaxid_hf,
hf-15528,salah foto tenaga medis merangkai kata bacot!’,0,kesehatan,hoaxid_hf,
hf-15532,"salah kasad klarifikasi, anggota tni di bandung ternyata rata-rata membantah positif kena covid 19",0,kesehatan,hoaxid_hf,
hf-15534,salah awas hati-hati apa yang disemprotkan fpi adalah virus corona,0,kesehatan,hoaxid_hf,
hf-15538,salah mayat positif covid 19 dikuburkan masih menggunakan daster (tidak sesuai dengan syariat fardhu kifayah islam),0,kesehatan,hoaxid_hf,
hf-15550,salah hindari citos banyak karyawannya terpapar covid19. area citos rawan,0,kesehatan,hoaxid_hf,
hf-15555,salah indonesia satu2nya negara didunia yang pemerintahnya bahagia merelakan rakyatnya jadi kelinci percobaan vaksin dari china,0,kesehatan,hoaxid_hf,
hf-15556,salah virus baru bernama sfts dari china,0,kesehatan,hoaxid_hf,
hf-15569,salah duo sipit yang satu sudah menjadi dewan penasehat densus.yang satunya hendak mau jadi dewan penasehat mabes polri,0,kesehatan,hoaxid_hf,
hf-15572,salah daftar perlengkapan medis di rumah untuk hadapi covid-19,0,kesehatan,hoaxid_hf,
hf-15580,salah foto terakhir dokter hadio berdiri di depan pagar temui anak sebelum meninggal karena covid-19,0,kesehatan,hoaxid_hf,
hf-15581,salah selamat datang tka china sebarkan virus corona tergagapcorona,0,kesehatan,hoaxid_hf,
hf-15590,"salah 71 pasien covid-19 klaster hajatan boyolali dijemput petugas, biaya dibebankan ke pemilik hajatan",0,kesehatan,hoaxid_hf,
hf-15596,salah kondisi jenazah korban covid-19 di rumah sakit osmania india,0,kesehatan,hoaxid_hf,
hf-15600,"salah takut dibunuh, ahli virus china kabur ke as: saya bersaksi covid-19 hasil persekongkolan jahat",0,kesehatan,hoaxid_hf,
hf-15618,salah covid-19 tidak murni sebabkan kematian,0,kesehatan,hoaxid_hf,
hf-15624,"salah foto barack obama, anthony fauci dan melinda gates mengunjungi pabrik coronavirus’ laboratorium cina wuhan tahun 2015",0,kesehatan,hoaxid_hf,
hf-15628,salah beberapa rsud di jakarta dan depok ditutup karena karyawan positif covid-19,0,kesehatan,hoaxid_hf,
hf-15640,salah pedagang di pasar segiri positif covid-19,0,kesehatan,hoaxid_hf,
hf-15642,salah nasi padang menjadi sumber penularan covid-19,0,kesehatan,hoaxid_hf,
hf-15651,salah video pembuangan jenazah-jenazah korban covid-19 di laut meksiko,0,kesehatan,hoaxid_hf,
hf-15659,salah video doa imam besar masjidil haram mekah assyeikh sudais terhadap musibah virus corona,0,kesehatan,hoaxid_hf,
hf-15663,"salah muncul virus baru di china selain corona, hantavirus",0,kesehatan,hoaxid_hf,
hf-15680,salah dirut rsui bersama 2 direktur rsui lainnya dan 10 staff rsui saat ini dirawat di rsui terkena covid,0,kesehatan,hoaxid_hf,
hf-15694,salah aktor javed haider menjual sayuran karena tidak ada pekerjaan akibat pandemi covid19,0,kesehatan,hoaxid_hf,
hf-15698,salah tenaga medis di sampang sengaja sebarkan corona dengan disuntik,0,kesehatan,hoaxid_hf,
hf-15703,"salah sehari setelah dilakukan rapid test covid-19 kepada para santri di kudus, 1.000 santri tak sadarkan diri",0,kesehatan,hoaxid_hf,
hf-15704,salah gambar tangkapan layar berita viva.co.id berjudul kementan produksi massal kalung antivirus corona bulan depan dengan foto headline kalung bertaring,0,kesehatan,hoaxid_hf,
hf-15712,salah larangan keluar rumah karena puncak penyebaran virus corona,0,kesehatan,hoaxid_hf,
hf-15718,salah desain helm covid-19 pada kompetisi nfl,0,kesehatan,hoaxid_hf,
hf-15728,salah video benarkah covid ada??,0,kesehatan,hoaxid_hf,
hf-15744,salah foto kondisi tenggorokan pasien positif covid-19,0,kesehatan,hoaxid_hf,
hf-15748,"search results for salah menurut laporan who, corona virus adalah yang paling banyak bertahan di lapisan kubis",0,kesehatan,hoaxid_hf,
hf-15751,salah video ini demo di amerika. saat ini di masa pandemik covidー19,0,kesehatan,hoaxid_hf,
hf-15753,salah pesta homo seksual di italia sebelum covid-19 mewabah,0,kesehatan,hoaxid_hf,
hf-15756,"salah petugas rapid test jarang mengganti sarung tangan, bisa tularkan covid-19 dari pasien sebelumnya",0,kesehatan,hoaxid_hf,
hf-15771,"salah tak perlu ikut rapid test, mencium bau cuka bisa deteksi seseorang terkena covid-19 atau tidak",0,kesehatan,hoaxid_hf,
hf-15773,"salah ruang perawatan covid di riau penuh, warga wajib di rumah selama dua minggu",0,kesehatan,hoaxid_hf,
hf-15777,salah seorang pasien kanker melemparkan uang di seluruh koridor rumah sakit,0,kesehatan,hoaxid_hf,
hf-15779,salah keasang pengarep mampu menangani virus corona di jakarta asal menjadi gubernur dki,0,kesehatan,hoaxid_hf,
hf-15781,salah heboh! pernyataan dokter indonesia soal covid,0,kesehatan,hoaxid_hf,
hf-15786,"salah peta kasus covid dki dki kembali zona merah, bogor zona hitam",0,kesehatan,hoaxid_hf,
hf-15790,salah gubernur jakarta anies baswedan mendapat penghargaan terbaik di seluruh dunia dalam penanganan covid-19,0,kesehatan,hoaxid_hf,
hf-15795,salah dokter rsal surabaya meninggal akibat covid-19,0,kesehatan,hoaxid_hf,
hf-15797,salah corona virus sudah viral di iqro,0,kesehatan,hoaxid_hf,
hf-15812,salah dokter gigi di surabaya stres telanjang di jalan karena suaminya dan anaknya mati kena covid,0,kesehatan,hoaxid_hf,
hf-15815,salah bupati luwu utara terbaring di rs karena terjatuh dari motornya waktu antar bansos covid-19,0,kesehatan,hoaxid_hf,
hf-15817,salah sakitnya apa di diagnosa nya covid,0,kesehatan,hoaxid_hf,
hf-15825,"salah insentif virus corona, pemerintah gratiskan akses internet",0,kesehatan,hoaxid_hf,
hf-15827,salah abu vulkanik dapat membunuh virus corona karena mengandung asam sulfat,0,kesehatan,hoaxid_hf,
hf-15828,salah servis mobil gratis suzuki peduli covid s.idsuzukipedulicovid,0,kesehatan,hoaxid_hf,
hf-15838,"salah bapak ibu meninggal karena covid-19, 5 bersaudara menunggu diadopsi",0,kesehatan,hoaxid_hf,
hf-15844,"salah di film kapten amerika, capten steve bangun pada masa modern dan kamu bisa lihat virus corona",0,kesehatan,hoaxid_hf,
hf-15853,salah video di balik covid-19corona ternyata isi nya sudah habis,0,kesehatan,hoaxid_hf,
hf-15855,salah corona virus adalah bohong. bukan dari virus tapi dari bakteri. semua ini diketahui oleh negara itali,0,kesehatan,hoaxid_hf,
hf-15870,salah pki nyamar jadi dokter,0,kesehatan,hoaxid_hf,
hf-15881,salah pasien covid-19 di cimahi kabur dari rumah sakit,0,kesehatan,hoaxid_hf,
hf-15901,salah campuran garam dan air hangat mampu hilangkan virus corona,0,kesehatan,hoaxid_hf,
hf-15902,salah warga puruk cahu murung raya desa mangkuhui positif covid-19 kabur,0,kesehatan,hoaxid_hf,
hf-15903,salah video kisah pilu dari italy ibu nya meninggal pasien covid-19,0,kesehatan,hoaxid_hf,
hf-15904,salah hari ini 2 kasir chandra karang dinyatakan positive covid 19,0,kesehatan,hoaxid_hf,
hf-15905,"salah di italia, ketika gereja dibuka kembali, hampir semua jemaatnya sudah meninggal karena covid",0,kesehatan,hoaxid_hf,
hf-15907,salah italia mengalahkan covid-19 koagulasi intravaskular diseminata (trombosis),0,kesehatan,hoaxid_hf,
hf-15915,salah ellen degeneres membagikan bantuan untuk virus corona di facebook,0,kesehatan,hoaxid_hf,
hf-15916,salah daftar virus yang berasal dari china,0,kesehatan,hoaxid_hf,
hf-15918,salah who: pria berpenis besar lebih rentan tertular covid-19,0,kesehatan,hoaxid_hf,
hf-15920,salah video dokter bule,0,kesehatan,hoaxid_hf,
hf-15921,salah keluarkan nasi dari rice cooker jika sudah matang. kalau lebih dari 12 jam menjadi pemicu diabetes,0,kesehatan,hoaxid_hf,
hf-15922,salah program mudik sehat psbb 2020 oleh big biru,0,kesehatan,hoaxid_hf,
hf-15926,salah registrasi ambil dana bantuan anda covid-19,0,kesehatan,hoaxid_hf,
hf-15930,salah penerimaan sampel covid-19 di bbtklpp jakarta akan libur pada hari raya idul fitri,0,kesehatan,hoaxid_hf,
hf-15931,salah manager giant pal 6 banjarmasin meninggal kena covid-19,0,kesehatan,hoaxid_hf,
hf-15934,salah pasien covid-19 meninggal di rumah sakit manaf kota jambi,0,kesehatan,hoaxid_hf,
hf-15935,"salah 15 hari sembuh, menhub budi karya kembali dinyatakan positif covid-19",0,kesehatan,hoaxid_hf,
hf-15942,salah 236 anggota polisi positif covid-19 dan 6 orang meninggal dunia,0,kesehatan,hoaxid_hf,
hf-15946,salah lowongan sukarelawan covid-19 rsud dari. soetomo surabaya,0,kesehatan,hoaxid_hf,
hf-15947,salah who menyebutkan vegetarian tidak kena covid-19,0,kesehatan,hoaxid_hf,
hf-15948,"salah pesan berantai ada 13 orang penjual daging yang positif covid19, sekarang ini di pasar cileungsi lagi dilakukan test swab massal",0,kesehatan,hoaxid_hf,
hf-15957,salah warga india membuang patung ke sungai karena tidak bisa menyelamatkan mereka dari virus corona,0,kesehatan,hoaxid_hf,
hf-15959,salah tuduhan foto interior lab darurat covid-19 labkesda dki hasil mencomot,0,kesehatan,hoaxid_hf,
hf-15969,salah madu dicampur bawang putih obat kanker,0,kesehatan,hoaxid_hf,
hf-15970,salah ulama windusari dijemput paksa terkait covid-19,0,kesehatan,hoaxid_hf,
hf-15973,salah vaksin pertama kali dibuat di bawah kekhalifahan ottoman. tahun 1717,0,kesehatan,hoaxid_hf,
hf-15976,salah virus covid-19 sengaja dimasukkan kedalam tubuh masyarakat melalui alat rapid test,0,kesehatan,hoaxid_hf,
hf-15981,salah donasi bahan iftar dan sahur di masa wabah covid-19 oleh pks,0,kesehatan,hoaxid_hf,
hf-15989,salah kuota 100gb gratis dari pemerintah selama pandemi covid-19,0,kesehatan,hoaxid_hf,
hf-15991,salah ternyata klaster penyebar covid-19 terbanyak indonesia adalah 10.000 lebih pendeta gbi gpib,0,kesehatan,hoaxid_hf,
hf-15996,salah terjadi penyekapan di apotek pancasan kota bogor,0,kesehatan,hoaxid_hf,
hf-15999,salah seorang kakek di tulungagung meninggal karena covid-19,0,kesehatan,hoaxid_hf,
hf-16002,salah setelah adanya virus covid-19. umat islam arab banyak yang murtad,0,kesehatan,hoaxid_hf,
hf-16003,salah tenaga medis covid-19 rsud purworejo ditagih biaya rp. 150 ribumalam oleh pemkab karena telah tinggal di hotel ganesha,0,kesehatan,hoaxid_hf,
hf-16004,salah satgas covid-19 kabupaten pangkep semprot jemaah shalat tarawih di masjid,0,kesehatan,hoaxid_hf,
hf-16005,salah menteri kesehatan america sudah menandatangani persetujuan penggunaan chip 666 untuk virus corona,0,kesehatan,hoaxid_hf,
hf-16008,salah seorang pasien dalam pengawasan covid-19 (pdp) mengamuk di pintu rumah sakit pamekasan madura,0,kesehatan,hoaxid_hf,
hf-16009,salah pesan berantai taman raya tahap v zona merah covid-19,0,kesehatan,hoaxid_hf,
hf-16017,salah jokowi: hukuman seumur hidup bagi kepala daerah mainkan bantuan covid-19,0,kesehatan,hoaxid_hf,
hf-16019,salah pemerintah membagikan kuota 10gb gratis sebagai insentif untuk melawan covid-19,0,kesehatan,hoaxid_hf,
hf-16023,salah video rezim memaksa para kyai untuk di suntik dengan dalih untuk ketahanan tubuh dari virus..kyai di banten ini tegas menolak!!,0,kesehatan,hoaxid_hf,
hf-16025,salah video cara pertolongan emergency covid 19,0,kesehatan,hoaxid_hf,
hf-16027,salah jutaan produksi rokok yang terpapar covid-19 beredar luas di masyarakat,0,kesehatan,hoaxid_hf,
hf-16028,salah vietnam tidak ada korban meninggal covid-19 karena teh dan lemon,0,kesehatan,hoaxid_hf,
hf-16032,salah erdogan tak akan tutup mesjid di turki selama pandemi covid-19,0,kesehatan,hoaxid_hf,
hf-16034,salah profesor dari tasuku honjo mengatakan bahwa virus korona itu tidak alami. cina telah membuatnya,0,kesehatan,hoaxid_hf,
hf-16035,"salah surabaya siap kembalikan dana bank century rp6,7 triliun untuk bantu covid-19",0,kesehatan,hoaxid_hf,
hf-16036,"salah apabila ada masyarakat tidak mampu makan, dapat menghubungi nomor pengaduan bansos covid19 kemensos",0,kesehatan,hoaxid_hf,
hf-16037,salah akhirnya ketangkap juga biang penyebar virus corona dan agen tka china ini,0,kesehatan,hoaxid_hf,
hf-16038,salah donasi kaos oblong bekas untuk tim medis rsd wisma atlet,0,kesehatan,hoaxid_hf,
hf-16041,salah bioskop di palangka raya kembali buka di tengah persebaran covid-19,0,kesehatan,hoaxid_hf,
hf-16043,salah sheikh hamdan al maktoum memberikan uang selama covid-19,0,kesehatan,hoaxid_hf,
hf-16046,"salah karena pandemi covid-19, yang seharusnya dibebaskan narapidana pencuri ayam, bukan malah terpidana koruptor",0,kesehatan,hoaxid_hf,
hf-16049,salah hanya di indonesia narapidana dibebaskan di tengah wabah covid-19,0,kesehatan,hoaxid_hf,
hf-16050,salah petugas kebersihan sman 10 yogyakarta positif virus corona,0,kesehatan,hoaxid_hf,
hf-16055,salah dari ratusan ribu tahanan tidak ada satupun aktivis islam yang dibebaskan di tengah wabah covid-19,0,kesehatan,hoaxid_hf,
hf-16056,salah alfamart menyumbangkan 6000 kupon untuk membantu melawan covid-19,0,kesehatan,hoaxid_hf,
hf-16063,salah foto ariel noah jadi relawan tenaga medis di tengah pandemi virus corona atau covid-19,0,kesehatan,hoaxid_hf,
hf-16065,salah ini kiriman video betapa dahsyatnya wabah covid 19 di amerika,0,kesehatan,hoaxid_hf,
hf-16069,salah ujar xi jin ping hanya indonesia yang mampu mengendalikan covid 19,0,kesehatan,hoaxid_hf,
hf-16070,salah obat virus corona ditemukan hanya berbahan lemon dan teh hangat,0,kesehatan,hoaxid_hf,
hf-16072,salah video dari. cheng: sembuh dari covid-19 cukup dengan vitamin sih,0,kesehatan,hoaxid_hf,
hf-16076,salah setya novanto dibebaskan karena covid-19,0,kesehatan,hoaxid_hf,
hf-16077,salah jokowi keluarkan kartu corona indonesia sehat (karcis),0,kesehatan,hoaxid_hf,
hf-16078,salah pesan berantai pt mosi tawarkan rapid test kit covid-19,0,kesehatan,hoaxid_hf,
hf-16083,salah menag izinkan masjid gelar salat tarawih saat pandemi covid-19,0,kesehatan,hoaxid_hf,
hf-16087,salah merokok menghadang virus corona masuk ke paru-paru,0,kesehatan,hoaxid_hf,
hf-16089,salah video donald trump di ruqyah sebab sudah stres menghadapi covid 19,0,kesehatan,hoaxid_hf,
hf-16090,"salah modus menghabisi ustadz, disuntik covid-19 sampai mati",0,kesehatan,hoaxid_hf,
hf-16092,berita menara jaringan telekomunikasi 5g di inggris dibakar karena hoax virus corona,0,kesehatan,hoaxid_hf,
hf-16093,berita pasien positif covid -19 di rst latumeten ambon masih dalam perawatan,0,kesehatan,hoaxid_hf,
hf-16099,salah mantan manajer rapp dan istri terpapar covid-19,0,kesehatan,hoaxid_hf,
hf-16100,salah puncak persebaran virus corona 4 april hingga 18 april 2020,0,kesehatan,hoaxid_hf,
hf-16102,"salah terlibat pembuatan covid-19 di china, fbi menangkap profesor harvard",0,kesehatan,hoaxid_hf,
hf-16105,"salah video italian millionaire terjun dari bagunan, karena keluarga nya semua kena virus corona",0,kesehatan,hoaxid_hf,
hf-16106,salah info dari pasien yang sudah sembuh dari rs persahabatan ..,0,kesehatan,hoaxid_hf,
hf-16107,salah untuk mengalahkan virus korona adalah mengambil lebih banyak makanan alkali yang berada di atas tingkat ph virus,0,kesehatan,hoaxid_hf,
hf-16113,salah italia tidak bisa mengontrol virus dan mengucapkan selamat tinggal kepada dunia,0,kesehatan,hoaxid_hf,
hf-16114,salah china memang benar jahat mengirim baju bundle pakaian bekas di pakai orang yang sudah mati akibat virus,0,kesehatan,hoaxid_hf,
hf-16115,salah menaruh amoxilin dalam tandon air dapat menangkal covid-19,0,kesehatan,hoaxid_hf,
hf-16116,salah rakyat italia buang duit ke jalan karena sudah tidak berguna akibat virus covid-19,0,kesehatan,hoaxid_hf,
hf-16119,salah bill gates akan meluncurkan kapsul implan manusia untuk melawan virus corona,0,kesehatan,hoaxid_hf,
hf-16122,"salah imigran china sengaja membawa virus, tujuannya membasmi rakyat 62",0,kesehatan,hoaxid_hf,
hf-16123,salah uap air panas dapat membunuh virus corona,0,kesehatan,hoaxid_hf,
hf-16124,salah pasukan tentara membantu melawan virus corona di new york,0,kesehatan,hoaxid_hf,
hf-16127,salah foto penguburan jenazah ibu kandung presiden joko widodo meninggal dunia karena serangan virus corona,0,kesehatan,hoaxid_hf,
hf-16129,salah foto kumpulan untuk mengakhiri covid-19 di cleveland hari ini endcovid,0,kesehatan,hoaxid_hf,
hf-16132,salah video di amerika sudah terjadi penjarahan di mana2 karena ketakutan akan virus corona,0,kesehatan,hoaxid_hf,
hf-16137,salah mulai senin 30 maret kota makassar lockdown lokal untuk mencegah penyebaran covid-19.,0,kesehatan,hoaxid_hf,
hf-16143,salah 5 kecamatan di lampung red zone covid-19,0,kesehatan,hoaxid_hf,
hf-16145,salah kematian disebabkan covid-19: dibalut dalam bag,0,kesehatan,hoaxid_hf,
hf-16147,salah bawang merah yang dikupas bisa menyedot dan membunuh virus dan kuman,0,kesehatan,hoaxid_hf,
hf-16152,salah rekrutmen relawan penanganan pasien virus corona oleh dokter irna,0,kesehatan,hoaxid_hf,
hf-16153,salah akan ada penyemprotan racun untuk virus corona dari malaysia dan singapore melalui udara,0,kesehatan,hoaxid_hf,
hf-16155,salah saddam hussein mengatakan amerika mengancam irak dengan virus corona,0,kesehatan,hoaxid_hf,
hf-16158,salah gambar sampul koran tempo gotong royong melawan virus corona,0,kesehatan,hoaxid_hf,
hf-16159,"salah obat yang dibeli jokowi dari cina komunis , sangat berbahaya dan berakibat kematian",0,kesehatan,hoaxid_hf,
hf-16161,salah obat avigan yang dipesan jokowi adalah obat pembunuh janin,0,kesehatan,hoaxid_hf,
hf-16162,salah virus corona adalah sejenis jamur atau mould,0,kesehatan,hoaxid_hf,
hf-16164,"salah rs premier bintaro di-lockdown, 19 tenaga medis positif covid-19",0,kesehatan,hoaxid_hf,
hf-16167,salah wapres ma’ruf amin imbau umat islam sholat tobat agar virus corona cepat teratasi,0,kesehatan,hoaxid_hf,
hf-16168,salah foto perempuan muslim uighur yang dizalimi dan doanya memicu azab virus corona,0,kesehatan,hoaxid_hf,
hf-16173,"salah gara-gara virus corona, tka china digaji 200 juta per tahun",0,kesehatan,hoaxid_hf,
hf-16174,berita update status wna yang meninggal di atas motor positif covid-19,0,kesehatan,hoaxid_hf,
hf-16177,berita perkembangan chloroquine untuk obat covid-19,0,kesehatan,hoaxid_hf,
hf-16179,"salah video sholat jum’atan di china menjadi lautan manusia, orang islam di wuhan tidak satupun yang kena virus corona",0,kesehatan,hoaxid_hf,
hf-16183,salah ganja mampu menangkal covid-19,0,kesehatan,hoaxid_hf,
hf-16186,"salah di wuhan cina ketika terjadi virus corona rakyat berbondong2 ke mesjid, di indon rakyat dilarang ke mesjid",0,kesehatan,hoaxid_hf,
hf-16192,"salahdi tanya soal virus corona korlap fpi: hanya imam besar kami yang punya penangkal virus corona,karna imam besar kami cucu nabi",0,kesehatan,hoaxid_hf,
hf-16193,salah donald trump umumkan roche medical company akan meluncurkan vaksin covid19 jutaan dosis minggu depan,0,kesehatan,hoaxid_hf,
hf-16194,"salah himbauan penutupan tpu akibat virus corona, jenazah diminta diletakkan terlebih dahulu di rumah",0,kesehatan,hoaxid_hf,
hf-16198,salah coronavirus akan hancur dengan air,0,kesehatan,hoaxid_hf,
hf-16200,salah dosen kedokteran gigi ui meninggal karena covid-19,0,kesehatan,hoaxid_hf,
hf-16203,salah foto 1 korban dalam pengawasan covid-19 di rs wahidin mks setelah bersalaman dengan menhub budi karya,0,kesehatan,hoaxid_hf,
hf-16204,"salah virus corona bukanlah virus, sinyal 5g yang sebenarnya membunuh orang",0,kesehatan,hoaxid_hf,
hf-16206,salah video ini di pgc evakuasi pasien covid 19.,0,kesehatan,hoaxid_hf,
hf-16207,salah minum banyak air dan berkumur dengan air hangat garam atau cuka dapat menghilangkan virus corona saat di tenggorokan,0,kesehatan,hoaxid_hf,
hf-16210,"salah satu lagi mentri kabinet jokowi positif terpapar covid-19, menteri nadien dinyatakan positif virus corona, jalani isolasi secara mandiri",0,kesehatan,hoaxid_hf,
hf-16211,salah chloroquine (obat malaria klorokuin) bisa menyembuhkan covid-19,0,kesehatan,hoaxid_hf,
hf-16215,salah china akui dokter palestina penemu vaksin corona yang terbukti ampuh 100 persen,0,kesehatan,hoaxid_hf,
hf-16217,salah covid-19 sudah sampai purwakarta,0,kesehatan,hoaxid_hf,
hf-16219,salah alkohol bisa membunuh coronavirus covid-19,0,kesehatan,hoaxid_hf,
hf-16220,salah dua orang terinfeksi virus corona di parepare,0,kesehatan,hoaxid_hf,
hf-16221,"salah orang karangturi,balak cawas,sudah tertular virus corona",0,kesehatan,hoaxid_hf,
hf-16225,salah kapal rute banda aceh sabang distop karena virus corona,0,kesehatan,hoaxid_hf,
hf-16227,salah hasil pemeriksaan presiden jokowi positif virus corona,0,kesehatan,hoaxid_hf,
hf-16228,salah suspect coronavirus ditemukan di salah satu terapis spa hotel goldenhands kelapa gading,0,kesehatan,hoaxid_hf,
hf-16230,"salah mengonsumsi pisang dalam sehari, membuat virus corona pergi",0,kesehatan,hoaxid_hf,
hf-16235,salah surat edaran walikota palembang soal virus corona,0,kesehatan,hoaxid_hf,
hf-16238,edukasi who: tj tentang coronavirus (covid-19),0,kesehatan,hoaxid_hf,
hf-16239,salah profesor chen horin mengatakan lemon panas dapat membunuh sel kanker,0,kesehatan,hoaxid_hf,
hf-16240,berita kemendagri bantah tito karnavian terjangkit covid-19,0,kesehatan,hoaxid_hf,
hf-16241,"salah jangan ke kokas dulu ya, mall di lockdown karena salah satu staff diatas ada yang suspect covid-19",0,kesehatan,hoaxid_hf,
hf-16242,salah the simpsons 1993 memprediksi corona virus dari china,0,kesehatan,hoaxid_hf,
hf-16243,salah satu pasien virus corona dari badau otw dirujuk ke rumah sakit rujukan sintang,0,kesehatan,hoaxid_hf,
hf-16244,berita malware azorult di aplikasi palsu peta sebaran covid-19,0,kesehatan,hoaxid_hf,
hf-16247,salah katanya ada korban virus corona di pik,0,kesehatan,hoaxid_hf,
hf-16248,salah ditemukannya virus corona atau covid-19 di tisu toilet,0,kesehatan,hoaxid_hf,
hf-16250,salah kokain membunuh coronavirus,0,kesehatan,hoaxid_hf,
hf-16254,salah pangeran uni emirat arab dikabarkan positif virus corona,0,kesehatan,hoaxid_hf,
hf-16255,berita klarifikasi mentari international school tentang pemberitaan terinfeksi covid-19,0,kesehatan,hoaxid_hf,
hf-16258,"salah who : merokok, salah satu solusi pencegahan covid-19.",0,kesehatan,hoaxid_hf,
hf-16264,salah orang yang bergolongan darah o lebih rentan terinfeksi virus corona,0,kesehatan,hoaxid_hf,
hf-16265,salah virus corona mati dalam suhu 26-27 derajat dan saat terkena sinar matahari,0,kesehatan,hoaxid_hf,
hf-16268,salah 1000 tiket pesawat gratis untuk wni pulang ke tanah air dari pt angkasa pura 1 karena virus corona,0,kesehatan,hoaxid_hf,
hf-16269,salah tes sederhana untuk mengenal virus corona hanya dalam sepuluh detik,0,kesehatan,hoaxid_hf,
hf-16271,salah video 280 jemaah umrah tertahan di pesawat dan 18 di antaranya positif terinfeksi virus corona,0,kesehatan,hoaxid_hf,
hf-16279,"salah tingkat sulfur dioksida tinggi di kota wuhan tanda kremasi massal korban coronavirus, indikasi ada lebih dari 50.000 korban jiwa dibakar",0,kesehatan,hoaxid_hf,
hf-16287,salah cikarang siaga 3 virus corona karena sudah 3 orang meninggal di meikarta,0,kesehatan,hoaxid_hf,
hf-16297,salah ditemukan virus machupo dalam paracetamol,0,kesehatan,hoaxid_hf,
hf-16301,salah mi goreng indonesia masuk daftar makanan yang menyebarkan virus corona di australia,0,kesehatan,hoaxid_hf,
hf-16302,salah thailand berhasil sembuhkan pasien virus corona dengan ganja,0,kesehatan,hoaxid_hf,
hf-16303,salah pengemudi ini mencoba kabur’ dari pemeriksaan coronaviruscamp,0,kesehatan,hoaxid_hf,
hf-16304,salah video puluhan pasien virus corona kejang-kejang,0,kesehatan,hoaxid_hf,
hf-16305,salah foto tim medis jepang berjumlah 1.000 tiba di wuhan,0,kesehatan,hoaxid_hf,
hf-16306,salah saking takutnya dengan virus corona orang cina islam yang sholat arahnya kemana mana,0,kesehatan,hoaxid_hf,
hf-16307,salah dokter israel membantu pasien corona di china,0,kesehatan,hoaxid_hf,
hf-16313,salah virus corona dapat menular melalui tatapan mata,0,kesehatan,hoaxid_hf,
hf-16315,salah foto china dilaporkan diam-diam kremasi korban virus corona,0,kesehatan,hoaxid_hf,
hf-16317,salah virus corona sudah sampai di shah alam selangor,0,kesehatan,hoaxid_hf,
hf-16318,salah presiden china mengumumkan virus corona telah menjadi epidemi dan memohon kepada umat islam mendoakan china,0,kesehatan,hoaxid_hf,
hf-16319,salah coronavirus memiliki paten,0,kesehatan,hoaxid_hf,
hf-16322,"salah diduga terjangkit virus corona, satu pasien rs doris sylvanus diisolasi",0,kesehatan,hoaxid_hf,
hf-16324,salah air rebusan bawang putih menyembuhkan virus corona,0,kesehatan,hoaxid_hf,
hf-16326,salah korelasi video anak disuapi berudu hidup dengan virus corona,0,kesehatan,hoaxid_hf,
hf-16327,salah kepanikan luar biasa orang-orang china akibat viruscorona,0,kesehatan,hoaxid_hf,
hf-16330,salah vaksin penyebab autis,0,kesehatan,hoaxid_hf,
hf-16336,salah jus daun pepaya mentah obat dbd,0,kesehatan,hoaxid_hf,
hf-16362,salah pelintiran judul berita dokter meminta wapres ma’ruf amin beristirahat,0,kesehatan,hoaxid_hf,
hf-16393,salah air liur dari terompet dapat sebarkan penyakit berbahaya,0,kesehatan,hoaxid_hf,
hf-16422,salah legenda hello kitty berasal dari gadis penderita kanker mulut dan hello kiity artinya dalam bahasa china adalah halo iblis,0,kesehatan,hoaxid_hf,
hf-16439,salah air nanas panas sembuhkan kanker,0,kesehatan,hoaxid_hf,
hf-16440,berita kemenpan rb: tidak ada pengangkatan cpns jalur indonesia sehat,0,kesehatan,hoaxid_hf,
hf-16476,salah minuman probiotik dapat membantu sembuhkan kanker,0,kesehatan,hoaxid_hf,
hf-16482,"salah uym: sholat dimonas itu dosa, karena dianggap riya, semoga para alumni 212 segera bertobat",0,kesehatan,hoaxid_hf,
hf-16510,salah foto anak berdarah mahasiswa poly university korban demo demo rusuh di hongkong,0,kesehatan,hoaxid_hf,
hf-16553,salah gebrakan menteri kesehatan yang baru,0,kesehatan,hoaxid_hf,
hf-16555,salah penyumbatan di usus karena konsumsi mie atau spaghetti yang disingkirkan saat dokter melakukan operasi,0,kesehatan,hoaxid_hf,
hf-16566,salah virus babi hog cholera menular pada manusia,0,kesehatan,hoaxid_hf,
hf-16584,salah rscm praktekkan penyedotan plug (sumbatan) venasaluran darah,0,kesehatan,hoaxid_hf,
hf-16609,salah video potongan kanker menjauhi bawang putih mendekati emas,0,kesehatan,hoaxid_hf,
hf-16634,salah pertolongan pertama pada stroke dengan tusukan jarum ke ujung setiap jari masing-masing atau bagian bawah daun telinga,0,kesehatan,hoaxid_hf,
hf-16662,salah jarum suntik di toilet umum penyebar virus hiv,0,kesehatan,hoaxid_hf,
hf-16685,salah mantan presiden ri ke 3 dinobatkan sebagai pemilik iq tertinggi sepanjang sejarah manusia namun disia-siakan oleh bangsa indonesia,0,kesehatan,hoaxid_hf,
hf-16704,"klarifikasi jangan mengkonsumsi bawang yang telah dikupas, karena menyerap kuman dan virus di udara",0,kesehatan,hoaxid_hf,
hf-16753,salah pesan dari pangdam ix udayana tentang cek gula darah dengan jarum bervirus aids,0,kesehatan,hoaxid_hf,
hf-16774,salah khanzarof : hasil cloning dokter hewan amerika dan rusia yang berasal dari campuran kambing dan babi,0,kesehatan,hoaxid_hf,
hf-16804,salah jokowi di mata internasional dijuluki tangan berdarah,0,kesehatan,hoaxid_hf,
hf-17061,kah ma’ruf amin: peserta bpjs kesehatan capai 215 juta peserta,0,kesehatan,hoaxid_hf,
hf-17062,bpjs hentikan meng-cover biaya pengobatan kanker,0,kesehatan,hoaxid_hf,
hf-17167,salah ali mochtar ngabalin diserang stroke karena doanya sendiri,0,kesehatan,hoaxid_hf,
hf-17190,salah tes merkuri pada kosmetik dengan emas.,0,kesehatan,hoaxid_hf,
hf-17204,"salah stroke kambuh, prabowo batal orasi politik di acara fraksi pks",0,kesehatan,hoaxid_hf,
hf-17337,hoaks zionis israel menebar virus aids disetiap pembalut wanita,0,kesehatan,hoaxid_hf,
hf-17398,disinformasi foto bibir miring prabowo petanda stroke ringan,0,kesehatan,hoaxid_hf,
hf-17497,klarifikasi dinkes aceh membantah atas isu pelajar lumpuh setelah vaksin mr,0,kesehatan,hoaxid_hf,
hf-17513,"benar ""bukan disebabkan vaksin, siswa mi di palembang tewas karena radang otak""",0,kesehatan,hoaxid_hf,
hf-17527,"disinformasi ""racun vaksin apa yang kalian tebarkan""",0,kesehatan,hoaxid_hf,
hf-17528,"hoaks ""bahan vaksin dari darah babi, ...""",0,kesehatan,hoaxid_hf,
hf-17529,"klarifikasi ""pare tidak serta-merta bisa menyembuhkan kanker""",0,kesehatan,hoaxid_hf,
hf-17586,hoaks surat perintah pendataan tenaga medis dan non medis rumah sakit tahun 2018,0,kesehatan,hoaxid_hf,
hf-17629,klarifikasi selebaran poster acara penobatan miss waria banten 2018,0,kesehatan,hoaxid_hf,
hf-17695,penipuan donasi untuk anak kanker tulang,0,kesehatan,hoaxid_hf,
hf-17702,"disinformasi ""meet rebecca, dialah yang membunuh petugas medis wanita razzan"" disinformasi ""meet rebecca, she is the one who killed female medic officer razzan""",0,kesehatan,hoaxid_hf,
hf-17713,klarifikasi edy rahmayadi tidak terkena stroke,0,kesehatan,hoaxid_hf,
hf-17731,hoaks cek gula darah yang dilakukan isis untuk menyebarkan aids di medan,0,kesehatan,hoaxid_hf,
hf-17746,klarifikasi klarifikasi dinas kesehatan kota palopo terkait isu beredarnya obat kedaluwarsa,0,kesehatan,hoaxid_hf,
hf-17759,hoaks: info penerimaan pegawai non pns pada ditjen kesmas kementrian kesehatan,0,kesehatan,hoaxid_hf,
hf-17787,hoax: daftar obat terlarang bpom (kop surat rs siloam),0,kesehatan,hoaxid_hf,
hf-17791,hoax: parasetamol mengandung virus,0,kesehatan,hoaxid_hf,
hf-17793,hoax paracetamol mengandung virus machupo,0,kesehatan,hoaxid_hf,
alo-1492834601,"abetalipoproteinemia - abetalipoproteinemia adalah kelainan bawaan langka yang menyebabkan tubuh tidak dapat menyerap dan mencerna lemak dengan baik. akibatnya, penderita abetalipoproteinemia sering mengalami kekurangan vitamin a, d, e, dan k. abetalipoproteinemia juga dikenal sebagai sindrom bassen-kornzweig. kondisi yang menyebabkan tubuh tidak dapat menyerap lemak ini bisa menimbulkan berbagai gejala, mulai dari diare dengan tinja berminyak, hingga keterlambatan tumbuh kembang. jumlah kasus abetalipoproteinemia masih terus diteliti sampai saat ini. namun, penyakit ini diperkirakan hanya terjadi pada sekitar 1 dari 1.000.000 orang. abetalipoproteinemia disebabkan oleh perubahan (mutasi) gen mttp. gen tersebut berfungsi dalam pembentukan lipoprotein beta, yaitu zat yang membantu mengangkut lemak dari makanan agar dapat diserap di usus dan diolah di hati. mutasi pada gen mttp membuat pembentukan lipoprotein beta berkurang atau bahkan tidak terbentuk sama sekali. akibatnya, tubuh sulit untuk menyerap lemak dan vitamin yang larut dalam lemak sehingga penderita abetalipoproteinemia dapat mengalami malnutrisi. abetalipoproteinemia merupakan kelainan genetik yang dapat diturunkan dari orang tua dan bersifat autosomal recessive. hal ini berarti risiko anak untuk terkena penyakit tersebut adalah sekitar 25 jika kedua orang tuanya mengalami mutasi gen mttp. anak dari kedua orang tua yang memiliki mutasi gen mttp juga berpeluang sebesar 50 tidak mengalami penyakit abetalipoproteinemia, tetapi menjadi pembawa gen tersebut (carrier).",1,penyakit,alodokter.com,2026-06-28
alo-1492834601-short1,abetalipoproteinemia adalah kelainan bawaan langka yang menyebabkan tubuh tidak dapat menyerap dan mencerna lemak dengan baik.,1,penyakit,alodokter.com,2026-06-28
alo-1492834601-short2,"abetalipoproteinemia adalah kelainan bawaan langka yang menyebabkan tubuh tidak dapat menyerap dan mencerna lemak dengan baik. akibatnya, penderita abetalipoproteinemia sering mengalami kekurangan vitamin a, d, e, dan k.",1,penyakit,alodokter.com,2026-06-28
alo-3122808996,"ablasi retina - ablasi retina adalah kondisi terlepasnya retina dari bagian belakang mata. kondisi ini tergolong darurat sehingga harus segera ditangani. jika tidak, ablasi retina dapat menyebabkan kebutaan permanen. retina adalah lapisan tipis di bagian belakang mata. lapisan ini berfungsi untuk memproses cahaya yang ditangkap oleh mata. cahaya yang telah ditangkap akan diubah menjadi sinyal listrik dan diteruskan ke otak yang akan menerjemahkan sinyal tersebut sebagai gambar. retina yang terlepas dari posisinya dapat menyebabkan penglihatan terganggu. gangguan tersebut dapat terjadi sebagian atau seluruhnya, tergantung seberapa besar bagian retina yang terlepas. ablasi retina dapat terjadi pada siapa saja, tetapi lebih sering terjadi pada orang usia di atas 50 tahun. ablasi retina terjadi ketika retina mata terlepas dari pembuluh darah yang membawa oksigen dan nutrisi. berdasarkan mekanisme yang menyebabkan lepasnya retina mata, ablasi retina terbagi ke dalam tiga jenis, yaitu: ablasi retina regmatogenosa merupakan jenis ablasi retina yang paling sering terjadi. ablasi retina jenis ini terjadi ketika robekan pada retina membuat cairan di tengah bola mata (cairan vitreus) merembes masuk dan menumpuk di belakang retina. kondisi tersebut membuat lapisan retina terlepas dari dasarnya. umumnya, robekan pada ablasi retina regmatogenosa terjadi akibat perubahan tekstur pada cairan vitreus seiring pertambahan usia. robekan juga bisa terjadi karena beberapa",1,penyakit,alodokter.com,2026-06-28
alo-3122808996-short1,ablasi retina adalah kondisi terlepasnya retina dari bagian belakang mata.,1,penyakit,alodokter.com,2026-06-28
alo-3122808996-short2,ablasi retina adalah kondisi terlepasnya retina dari bagian belakang mata. kondisi ini tergolong darurat sehingga harus segera ditangani.,1,penyakit,alodokter.com,2026-06-28
alo-2762838860,"abortus imminens - abortus imminens adalah kondisi yang mengancam keguguran pada kehamilan yang usianya kurang dari 20 minggu. kondisi ini ditandai dengan perdarahan ringan hingga sedang, tetapi leher rahim tetap tertutup. penanganan cepat dapat meningkatkan peluang mempertahankan kehamilan. abortus imminens adalah kondisi di mana terjadi ancaman keguguran tetapi embrio atau janin masih berkembang. kondisi yang cukup umum terjadi pada 20â30 kehamilan ini sebagian besar dapat diselamatkan jika ditangani dengan cepat.â penanganan yang cepat dilakukan bisa mencegah keguguran akibat abortus imminens. oleh karena itu, pemeriksaan ke dokter diperlukan sesegera mungkin apabila calon ibu mengalami gejala abortus imminens. penyebab abortus imminens belum dapat diketahui secara pasti. akan tetapi, beberapa faktor berikut dapat meningkatkan risiko terjadinya abortus imminens: gejala yang dapat muncul akibat abortus imminens antara lain: nyeri punggung dan kram perut dapat terjadi secara terus-menerus atau hilang dan timbul. jika kondisi memburuk, gumpalan darah dapat keluar dari vagina. jika anda sedang hamil dan mengalami gejala-gejala yang telah disebutkan di atas, segera ke igd rumah sakit atau layanan kesehatan terdekat. bila ragu, anda bisa bertanya terlebih dahulu lewat chat bersama dokter. dokter akan memberikan saran perawatan pertama atau merujuk ke rumah sakit terdekat. penanganan oleh dokter yang dilakukan dengan segera dapat menghindari risiko terjadinya keguguran. untuk",1,penyakit,alodokter.com,2026-06-28
alo-2762838860-short1,abortus imminens adalah kondisi yang mengancam keguguran pada kehamilan yang usianya kurang dari 20 minggu.,1,penyakit,alodokter.com,2026-06-28
alo-2762838860-short2,"abortus imminens adalah kondisi yang mengancam keguguran pada kehamilan yang usianya kurang dari 20 minggu. kondisi ini ditandai dengan perdarahan ringan hingga sedang, tetapi leher rahim tetap tertutup.",1,penyakit,alodokter.com,2026-06-28
alo-1768119308,"pengertian abses - abses adalah kantong berisi kumpulan nanah yang terbentuk akibat infeksi bakteri. kantung berisi nanah ini bisa muncul di bagian tubuh mana saja, seperti kulit, mulut, hingga organ dalam, misalnya paru-paru, otak, atau saraf tulang belakang. abses umumnya tampak seperti benjolan kemerahan yang terasa hangat bila disentuh. nanah di dalam abses terbentuk dari sel darah putih, sel-sel mati, dan bakteri. abses umumnya tidak cukup diobati dengan antibiotik, tetapi juga harus dengan membuka dan mengeluarkan nanah di dalamnya. jika tidak segera diobati, abses bisa semakin besar dan infeksi dapat menyebar ke bagian tubuh lain, bahkan menimbulkan komplikasi serius seperti sepsis. tidak hanya menyerang manusia, abses juga bisa terjadi pada hewan, misalnya kucing atau anjing. abses terjadi akibat reaksi alami sistem kekebalan tubuh terhadap infeksi bakteri, virus, jamur, atau parasit yang masuk melalui luka di kulit, seperti sayatan. saat infeksi terjadi di bagian tubuh tertentu, sel darah putih akan berkumpul di area tersebut untuk melawan penyebab infeksi. jika tidak segera ditangani, proses tersebut dapat menimbulkan peradangan dan membentuk rongga berisi nanah. nanah merupakan cairan yang terdiri dari sel darah putih, sel-sel mati, dan bakteri. jenis bakteri yang paling sering menyebabkan penumpukan nanah adalah staphylococcus aureus dan streptococcus pyogenes. abses dapat terjadi pada siapa",1,penyakit,alodokter.com,2026-06-28
alo-1768119308-short1,pengertian abses adalah abses adalah kantong berisi kumpulan nanah yang terbentuk akibat infeksi bakteri.,1,penyakit,alodokter.com,2026-06-28
alo-1768119308-short2,"abses adalah kantong berisi kumpulan nanah yang terbentuk akibat infeksi bakteri. kantung berisi nanah ini bisa muncul di bagian tubuh mana saja, seperti kulit, mulut, hingga organ dalam, misalnya paru-paru, otak, atau saraf tulang belakang.",1,penyakit,alodokter.com,2026-06-28
alo-318972934,"abses anus - abses anus adalah benjolan berisi nanah yang terbentuk di anus. kondisi ini umumnya terjadi akibat infeksi bakteri di area anus. abses anus menimbulkan rasa sakit, terutama saat duduk atau buang air besar. abses anus umumnya ditandai dengan benjolan kecil kemerahan di saluran anus. pada beberapa kasus, abses juga bisa muncul di bagian akhir usus besar yang tersambung ke anus (rektum). bila tidak segera ditangani, abses anus dapat menyebabkan terbentuknya saluran tidak normal di anus (fistula ani). kondisi ini akan membuat rasa sakit memburuk, bahkan menyebabkan kesulitan mengontrol buang air besar. abses anus terjadi ketika kelenjar-kelenjar di sekeliling anus terinfeksi oleh bakteri. akibatnya, kelenjar tersebut membesar dan berisiâ nanah. beberapa penyebab abses anus antara lain: abses anus dapat terjadi pada siapa saja, tetapi kondisi ini lebih berisiko terjadi pada orang yang: abses anus juga lebih mudah terjadi pada ibu hamil, serta bayi dan balita yang masih mengenakan popok. gejala umum abses anus adalah nyeri di anus atau rektum yang terasa menusuk. rasa nyeri ini berlangsung terus menerus dan bertambah parah saat duduk, batuk, dan buang air besar. gejala lain yang dapat muncul akibat abses anus adalah: periksakan diri anda keâ dokterâ bila mengalami gejala seperti yang telah disebutkan di atas. abses",1,penyakit,alodokter.com,2026-06-28
alo-318972934-short1,abses anus adalah benjolan berisi nanah yang terbentuk di anus.,1,penyakit,alodokter.com,2026-06-28
alo-318972934-short2,abses anus adalah benjolan berisi nanah yang terbentuk di anus. kondisi ini umumnya terjadi akibat infeksi bakteri di area anus.,1,penyakit,alodokter.com,2026-06-28
alo-907817081,"abses gigi - abses gigi adalah terbentuknya kantung atau benjolan berisi nanah pada gigi. abses gigi disebabkan oleh infeksi bakteri. kondisi ini bisa muncul di sekitar akar gigi atau di gusi. infeksi bakteri penyebab abses gigi umumnya terjadi pada orang yang kebersihan dan kesehatan giginya buruk. nanah yang berkumpul di benjolan lambat laun akan memperburuk nyeri. abses gigi dibedakan menjadi beberapa jenis, yaitu: abses gigi terjadi akibat berkembangnya bakteri di rongga mulut. bakteri bisa masuk ke dalam gigi melalui lubang atau retakan di gigi penderita, kemudian menyebabkan pembengkakan dan peradangan di ujung akar. infeksi bakteri ini akan lebih rentan terjadi pada seseorang dengan kondisi di bawah ini: gejala utama dari abses gigi adalah munculnya rasa sakit di gigi atau gusi yang bisa datang tiba-tiba dan makin memburuk. gejala lain yang bisa muncul pada penderita abses gigi adalah: dianjurkan untuk segera memeriksakan diri ke dokter saat gejala muncul agar abses gigi tidak makin parah. abses gigi dapat menimbulkan komplikasi yang berbahaya untuk penderitanya, yaitu infeksi yang menyebar lebih dalam ke rahang, kepala, dan leher. segera ke igd di rumah sakit terdekat jika muncul gejala abses gigi yang disertai pembengkakan pada gusi dan kelenjar getah bening, terutama bila ada keluhan sesak napas. pemeriksaan kesehatan gigi",1,penyakit,alodokter.com,2026-06-28
alo-907817081-short1,abses gigi adalah terbentuknya kantung atau benjolan berisi nanah pada gigi.,1,penyakit,alodokter.com,2026-06-28
alo-907817081-short2,abses gigi adalah terbentuknya kantung atau benjolan berisi nanah pada gigi. abses gigi disebabkan oleh infeksi bakteri.,1,penyakit,alodokter.com,2026-06-28
alo-436049985,"abses hati - abses hati atau abses hepar adalah kumpulan nanah yang terbentuk di dalam hati akibat infeksi. kondisi ini umumnya disebabkan oleh infeksi bakteri atau ameba yang masuk ke hati, misalnya melalui luka tusuk pada perut, atau penyebaran infeksi dari organ pencernaan lain. penderita abses hati biasanya mengalami gejala berupa nyeri pada perut bagian kanan atas, demam, serta penyakit kuning. jika tidak segera ditangani, abses hati dapat menimbulkan komplikasi yang berakibat fatal. sebaliknya, bila mendapatkan penanganan dengan baik, peluang kesembuhan abses hati menjadi tinggi. abses hati paling sering terjadi karena infeksi bakteri dan ameba. meski demikian, pada beberapa kasus, abses hati juga bisa terjadi karena infeksi jamur. berdasarkan penyebabnya, abses hati dibagi ke dalam tiga jenis, yaitu: kuman penyebab abses hati biasanya menyebar ke hati karena adanya infeksi pada organ lain di saluran pencernaan, seperti: selain karena infeksi pada saluran pencernaan, abses hati juga dapat terjadi pada orang yang mengalami luka tusuk di hati, atau pernah menjalani operasi di perut. ada beberapa kondisi yang dapat meningkatkan risiko seseorang mengalami abses hati, yaitu: gejala abses hati umumnya mirip dengan keluhan peradangan saluran empedu. beberapa gejala yang dapat dialami penderita abses hati adalah: segera periksakan ke dokter jika mengalami gejala-gejala yang telah disebutkan di",1,penyakit,alodokter.com,2026-06-28
alo-436049985-short1,abses hati atau abses hepar adalah kumpulan nanah yang terbentuk di dalam hati akibat infeksi.,1,penyakit,alodokter.com,2026-06-28
alo-436049985-short2,"abses hati atau abses hepar adalah kumpulan nanah yang terbentuk di dalam hati akibat infeksi. kondisi ini umumnya disebabkan oleh infeksi bakteri atau ameba yang masuk ke hati, misalnya melalui luka tusuk pada perut, atau penyebaran infeksi dari organ pencernaan lain.",1,penyakit,alodokter.com,2026-06-28
alo-1333236590,"abses otak - abses otak atau abses serebri adalahâ penumpukan nanah di dalam otak akibat infeksi. abses otak sering disebabkan oleh infeksi bakteri atau jamur di otak yang dipicu oleh cedera kepala, atau infeksi di area tubuh lain yang menyebar ke otak. absesâ otak sering ditandai dengan munculnya sakit kepala berat, demam, kejang, bahkan gangguan kesadaran. kondisi ini berbahaya karena dapat menyebabkan pembengkakan otak sehingga membutuhkan penanganan yang cepat dan tepat. penyebab utama abses otak adalah infeksi bakteri atau jamur di jaringan otak. infeksi tersebut bisa berasal dari infeksi di otak, cedera kepala, prosedur operasi di otak, atau penyebaran infeksi dari organ lain. jenis bakteri yang paling sering menyebabkan penumpukan nanah di otak berasal dari golonganâ bacteriodes, streptococcus, staphylococcus, atauâ enterobacter. sedangkan jenis patogen lain yang paling sering menyebabkan terbentuknya abses otak adalah jamurâ aspergillusâ atau parasitâ toxoplasmaâ gondii. ada beberapaâ faktor yang bisa meningkatkan risiko terjadinya abses otak, yaitu: gejala abses otakâ bisa beragam, tergantung pada ukuran dan lokasiâ abses. gejala yang muncul bisa berkembang lambat atau cepat. berikut adalah beberapa gejala abses otak: segeraâ ke dokterâ jika anda mengalami gejala yang disebutkan di atas, terutama jika sakit kepala hebat disertai demam tinggi, kejang, lumpuh otot, dan sulit berbicara. abses otak harus",1,penyakit,alodokter.com,2026-06-28
alo-1333236590-short1,abses otak atau abses serebri adalahâ penumpukan nanah di dalam otak akibat infeksi.,1,penyakit,alodokter.com,2026-06-28
alo-1333236590-short2,"abses otak atau abses serebri adalahâ penumpukan nanah di dalam otak akibat infeksi. abses otak sering disebabkan oleh infeksi bakteri atau jamur di otak yang dipicu oleh cedera kepala, atau infeksi di area tubuh lain yang menyebar ke otak.",1,penyakit,alodokter.com,2026-06-28
alo-447166229,"abses paru - abses paru adalah kondisi terbentuknya kantung atau rongga yang berisi nanah di paru-paru.â kondisi ini menimbulkan gejala utama berupa batuk berdahak yang sering kali mengandung darah atau nanah. abses paru paling sering terjadi akibat infeksi bakteri. kondisi ini dapat terjadi kurang dari 6 minggu (akut), atau berlangsung lebih dari 6 minggu (kronis). jika ditangani dengan baik, abses paru berpeluang besar untuk sembuh. sebaliknya, abses paru yang tidak diobati dapat menimbulkan komplikasi yang serius dan berakibat fatal. berdasarkan penyebabnya, abses paru terbagi menjadi dua jenis, yaitu: abses paru primer terjadi akibat infeksi di dalam paru-paru itu sendiri. munculnya infeksi di dalam jaringan paru-paru umumnya diakibatkan oleh masuknya cairan atau makanan yang mengandung bakteri secara langsung ke dalam paru-paru (aspirasi paru). kondisi ini dapat terjadi ketika seseorang tidak sadar akibat pengaruh alkohol atau obat-obatan, terutama obat penenang. selain akibat aspirasi paru, abses paru primer juga bisa terjadi akibat beberapa kondisi berikut: abses paru sekunder terjadi ketika infeksi bagian tubuh lain menyebar dan menginfeksi paru-paru. infeksi ini dapat menyebar melalui berbagai cara, yaitu: ada sejumlah faktor yang dapat meningkatkan risiko seseorang mengalami abses paru, yaitu: gejala utama abses paru-paru adalah batuk yang terus-menerus. batuk dapat disertai dengan dahak yang mengandung darah atau nanah",1,penyakit,alodokter.com,2026-06-28
alo-447166229-short1,abses paru adalah kondisi terbentuknya kantung atau rongga yang berisi nanah di paru-paru.â kondisi ini menimbulkan gejala utama berupa batuk berdahak yang sering kali mengandung darah atau nanah.,1,penyakit,alodokter.com,2026-06-28
alo-447166229-short2,abses paru adalah kondisi terbentuknya kantung atau rongga yang berisi nanah di paru-paru.â kondisi ini menimbulkan gejala utama berupa batuk berdahak yang sering kali mengandung darah atau nanah. abses paru paling sering terjadi akibat infeksi bakteri.,1,penyakit,alodokter.com,2026-06-28
alo-3351774599,"abses payudara - abses payudara adalah benjolan di payudara yang berisi nanah. kondisi yang disebut juga dengan bisul payudara ini biasanya disebabkan oleh infeksi, dan sering dialami oleh ibu menyusui. ibu menyusui yang mengalami abses payudara perlu segera mendapat pengobatan. namun, jangan khawatir, ibu menyusui dengan abses payudara bisa tetap menyusui anaknya dengan payudara yang tidak terinfeksi. peradangan jaringan payudara (mastitis) yang tidak segera diobati atau yang disebabkan oleh sumbatan di kelenjar payudara, merupakan penyebab utama berkumpulnya nanah (abses) di payudara. infeksi payudara sendiri dapat terjadi karena beberapa hal, salah satunya adalah masuknya bakteri dari mulut bayi ke saluran susu melalui retakan di puting. meski lebih sering terjadi pada ibu menyusui, wanita yang tidak menyusui dan sebagian kecil pria juga dapat mengalami abses payudara. ada beberapa faktor yang meningkatkan risiko seseorang untuk menderita abses payudara, di antaranya: abses payudara berbentuk seperti benjolan di bawah kulit, yang bila disentuh terasa lunak dan dapat digerakkan. akan tetapi, benjolan ini tidak dapat diraba jika abses tumbuh lebih dalam di payudara. gejala lain yang dialami oleh penderita abses payudara bisa berbeda-beda, tergantung pada tingkat keparahannya. keluhan yang dapat muncul berupa: abses payudara terbentuk akibat mastitis yang tidak segera diobati. oleh sebab itu, ibu menyusui perlu waspada dan",1,penyakit,alodokter.com,2026-06-28
alo-3351774599-short1,abses payudara adalah benjolan di payudara yang berisi nanah.,1,penyakit,alodokter.com,2026-06-28
alo-3351774599-short2,"abses payudara adalah benjolan di payudara yang berisi nanah. kondisi yang disebut juga dengan bisul payudara ini biasanya disebabkan oleh infeksi, dan sering dialami oleh ibu menyusui.",1,penyakit,alodokter.com,2026-06-28
alo-4220135301,"abses peritonsil - abses peritonsil adalah kantong berisi nanah yang terbentuk pada pangkal tenggorokan, tepatnya di dekat amandel.â kondisi ini umumnya terjadi sebagai komplikasi dari radang amandel (tonsilitis).â â abses peritonsil bisa menyebabkan nyeri hebat dan pembengkakan pada amandel sehingga penderitanya sulit makan dan minum. akibatnya, penderita abses peritonsil berisiko mengalami dehidrasi. jika tidak tertangani dengan baik, infeksi pada abses peritonsil juga dapat menyebar ke kepala dan leher. selain itu, ukuran abses yang kian membesar juga bisa menyumbat saluran pernapasan dan berakibat fatal. abses peritonsil paling sering terjadi pada remaja dan dewasa muda, terutama mereka yang sering mengalami radang tenggorokan berulang. seperti yang telah disebutkan di atas, abses peritonsil paling sering terjadi karena komplikasi dari radang amandel (tonsilitis). kondisi ini terjadi akibat infeksi bakteri streptococcus group a yang menyebar ke jaringan di sekitar amandel dan menyebabkan terbentuknya kantong berisi nanah. bakteri lain yang dapat menyebabkan abses peritonsil adalah staphylococcus, pneumococcus, actinomyces, neisseria, dan haemophilus. pada kasus yang jarang terjadi, abses peritonsil juga bisa disebabkan oleh komplikasi dari infeksi mononukleosis.â ada beberapa faktor yang bisa meningkatkan risiko seseorang terkena abses peritonsil, yaitu: gejala utama abses peritonsil adalah sakit tenggorokan. selain itu, penderita abses peritonsil juga dapat mengalami gejala berikut: segera lakukan pemeriksaan ke dokter",1,penyakit,alodokter.com,2026-06-28
alo-4220135301-short1,"abses peritonsil adalah kantong berisi nanah yang terbentuk pada pangkal tenggorokan, tepatnya di dekat amandel.â kondisi ini umumnya terjadi sebagai komplikasi dari radang amandel (tonsilitis).â â abses peritonsil bisa menyebabkan nyeri hebat dan pembengkakan pada amandel sehingga penderitanya sulit makan dan minum.",1,penyakit,alodokter.com,2026-06-28
alo-4220135301-short2,"abses peritonsil adalah kantong berisi nanah yang terbentuk pada pangkal tenggorokan, tepatnya di dekat amandel.â kondisi ini umumnya terjadi sebagai komplikasi dari radang amandel (tonsilitis).â â abses peritonsil bisa menyebabkan nyeri hebat dan pembengkakan pada amandel sehingga penderitanya sulit makan dan minum. akibatnya, penderita abses peritonsil berisiko mengalami dehidrasi.",1,penyakit,alodokter.com,2026-06-28
alo-2203522155,"acanthamoeba keratitis - acanthamoeba keratitis adalah infeksi langka pada kornea yang dapat menyebabkan nyeri hebat dan gangguan penglihatan serius. kondisi ini paling sering terjadi pada pengguna lensa kontak, terutama bila kebersihannya tidak terjaga. pada tahap awal, acanthamoeba keratitis sering kali sulit dikenali karena gejalanya menyerupai infeksi mata lain, seperti keratitis akibat bakteri atau virus. padahal, infeksi ini dapat berkembang perlahan dan menyebabkan kerusakan kornea yang semakin luas bila tidak ditangani dengan tepat. oleh karena itu, penting untuk memahami penyebab, gejala, serta pilihan pengobatannya agar risiko komplikasi dapat ditekan sedini mungkin. acanthamoeba keratitis terjadi ketika protozoa acanthamoeba masuk dan menginfeksi kornea. mikroorganisme ini dapat masuk melalui luka kecil atau lecet pada permukaan kornea, yang sering kali terjadi akibat penggunaan lensa kontak. beberapa faktor yang dapat meningkatkan risiko terjadinya acanthamoeba keratitis, antara lain: pada kasus yang jarang, infeksi juga dapat terjadi pada orang yang tidak menggunakan lensa kontak, terutama bila mata terpapar air atau tanah yang terkontaminasi dan terdapat luka pada kornea. gejala acanthamoeba keratitis dapat berkembang secara bertahap dalam beberapa hari hingga minggu. keluhan yang sering muncul, meliputi: pada beberapa kasus, dapat terlihat bercak putih atau keabu-abuan pada kornea. bila tidak ditangani, infeksi dapat semakin dalam dan merusak jaringan kornea. segera periksakan diri ke",1,penyakit,alodokter.com,2026-06-28
alo-2203522155-short1,acanthamoeba keratitis adalah infeksi langka pada kornea yang dapat menyebabkan nyeri hebat dan gangguan penglihatan serius.,1,penyakit,alodokter.com,2026-06-28
alo-2203522155-short2,"acanthamoeba keratitis adalah infeksi langka pada kornea yang dapat menyebabkan nyeri hebat dan gangguan penglihatan serius. kondisi ini paling sering terjadi pada pengguna lensa kontak, terutama bila kebersihannya tidak terjaga.",1,penyakit,alodokter.com,2026-06-28
alo-2374604358,"achilles tendon rupture - achilles tendon rupture adalah kondisi robeknya tendon yang menghubungkan otot betis dengan tulang tumit. cedera ini umumnya menyebabkan nyeri hebat di bagian belakang pergelangan kaki, bengkak pada tumit, serta kesulitan untuk berdiri atau berjalan. tendon achilles adalah jaringan terkuat dan terbesar yang berfungsi menggerakkan pergelangan kaki, sepertiâ berjalan, berlari, berjinjit, dan melompat. meski begitu, tendon ini dapat robek jika menerima tekanan berat secara tiba-tiba, misalnya saat berolahraga atau mengalami kecelakaan.â kondisi robeknya tendon iniâ disebutâ achilles tendon rupture. kebanyakan robekan pada tendon achilles terjadi di dekat area tumit. namun, achilles tendon rupture juga bisa terjadi di sepanjang tendon achilles hingga area betis. tendon achilles juga bisa robek sebagian atau seluruhnya, tergantung pada cedera yang terjadi. achilles tendon ruptureâ adalah cedera engkelâ yang terjadi akibat tekanan yang meningkat secara tiba-tiba atau sangat cepat pada kaki bagian bawah. kondisi ini dapat disebabkan oleh beberapa hal berikut: risiko robekan tendon achilles dapat meningkat padaâ orang dengan kondisi atau kebiasaan tertentu, seperti: gejala achilles tendon rupture bisa berupa: jika tendon achilles yang robek hanya sebagian, gejalanya bisa lebih ringan. namun, rasa nyeri, pembengkakan, dan memar tetap dapat terjadi dan biasanya penderita masih bisa berjalan walaupun terbatas. segera periksakan diri ke dokter jika anda mendengar",1,penyakit,alodokter.com,2026-06-28
alo-2374604358-short1,achilles tendon rupture adalah kondisi robeknya tendon yang menghubungkan otot betis dengan tulang tumit.,1,penyakit,alodokter.com,2026-06-28
alo-2374604358-short2,"achilles tendon rupture adalah kondisi robeknya tendon yang menghubungkan otot betis dengan tulang tumit. cedera ini umumnya menyebabkan nyeri hebat di bagian belakang pergelangan kaki, bengkak pada tumit, serta kesulitan untuk berdiri atau berjalan.",1,penyakit,alodokter.com,2026-06-28
alo-2461702323,"achondroplasia - achondroplasia adalah gangguan pertumbuhan tulang yang ditandai dengan tubuh kerdil dan ukuran anggota tubuh yang tidak proporsional.â kondisi ini merupakan salah satu jenis gangguan pertumbuhan tulang yang paling sering terjadi. achondroplasia ditandai dengan ukuran lengan dan tungkai yang pendek sehingga menyebabkan penderitanya memiliki tubuh kerdil (dwarfisme). achondroplasia merupakan kelainan langka yang hanya terjadi pada 1 dari 15.000â40.000 kelahiran di dunia. rata-rata tinggi badan penderita achondroplasia dewasa adalah 131 cuma pada laki-laki dan 124 cuma pada wanita. meskipun memiliki kondisi fisik berbeda, penderita achondroplasia memiliki tingkat kecerdasan yang normal seperti orang normal pada umumnya. achondroplasia disebabkan oleh mutasi genetik pada gen fgfr3, yaitu gen yang menghasilkan proteinâ fibroblast growth factor receptor 3. protein ini berperan penting dalam proses osifikasi atau proses perubahan tulang rawan menjadi tulang keras. mutasi gen fgfr3 menyebabkan protein tersebut tidak berfungsi dengan baik sehingga mengganggu perubahan tulang rawan menjadi tulang keras. akibatnya, tulang tumbuh lebih pendek dengan bentuk yang tidak normal, terutama tulang di bagian lengan dan tungkai. mutasi gen fgfr3 pada penderita achondroplasia dapat terjadi melalui dua cara, yaitu: sebagian besar kasus achondroplasia disebabkan oleh mutasi gen yang tidak diturunkan dari orang tua. mutasi ini terjadi secara spontan dan belum diketahui penyebabnya. sekitar 20 kasus achondroplasia",1,penyakit,alodokter.com,2026-06-28
alo-2461702323-short1,achondroplasia adalah gangguan pertumbuhan tulang yang ditandai dengan tubuh kerdil dan ukuran anggota tubuh yang tidak proporsional.â kondisi ini merupakan salah satu jenis gangguan pertumbuhan tulang yang paling sering terjadi.,1,penyakit,alodokter.com,2026-06-28
alo-2461702323-short2,achondroplasia adalah gangguan pertumbuhan tulang yang ditandai dengan tubuh kerdil dan ukuran anggota tubuh yang tidak proporsional.â kondisi ini merupakan salah satu jenis gangguan pertumbuhan tulang yang paling sering terjadi. achondroplasia ditandai dengan ukuran lengan dan tungkai yang pendek sehingga menyebabkan penderitanya memiliki tubuh kerdil (dwarfisme).,1,penyakit,alodokter.com,2026-06-28
alo-3137336086,"acrophobia - acrophobia adalah ketakutan yang berlebihan dan tidak rasional terhadap ketinggian. penderita acrophobia dapat merasa cemas, gemetar, pusing, hingga sesak napas ketika sedang berada di tempat yang tinggi. jika tidak ditangani, acrophobia dapat mengganggu aktivitas sehari-hari penderitanya. merasa takut atau waspada saat berada di ketinggian merupakan hal yang normal terjadi pada sebagian orang. hal iniâ dapat membantu untukâ lebih berhati-hati agar tidak terjatuh. namun, pada penderita acrophobia, rasa takut tetap muncul meskipun situasinya aman dan tidak membahayakan dirinya. pada kondisi yang parah, penderita acrophobia bisa merasa cemas ketika sadar bahwa dirinya berada beberapa meter di atas tanah, misalnya di tengah tangga. kondisi ini juga dapat membuat penderitanya menghindari kegiatan, termasuk interaksi sosial, yangâ berlangsung di tempat tinggi. penyebab acrophobia masih diteliti lebih lanjut. namun, kondisi ini umumnya dapat muncul akibat beberapa faktor berikut: berbagai jenis situasi atau tempat yang dapat memicu ketakutan berlebihan pada penderita acrophobia antara lain: gejala acrophobia dapat muncul setiap kali penderita memikirkan, melihat, atau berada di tempat tinggi. keluhan yang umum dialami antara lain: ketika berada di tempat yang tinggi, penderita acrophobia umumnya akan langsung mencari sesuatu untuk berpegangan, berlutut, berjongkok, atau merangkak. hal ini ia lakukan meskipun situasi tersebut aman tidak mengancam dirinya. selain itu, penderita",1,penyakit,alodokter.com,2026-06-28
alo-3137336086-short1,acrophobia adalah ketakutan yang berlebihan dan tidak rasional terhadap ketinggian.,1,penyakit,alodokter.com,2026-06-28
alo-3137336086-short2,"acrophobia adalah ketakutan yang berlebihan dan tidak rasional terhadap ketinggian. penderita acrophobia dapat merasa cemas, gemetar, pusing, hingga sesak napas ketika sedang berada di tempat yang tinggi.",1,penyakit,alodokter.com,2026-06-28
alo-1292827244,"actinic keratosis - actinic keratosis adalah kondisi kulit yang kasar, menebal, dan bersisik, akibat paparan sinar matahari dalam waktu yang lama. actinic keratosis, atau disebut juga dengan solar keratosis, juga dapat terjadi akibat penggunaan alat tanning untuk menghitamkan kulit. solar keratosis umumnya dialami oleh orang usia 40 tahun ke atas dan orang yang sering beraktivitas di bawah sinar matahari dalam waktu yang lama. actinic keratosis berkembang secara perlahan dan tidak menimbulkan gejala. meski jarang terjadi, kondisi ini berpotensi menyebabkan kanker kulit. penyebab utama actinic keratosis adalah paparan sinar matahari atau ultraviolet secara berlebihan. dengan kata lain, solar keratosis akan lebih banyak terjadi pada orang-orang yang sering beraktivitas di bawah sinar matahari langsung, serta orang yang senang menggunakan tanning bed atau alat penghitam kulit. actinic keratosis dapat menyerang siapa pun. meski begitu, seseorang lebih berisiko terkena kondisi tersebut jika: gejala actinic keratosis umumnya muncul di bagian kulit yang sering terpapar sinar matahari. namun demikian, tidak semua orang yang sering terpapar sinar matahari akan menderita actinic keratosis. jika muncul, perubahan yang dapat terjadi pada area kulit yang terdampak adalah: kelainan kulit ini biasanya terjadi di pelipis, dahi, kulit kepala, wajah, bibir, telinga, leher, lengan, dan punggung tangan. umumnya, area yang mengalami kelainan akibat solar keratosis",1,penyakit,alodokter.com,2026-06-28
alo-1292827244-short1,"actinic keratosis adalah kondisi kulit yang kasar, menebal, dan bersisik, akibat paparan sinar matahari dalam waktu yang lama.",1,penyakit,alodokter.com,2026-06-28
alo-1292827244-short2,"actinic keratosis adalah kondisi kulit yang kasar, menebal, dan bersisik, akibat paparan sinar matahari dalam waktu yang lama. actinic keratosis, atau disebut juga dengan solar keratosis, juga dapat terjadi akibat penggunaan alat tanning untuk menghitamkan kulit.",1,penyakit,alodokter.com,2026-06-28
alo-2422671028,"acute respiratory distress syndrome - ards atau acute respiratory distress syndrome adalah gangguan pernapasan berat yang disebabkan oleh penumpukan cairan di dalam kantong-kantong udara (alveoli) paru-paru. ards merupakan kondisi gawat darurat yang dapat menyebabkan kematian bila tidak segera ditangani. ards sering disebabkan oleh penyakit kritis, seperti sepsis atau pneumonia berat. salah satu penyebab pneumonia yang saat ini sedang menjadi pandemik adalah virus corona (covid-19). menurut sejumlah penelitian, beberapa pasien covid-19 bisa mengalami ards dalam perjalanan penyakitnya. ards disebabkan oleh merembesnya cairan dari pembuluh darah kapiler di paru-paru ke dalam alveoli. alveoli adalah kumpulan kantong udara di dalam paru-paru yang berfungsi sebagai tempat pertukaran oksigen dan karbon dioksida. normalnya, selaput yang melindungi pembuluh darah kapiler menjaga cairan agar tetap di dalam pembuluh darah. namun, pada penderita ards, cedera atau penyakit berat menyebabkan kerusakan pada membran pelindung tersebut sehingga cairan bocor ke dalam alveoli. penumpukan cairan tersebut membuat paru-paru tidak bisa terisi udara sehingga pasokan oksigen ke aliran darah dan tubuh menjadi berkurang. kekurangan pasokan oksigen ini bisa menyebabkan terhentinya fungsi organ, termasuk otak dan ginjal. jika dibiarkan, kondisi ini akan mengancam nyawa penderitanya. beberapa kondisi dan penyakit yang bisa menyebabkan ards adalah: ards biasanya merupakan komplikasi dari kondisi atau penyakit tertentu. meski begitu, ada beberapa faktor",1,penyakit,alodokter.com,2026-06-28
alo-2422671028-short1,acute respiratory distress syndrome adalah ards atau acute respiratory distress syndrome adalah gangguan pernapasan berat yang disebabkan oleh penumpukan cairan di dalam kantong-kantong udara (alveoli) paru-paru.,1,penyakit,alodokter.com,2026-06-28
alo-2422671028-short2,ards atau acute respiratory distress syndrome adalah gangguan pernapasan berat yang disebabkan oleh penumpukan cairan di dalam kantong-kantong udara (alveoli) paru-paru. ards merupakan kondisi gawat darurat yang dapat menyebabkan kematian bila tidak segera ditangani.,1,penyakit,alodokter.com,2026-06-28
alo-2985460635,"adenomiosis - adenomiosis adalah kondisi ketika endometrium atau lapisan permukaan rongga rahim tumbuh di dalam dinding otot rahim (miometrium). meski umumnya kondisi ini tidak berbahaya, tetapi dapat menimbulkan perdarahan, nyeri, dan berpengaruh buruk pada kualitas hidup penderitanya. dalam kondisi normal, jaringan endometrium hanya melapisi permukaan rongga rahim. pada adenomiosis, jaringan endometrium tetap berfungsi dengan normal, tetapi tumbuh ke dalam lapisan otot rahim. akibatnya, rahim membengkak pada setiap siklus menstruasi. kondisi ini dapat dialami oleh wanita di semua kelompok usia, tetapi lebih sering terjadi pada usia 40â50 tahun. kondisi ini juga biasanya sembuh ketika wanita mengalami menopause. hingga saat ini, penyebab adenomiosis belum dapat dipastikan. namun, kondisi ini diduga terkait dengan beberapa faktor berikut: sebagian besar penderita adenomiosis tidak mengalami gejala apa pun. namun, pada beberapa kasus, adenomiosis dapat menimbulkan gejala berikut: lakukan pemeriksaan ke dokter bila mengalami nyeri haid atau dismenore yang tidak tertahankan, terutama bila sudah terjadi dalam 3 siklus berturut-turut dan mengganggu aktivitas. konsultasikan pula dengan dokter bila perdarahan saat menstruasi lebih banyak dari biasanya atau muncul perdarahan dari vagina setelah menopause. sebagai langkah awal, dokter akan menanyakan gejala dan melakukan pemeriksaan fisik pada pasien. pemeriksaan fisik terutama dilakukan pada perut bagian bawah atau panggul, untuk mengetahui apakah terjadi pembesaran",1,penyakit,alodokter.com,2026-06-28
alo-2985460635-short1,adenomiosis adalah kondisi ketika endometrium atau lapisan permukaan rongga rahim tumbuh di dalam dinding otot rahim (miometrium).,1,penyakit,alodokter.com,2026-06-28
alo-2985460635-short2,"adenomiosis adalah kondisi ketika endometrium atau lapisan permukaan rongga rahim tumbuh di dalam dinding otot rahim (miometrium). meski umumnya kondisi ini tidak berbahaya, tetapi dapat menimbulkan perdarahan, nyeri, dan berpengaruh buruk pada kualitas hidup penderitanya.",1,penyakit,alodokter.com,2026-06-28
alo-2218701719,"adenovirus - adenovirus adalah kelompok virus yang menyebabkan infeksi pada saluran pernapasan, mata, paru-paru, dan saluran pencernaan. penyakit ini dapat menyerang siapa saja, tetapi lebih sering menyerang bayi dan balita. pada sebagian besar kasus, adenovirus menyebabkan infeksi yang ringan. namun, adenovirus juga dapat menyebabkan infeksi yang serius, terutama jika terjadi pada orang yang memiliki daya tahan tubuh lemah. saat ini, adenovirus dicurigai sebagai penyebab terjadinya hepatitis akut misterius. hepatitis akut misterius sendiri adalah hepatitis yang menyerang anak-anak usia di bawah 16 tahun. menurut penelitian, adenovirus terdeteksi pada 72 dari 126 penderita yang telah menjalani pemeriksaan. terdapat sekitar lebih dari 100 jenis adenovirus. dari jumlah tersebut, sekitar 49 jenisnya dapat menginfeksi manusia. adenovirus dapat menyebabkan infeksi pada berbagai bagian tubuh, seperti saluran pernapasan, saluran pencernaan, serta mata. beberapa penyakit infeksi yang terjadi akibat adenovirus adalah: adenovirus sangat menular. virus ini dapat menyebar melalui beberapa cara, yaitu: adenovirus dapat menyerang siapa saja. akan tetapi, ada beberapa faktor yang meningkatkan risiko seseorang terserang adenovirus, yaitu: gejala infeksi adenovirus umumnya muncul pada 2â14 hari setelah seseorang terpapar virus tersebut. gejala yang muncul dapat bervariasi, tergantung pada tipe adenovirus dan penyakit yang disebabkan oleh virus tersebut, antara lain: 1. gejala pada batuk pilek: 2. gejala pada bronkitis",1,penyakit,alodokter.com,2026-06-28
alo-2218701719-short1,"adenovirus adalah kelompok virus yang menyebabkan infeksi pada saluran pernapasan, mata, paru-paru, dan saluran pencernaan.",1,penyakit,alodokter.com,2026-06-28
alo-2218701719-short2,"adenovirus adalah kelompok virus yang menyebabkan infeksi pada saluran pernapasan, mata, paru-paru, dan saluran pencernaan. penyakit ini dapat menyerang siapa saja, tetapi lebih sering menyerang bayi dan balita.",1,penyakit,alodokter.com,2026-06-28
alo-4103873378,"pengertian adhd - adhd adalah gangguan perkembangan pada otak yang menyebabkan penderitanya sulit berkonsentrasi, hiperaktif, serta munculnya perilaku impulsif. kondisi ini dapat mempengaruhi prestasi belajar dan mengganggu hubungan sosial penderitanya. adhd atau attention deficit hyperactivity disorder umumnya mulai muncul sejak masa kanak-kanak dan dapat berlanjut hingga dewasa. kondisi ini umumnya disebabkan oleh kombinasi faktor genetik dan gangguan pada fungsi otak yang berperan dalam mengatur perhatian, perilaku, serta kemampuan mengendalikan impuls.â gejala adhd kerap disalahartikan sebagai perilaku anak yang sekedar aktif atau sulit diatur, sehingga kondisi ini sering kali terlambat untuk dikenali dan ditangani. jika tidak ditangani dengan tepat, adhd dapat berdampak negatif pada berbagai aspek kehidupan penderitanya, mulai dari prestasi akademik, hubungan sosial, hingga kondisi emosional.â penyebab adhd masih membutuhkan penelitian lebih lanjut. namun, kondisi ini diduga terkait dengan beberapa kondisi di bawah ini:â berikut ini adalah beberapa faktor yang bisa meningkatkan risiko terjadinya adhd, yaitu: gejala adhd pada anak-anak umumnya muncul di usia 3 tahun dan makin terlihat seiring bertambahnya usia anak, terutama setelah masuk sekolah atau awal masa pubertas. namun, gejala adhd juga bisa saja baru muncul ketika dewasa. adhd ditandai dengan kesulitan memusatkan perhatian. penderita adhd juga menunjukkan perilaku hiperaktif dan impulsif. berikut ini akan dijelaskan lebih rinci mengenai gejala",1,penyakit,alodokter.com,2026-06-28
alo-4103873378-short1,"pengertian adhd adalah adhd adalah gangguan perkembangan pada otak yang menyebabkan penderitanya sulit berkonsentrasi, hiperaktif, serta munculnya perilaku impulsif.",1,penyakit,alodokter.com,2026-06-28
alo-4103873378-short2,"adhd adalah gangguan perkembangan pada otak yang menyebabkan penderitanya sulit berkonsentrasi, hiperaktif, serta munculnya perilaku impulsif. kondisi ini dapat mempengaruhi prestasi belajar dan mengganggu hubungan sosial penderitanya.",1,penyakit,alodokter.com,2026-06-28
alo-1127408570,"adiksi - adiksi adalah perilaku menggunakan atau melakukan sesuatu secara terus-menerus, hingga sulit untuk berhenti atau dikendalikan. kondisi ini bisa berupa kecanduan akan zat atau obat-obatan maupun aktivitas tertentu dalam mendapatkan kepuasan dan ketenangan batin. adiksi (kecanduan) terjadi akibat gangguan fungsi otak yang membuat penderitanya tidak mampu mengendalikan keinginannya dalam mendapatkan atau melakukan sesuatu. tidak hanya terhadap obat, adiksi juga bisa terjadi pada perilaku sehari-hari, misalnya kecanduan belanja atau bermain sosial media. adiksi diawali dari rasa penasaran yang tinggi atau usaha menghibur diri dari masalah hidup. rasa senang dan puas yang didapatkan dari pemenuhan adiksi bisa membuat pelakunya ketagihan untuk mendapatkannya lagi, sampai akhirnya ia ketergantungan dan tidak peduli pada hal apa pun selain memenuhi adiksinya. tanpa penanganan yang tepat, adiksi dapat membuat penderitanya melakukan segala cara untuk memenuhi keinginannya walaupun dengan cara yang salah atau melanggar hukum. hal ini bisa menimbulkan masalah kesehatan serius, serta rusaknya hubungan baik penderita dengan keluarga dan orang lain. berdasarkan jenisnya, adiksi terbagi dalam dua kategori, yaitu: adiksi ini terjadi saat seseorang ketergantungan mengonsumsi zat adiktif tertentu yang dapat memberikan efek senang, seperti: selain zat kimia, adiksi juga bisa melibatkan perilaku tertentu, di antaranya: adiksi erat kaitannya dengan gangguan fungsi otak dalam mengolah rasa senang atau",1,penyakit,alodokter.com,2026-06-28
alo-1127408570-short1,"adiksi adalah perilaku menggunakan atau melakukan sesuatu secara terus-menerus, hingga sulit untuk berhenti atau dikendalikan.",1,penyakit,alodokter.com,2026-06-28
alo-1127408570-short2,"adiksi adalah perilaku menggunakan atau melakukan sesuatu secara terus-menerus, hingga sulit untuk berhenti atau dikendalikan. kondisi ini bisa berupa kecanduan akan zat atau obat-obatan maupun aktivitas tertentu dalam mendapatkan kepuasan dan ketenangan batin.",1,penyakit,alodokter.com,2026-06-28
alo-3394031452,"aerophobia - aerophobia adalah ketakutan berlebih untuk bepergian dengan pesawat terbang. penderita aerophobia dapat mengalami mual, gemetar, hingga serangan panik saat berada di dalam pesawat, bahkan sejak sebelum lepas landas. aerophobia dapat dipicu oleh kekhawatiran terhadap berbagai situasi dalam penerbangan, sepertiâ saat lepas landas, pendaratan, atauâ turbulensi. tidak jarang, kondisi ini juga berkaitan dengan fobia lain, seperti fobia ketinggian atau claustrophobia (takut ruang sempit). bagi orang yang jarang bepergian dengan pesawat, aerophobia mungkin tidak berdampak besar dalam hidupnya. namun, pada orang yang perlu atau sering bepergian dengan pesawat, aerophobia dapat menjadi gangguan serius yang memengaruhi pekerjaan, hubungan sosial, dan pilihan mobilitas sehari-hari. penyebab aerophobia cukup beragam dan umumnya dipengaruhi oleh kombinasi faktor psikis, pengalaman pribadi, serta lingkungan sosial. berikut beberapa faktor yang dapat meningkatkan risiko terjadinya aerophobia: rasa takut dan cemas pada penderita aerophobia dapat dipicu hal-hal berikut: pada kasus yang berat, kecemasan bisa muncul jauh sebelum perjalanan, misalnya saat mendapat kabar harus bepergian dengan pesawat. penderita aerophobia cenderung menghindari hal-hal yang berhubungan dengan penerbangan, seperti: saat di dalam pesawat, penderita aerophobia dapat mengalami serangan panik. beberapa gejala serangan panik yang dapat timbul adalah: jika anda mengalami gejala seperti yang telah disebutkan di atas, sebaiknya konsultasikan ke dokter. penanganan yang tepat diperlukan",1,penyakit,alodokter.com,2026-06-28
alo-3394031452-short1,aerophobia adalah ketakutan berlebih untuk bepergian dengan pesawat terbang.,1,penyakit,alodokter.com,2026-06-28
alo-3394031452-short2,"aerophobia adalah ketakutan berlebih untuk bepergian dengan pesawat terbang. penderita aerophobia dapat mengalami mual, gemetar, hingga serangan panik saat berada di dalam pesawat, bahkan sejak sebelum lepas landas.",1,penyakit,alodokter.com,2026-06-28
alo-1601884652,"afasia - afasia adalah gangguan berkomunikasi yang disebabkan oleh kerusakan di otak. gangguan ini dapat memengaruhi kemampuan berbicara dan menulis, serta kemampuan memahami kata-kata saat membaca atau mendengar. afasia sering disebabkan oleh stroke atau cedera kepala. penderita afasia umumnya keliru dalam memilih atau merangkai kata-kata menjadi sebuah kalimat yang benar. selain itu, penderita afasia juga tidak bisa memahami perkataan orang lain. meski demikian, gangguan dalam berkomunikasi ini tidak memengaruhi tingkat kecerdasan dan daya ingat penderitanya. afasia bisa terjadi secara tiba-tiba setelah seseorang mengalami stroke atau cedera kepala. namun, afasia juga dapat terjadi secara bertahap akibat tumor otak atau demensia. afasia bukan merupakan suatu penyakit, melainkan gejala yang menandai adanya kerusakan di bagian otak yang mengatur bahasa dan komunikasi. salah satu penyebab kerusakan otak yang paling sering memicu afasia adalah stroke. saat terserang stroke, tidak adanya aliran darah ke otak menyebabkan kematian sel otak atau kerusakan di bagian otak yang memproses bahasa. diketahui sekitar 25â40 penderita stroke menderita afasia. selain stroke, kerusakan otak akibat cedera kepala, tumor otak, atau infeksi di otak (ensefalitis) juga bisa menyebabkan afasia. dalam kondisi tersebut, afasia biasanya disertai dengan gangguan daya ingat dan gangguan kesadaran. penyakit yang menyebabkan penurunan fungsi sel-sel otak, seperti demensia dan penyakit parkinson, juga",1,penyakit,alodokter.com,2026-06-28
alo-1601884652-short1,afasia adalah gangguan berkomunikasi yang disebabkan oleh kerusakan di otak.,1,penyakit,alodokter.com,2026-06-28
alo-1601884652-short2,"afasia adalah gangguan berkomunikasi yang disebabkan oleh kerusakan di otak. gangguan ini dapat memengaruhi kemampuan berbicara dan menulis, serta kemampuan memahami kata-kata saat membaca atau mendengar.",1,penyakit,alodokter.com,2026-06-28
alo-194374676,"agoraphobia - agoraphobia atau agorafobia adalah rasa takut atau cemas berlebihan pada tempat atau situasi yang membuat penderitanya merasa panik, terperangkap, tidak berdaya, atau malu. umumnya, agoraphobia timbul ketika penderitanya bepergian atau berada di tempat-tempat publik, terutama yang ramai. fobia adalah kondisi ketika seseorang mengalami reaksi ketakutan yang berlebihan terhadap sesuatu. ketakutan tersebut bisa disebabkan oleh beragam hal, contohnya ada yang merasa takut pada suatu kondisi atau situasi, seperti keramaian, dan ada juga yang merasa takut pada hal-hal yang lebih spesifik, seperti darah atau hewan tertentu. penderita agoraphobia akan merasa takut dan cemas berlebihan pada beberapa tempat dan kondisi, seperti tempat umum, ruangan tertutup, keramaian, lingkungan di luar rumah, dan transportasi publik. akibatnya, kehidupan penderita agoraphobia berisiko menjadi sangat terbatas dan terisolasi. belum diketahui penyebab pasti munculnya agoraphobia. namun, kondisi ini umumnya timbul saat seseorang pernah mengalami lebih dari satu kaliâ serangan panikâ pada suatu tempat atau kondisi tertentu. hal ini menyebabkan penderita agoraphobia takut dan menghindari tempat atau kondisi tersebut. agoraphobia dapat dialami seseorang sejak masih kecil, tetapi kondisi ini lebih sering terjadi di usia remaja atau dewasa muda (kurang dari 35 tahun). selain itu, agoraphobia juga lebih sering ditemukan pada wanita dibandingkan dengan pria. ada beberapa faktor yang bisa meningkatkan",1,penyakit,alodokter.com,2026-06-28
alo-194374676-short1,"agoraphobia atau agorafobia adalah rasa takut atau cemas berlebihan pada tempat atau situasi yang membuat penderitanya merasa panik, terperangkap, tidak berdaya, atau malu.",1,penyakit,alodokter.com,2026-06-28
alo-194374676-short2,"agoraphobia atau agorafobia adalah rasa takut atau cemas berlebihan pada tempat atau situasi yang membuat penderitanya merasa panik, terperangkap, tidak berdaya, atau malu. umumnya, agoraphobia timbul ketika penderitanya bepergian atau berada di tempat-tempat publik, terutama yang ramai.",1,penyakit,alodokter.com,2026-06-28
alo-1341095310,"agranulositosis - agranulositosis adalah kondisi saat sumsum tulang terlalu sedikit membentuk granulosit, yaitu jenis sel darah putih yang berfungsi untuk melawan infeksi. agranulositosis harus segera ditangani karena dapat menimbulkan komplikasi serius, bahkan sampai mengancam nyawa. granulosit merupakan kelompok sel darah putih yang terdiri dari neutrofil, eosinofil, dan basofil. pada agranulositosis, sumsum tulang tidak mampu menghasilkan sel darah putih tertentu dalam jumlah yang cukup. jenis sel darah putih yang jumlahnya rendah tersebut biasanya adalah neutrofil.â dalam keadaan normal, sumsum tulang mampu menghasilkan 1.500 neutrofil per mikroliter darah. sementara pada agranulositosis, jumlah neutrofil yang terbentuk tidak sampai 100 per mikroliter darah. pada kondisi seperti ini, tubuh akan lebih mudah terserang infeksi yang berat, bahkan apabila kuman yang menginfeksi tidak berbahaya. agranulositosis bisa terjadi akibat kelainan genetik yang diturunkan dari orang tua. agranulositosis yang sudah muncul sejak lahir (kongenital) ini disebut juga dengan sindrom kostmann. selain kelainan genetik, agranulositosis juga dapat disebabkan oleh kondisi atau penyakit tertentu. berikut adalah kondisi atau penyakit yang bisa menyebabkan agranulositosis:â ada beberapa jenis obat yang dapat memicu agranulositosis, misalnya metamizole. jika ragu, anda bisa berkonsultasi online untuk menanyakan obat apa saja yang perlu dihindari agar anda tidak terkena kondisi ini. penderita agranulositosis akan mudah terserang infeksi karena sedikitnya jumlah",1,penyakit,alodokter.com,2026-06-28
alo-1341095310-short1,"agranulositosis adalah kondisi saat sumsum tulang terlalu sedikit membentuk granulosit, yaitu jenis sel darah putih yang berfungsi untuk melawan infeksi.",1,penyakit,alodokter.com,2026-06-28
alo-1341095310-short2,"agranulositosis adalah kondisi saat sumsum tulang terlalu sedikit membentuk granulosit, yaitu jenis sel darah putih yang berfungsi untuk melawan infeksi. agranulositosis harus segera ditangani karena dapat menimbulkan komplikasi serius, bahkan sampai mengancam nyawa.",1,penyakit,alodokter.com,2026-06-28
alo-884886768,"akalasia - akalasia adalah kondisi ketika otot kerongkongan tidak mampu mendorong makanan atau minuman untuk masuk ke lambung. kondisi ini membuat penderitanya dapat mengalami gejala berupa kesulitan menelan, makanan naik kembali ke kerongkongan, serta penurunan berat badan. ketika seseorang makan atau minum, cincin otot di bagian bawah kerongkongan (lower esophageal sphincterles) akan berkontraksi untuk mendorong makanan atau minuman masuk lebih dalam. selanjutnya, les akan melemas agar makanan atau minuman dapat masuk ke lambung. pada akalasia, les menjadi kaku dan tidak dapat membuka dengan benar. kondisi ini membuat makanan atau minuman menumpuk di bagian bawah kerongkongan dan terkadang kembali naik ke bagian atas kerongkongan. meski sama-sama mengakibatkan makanan naik ke tenggorokan, akalasia berbeda dengan penyakit asam lambung (gerd). gerd terjadi akibat les terlalu lemah sehingga cincin otot kerongkongan tersebut tidak dapat menutup. akalasia tergolong penyakit yang jarang terjadi. diperkirakan, kondisi ini terjadi pada 1 dari 100.000 orang. meski demikian, akalasia dapat menyerang orang dari semua kelompok usia, baik pria maupun wanita. belum diketahui apa yang menyebabkan akalasia, tetapi ada dugaan akalasia terkait dengan sejumlah kondisi berikut: selain sejumlah kondisi di atas, akalasia juga dapat terjadi sebagai komplikasi dari penyakit chagas, kanker lambung, dan limfoma. akalasia dapat terjadi pada siapa saja. meski demikian, ada",1,penyakit,alodokter.com,2026-06-28
alo-884886768-short1,akalasia adalah kondisi ketika otot kerongkongan tidak mampu mendorong makanan atau minuman untuk masuk ke lambung.,1,penyakit,alodokter.com,2026-06-28
alo-884886768-short2,"akalasia adalah kondisi ketika otot kerongkongan tidak mampu mendorong makanan atau minuman untuk masuk ke lambung. kondisi ini membuat penderitanya dapat mengalami gejala berupa kesulitan menelan, makanan naik kembali ke kerongkongan, serta penurunan berat badan.",1,penyakit,alodokter.com,2026-06-28
alo-3958862356,"akantosis nigrikans - akantosis nigrikans adalah kondisi kulit yang berubah menjadi lebih gelap, tebal, dan bertekstur seperti beludru. akantosis nigrikan biasanya terjadi di bagian lipatan tubuh, seperti ketiak, leher, atau selangkangan. akantosis nigrikans bisa dialami oleh siapa saja, tetapi lebih sering terjadi pada penderita obesitas. meski tidak menular dan tidak berbahaya, kondisi ini dapat menjadi salah satu tanda dari gangguan kesehatan yang lebih serius. penyebab akantosis nigrikans belum diketahui secara pasti. namun, gangguan ini sering terjadi akibat peningkatan kadar insulin dan resistensi insulin. ada beberapa kondisi yang diduga memicu terjadinya akantosis nigrikans, yaitu: sebagian besar penderita akantosis nigrikans mengalami resistensi insulin. pada kondisi ini, insulin tidak bisa bekerja dengan efektif sehingga kadar gula darah meningkat. akibatnya, penderita akantosis nigrikans bisa terkena diabetes tipe 2. peningkatan jumlah insulin juga menyebabkan sel-sel kulit di beberapa bagian tubuh berganti lebih cepat. kondisi ini membuat bagian kulit tertentu berwarna lebih gelap dibandingkan warna kulit di sekitarnya. akantosis nigrikans sering terjadi pada penderita penyakit yang memengaruhi hormon di dalam tubuh, seperti penyakit addison, sindrom cushing, sindrom polikistik ovarium (pcos), atau hipotiroid. sejumlah penyakit autoimun, seperti lupus, sindrom sjãgren, skleroderma, dan penyakit hashimoto bisa menyebabkan akantosis nigrikans. faktor lainnya, seperti kanker di lambung, usus, atau hati, juga bisa menyebabkan",1,penyakit,alodokter.com,2026-06-28
alo-3958862356-short1,"akantosis nigrikans adalah kondisi kulit yang berubah menjadi lebih gelap, tebal, dan bertekstur seperti beludru.",1,penyakit,alodokter.com,2026-06-28
alo-3958862356-short2,"akantosis nigrikans adalah kondisi kulit yang berubah menjadi lebih gelap, tebal, dan bertekstur seperti beludru. akantosis nigrikan biasanya terjadi di bagian lipatan tubuh, seperti ketiak, leher, atau selangkangan.",1,penyakit,alodokter.com,2026-06-28
alo-3385094374,"akromegali - akromegali adalah kondisi medis ketika tubuh kelebihan hormon pertumbuhan (growth hormone). kondisi ini umumnya dialami oleh orang dewasa, yang ditandai dengan pertumbuhan berlebihan di berbagai bagian tubuh, terutama kaki, tangan, dan wajah.â growth hormone (gh) berperan dalam pertambahan tinggi badan pada masa kanak-kanak. setelah dewasa, gh akan menjaga kesehatan tulang, organ, dan metabolisme tubuh. pada akromegali, kadar growth hormone tinggi meningkatkan ukuran tulang yang tidak normal di tangan, kaki, dan wajah. meskipun dapat dialami oleh segala kelompok usia, akromegali lebih sering terjadi pada orang usia 30â50 tahun. pada anak-anak, kelebihan hormon pertumbuhan tidak menyebabkan akromegali, tetapiâ gigantisme. akromegali terjadi akibat tingginya produksi hormon pertumbuhan atau growth hormone (gh). pada usia dewasa, peningkatan hormon pertumbuhan biasanya disebabkan oleh adanya tumor.â ada dua jenis tumor yang dapat meningkatan produksi gh, yaitu: sebagian besar kasus akromegali memperlihatkan adanyaâ tumor pada kelenjar hipofisis (pituitari), yang dapat meningkatkan produksi gh. kelenjar hipofisis terletak di bagian bawah otak. fungsinya adalah untuk memproduksi berbagai hormon yang penting bagi tubuh, salah satunya growth hormone. gh memicu organ hati untuk memproduksi insulin-like growth factor i (igf-i) yang berfungsi sebagai stimulan pertumbuhan tulang dan jaringan tubuh. kadar gh yang berlebihan akan memengaruhi produksi igf-i. akibatnya, terjadi pertumbuhan yang abnormal pada",1,penyakit,alodokter.com,2026-06-28
alo-3385094374-short1,akromegali adalah kondisi medis ketika tubuh kelebihan hormon pertumbuhan (growth hormone).,1,penyakit,alodokter.com,2026-06-28
alo-3385094374-short2,"akromegali adalah kondisi medis ketika tubuh kelebihan hormon pertumbuhan (growth hormone). kondisi ini umumnya dialami oleh orang dewasa, yang ditandai dengan pertumbuhan berlebihan di berbagai bagian tubuh, terutama kaki, tangan, dan wajah.â growth hormone (gh) berperan dalam pertambahan tinggi badan pada masa kanak-kanak.",1,penyakit,alodokter.com,2026-06-28
alo-1511534337,"aktinomikosis - aktinomikosis adalah infeksi bakteri yang jarang terjadi dan sering menyerang wajah dan leher, tetapi juga dapat mengenai bagian tubuh lain, seperti mulut, dada, panggul, atau perut. infeksi bakteri ini bisa diobati dengan baik jika dideteksi lebih awal. aktinomikosis sering ditandai dengan luka yang bernanah atau abses pada area yang terinfeksi. infeksi ini bisa menyebar dari satu bagian tubuh ke bagian lain, terutama jika ada luka terbuka atau jaringan yang rusak. aktinomikosis tidak menular dan sering ditemui di negara tropis. meski jarang terjadi, penyakit ini dapat menimbulkan infeksi yang serius, seperti meningitis. aktinomikosis disebabkan oleh bakteri actinomyces, yang biasanya hidup secara normal di rongga mulut, saluran pencernaan, dan saluran kencing. infeksi terjadi jika bakteri ini masuk ke jaringan tubuh lain, terutama bila ada cedera atau jaringan yang rusak. meski aktinomikosis dapat terjadi pada siapa saja, ada beberapa faktor yang dapat meningkatkan risiko seseorang lebih rentan terkena penyakit ini, yaitu: secara umum, aktinomikosis ditandai dengan abses atau borok di lokasi infeksi. di samping kemunculan abses, gejala lain yang dapat muncul adalah: aktinomikosis dapat terjadi di bagian tubuh mana saja. gejala lain yang muncul akan tergantung lokasi terjadinya infeksi, misalnya: konsultasikan lewat chat bersama dokter jika anda mengalami gejala di atas, terutama bila",1,penyakit,alodokter.com,2026-06-28
alo-1511534337-short1,"aktinomikosis adalah infeksi bakteri yang jarang terjadi dan sering menyerang wajah dan leher, tetapi juga dapat mengenai bagian tubuh lain, seperti mulut, dada, panggul, atau perut.",1,penyakit,alodokter.com,2026-06-28
alo-1511534337-short2,"aktinomikosis adalah infeksi bakteri yang jarang terjadi dan sering menyerang wajah dan leher, tetapi juga dapat mengenai bagian tubuh lain, seperti mulut, dada, panggul, atau perut. infeksi bakteri ini bisa diobati dengan baik jika dideteksi lebih awal.",1,penyakit,alodokter.com,2026-06-28
alo-3129525559,"albinisme - albinisme atau albino adalah kondisi yang menyebabkan tubuh kurang atau tidak memproduksi melanin. penderita albinisme dapat dikenali dari warna rambut dan kulitnya yang terlihat putih atau pucat. melanin merupakan pigmen yang dihasilkan tubuh untuk menentukan warna kulit, rambut, dan selaput pelangi (iris) mata. melanin juga berperan dalam perkembangan saraf mata yang memengaruhi fungsi penglihatan. kekurangan melanin dapat menyebabkan kelainan warna rambut dan kulit, hingga mengganggu penglihatan. albinisme tergolong kondisi yang jarang terjadi, yaitu sekitar 1 dari tiap 20.000 bayi lahir. di indonesia, kondisi ini lebih dikenal dengan sebutan albino. albinisme disebabkan oleh perubahan atau mutasi pada gen yang memengaruhi produksi melanin. melanin merupakan pigmen yang dihasilkan oleh sel melanosit yang terdapat di mata, kulit, dan rambut. mutasi pada gen-gen tersebut menyebabkan produksi melanin berkurang atau bahkan tidak diproduksi sama sekali. hal inilah yang menyebabkan munculnya gejala albinisme. berdasarkan jenis gen yang mengalami mutasi, albinisme terbagi dalam beberapa tipe. berikut adalah penjelasannya: albinisme okulokutaneus merupakan albinisme yang paling umum terjadi. albinisme tipe ini terjadi akibat mutasi pada salah satu dari 7 gen (oca1 sampai oca7). mutasi pada gen ini menyebabkan penurunan produksi melanin di rambut, kulit, dan mata, serta menurunkan fungsi penglihatan. albinisme okulokutaneus terjadi ketika masing-masing orang tua menurunkan satu",1,penyakit,alodokter.com,2026-06-28
alo-3129525559-short1,albinisme atau albino adalah kondisi yang menyebabkan tubuh kurang atau tidak memproduksi melanin.,1,penyakit,alodokter.com,2026-06-28
alo-3129525559-short2,albinisme atau albino adalah kondisi yang menyebabkan tubuh kurang atau tidak memproduksi melanin. penderita albinisme dapat dikenali dari warna rambut dan kulitnya yang terlihat putih atau pucat.,1,penyakit,alodokter.com,2026-06-28
alo-1505807071,"pengertian alergi - alergi adalah reaksi berlebihan dari sistem kekebalan tubuh terhadap zat tertentu yang sebenarnya tidak berbahaya, seperti debu, makanan, obat-obatan, atau bulu hewan. kondisi ini dapat menimbulkan berbagai gejala, mulai dari bersin dan ruam kulit hingga reaksi berat yang dapat mengancam nyawa, seperti anafilaksis. alergi dapat dialami oleh siapa saja, tetapi lebih sering terjadi pada anak-anak dan orang yang memiliki riwayat alergi dalam keluarga. pada sebagian orang, alergi dapat membaik seiring bertambahnya usia, tetapi ada juga yang menetap hingga dewasa. kondisi ini dapat memengaruhi kualitas hidup penderitanya, terutama bila sering kambuh atau menimbulkan gejala yang cukup berat. alergi terjadi ketika sistem kekebalan tubuh bereaksi terhadap alergen. zat ini sebenarnya tidak berbahaya bagi kebanyakan orang, tetapi pada penderita alergi dapat memicu reaksi imun yang berlebihan. beberapa alergen yang sering menjadi penyebab alergi, antara lain: ada beberapa faktor yang dapat meningkatkan risiko seseorang mengalami alergi, yaitu: gejala alergi dapat berbeda-beda tergantung pada jenis alergi dan bagian tubuh yang terpengaruh. gejala tersebut dapat muncul dalam hitungan menit hingga beberapa jam setelah terpapar alergen. beberapa gejala alergi yang umum terjadi adalah: alergi makanan alergi obat alergi sengatan serangga pada sebagian kasus, alergi dapat menimbulkan anafilaksis, yaitu reaksi alergi berat yang dapat menyebabkan tekanan darah turun,",1,penyakit,alodokter.com,2026-06-28
alo-1505807071-short1,"pengertian alergi adalah alergi adalah reaksi berlebihan dari sistem kekebalan tubuh terhadap zat tertentu yang sebenarnya tidak berbahaya, seperti debu, makanan, obat-obatan, atau bulu hewan.",1,penyakit,alodokter.com,2026-06-28
alo-1505807071-short2,"alergi adalah reaksi berlebihan dari sistem kekebalan tubuh terhadap zat tertentu yang sebenarnya tidak berbahaya, seperti debu, makanan, obat-obatan, atau bulu hewan. kondisi ini dapat menimbulkan berbagai gejala, mulai dari bersin dan ruam kulit hingga reaksi berat yang dapat mengancam nyawa, seperti anafilaksis.",1,penyakit,alodokter.com,2026-06-28
alo-2309529232,"alergi dingin - alergi dingin adalah reaksi sistem kekebalan tubuh yang berlebihan terhadap paparan suhu dingin, baik dari udara maupun air. kondisi ini ditandai dengan munculnya biduran atau bentol dan gatal di kulit beberapa menit setelah tubuh terpapar suhu dingin. alergi dingin merupakan salah satu kelainan langka yang biasanya terjadi pada remaja yang beranjak dewasa. reaksi alergi ini umumnya akan hilang dengan sendirinya, tetapi bisa juga diatasi dengan obat antialergi jika dirasa mengganggu. setelah gejalanya hilang, reaksi alergi dapat kembali muncul jika penderitanya terpapar suhu dingin. kebanyakan penderita alergi dingin dapat sembuh total setelah beberapa tahun. namun, dalam beberapa kasus, kondisi ini tidak bisa disembuhkan dan bertahan seumur hidup. penyebab alergi dingin adalah kulit yang terpapar suhu dingin, baik dari udara maupun air dingin. paparan ini dapat memicu tubuh melepaskan histamin, yaitu zat kimia yang menimbulkan reaksi alergi pada kulit. hingga kini, belum diketahui secara pasti mengapa tubuh bereaksi dengan melepaskan histamin saat terkena suhu dingin. namun, orang yang memiliki kulit sensitif diketahui lebih berisiko mengalami alergi dingin. beberapa faktor lain yang dapat meningkatkan risiko seseorang terkena alergi dingin adalah: usia anak-anak dan remaja merupakan kelompok usia yang paling sering terkena alergi dingin, tetapi biasanya akan sembuh dengan sendirinya dalam waktu beberapa tahun.",1,penyakit,alodokter.com,2026-06-28
alo-2309529232-short1,"alergi dingin adalah reaksi sistem kekebalan tubuh yang berlebihan terhadap paparan suhu dingin, baik dari udara maupun air.",1,penyakit,alodokter.com,2026-06-28
alo-2309529232-short2,"alergi dingin adalah reaksi sistem kekebalan tubuh yang berlebihan terhadap paparan suhu dingin, baik dari udara maupun air. kondisi ini ditandai dengan munculnya biduran atau bentol dan gatal di kulit beberapa menit setelah tubuh terpapar suhu dingin.",1,penyakit,alodokter.com,2026-06-28
alo-3306001746,"alergi kacang - alergi kacang adalah reaksi tubuh yang muncul ketika mengonsumsi kacang atau makanan berbahan dasar kacang. reaksi tersebut dapat berupa gatal di kulit, bersin-bersin, muntah, hingga diare. kacang merupakan salah satu jenis makanan yang baik untuk dikonsumsi, karena mengandung nutrisi lengkap, seperti protein, karbohidrat, lemak, vitamin, dan mineral. beberapa jenis kacang, seperti kacang tanah, kacang lima, almond, mete, kenari, atau walnut, memiliki kandungan nutrisi yang sama. alergi kacang merupakan salah satu jenis alergi makanan yang sebagian besar dialami oleh anak-anak. meski demikian, alergi kacang juga dapat dialami oleh orang dewasa. alergi kacang perlu ditangani untuk mencegah reaksi alergi yang lebih berat, yaitu syok anafilaktik. alergi kacang terjadi ketika sistem kekebalan tubuh bereaksi dan menganggap kacang sebagai zat yang berbahaya bagi tubuh (alergen). reaksi ini kemudian memicu tubuh untuk menghasilkan senyawa kimia yang disebut histamin. histamin tersebut kemudian memicu munculnya gejala alergi. histamin dapat menyebar melalui pembuluh darah dan memengaruhi berbagai jaringan tubuh, seperti kulit, saluran pernapasan, dan usus. seseorang dapat mengalami alergi kacang jika: ada beberapa kelompok orang yang berisiko tinggi menderita alergi kacang, yaitu: reaksi alergi yang muncul berbeda pada tiap penderita, mulai dari ringan hingga parah. gejala alergi kacang biasanya mulai muncul dalam hitungan menit sampai jam setelah penderita",1,penyakit,alodokter.com,2026-06-28
alo-3306001746-short1,alergi kacang adalah reaksi tubuh yang muncul ketika mengonsumsi kacang atau makanan berbahan dasar kacang.,1,penyakit,alodokter.com,2026-06-28
alo-3306001746-short2,"alergi kacang adalah reaksi tubuh yang muncul ketika mengonsumsi kacang atau makanan berbahan dasar kacang. reaksi tersebut dapat berupa gatal di kulit, bersin-bersin, muntah, hingga diare.",1,penyakit,alodokter.com,2026-06-28
alo-2119527242,"alergi makanan - food allergy atau alergi makanan adalah reaksi alergi yang muncul setelah mengonsumsi makanan tertentu. gejalanya bisa meliputi mual dan muntah, pembengkakan di wajah, sesak napas, sampai hilang kesadaran. alergi makanan terjadi ketika sistem kekebalan tubuh menganggap protein di dalam makanan merupakan suatu ancaman bagi tubuh. sebagai bentuk respons, tubuh melepaskan senyawa kimia yang memicu reaksi alergi. reaksi yang timbul dari alergi makanan sering kali ringan. namun, pada beberapa kasus, alergi makanan bisa sampai mengancam nyawa. oleh karena itu, penting untuk mengetahui cara mencegah dan meredakan reaksi alergi yang muncul. alergi makanan terjadi ketika sistem kekebalan tubuh keliru menganggap protein di dalam makanan tertentu sebagai ancaman bagi tubuh. tubuh pun memberi respons dengan melepaskan antibodi yang disebut imunoglobulin e (ige), guna menetralisir pemicu alergi (alergen) di dalam makanan tersebut. ketika seseorang kembali mengonsumsi makanan tersebut meski hanya sedikit, ige akan merangsang tubuh untuk mengeluarkan senyawa kimia yang disebut histamin ke aliran darah. histamin inilah yang menyebabkan timbulnya gejala alergi. alergi makanan biasanya berlangsung sejak masa kanak-kanak, tetapi kadang juga baru muncul ketika seseorang sudah dewasa. adapun jenis makanan yang memicu alergi cenderung berbeda pada orang dewasa dan anak-anak. pada orang dewasa, reaksi alergi bisa muncul setelah mengonsumsi makanan berikut: sedangkan pada",1,penyakit,alodokter.com,2026-06-28
alo-2119527242-short1,alergi makanan adalah food allergy atau alergi makanan adalah reaksi alergi yang muncul setelah mengonsumsi makanan tertentu.,1,penyakit,alodokter.com,2026-06-28
alo-2119527242-short2,"food allergy atau alergi makanan adalah reaksi alergi yang muncul setelah mengonsumsi makanan tertentu. gejalanya bisa meliputi mual dan muntah, pembengkakan di wajah, sesak napas, sampai hilang kesadaran.",1,penyakit,alodokter.com,2026-06-28
alo-2823140338,"alergi obat - alergi obat adalah reaksi berlebihan dari sistem kekebalan tubuh (sistem imun) terhadap suatu obat yang digunakan. reaksi ini muncul karena sistem kekebalan tubuh menganggap zat dalamâ obat tersebutâ sebagai bahan yang dapat membahayakan tubuh. perlu diketahui, alergi obat berbeda dengan efek samping obat yang biasanya tercantum pada kemasan, atau keracunan obat akibat overdosis.â meski jarang terjadi, alergi obat bisa terjadi pada siapa pun, baikâ anak-anakâ maupun orang dewasa. alergi obat disebabkan oleh reaksi sistem kekebalan tubuh yang berlebihan akibat konsumsi atau penggunaan obat. ketika sistem imun mendeteksi obat yang masuk dan menganggapnya berbahaya, maka akan muncul antibodi spesifik untuk obat tersebut. antibodi spesifik selanjutnya akan mengeluarkan senyawa yang disebut histamin. histamin inilah yang menimbulkan keluhan dan gejala alergi obat. alergi obat tidak sama dengan sensitivitas terhadap obat. meski dapat menimbulkan gejala yang mirip, sensitivitas terhadap obat tidak melibatkan peran sistem imun seperti yang terjadi pada alergi obat. hampir semua obat bisa memicu reaksi alergi. namun, ada beberapa obat yang sering memicu reaksi alergi, yaitu: tidak semua orang akan mengalami reaksi alergi akibat obat-obatan. ada dugaan, seseorang lebih berisiko mengalami alergi obat bila memiliki sejumlah faktor berikut: gejala danâ tanda dari alergi obatâ bisa muncul 1 jam atau beberapa hari setelah",1,penyakit,alodokter.com,2026-06-28
alo-2823140338-short1,alergi obat adalah reaksi berlebihan dari sistem kekebalan tubuh (sistem imun) terhadap suatu obat yang digunakan.,1,penyakit,alodokter.com,2026-06-28
alo-2823140338-short2,alergi obat adalah reaksi berlebihan dari sistem kekebalan tubuh (sistem imun) terhadap suatu obat yang digunakan. reaksi ini muncul karena sistem kekebalan tubuh menganggap zat dalamâ obat tersebutâ sebagai bahan yang dapat membahayakan tubuh.,1,penyakit,alodokter.com,2026-06-28
alo-1320036297,"alergi susu - alergi susu adalah kondisi ketika sistem kekebalan tubuh bereaksi secara berlebihan terhadap protein yang ada dalam susu maupun produk olahan susu. kondisi ini umumnya ditandai dengan gatal-gatal, muntah, atau diare. alergi susu sapi merupakan salah satu jenis alergi yang banyak dialami oleh orang dewasa maupun anak-anak. orang yang memiliki alergi terhadap susu sapi juga bisa alergi terhadap susu hewan lain, seperti susu kambing, susu domba, dan susu kerbau. alergi susu sapi masih sering dianggap sama dengan intolerasi laktosa, padahal kedua kondisi ini berbeda. intoleransi laktosa tidak disebabkan oleh respons sistem kekebalan tubuh yang berlebihan, tetapi karena tubuh kekurangan enzim pengolah laktosa. sistem kekebalan tubuh normalnya melindungi tubuh dari infeksi dan berbagai penyebab penyakit. pada penderita alergi susu, sistem kekebalan tubuh malah menganggap protein susu sebagai zat yang berbahaya. akibatnya, tubuh akan melepaskan histamin dan zat kimia lain yang memicu munculnya gejala alergi susu. ada beberapa faktor yang dapat meningkatkan risiko seseorang terkena alergi susu, yaitu: gejala alergi susu dapat berbeda-beda pada tiap penderitanya. gejala ini bisa muncul sesaat atau beberapa jam setelah mengonsumsi susu atau produk susu. gejala umum akibat alergi susu antara lain: alergi susu juga dapat memicu reaksi alergi parah (anafilaksis). kondisi ini ditandai dengan penurunan kesadaran; tekanan",1,penyakit,alodokter.com,2026-06-28
alo-1320036297-short1,alergi susu adalah kondisi ketika sistem kekebalan tubuh bereaksi secara berlebihan terhadap protein yang ada dalam susu maupun produk olahan susu.,1,penyakit,alodokter.com,2026-06-28
alo-1320036297-short2,"alergi susu adalah kondisi ketika sistem kekebalan tubuh bereaksi secara berlebihan terhadap protein yang ada dalam susu maupun produk olahan susu. kondisi ini umumnya ditandai dengan gatal-gatal, muntah, atau diare.",1,penyakit,alodokter.com,2026-06-28
alo-1092100076,"alergi telur - alergi telur adalah reaksi sistem kekebalan tubuh yang berlebihan terhadap telur atau makanan yang mengandung telur. kondisi ini merupakan salah satu jenis alergi makanan yang paling sering terjadi pada anak-anak setelah alergi susu. alergi telur terjadi ketika sistem kekebalan tubuh menganggap protein dalam telur sebagai zat berbahaya. akibatnya, tubuh melepaskan histamin sebagai respons perlindungan sehingga menimbulkan reaksi alergi. reaksi alergi ini dapat terjadi dalam hitungan menit hingga jam setelah mengonsumsi telur. gejala alergi telur bisa bersifat ringan berupa ruam kulit atau hidung tersumbat, hingga berat, seperti muntah dan sesak napas. pada beberapa kasus, alergi telur juga bisa menyebabkan reaksi alergi yang lebih berat, yaitu reaksi anafilaksis. alergi telur terjadi ketika sistem kekebalan tubuh bereaksi secara berlebihan terhadap protein telur atau makanan yang mengandung telur, seperti: selain pada makanan, kandungan telur juga dapat ditemukan dalam beberapa bahan tambahan makanan pada produk kemasan, yaitu: protein telur juga bisa ditemukan dalam produk selain makanan, misalnya: alergen atau zat pemicu alergi pada telur paling sering berasal dari putih telur. namun, karena kuning dan putih telur sulit dipisahkan sepenuhnya, mengonsumsi bagian kuning telur juga dapat memicu reaksi alergi. alergi telur lebih umum terjadi pada anak-anak, terutama yang berusia 6 bulan sampai lebih dari 1 tahun.",1,penyakit,alodokter.com,2026-06-28
alo-1092100076-short1,alergi telur adalah reaksi sistem kekebalan tubuh yang berlebihan terhadap telur atau makanan yang mengandung telur.,1,penyakit,alodokter.com,2026-06-28
alo-1092100076-short2,alergi telur adalah reaksi sistem kekebalan tubuh yang berlebihan terhadap telur atau makanan yang mengandung telur. kondisi ini merupakan salah satu jenis alergi makanan yang paling sering terjadi pada anak-anak setelah alergi susu.,1,penyakit,alodokter.com,2026-06-28
alo-2240482222,"alexithymia - alexithymia adalah istilah untuk orang yang tidak mampu mengenali, merasakan, dan mengekspresikan emosinya sendiri. kondisi ini tidak termasuk gangguan mental, tetapi sering ditemukan sebagai gejala dari masalah psikologis atau kondisi medis tertentu.â seseorang yang mengalami alexithymia bukan berusaha menyembunyikan emosinya, melainkan sulit dan bingung memproses dan mengungkapkannya kepada orang lain. kondisi ini terjadi saat seseorang tidak mampu menangkap sinyal emosi dalam dirinya sendiri. penderita alexithymia juga tidak mampu membaca situasi atau merasakan emosi orang lain. akibatnya, ia sering dianggap apatis, asing, bahkan arogan karena tidak bisa memberi respons emosi yang tepat. ketidakmampuannya untuk merasakan emosi juga bisa menempatkannya pada situasi yang berbahaya. sebagai contoh, orang dengan alexithymia bingung dengan munculnya perasaan janggal dari orang asing yang berusaha menculiknya. namun, ia tidak bisa menunjukkan perasaannya bahkan bingung harus melakukan apa. bila tidak ada usaha perlawanan atau mencari pertolongan, ia bisa saja dilukai oleh penculik tersebut. contoh lainnya, penderita alexithymia akan kesulitan untuk menyampaikan perasaan atau berinisiatif menyenangkan sahabat maupun pasangan. hal ini bisa membuat sahabat dan pasangan merasa tidak dicintai, frustrasi, bahkan memutus hubungan dengan penderita alexithymia. sejauh yang diketahui, alexithymia erat kaitannya dengan masalah genetik, gangguan saraf, atau gangguan perkembangan. berdasarkan jenisnya, alexithymia dapat disebabkan oleh beberapa hal berikut: alexithymia",1,penyakit,alodokter.com,2026-06-28
alo-2240482222-short1,"alexithymia adalah istilah untuk orang yang tidak mampu mengenali, merasakan, dan mengekspresikan emosinya sendiri.",1,penyakit,alodokter.com,2026-06-28
alo-2240482222-short2,"alexithymia adalah istilah untuk orang yang tidak mampu mengenali, merasakan, dan mengekspresikan emosinya sendiri. kondisi ini tidak termasuk gangguan mental, tetapi sering ditemukan sebagai gejala dari masalah psikologis atau kondisi medis tertentu.â seseorang yang mengalami alexithymia bukan berusaha menyembunyikan emosinya, melainkan sulit dan bingung memproses dan mengungkapkannya kepada orang lain.",1,penyakit,alodokter.com,2026-06-28
alo-2412969114,"alien hand syndrome - alien hand syndrome adalah gangguan saraf yang dapat menyebabkan salah satu tangan bergerak dengan sendirinya tanpa adanya perintah dari otak. kondisi ini bisa membuat salah satu kaki ikut terpengaruh meskipun hal ini jarang terjadi.â alien hand syndrome (ahs) atau sindrom tangan alien umumnya menyerang orang dewasa, terutama usia 60 tahun ke atas. meski begitu, anak-anak juga mungkin untuk mengalami kondisi ini.â saat seseorang terkena alien hand syndrome, tangannya akan bergerak sendiri secara tidak sadar. tangan yang terkena sindrom ini dapat secara tiba-tiba memengang benda yang ada di sekitarnya tanpa adanya perintah dari otak. hal ini dapat membuat penderitanya bingung dan aktivitasnya terganggu. bahkan, jika tidak dikelola dengan baik, kondisi ini bisa menyebabkan cedera yang tidak disengaja, yang mungkin dapat mengancam nyawa.â sampai saat ini penyebab sindrom alien tangan masih diteliti lebih lanjut. namun, ada dugaan bahwa kondisi ini timbul akibat adanya kerusakan atau gangguan pada otak karena kondisi-kondisi tertentu, seperti:â karena termasuk dalam kondisi langka, alien hand syndrome kecil kemungkinan disebabkan oleh kondisi-kondisi tersebut. pada pasien stroke misalnya, risiko untuk terkena alien hand syndrome rendah meski angka persentasenya belum diketahui dengan pasti. sementara itu, hanya 4 dari penderita penyakit creutzfeldt-jakob yang mengalami alien hand syndrome. adapun pada penderita sindrom corticobasal,",1,penyakit,alodokter.com,2026-06-28
alo-2412969114-short1,alien hand syndrome adalah gangguan saraf yang dapat menyebabkan salah satu tangan bergerak dengan sendirinya tanpa adanya perintah dari otak.,1,penyakit,alodokter.com,2026-06-28
alo-2412969114-short2,"alien hand syndrome adalah gangguan saraf yang dapat menyebabkan salah satu tangan bergerak dengan sendirinya tanpa adanya perintah dari otak. kondisi ini bisa membuat salah satu kaki ikut terpengaruh meskipun hal ini jarang terjadi.â alien hand syndrome (ahs) atau sindrom tangan alien umumnya menyerang orang dewasa, terutama usia 60 tahun ke atas.",1,penyakit,alodokter.com,2026-06-28
alo-3283537845,"alkalosis - alkalosis adalah kondisi ketika darah mengandung terlalu banyak basa atau alkali akibat penurunan kadar asam dalam tubuh. penyebab alkalosis bisa karena berkurangnya kadar karbondioksida, elektrolit klorida, atau kalium. keseimbangan kadar asam dan basa ditandai dengan nilai ph normal 7,35â7,45. nilai ph yang kurang dari normal menandakan kandungan asam dalam tubuh lebih banyak. sebaliknya, nilai ph yang lebih besar dari 7,45 menunjukkan kandungan basa dalam tubuh lebih banyak. kesembuhan alkalosis tergantung pada seberapa cepat penyakit ini dideteksi dan ditangani. makin cepat diobati, tingkat kesembuhan alkalosis pun akan lebih tinggi. keseimbangan kadar asam-basa dalam tubuh diatur oleh paru-paru, ginjal, dan sistem penyangga kimia dalam tubuh. saat terjadi gangguan keseimbangan asam dan basa, banyak fungsi organ yang bisa terganggu. alkalosis terjadi ketika kadar basa di dalam darah lebih tinggi daripada kadar asam. berdasarkan penyebabnya, alkalosis terbagi dua, yaitu: alkalosis metabolik terjadi ketika tubuh kekurangan banyak zat asam, atau malah kelebihan zat basa. kondisi ini dapat disebabkan oleh: alkalosis respiratorik terjadi saat aliran darah tidak mengandung cukup karbondioksida. sejumlah kondisi yang bisa menyebabkan alkalosis respiratorik meliputi: gejala alkalosis dapat berbeda-beda pada tiap penderitanya. namun, keluhan yang umumnya muncul berupa: pada beberapa kasus, alkalosis bisa terjadi tanpa disertai gejala sama sekali. akan tetapi, pada kasus",1,penyakit,alodokter.com,2026-06-28
alo-3283537845-short1,alkalosis adalah kondisi ketika darah mengandung terlalu banyak basa atau alkali akibat penurunan kadar asam dalam tubuh.,1,penyakit,alodokter.com,2026-06-28
alo-3283537845-short2,"alkalosis adalah kondisi ketika darah mengandung terlalu banyak basa atau alkali akibat penurunan kadar asam dalam tubuh. penyebab alkalosis bisa karena berkurangnya kadar karbondioksida, elektrolit klorida, atau kalium.",1,penyakit,alodokter.com,2026-06-28
alo-2806822458,"alkaptonuria - alkaptonuria adalah kelainan genetik yang menyebabkan urine dan beberapa bagian kulit berwarna hitam atau gelap. kelainan langka ini disebabkan oleh terganggunya proses penguraian asam amino akibat perubahan pada gen. gejala alkaptonuria biasanya berkembang secara perlahan dan sering kali baru diketahui saat penderitanya berusia 20â30 tahunan. keluhan awal yang dapat terlihat adalah urine berwarna kehitaman atau gelap setelah beberapa saat terpapar udara. selain urine yang berwarna gelap, penderita alkaptonuria atau black urine disease bisa mengalami keluhan berupa radang sendi (arthritis). jika tidak ditangani dengan tepat, alkaptonuria dapat menyebabkan komplikasi serius, seperti batu ginjal atau kerusakan katup jantung. alkaptonuria disebabkan oleh perubahan (mutasi) gen homogentisate 1,2-dioxygenase (hgd). mutasi tersebut menyebabkan enzim homogentisate oxidase yang diperlukan untuk memecah asam amino tidak bekerja dengan baik. akibatnya, proses penguraian asam amino tirosin dan fenilalanin menjadi terganggu. gangguan pada sistem penguraian asam amino juga menyebabkan penumpukan asam homogentisat dalam tubuh. penumpukan asam homogentisat inilah yang menimbulkan gejala alkaptonuria. alkaptonuria merupakan kelainan genetik yang diturunkan secara autosomal resesif. dengan kata lain, alkaptonuria terjadi ketika masing-masing orang tua menurunkan satu salinan gen yang bermutasi kepada anaknya. anak laki-laki dan perempuan lebih berisiko terkena alkaptonuria jika kedua orang tuanya menderita penyakit yang serupa. sedangkan jika penyakit ini diturunkan hanya",1,penyakit,alodokter.com,2026-06-28
alo-2806822458-short1,alkaptonuria adalah kelainan genetik yang menyebabkan urine dan beberapa bagian kulit berwarna hitam atau gelap.,1,penyakit,alodokter.com,2026-06-28
alo-2806822458-short2,alkaptonuria adalah kelainan genetik yang menyebabkan urine dan beberapa bagian kulit berwarna hitam atau gelap. kelainan langka ini disebabkan oleh terganggunya proses penguraian asam amino akibat perubahan pada gen.,1,penyakit,alodokter.com,2026-06-28
alo-1669528589,"alopecia areata - alopecia areata adalah kebotakan atau kerontokan rambut yang disebabkan oleh penyakit autoimun. pada alopecia areata, sistem imun menyerang dan merusak akar rambut sehingga menyebabkan kerontokan dan kebotakan. kulit kepala yang botak dengan bentuk pitak adalah salah satu tanda dari kondisi ini. alopecia areata terjadi ketika tempat tumbuhnya rambut (folikel rambut) mengecil lalu berhenti memproduksi rambut. hal tersebut kemudian menyebabkan terjadinya kerontokan dan kebotakan. kondisi ini bisa terjadi secara bertahap atau tiba-tiba. selain menyebabkan terbentuknya botak pitak pada kulit kepala, alopecia areata juga dapat menyebabkan kebotakan pada satu area secara menyeluruh. alopecia areata jenis ini disebut alopecia areata totalis. selain itu, ada juga alopecia areata yang terjadi di semua area tubuh yang berambut, atau disebut alopecia areata universalis. alopecia areata bisa terjadi pada siapa saja, baik laki-laki maupun perempuan. meski demikian, alopecia areata umumnya terjadi sebelum penderitanya berusia 30 tahun. kondisi ini juga paling sering memengaruhi rambut yang ada di kulit kepala. alopecia areata disebabkan oleh sistem imun yang menyerang folikel rambut (penyakit autoimun). kondisi ini menyebabkan produksi rambut terhenti sehingga rambut menjadi rontok parah dan akhirnya menjadi botak. belum diketahui secara pasti penyebab sistem imun menyerang dan merusak folikel rambut. akan tetapi, kondisi ini diduga dipicu oleh infeksi virus, trauma,",1,penyakit,alodokter.com,2026-06-28
alo-1669528589-short1,alopecia areata adalah kebotakan atau kerontokan rambut yang disebabkan oleh penyakit autoimun.,1,penyakit,alodokter.com,2026-06-28
alo-1669528589-short2,"alopecia areata adalah kebotakan atau kerontokan rambut yang disebabkan oleh penyakit autoimun. pada alopecia areata, sistem imun menyerang dan merusak akar rambut sehingga menyebabkan kerontokan dan kebotakan.",1,penyakit,alodokter.com,2026-06-28
alo-2339120848,"altitude sickness - altitude sickness atau penyakit ketinggian adalah kumpulan gejala yang muncul ketika seseorang mendaki terlalu cepat menuju ketinggian tertentu. beberapa gejalanya adalah sulit tidur, sesak napas, dan sakit kepala. pada ketinggian lebih dari 1.500 meter di atas permukaan laut (mdpl), tekanan udara mulai menurun dan oksigen makin menipis. kondisi ini menyebabkan seseorang yang berada pada ketinggian tersebut harus memberikan waktu bagi tubuhnya untuk beradaptasi. altitude sickness atau mountain sickness terjadi ketika tubuh tidak mendapatkan cukup waktu untuk beradaptasi dengan perubahan tekanan udara dan kadar oksigen di ketinggian. akibatnya, muncul gangguan pada sistem saraf, otot, paru-paru, dan jantung. berdasarkan jenisnya, altitude sickness terbagi menjadi tiga yaitu: altitude sickness terjadi ketika seseorang berada di ketinggian lebih dari 3.000 mdpl. pada ketinggian tersebut, tekanan udara makin menurun dan kadar oksigen makin berkurang. bagi orang yang tidak terbiasa berada di ketinggian, tubuhnya perlu waktu lebih lama untuk beradaptasi dengan kondisi tersebut. gejala altitude sickness muncul ketika tubuh tidak mendapatkan cukup waktu untuk beradaptasi dengan perubahan tekanan udara dan kadar oksigen di ketinggian. beberapa kondisi yang dapat meningkatkan risiko seseorang mengalami altitude sickness adalah: gejala altitude sickness biasanya muncul ketika seseorang berada di ketinggian lebih dari 3.000 mdpl. gejalanya bisa muncul bertahap atau tiba-tiba dengan tingkat",1,penyakit,alodokter.com,2026-06-28
alo-2339120848-short1,altitude sickness atau penyakit ketinggian adalah kumpulan gejala yang muncul ketika seseorang mendaki terlalu cepat menuju ketinggian tertentu.,1,penyakit,alodokter.com,2026-06-28
alo-2339120848-short2,"altitude sickness atau penyakit ketinggian adalah kumpulan gejala yang muncul ketika seseorang mendaki terlalu cepat menuju ketinggian tertentu. beberapa gejalanya adalah sulit tidur, sesak napas, dan sakit kepala.",1,penyakit,alodokter.com,2026-06-28
alo-4015309744,"amaurosis fugax - amaurosis fugax adalah kondisi kebutaan sementara yang mendadak terjadi pada satu atau kedua mata. amaurosis fugax sering kali menjadi pertanda awal stroke. retina adalah bagian mata yang berfungsi untuk menangkap cahaya dari luar. cahaya tersebut kemudian akan diterjemahkan di otak sehingga membentuk gambar. di dalam retina, terdapat pembuluh darah yang menyuplai oksigen dan nutrisi retina. namun, pada amaurosis fugax, pembuluh darah retina tersebut tersumbat sehingga mata tidak dapat melihat. amaurosis fugax disebut juga dengan kebutaan sementara atau transient vision loss. jika tidak ditangani dengan tepat, amaurosis fugax dapat menimbulkan komplikasi berupa kebutaan permanen, dan dapat meningkatkan risiko stroke. amaurosis fugax disebabkan oleh aterosklerosis yang kemudian membentuk plak lemak dan gumpalan darah. gumpalan darah bisa berasal dari pembuluh darah besar di leher (arteri karotis) atau jantung, yang terlepas dan kemudian menyumbat pembuluh darah retina. gumpalan darah tersebut juga bisa berasal dari pembuluh darah retina itu sendiri. ada beberapa faktor yang dapat meningkatkan risiko terbentuknya gumpalan darah atau lemak di pembuluh darah retina, yaitu: beberapa kondisi medis lain yang dapat menyebabkan amaurosis fugax adalah: meskipun jarang, amaurosis fugax juga berisiko terjadi akibat penyempitan mendadak di pembuluh darah otak. kondisi ini dapat terjadi pada aktivitas fisik yang berat dan dilakukan terus-menerus dalam waktu",1,penyakit,alodokter.com,2026-06-28
alo-4015309744-short1,amaurosis fugax adalah kondisi kebutaan sementara yang mendadak terjadi pada satu atau kedua mata.,1,penyakit,alodokter.com,2026-06-28
alo-4015309744-short2,amaurosis fugax adalah kondisi kebutaan sementara yang mendadak terjadi pada satu atau kedua mata. amaurosis fugax sering kali menjadi pertanda awal stroke.,1,penyakit,alodokter.com,2026-06-28
alo-3108835512,"ambeien - ambeien atau wasir adalah pembengkakan atau peradangan pembuluh darah di ujung usus besar (rektum) dan anus. kondisi ini disebabkan oleh peningkatan tekanan pembuluh darah di sekitar anus. salah satunya karena mengejan terlalu keras. ambeien atau yang juga dikenal dengan wasir (hemoroid) adalah kondisi yang umumnya tidak menimbulkan gejala dan dapat membaik dalam hitungan hari. namun, pada kondisi yang parah ambeien dapat menimbulkan nyeri, gatal, dan perdarahan setelah buang air besar. belum diketahui secara pasti penyebab ambeien, tetapi kondisi ini diduga terjadi ketika tekanan pada perut atau tungkai meningkat. peningkatan tekanan tersebut kemudian menyebabkan pembuluh darah di sekitar anus menjadi bengkak dan meradang. beberapa faktor yang dapat meningkatkan risiko terjadinya ambeien, yaitu: selain itu, beberapa kondisi medis juga diduga dapat menyebabkan ambeien, yakni: tanda dan gejala yang muncul akibat ambeien tergantung pada jenis ambeien yang dialami. berikut adalah penjelasannya: ambeien jenis ini ditandai dengan pembuluh darah yang membengkak di luar anus sehingga dapat terlihat dari luar. gejala yang dapat muncul pada ambeien eksternal atau ambeien luar adalah: ambeien internal terjadi ketika pembengkakan pembuluh darah berada di dalam anus sehingga ambeien tidak terlihat atau teraba dari luar. gejala yang dapat ditemukan pada ambeien jenis ini adalah: kapan harus ke dokter periksakan diri",1,penyakit,alodokter.com,2026-06-28
alo-3108835512-short1,ambeien atau wasir adalah pembengkakan atau peradangan pembuluh darah di ujung usus besar (rektum) dan anus.,1,penyakit,alodokter.com,2026-06-28
alo-3108835512-short2,ambeien atau wasir adalah pembengkakan atau peradangan pembuluh darah di ujung usus besar (rektum) dan anus. kondisi ini disebabkan oleh peningkatan tekanan pembuluh darah di sekitar anus.,1,penyakit,alodokter.com,2026-06-28
alo-3594436986,"amebiasis - amebiasis adalah infeksi usus yang disebabkan oleh parasit entamoeba histolytica. penyakit ini sering ditemukan di negara tropis dan berkembang dengan kondisi sanitasi yang kurang baik, termasuk indonesia. meskipun dapat menimbulkan gejala serius, amebiasis bisa diobati dengan tepat. amebiasis terjadi ketika seseorang mengonsumsi makanan atau minuman yang terkontaminasi oleh parasit e. histolytica. parasit ini masuk ke dalam tubuh, lalu berkembang biak di usus besar dan menyebabkan peradangan. amebiasis atau dikenal sebagai disentri amoeba umumnya ditandai dengan diare atau kram perut. pada kasus yang parah, penderita dapat mengalami demam dan penyakit kuning. amebiasis disebabkan oleh parasit e. histolytica, yang bisa masuk ke dalam tubuh dan tinggal di usus melalui beberapa cara berikut: biasanya, larva e. histolytica berada pada kondisi tidak aktif jika berada di air, tanah, pupuk, atau tinja. namun, larva e. histolytica akan menjadi aktif (trofozoit) begitu masuk ke dalam tubuh. larva aktif ini akan berkembang biak di saluran pencernaan, kemudian bergerak dan menetap di dinding usus besar. seseorang berisiko tinggi terinfeksi parasit ini jika sering bepergian ke negara tropis atau yang memiliki banyak kasus amebiasis. infeksi e. histolytica dapat berkembang makin parah jika terdapat beberapa faktor berikut: gejala amebiasis biasanya muncul dalam waktu 7â28 hari setelah infeksi. pada sebagian besar",1,penyakit,alodokter.com,2026-06-28
alo-3594436986-short1,amebiasis adalah infeksi usus yang disebabkan oleh parasit entamoeba histolytica.,1,penyakit,alodokter.com,2026-06-28
alo-3594436986-short2,"amebiasis adalah infeksi usus yang disebabkan oleh parasit entamoeba histolytica. penyakit ini sering ditemukan di negara tropis dan berkembang dengan kondisi sanitasi yang kurang baik, termasuk indonesia.",1,penyakit,alodokter.com,2026-06-28
alo-4277205205,"ameloblastoma - ameloblastoma adalah tumor jinak yang berasal dari sel-sel pembentuk enamel atau lapisan pelindung gigi. meskipun tidak bersifat gamas, tumor ini bisa tumbuh bertahap dan agresif sehingga dapat merusak jaringan di sekitarnya jika tidak segera diobati. ameloblastoma merupakan tumor rahang yang sangat langka. tumor ini diperkirakan hanya terjadi pada 1 dari 1.000.000 orang tiap tahunnya. ameloblastoma biasanya dialami oleh individu berusia 20â40 tahun. ameloblastoma biasanya berkembang di area gigi geraham atau gigi bungsu. jika tidak segera diobati, tumor ini dapat membesar dan bisa merusak gigi, gusi, dan tulang rahang. ameloblastoma terjadi akibat perubahan atau mutasi gen pada sel-sel pembentuk lapisan enamel gigi yang disebut ameloblast. perubahan gen ini membuat sel-sel tersebut tumbuh secara tidak normal dan tidak terkendali. penyebab pasti perubahan gen pada sel-sel ameloblast masih terus diteliti. namun, ameloblastoma diduga lebih sering terjadi pada orang dengan kelainan genetik tertentu atau memiliki masalah pada gusi dan gigi dalam jangka panjang, misalnya kista gigi, yang tidak ditangani dengan baik. pada tahap awal, ameloblastoma jarang menimbulkan gejala. namun, jika tumor sudah tumbuh membesar, akan muncul benjolan atau pembengkakan di rahang. selain benjolan, penderita ameloblastoma juga dapat mengalami keluhan berikut: ameloblastoma umumnya berkembang secara bertahap dalam hitungan bulan hingga tahun. namun, pada beberapa kasus,",1,penyakit,alodokter.com,2026-06-28
alo-4277205205-short1,ameloblastoma adalah tumor jinak yang berasal dari sel-sel pembentuk enamel atau lapisan pelindung gigi.,1,penyakit,alodokter.com,2026-06-28
alo-4277205205-short2,"ameloblastoma adalah tumor jinak yang berasal dari sel-sel pembentuk enamel atau lapisan pelindung gigi. meskipun tidak bersifat gamas, tumor ini bisa tumbuh bertahap dan agresif sehingga dapat merusak jaringan di sekitarnya jika tidak segera diobati.",1,penyakit,alodokter.com,2026-06-28
alo-2211039762,"amenore - amenore atau amenorrhea adalah kondisi ketika seorang wanita tidak mengalami menstruasi sesuai jadwalnya. wanita dikatakan mengalami amenore jika belum pernah menstruasi hingga usia 15 tahun atau tidak mengalami menstruasi selama tiga siklus atau lebih secara berturut-turut. tidak terjadinya menstruasi merupakan kondisi yang normal pada wanita saat hamil, menyusui, sebelum pubertas, atau saat memasuki menopause. pada kondisi tertentu, haid juga tidak terjadi pada wanita yang sedang menggunakan alat kontrasepsi, seperti pil kb atau kb suntik. amenore terjadi ketika seorang wanita tidak mengalami menstruasi di luar kondisi normal, seperti hamil atau menyusui. amenore bisa menjadi tanda dari suatu penyakit, mulai dari pcos (polycystic ovarian syndrome) hingga tumor kelenjar pituitari. oleh karena itu, kondisi ini perlu diperiksakan ke dokter. ada berbagai kondisi yang dapat menyebabkan terjadinya amenore, seperti dijelaskan di bawah ini: penyebab amenore yang paling umum adalah gangguan hormonal. hormon dibutuhkan untuk menghasilkan sel telur (ovulasi) yang kemudian akan memicu menstruasi. oleh karena itu, ketidakseimbangan hormon dapat mengganggu siklus menstruasi, termasuk amenore. kondisi-kondisi yang menyebabkan ketidakseimbangan kadar hormon dalam tubuh antara lain: meski jarang, amenorrhea juga dapat terjadi akibat kelainan bentuk pada organ reproduksi. beberapa kelainan pada organ reproduksi yang dapat menyebabkan amenore adalah: risiko terjadinya amenore akan lebih tinggi pada wanita",1,penyakit,alodokter.com,2026-06-28
alo-2211039762-short1,amenore atau amenorrhea adalah kondisi ketika seorang wanita tidak mengalami menstruasi sesuai jadwalnya.,1,penyakit,alodokter.com,2026-06-28
alo-2211039762-short2,amenore atau amenorrhea adalah kondisi ketika seorang wanita tidak mengalami menstruasi sesuai jadwalnya. wanita dikatakan mengalami amenore jika belum pernah menstruasi hingga usia 15 tahun atau tidak mengalami menstruasi selama tiga siklus atau lebih secara berturut-turut.,1,penyakit,alodokter.com,2026-06-28
alo-1256071996,"amenorrhea - amenorrhea adalah kondisi tidakâ terjadinya menstruasi atau haid. kondisi ini bisa dibagi menjadi amenorrhea primer dan sekunder. amenorrhea perlu ditangani, karena bisa menjadi tanda dari penyakit yang serius, seperti tumor kelenjar pituitari. normalnya, sebelum memasuki masa pubertas, saat hamil, menyusui, atau ketika memasuki fase menopause, wanita tidak akan mengalami menstruasi. selain itu, wanita yang menggunakan kontrasepsi hormonal, seperti kb suntik dan susuk (implan), umumnya juga tidak mengalami haid. jika wanita tidak kunjung mengalami menstruasi pertama (menarche) atau tidak mengalami haid kembali di luar kondisi dan fase tersebut, diperlukan pemeriksaan menyeluruh untuk memastikan penyebab dan faktor pemicunya. amenorrhea dapat disebabkan oleh beragam kondisi, mulai dari gangguan organ reproduksi hingga gangguan hormonal. berikut ini adalah uraian mengenai kondisi yang dapat menyebabkan amenorrhea: beberapa gangguan atau kelainan pada organ reproduksi yang bisa menyebabkan tidak terjadinya menstruasi adalah: beberapa penyakit dan kondisi yang dapat menyebabkan terjadinya gangguan hormonal dan memicu amenorrhea antara lain: selain gangguan hormonal dan gangguan organ reproduksi, riwayat amenorrhea pada keluarga juga dapat meningkatkan risiko seseorang menderita menorrhea. menstruasiâ atau haid adalah proses peluruhan dinding rahim akibat tidak dibuahinya sel telur. kondisi yang umumnya terjadi setiap 21â35 hari sekali ini ditandai dengan keluarnya darah dari vagina yang berlangsung selama 1â7 hari.",1,penyakit,alodokter.com,2026-06-28
alo-1256071996-short1,amenorrhea adalah kondisi tidakâ terjadinya menstruasi atau haid.,1,penyakit,alodokter.com,2026-06-28
alo-1256071996-short2,amenorrhea adalah kondisi tidakâ terjadinya menstruasi atau haid. kondisi ini bisa dibagi menjadi amenorrhea primer dan sekunder.,1,penyakit,alodokter.com,2026-06-28
alo-1924156211,"amiloidosis - amiloidosis atau amyloidosis adalah penyakit langka yang terjadi akibat penumpukan zat amiloid di jaringan tubuh. amiloid sendiri merupakan protein yang diproduksi di sumsum tulang dan dapat disimpan di jaringan atau organ tubuh. pada tahap awal, amiloidosis sering kali tidak menimbulkan gejala apa pun. namun, seiring memburuknya penyakit, penumpukan amiloid dapat memengaruhi kerja organ yang terkena dan menyebabkan komplikasi serius. amiloidosis disebabkan oleh penumpukan amiloid di organ tubuh, seperti ginjal, jantung, atau organ pencernaan. penumpukan amiloid ini dapat terjadi akibat beberapa kondisi berikut: beberapa faktor yang dapat meningkatkan risiko seseorang menderita amiloidosis adalah: amiloidosis tidak menimbulkan gejala apa pun sampai penyakit ini masuk ke tahap yang lebih lanjut. gejala amiloidosis bisa bervariasi, tergantung pada organ atau jaringan yang terpengaruh. beberapa gejala amiloidosis yang umum terjadi adalah: gejala amiloidosis tidak khas sehingga sering kali tidak disadari oleh penderitanya. maka dari itu, lakukan pemeriksaan ke dokter jika anda mengalami gejala yang telah disebutkan di atas, terutama bila keluhan tersebut tidak kunjung membaik. lakukan kontrol rutin ke dokter jika anda telah didiagnosis menderita amiloidosis. dokter akan memantau perkembangan penyakit dan respons tubuh anda terhadap pengobatan. untuk mendiagnosis amiloidosis, dokter akan menanyakan gejala, riwayat kesehatan pasien dan keluarganya, kemudian melakukan pemeriksaan fisik lengkap. selanjutnya, dokter",1,penyakit,alodokter.com,2026-06-28
alo-1924156211-short1,amiloidosis atau amyloidosis adalah penyakit langka yang terjadi akibat penumpukan zat amiloid di jaringan tubuh.,1,penyakit,alodokter.com,2026-06-28
alo-1924156211-short2,amiloidosis atau amyloidosis adalah penyakit langka yang terjadi akibat penumpukan zat amiloid di jaringan tubuh. amiloid sendiri merupakan protein yang diproduksi di sumsum tulang dan dapat disimpan di jaringan atau organ tubuh.,1,penyakit,alodokter.com,2026-06-28
alo-160597868,"amnesia - amnesia atau hilang ingatan adalah gangguan yang menyebabkan seseorang tidak bisa mengingat fakta, informasi, atau kejadian yang pernah dialaminya. meski bersifat ringan, gangguan daya ingat akibat amnesia juga bisa mengganggu kehidupan penderitanya.â amnesia ditandai dengan hilangnya sebagian atau seluruh ingatan penderitanya. meski demikian, penderita amnesia umumnya masih dapat mengingat identitas dirinya, hanya saja mereka cenderung kesulitan untuk mengingat hal baru atau mengingat kejadian di masa lalu. amnesia sering dikaitkan dengan demensia, tetapi keduanya merupakan kondisi yang berbeda. amnesia mengacu pada kondisi hilangnya memori yang dapat bersifat sementara atau permanen, sedangkan demensia merupakan gangguan pada daya ingat sekaligus penurunan fungsi koginitif. amnesia disebabkan oleh kerusakan pada bagian sistem limbik yang ada di otak. sistem limbik merupakan bagian yang berperan dalam mengatur ingatan dan emosi seseorang. kerusakan pada sistem limbik bisa disebabkan oleh sejumlah kondisi berikut: gejala utama amnesia adalah hilangnya ingatan masa lalu atau sulit mengingat hal-hal baru. berdasarkan gejala yang muncul, amnesia dapat dibagi dalam beberapa jenis, yaitu: amnesia jenis ini membuat penderitanya sulit membentuk ingatan baru. gangguan ingatan yang dialami penderita amnesia anterograde dapat bersifat sementara, misalnya setelah seseorang mengonsumsi minuman beralkohol. namun, amnesia jenis ini juga bisa bersifat permanen bila terjadi kerusakan di bagian otak. pada kondisi ini,",1,penyakit,alodokter.com,2026-06-28
alo-160597868-short1,"amnesia atau hilang ingatan adalah gangguan yang menyebabkan seseorang tidak bisa mengingat fakta, informasi, atau kejadian yang pernah dialaminya.",1,penyakit,alodokter.com,2026-06-28
alo-160597868-short2,"amnesia atau hilang ingatan adalah gangguan yang menyebabkan seseorang tidak bisa mengingat fakta, informasi, atau kejadian yang pernah dialaminya. meski bersifat ringan, gangguan daya ingat akibat amnesia juga bisa mengganggu kehidupan penderitanya.â amnesia ditandai dengan hilangnya sebagian atau seluruh ingatan penderitanya.",1,penyakit,alodokter.com,2026-06-28
alo-2387787885,"amputasi - amputasi adalah hilang atau putusnya bagian tubuh, seperti jari, lengan, atau tungkai. amputasi bisa terjadi akibat cedera, atau bisa juga merupakan bagian dari operasi pemotongan bagian tubuh tertentu untuk mengatasi suatu kondisi atau penyakit. amputasi akibat cedera bisa terjadi secara sebagian (parsial) atau keseluruhan (total). amputasi parsial berarti masih ada sebagian atau beberapa jaringan lunak yang tersambung sehingga bagian tubuh penderita tidak terputus sepenuhnya. sementara pada amputasi total, bagian tubuh penderita terputus seluruhnya. baik pada amputasi parsial maupun total, kemungkinan bagian tubuh yang telah terputus dapat disambung kembali atau tidak, tergantung pada tingkat keparahan cedera itu sendiri. jika bagian tubuh yang putus tidak bisa disambungkan kembali, pasien akan disarankan untuk menggunakanâ kaki atau tangan palsuâ (prostesis). istilah amputasi juga digunakan untuk prosedur pemotongan bagian tubuh untuk mencegah kondisi yang lebih berbahaya. kondisi berbahaya yang dimaksud antara lain penyebaran infeksi, luka yang membusuk (gangren), dan kanker. amputasi dapat terjadi akibat cedera parah yang tidak disengaja, atau bisa juga direncanakan oleh dokter untuk menangani sejumlah penyakit. berikut ini adalah penjelasannya: amputasi yang disebabkan oleh cedera bisa terjadi akibat sejumlah kondisi berikut: banyak penyakit yang dapat membuat seseorang harus menjalani prosedur amputasi, antara lain: gejala amputasi yang dapat dialami, terutama pada amputasi akibat",1,penyakit,alodokter.com,2026-06-28
alo-2387787885-short1,"amputasi adalah hilang atau putusnya bagian tubuh, seperti jari, lengan, atau tungkai.",1,penyakit,alodokter.com,2026-06-28
alo-2387787885-short2,"amputasi adalah hilang atau putusnya bagian tubuh, seperti jari, lengan, atau tungkai. amputasi bisa terjadi akibat cedera, atau bisa juga merupakan bagian dari operasi pemotongan bagian tubuh tertentu untuk mengatasi suatu kondisi atau penyakit.",1,penyakit,alodokter.com,2026-06-28
alo-4085079300,"amyotrophic lateral sclerosis (als) - amyotrophic lateral sclerosis (als) adalah gangguan saraf yang dapat memburuk seiring waktu, hingga menyebabkan kelumpuhan. pada awalnya, als ditandai dengan kedutan otot, otot melemah, dan gangguan bicara. â als atau sklerosis lateral amiotrofik adalah penyakit yang menjadi terkenal di tahun 2014 melalui ice bucket challenge, yaitu tantangan yang dilakukan dengan menyiram seember air dingin dari atas kepala. tantangan ini dibuat untuk mengumpulkan dana penelitian terhadap als atau yang disebut juga dengan penyakit lou gehrig. secara spesifik, als menyerang otak dan saraf tulang belakang yang mengendalikan gerakan otot (saraf motorik) sehingga disebut juga sebagai penyakit saraf motorik.â seiring waktu, saraf akan makin rusak. akibatnya, penderita als kehilangan kekuatan otot, kemampuan bicara, makan, hingga bernapas. penyebab penyakit als belum bisa dipastikan. namun, sekitar 5-10 kasus als diketahui terkait dengan faktor keturunan. selain faktor keturunan, beberapa penelitian menunjukkan bahwa als diduga terkait dengan sejumlah kondisi di bawah ini: terdapat sejumlah faktor yang bisa meningkatkan risiko seseorang terkena als, yaitu: gejala awal als sering kali dimulai dari tungkai, lalu menyebar ke bagian tubuh yang lain. seiring perkembangan penyakit, gejala akan makin memburuk, sel-sel saraf akan rusak, dan otot akan terus melemah. kondisi di atas memengaruhi kemampuan penderita dalam berbicara, mengunyah, menelan, dan bernapas. gejala",1,penyakit,alodokter.com,2026-06-28
alo-4085079300-short1,"amyotrophic lateral sclerosis (als) adalah gangguan saraf yang dapat memburuk seiring waktu, hingga menyebabkan kelumpuhan.",1,penyakit,alodokter.com,2026-06-28
alo-4085079300-short2,"amyotrophic lateral sclerosis (als) adalah gangguan saraf yang dapat memburuk seiring waktu, hingga menyebabkan kelumpuhan. pada awalnya, als ditandai dengan kedutan otot, otot melemah, dan gangguan bicara.",1,penyakit,alodokter.com,2026-06-28
alo-573686088,"andropause - andropause atau menopause pria adalah kumpulan gejala yang terjadi akibat penurunan kadar hormon testosteron pada pria seiring bertambahnya usia. keluhan yang terjadi dapat berupa penurunan gairah seksual, sulit tidur, dan perubahan suasana hati. hormon testosteron berperan dalam pembentukan sperma, gairah seksual (libido), perkembangan karakteristik seksual saat pubertas, dan pembentukan massa otot pada pria. seiring pertambahan usia, kadar hormon testosteron akan berangsur-angsur turun, yaitu sekitar 1 per tahun, yang biasanya dimulai sejak usia 40 tahun. berbeda dengan menopause yang merupakan bagian alami dari proses penuaan pada wanita, andropause tidak selalu dialami oleh pria berusia lanjut. menopause umumnya terjadi ketika wanita memasuki usia 50â55 tahun. kondisi ini membuat wanita tidak lagi mengalami masa subur (ovulasi) dan menstruasi sehingga tidak dapat hamil. sementara itu, penurunan kadar hormon testosteron pada pria terjadi secara bertahap dan tidak habis sepenuhnya. selain itu, pria usia lanjut masih bisa menghasilkan sel sperma yang sehat. penyebab andropause adalah penurunan kadar hormon testosteron atau yang disebut dengan hipogonadisme. hipogonadisme umumnya terjadi di kemudian hari dan dapat dipicu oleh obesitas, diabetes yang tidak terkontrol, pola hidup tidak sehat, serta kebiasaan merokok dan konsumsi minuman beralkohol. pada kasus yang jarang, hipogonadisme juga bisa terjadi sejak lahir, misalnya pada penderita sindrom klinefelter, serta",1,penyakit,alodokter.com,2026-06-28
alo-573686088-short1,andropause atau menopause pria adalah kumpulan gejala yang terjadi akibat penurunan kadar hormon testosteron pada pria seiring bertambahnya usia.,1,penyakit,alodokter.com,2026-06-28
alo-573686088-short2,"andropause atau menopause pria adalah kumpulan gejala yang terjadi akibat penurunan kadar hormon testosteron pada pria seiring bertambahnya usia. keluhan yang terjadi dapat berupa penurunan gairah seksual, sulit tidur, dan perubahan suasana hati.",1,penyakit,alodokter.com,2026-06-28
alo-1820847612,"androphobia - androphobia adalah fobia atau rasa takut berlebih terhadap laki-laki. androphobia dapatâ memicu reaksi cemas, panik, jantung berdebar, keringat dingin, hingga mual, ketika memikirkan atau berinteraksi dengan laki-laki. rasa takut atau gugup ketika bertemu orang baru memang bisa dialami siapa pun. namun, pada androphobia, ketakutan ini sangat spesifik, hanya ditujukan kepada laki-laki, dan berlangsung terus-menerus. androphobia merupakan jenis gangguan kecemasan yang dapat menyerang wanita maupun laki-laki. jika tidak ditangani dengan tepat, androphobia dapat menurunkan kualitas hidup penderitanya,â bahkan berisiko memicu gangguan psikologis lain,â mulai dariâ depresiâ hingga percobaan bunuh diri. androphobia termasuk dalam kelompok fobia spesifik, yaitu gangguan kecemasan yang dipicu oleh objek atau situasi tertentu. meskipun penyebab pastinya masih diteliti, fobia ini diduga berkaitan dengan respons berlebihan pada bagian otak bernama amigdala, yang mengatur emosi dan rasa takut. pada androphobia, amigdala mengeluarkan respons emosi yang berlebihan terhadap laki-laki meskipun tidak ada situasi yang berbahaya. kondisi ini diduga terjadi karena penderita memiliki salah satu atau lebih dari faktor-faktor berikut: gejala androphobia biasanya muncul ketika penderita bertemu, berinteraksi, atau bahkan hanya dengan memikirkan laki-laki. gejala ini bisa muncul meski laki-laki tidak melakukan atau menunjukkan perilaku yang mungkin membahayakan penderita. gejala androphobia bisa bervariasi, mulai dari yang ringan hingga berat. keluhan-keluhan yang mungkin",1,penyakit,alodokter.com,2026-06-28
alo-1820847612-short1,androphobia adalah fobia atau rasa takut berlebih terhadap laki-laki.,1,penyakit,alodokter.com,2026-06-28
alo-1820847612-short2,"androphobia adalah fobia atau rasa takut berlebih terhadap laki-laki. androphobia dapatâ memicu reaksi cemas, panik, jantung berdebar, keringat dingin, hingga mual, ketika memikirkan atau berinteraksi dengan laki-laki.",1,penyakit,alodokter.com,2026-06-28
alo-3951042620,"anemia - anemia adalah kondisi ketika jumlah sel darah merah dalam tubuh rendah dan tidak berfungsi dengan baik. kondisi ini membuat tubuh tidak mendapat cukup oksigen sehingga kulit akan terlihat lebih pucat dan tubuh terasa mudah lelah.â anemia merupakan gangguan darah atau kelainan hematologi yang terjadi ketika jumlah sel darah merah atau hemoglobin dalam tubuh berada di bawah batas normal. kondisi ini bisa berlangsung dalam jangka pendek maupun jangka panjang, dengan tingkat keparahan ringan hingga berat. kadar hb normal setiap orang berbeda-beda, tergantung pada usia dan jenis kelaminnya. berikut adalah kisaran nilai hb normal: kadar hemoglobin di bawah 8 gdl sudah tergolong berat. kondisi ini disebut dengan anemia gravis. anemia terjadi ketika tubuh kekurangan sel darah merah sehat atau hemoglobin. akibatnya,â kadar oksigen di dalam darah berkurang (hipoksemia) dan sel-sel dalam tubuh juga tidak mendapat cukup oksigen. hal ini dapat mengganggu fungsi organ secara menyeluruh. secara garis besar, anemia terjadi akibat tiga kondisi berikut ini: berikut ini adalah jenis-jenis anemia yang umum terjadi berdasarkan penyebabnya: kekurangan zat besi membuat tubuh tidak mampu menghasilkan hemoglobin (hb). kondisi ini bisa terjadi akibat kurangnya asupan zat besi dalam makanan, atau karena tubuh tidak mampu menyerap zat besi, misalnya akibat penyakit celiac. jika dibandingkan wanita dewasa",1,penyakit,alodokter.com,2026-06-28
alo-3951042620-short1,anemia adalah kondisi ketika jumlah sel darah merah dalam tubuh rendah dan tidak berfungsi dengan baik.,1,penyakit,alodokter.com,2026-06-28
alo-3951042620-short2,anemia adalah kondisi ketika jumlah sel darah merah dalam tubuh rendah dan tidak berfungsi dengan baik. kondisi ini membuat tubuh tidak mendapat cukup oksigen sehingga kulit akan terlihat lebih pucat dan tubuh terasa mudah lelah.â anemia merupakan gangguan darah atau kelainan hematologi yang terjadi ketika jumlah sel darah merah atau hemoglobin dalam tubuh berada di bawah batas normal.,1,penyakit,alodokter.com,2026-06-28
alo-3755720056,"anemia aplastik - anemia aplastik adalah kondisi serius ketika sumsum tulang tidak mampu memproduksi cukup sel darah baru. akibatnya, jumlah sel darah merah, sel darah putih, atau trombosit menurun drastis. kondisi ini bisa dialami siapa saja, tetapi paling sering pada usia 20-an dan lansia. sumsum tulang yang sehat berperan penting dalam pembentukan sel darah. bila produksi sel darah terganggu, tubuh akan mengalami masalah serius pada sistem kekebalan, peredaran darah, hingga pembekuan darah. gejala awal anemia aplastik biasanya berupa mudah lelah, kulit pucat, sesak napas, dan pusing. kekurangan sel darah putih membuat penderita anemia aplastik rentan terkena infeksi. jika tidak ditangani, penderita kondisi ini dapat mengalami komplikasi yang berbahaya. anemia aplastik disebabkan oleh kerusakan sel punca di sumsum tulang. hal ini menyebabkan produksi sel darah melambat atau bahkan menurun. alhasil, jumlah sel darah merah (eritrosit), sel darah putih (leukosit), limfosit, dan keping darah (trombosit) berkurang.â penyebab anemia aplastik bisa meliputi: anemia aplastik juga terkadang tidak ditemui penyebabnya. kondisi ini disebut anemia aplastik idiopatik. gejala anemia aplastik tergantung pada jenis sel darah yang berkurang. berikut ini adalah tanda-tanda yang sering dialami oleh penderita anemia aplastik: jika jumlah trombosit rendah, penderita mudah mengalami perdarahan. sementara itu, apabila leukosit menurun, tubuh lebih mudah terserang infeksi. berkonsultasilah dengan",1,penyakit,alodokter.com,2026-06-28
alo-3755720056-short1,anemia aplastik adalah kondisi serius ketika sumsum tulang tidak mampu memproduksi cukup sel darah baru.,1,penyakit,alodokter.com,2026-06-28
alo-3755720056-short2,"anemia aplastik adalah kondisi serius ketika sumsum tulang tidak mampu memproduksi cukup sel darah baru. akibatnya, jumlah sel darah merah, sel darah putih, atau trombosit menurun drastis.",1,penyakit,alodokter.com,2026-06-28
alo-806143527,"pengertian anemia defisiensi besi - anemia defisiensi besi adalah salah satu jenis anemia yang terjadi akibat tubuh kekurangan zat besi. kondisi ini mengakibatkan penurunanâ kadar hemoglobin atau jumlah sel darah merah yang sehat dalam tubuh. zat besiâ adalah mineral penting yang diperlukan tubuh untuk menghasilkan salah satu komponen sel darah merah, yaitu hemoglobin. hemoglobin merupakan protein yang berfungsi mengangkut oksigen untuk disebarkan ke seluruh jaringan tubuh. saat kekurangan zat besi, tubuh tidak dapat memproduksi hemoglobin yang cukup. kurangnya produksi hemoglobin membuat pasokan oksigen dalam darah berkurang sehingga tubuh tidak mendapat oksigen yang cukup. hal inilah yang menyebabkan penderita anemia defisiensi besi mudah lelah, lemas, bahkan sesak napas. anemia defisiensi besi pada ibu hamil dapat mengganggu perkembangan janin dan bayi. selain itu, kondisi ini juga meningkatkan risiko kelahiran prematur, penyakit infeksi, hingga kematian ibu dan anak. anemia defisiensi besi merupakan jenis anemia yang paling banyak terjadi, yaitu sekitar 50 dari seluruh jenis anemia yang ada. anemia defisiensi besi terjadi ketika kebutuhan zat besi tidak terpenuhi atau tubuh kehilangan zat besi dalam jumlah berlebihan. akibatnya, tubuh tidak dapat memproduksi hemoglobin dalam jumlah yang cukup. umumnya, kondisi ini dapat dipicu oleh beberapa hal, yaitu: tubuh membutuhkan zat besi dari makanan sehari-hari. pola makan rendah zat besi, seperti jarang",1,penyakit,alodokter.com,2026-06-28
alo-806143527-short1,pengertian anemia defisiensi besi adalah anemia defisiensi besi adalah salah satu jenis anemia yang terjadi akibat tubuh kekurangan zat besi.,1,penyakit,alodokter.com,2026-06-28
alo-806143527-short2,anemia defisiensi besi adalah salah satu jenis anemia yang terjadi akibat tubuh kekurangan zat besi. kondisi ini mengakibatkan penurunanâ kadar hemoglobin atau jumlah sel darah merah yang sehat dalam tubuh.,1,penyakit,alodokter.com,2026-06-28
alo-3940144915,"pengertian anemia defisiensi vitamin b12 dan folat - anemia defisiensi vitamin b12 dan folat adalah kondisi ketika tubuh kekurangan sel darah merah yang sehat akibat kurangnya vitamin b12 dan folat. kondisi ini menimbulkan gejala umum anemia, tetapi bisa juga disertai oleh gejala lain yang disebabkan oleh kekurangan dua vitamin tersebut. vitamin b12 dan folat (vitamin b9) memiliki banyak peran penting bagi tubuh. salah satu fungsinya adalah memproduksi dan membentuk sel darah merah, yang berperan mengangkut oksigen ke seluruh tubuh. pada anemia defisiensi vitamin b12 dan folat, tubuh kekurangan dua vitamin tersebut sehingga pembentukan sel darah merah menjadi terganggu. akibatnya, sel darah merah tumbuh secara tidak normal dengan ukuran yang sangat besar. kondisi ini disebut juga dengan anemia megaloblastik. meski berukuran besar, sel darah merah yang abnormal tidak dapat membawa oksigen dengan optimal. tanpa pasokan sel darah merah yang kayak oksigen, organ dan jaringan tubuh tidak bisa bekerja dengan baik. kondisi ini dapat menyebabkan berbagai masalah kesehatan. penyebab anemia defisiensi vitamin 12 dan folat sangat beragam. seseorang dapat mengalami anemia defisiensi b12 dan folat jika: gejala anemia defisiensi vitamin b12 dan folat muncul secara perlahan. beberapa keluhan yang dapat terjadi berupa kulit pucat, jantung berdebar, telinga berdenging, dan hilang nafsu makan. keluhan di atas juga dapat disertai gejala lain",1,penyakit,alodokter.com,2026-06-28
alo-3940144915-short1,pengertian anemia defisiensi vitamin b12 dan folat adalah anemia defisiensi vitamin b12 dan folat adalah kondisi ketika tubuh kekurangan sel darah merah yang sehat akibat kurangnya vitamin b12 dan folat.,1,penyakit,alodokter.com,2026-06-28
alo-3940144915-short2,"anemia defisiensi vitamin b12 dan folat adalah kondisi ketika tubuh kekurangan sel darah merah yang sehat akibat kurangnya vitamin b12 dan folat. kondisi ini menimbulkan gejala umum anemia, tetapi bisa juga disertai oleh gejala lain yang disebabkan oleh kekurangan dua vitamin tersebut.",1,penyakit,alodokter.com,2026-06-28
alo-2411391910,"anemia hemolitik - anemia hemolitik adalah penyakit kurang darah akibat proses penghancuran sel darah merah yang lebih cepat daripada pembentukannya. penyakit ini perlu ditangani agar tidak terjadi komplikasi pada jantung, seperti gangguan irama jantung atau gagal jantung. anemia hemolitik dapat dialami sejak lahir karena diturunkan dari orang tua atau berkembang setelah lahir. anemia hemolitik yang tidak diturunkan dapat dipicu oleh penyakit, paparan zat kimia, atau efek samping obat-obatan. pada beberapa kasus, anemia hemolitik dapat disembuhkan dengan mengobati penyebabnya. akan tetapi, anemia hemolitik juga bisa berlangsung dalam jangka panjang (kronis), terutama yang disebabkan oleh faktor keturunan. anemia hemolitik dapat diturunkan dari orang tua atau berkembang setelah lahir. beberapa penyebab anemia hemolitik yang dipicu oleh faktor keturunan adalah: sedangkan kondisi selain faktor keturunan yang dapat menyebabkan anemia hemolitik antara lain: gejala anemia hemolitik bisa ringan di awal penyakit, kemudian memburuk secara perlahan atau tiba-tiba. gejalanya bervariasi pada setiap penderita, di antaranya: kapan harus ke dokter periksakan diri ke dokter bila mengalami gejala di atas, terutama bila terdapat keluhan kulit dan mata menguning atau jantung berdebar. anemia hemolitik dapat disebabkan oleh penyakit autoimun atau efek samping obat-obatan. oleh sebab itu, lakukan kontrol rutin ke dokter bila menderita penyakit autoimun atau minum obat tertentu untuk jangka panjang.",1,penyakit,alodokter.com,2026-06-28
alo-2411391910-short1,anemia hemolitik adalah penyakit kurang darah akibat proses penghancuran sel darah merah yang lebih cepat daripada pembentukannya.,1,penyakit,alodokter.com,2026-06-28
alo-2411391910-short2,"anemia hemolitik adalah penyakit kurang darah akibat proses penghancuran sel darah merah yang lebih cepat daripada pembentukannya. penyakit ini perlu ditangani agar tidak terjadi komplikasi pada jantung, seperti gangguan irama jantung atau gagal jantung.",1,penyakit,alodokter.com,2026-06-28
alo-321920483,"anemia pernisiosa - anemia pernisiosa adalah jenis anemia yang disebabkan oleh kekurangan vitamin b12. kekurangan vitamin b12 ini diduga terjadi akibat kondisi autoimun ketika lambung tidak dapat menghasilkan zat untuk penyerapan vitamin b12. vitamin b12 merupakan vitamin yang bermanfaat untuk pembentukan sel darah merah yang sehat dan membantu mengoptimalkan fungsi saraf. vitamin ini bisa diperoleh dari ikan, kerang, daging, hati, telur, dan susu. pada penderita anemia pernisiosa, vitamin b12 tidak bisa diserap oleh usus, karena lambung tidak dapat menghasilkan zat yang dinamakan faktor intrinsik. vitamin b12 yang tidak terserap dapat menyebabkan tubuh kekurangan sel darah merah. jika tidak segera ditangani, penderita bisa mengalami kerusakan saraf permanen. sel parietal lambung berfungsi untuk menghasilkan protein khusus bernama faktor intrinsik. faktor tersebut penting untuk mengikat vitamin b12 agar dapat terserap oleh usus halus. namun, akibat beberapa kondisi medis tertentu, faktor intrinsik kurang atau bahkan tidak dapat diproduksi oleh lambung. beberapa kondisi medis yang bisa menyebabkan anemia pernisiosa adalah: selain gangguan medis di atas, anemia pernisiosa bisa disebabkan oleh defisiensi vitamin b12 yang bisa terjadi karena faktor-faktor berikut: ada beberapa faktor yang dapat meningkatkan risiko seseorang mengalami anemia pernisiosa, yaitu: anemia pernisiosa umumnya tidak menimbulkan gejala. namun, jika timbul gejala, penderita anemia pernisiosa dapat mengalami keluhan berikut:",1,penyakit,alodokter.com,2026-06-28
alo-321920483-short1,anemia pernisiosa adalah jenis anemia yang disebabkan oleh kekurangan vitamin b12.,1,penyakit,alodokter.com,2026-06-28
alo-321920483-short2,anemia pernisiosa adalah jenis anemia yang disebabkan oleh kekurangan vitamin b12. kekurangan vitamin b12 ini diduga terjadi akibat kondisi autoimun ketika lambung tidak dapat menghasilkan zat untuk penyerapan vitamin b12.,1,penyakit,alodokter.com,2026-06-28
alo-201322638,"anemia sel sabit - anemia sel sabit (sickle cell anemia) adalah kelainan genetik yang menyebabkan bentuk sel darah merah menjadi tidak normal. tidak normalnya bentuk sel darah tersebut mengakibatkan pasokan darah sehat dan oksigen ke seluruh tubuh menjadi berkurang. pada kondisi normal, sel darah merah berbentuk bundar dan lentur sehingga mudah bergerak dalam pembuluh darah. sementara pada anemia sel sabit, sel darah merah berbentuk seperti sabit, kaku, dan mudah menyumbat pembuluh darah kecil, sehingga menghambat pasokan darah sehat dan oksigen yang dibutuhkan tubuh. saat ini, belum ada obat untuk menyembuhkan anemia sel sabit. akan tetapi, penanganan dapat diberikan untuk mengontrol gejala dan mencegah terjadinya komplikasi. anemia sel sabit disebabkan oleh mutasi gen yang diturunkan dari kedua orang tua, dan harus dua-duanya memiliki kelainan genetik ini. kondisi pewarisan sifat genetik yang demikian disebut resesif autosomal. jika anak hanya mewarisi satu mutasi gen, yaitu hanya dari salah satu orang tua, maka penyakit anemia sel sabit tidak akan terjadi. namun, ia akan menjadi pembawa (carrier) mutasi gen anemia sel sabit dan dapat mewariskan kelainan genetik ini kepada keturunannya. kemungkinan seorang anak terkena anemia sel sabit dari kedua orang tua yang merupakan carrier penyakit ini adalah 25. berdasarkan mutasi gen yang terjadi, terdapat berbagai jenis penyakit anemia sel",1,penyakit,alodokter.com,2026-06-28
alo-201322638-short1,anemia sel sabit (sickle cell anemia) adalah kelainan genetik yang menyebabkan bentuk sel darah merah menjadi tidak normal.,1,penyakit,alodokter.com,2026-06-28
alo-201322638-short2,anemia sel sabit (sickle cell anemia) adalah kelainan genetik yang menyebabkan bentuk sel darah merah menjadi tidak normal. tidak normalnya bentuk sel darah tersebut mengakibatkan pasokan darah sehat dan oksigen ke seluruh tubuh menjadi berkurang.,1,penyakit,alodokter.com,2026-06-28
alo-3417893367,"aneurisma aorta - aneurisma aorta adalah penyakit yangâ ditandai dengan penggelembungan di dinding pembuluh darahâ aorta. penggelembungan ini dapat terjadi pada aorta di bagian perut, dada, atau keduanya. jika aorta makin besar dan pecah, maka akibatnya bisa fatal. aorta adalah pembuluh darah utama dan terbesar di tubuh manusia. pembuluh ini berfungsi untuk mengalirkan darah yang kayak oksigen dari jantung ke seluruh tubuh. aorta memiliki dinding yang tebal sehingga bisa mempertahankan bentuknya meski tekanan darah di dalamnya cukup tinggi. dinding aorta umumnya tebal dan kuat. namun, pada aneurisma aorta, dinding aorta menjadi lemah sehingga tidak bisa menahan tekanan darah di dalamnya. akibatnya, dinding aorta akan menggelembung. bila pecah atau robek, aneurisma aorta dapat menyebabkan perdarahan hingga menyebabkan kematian. hingga saat ini, penyebab melemahnya dinding aorta belum diketahui dengan pasti. namun, terdapat beberapa faktor yang diduga dapat memicu pelemahan tersebut, yaitu: selain pemicu di atas, ada beberapa faktor yang dapat menyebabkan seseorang lebih berisiko terkena aneurisma aorta, yaitu: gejala aneurisma aorta bisa berbeda-beda, tergantung pada lokasinya. aneurisma aorta bisa muncul di pembuluh aorta perut (abdominal), dada (torakal) atau di kedua pembuluhnya (torako-abdominal). namun, aneurisma aorta di perut lebih sering terjadi dibandingkan aneurisma di dada atau di perut dan dada. pada beberapa kasus, aneurisma dengan penggelembungan",1,penyakit,alodokter.com,2026-06-28
alo-3417893367-short1,aneurisma aorta adalah penyakit yangâ ditandai dengan penggelembungan di dinding pembuluh darahâ aorta.,1,penyakit,alodokter.com,2026-06-28
alo-3417893367-short2,"aneurisma aorta adalah penyakit yangâ ditandai dengan penggelembungan di dinding pembuluh darahâ aorta. penggelembungan ini dapat terjadi pada aorta di bagian perut, dada, atau keduanya.",1,penyakit,alodokter.com,2026-06-28
alo-1285856834,"aneurisma otak - aneurisma otak adalah pelebaran atau penonjolan pembuluh darah otak akibat melemahnya dinding pembuluh darah. penonjolan ini akan terlihat seperti buah beri yang menggantung. bila pembuluh darah tersebut robek, gejala yang timbul bisa berupa sakit kepala yang parah hingga penurunan kesadaran. aneurisma otak yang membesar dan pecah merupakan kondisi gawat darurat, karena bisa menyebabkan perdarahan otak, kerusakan otak, hingga kematian. walaupun bisa diderita oleh siapa saja, aneurisma otak paling sering dialami oleh wanita usia di atas 40 tahun. aneurisma otak terjadi saat dinding pembuluh darah di otak melemah atau menipis. penyebab melemahnya dinding pembuluh darah di otak ini belum bisa dipastikan. namun, ada beberapa faktor yang diduga dapat meningkatkan risiko terjadinya aneurisma otak, yaitu: selain faktor-faktor tersebut, ada beberapa penyakit yang dapat meningkatkan risiko terjadinya aneurisma otak, yaitu: aneurisma otak yang masih berukuran kecil dan belum pecah sering kali tidak menimbulkan gejala. namun, seiring ukuran aneurisma membesar, penderita bisa mengalami berbagai keluhan, seperti: aneurisma otak yang makin membesar bisa pecah dan menimbulkan perdarahan di otak. gejala pecahnya aneurisma otak dapat berupa: lakukan pemeriksaan ke dokter jika mengalami gejala yang telah disebutkan di atas, terlebih bila anda memiliki faktor risiko seperti menderita hipertensi, memiliki riwayat aneurisma otak dalam keluarga, atau pernah mengalami",1,penyakit,alodokter.com,2026-06-28
alo-1285856834-short1,aneurisma otak adalah pelebaran atau penonjolan pembuluh darah otak akibat melemahnya dinding pembuluh darah.,1,penyakit,alodokter.com,2026-06-28
alo-1285856834-short2,aneurisma otak adalah pelebaran atau penonjolan pembuluh darah otak akibat melemahnya dinding pembuluh darah. penonjolan ini akan terlihat seperti buah beri yang menggantung.,1,penyakit,alodokter.com,2026-06-28
alo-377468694,"angin duduk - angin duduk adalah nyeri dada yang disebabkan oleh berkurangnya aliran darah ke otot jantung. kondisi ini sering kali disalahartikan dan diremehkan karena gejalanya mirip dengan masalah yang ringan. padahal, angin duduk berkaitan erat dengan gangguan jantung yang perlu segera ditangani. angina pectoris atau angin duduk ditandai dengan nyeri dada yang seperti tertindih, terbakar, atau tertusuk. keluhan ini lebih sering muncul saat penderitanya sedang beraktivitas, yaitu ketika jantung memompa darah lebih cepat.â angin duduk dapat ditangani dengan pengobatan dari dokter dan dengan menjalani gaya hidup sehat. jika ditangani dengan baik, penderita angin duduk dapat terhindar dari komplikasi yang serius. angin duduk terjadi ketika pembuluh darah jantung (koroner) mengalami penyempitan. pembuluh darah jantung berfungsi untuk mengalirkan darah yang kayak oksigen ke otot jantung, agar jantung dapat memompa darah dengan baik.â ketika pembuluh koroner menyempit, suplai oksigen ke otot jantung akan terganggu sehingga jantung tidak dapat memompa darah dengan maksimal. kondisi ini disebut juga dengan penyakit jantung koroner. penyebab penyakit jantung koroner adalah pembentukan plak atau tumpukan lemak di pembuluh darah koroner (aterosklerosis).â pembuluh darah yang sudah menyempit tersebut dapat makin menyempit saat penderita beraktivitas.â angin duduk juga dapat disebabkan oleh spasme pembuluh darah koroner, yang disebut angina varian atau angina prinzmetal. pada",1,penyakit,alodokter.com,2026-06-28
alo-377468694-short1,angin duduk adalah nyeri dada yang disebabkan oleh berkurangnya aliran darah ke otot jantung.,1,penyakit,alodokter.com,2026-06-28
alo-377468694-short2,angin duduk adalah nyeri dada yang disebabkan oleh berkurangnya aliran darah ke otot jantung. kondisi ini sering kali disalahartikan dan diremehkan karena gejalanya mirip dengan masalah yang ringan.,1,penyakit,alodokter.com,2026-06-28
alo-3969649256,"angina ludwig - angina ludwig adalah infeksi parah pada rahang, tepatnya di dasar mulut. jika tidak cepat ditangani, angina ludwig dapat menyumbat saluran pernapasan. angina ludwig atauâ abses submandibulaâ adalah radang jaringan lunak dalam (selulitis) yang terjadi di dasar mulut dan ruang bawah rahang. kondisi ini terjadi akibat infeksi dari gigi atau gusi yang menyebar ke rahang, bahkan hingga ke pangkal leher. penanganan angina ludwig meliputi pemberian antibiotik suntik atau operasi. angina ludwig paling sering disebabkan oleh infeksi bakteri yang berasal dari abses gigi geraham bawah atau infeksi pada gigi bungsu. bakteri penyebab angina ludwig umumnya merupakan bakteri campuran (polimikroba), terutama kelompok streptococcus, termasuk streptococcus viridans, staphylococcus aureus, serta bakteri anaerob dari rongga mulut selain akibat abses dan infeksi gigi, angina ludwig dapat terjadi karena beberapa kondisi berikut: angina ludwig lebih sering terjadi pada orang dengan kondisi berikut: angina ludwig ditandai dengan bengkak di lidah atau leher, sakit di rahang dan lidah, serta sulit menelan air liur. gejala lain yang dapat terjadi akibat angina ludwig meliputi: selain dapat menimbulkan gejala di atas, angina ludwig juga dapat menimbulkan beberapa gejala yang khas. gejala khasnya adalah lidah terdorong ke atas dan ke belakang akibat pembengkakan dasar mulut, yang dapat menyebabkan sumbatan jalan napas. lakukan pemeriksaan",1,penyakit,alodokter.com,2026-06-28
alo-3969649256-short1,"angina ludwig adalah infeksi parah pada rahang, tepatnya di dasar mulut.",1,penyakit,alodokter.com,2026-06-28
alo-3969649256-short2,"angina ludwig adalah infeksi parah pada rahang, tepatnya di dasar mulut. jika tidak cepat ditangani, angina ludwig dapat menyumbat saluran pernapasan.",1,penyakit,alodokter.com,2026-06-28
alo-3674547859,"angina pectoris - angina pectoris adalah nyeri dada akibat penyakit jantung koroner. angin duduk atau angina pectoris terjadi ketika otot jantung tidak mendapatkan suplai darah yang cukup, akibat penyempitan atau penyumbatan pada pembuluh darah arteri di jantung. angina pectoris bisa terjadi kapan saja dan pada siapa saja. nyeri akibat angina pectoris ini sering disalahartikan sebagai gejala dari kondisi lain, seperti naiknya asam lambung dan peradangan pada paru-paru. angina pectoris paling sering disebabkan oleh penyakit jantung koroner. penyakit jantung koroner terjadi akibat adanya penumpukkan plak di arteri (aterosklerosis). beberapa faktor yang bisa meningkatkan risiko terjadinya penyakit jantung koroner yang kemudian dapat menyebabkan angina adalah: angina pectoris ditandai dengan nyeri dada sebelah kiri yang terasa seperti tertindih, terbakar, tertusuk atau terasa sesak. rasa sakit ini dapat menjalar ke lengan, bahu, punggung, leher, dan rahang. gejalaâ lain yang dapat menyertai nyeri dada tersebut antara lain: berdasarkan karakteristik gejalanya, angina pectoris dapat dibedakan menjadi: stable angina atau angina stabil sering muncul ketika melakukan aktivitas yang berat atau saat mengalami tekanan emosional. stable angina memiliki pola yang teratur dengan durasi yang singkat, biasanya tidak lebih dari 5 menit. unstable angina merupakan jenis angina yang lebih berbahaya. angina jenis ini tidak tergantung pada aktivitas yang dilakukan, serta dapat muncul",1,penyakit,alodokter.com,2026-06-28
alo-3674547859-short1,angina pectoris adalah nyeri dada akibat penyakit jantung koroner.,1,penyakit,alodokter.com,2026-06-28
alo-3674547859-short2,"angina pectoris adalah nyeri dada akibat penyakit jantung koroner. angin duduk atau angina pectoris terjadi ketika otot jantung tidak mendapatkan suplai darah yang cukup, akibat penyempitan atau penyumbatan pada pembuluh darah arteri di jantung.",1,penyakit,alodokter.com,2026-06-28
alo-3085406272,"angioedema - angioedema adalah pembengkakan di bawah kulit, terutama di bibir, kelopak mata, lidah, atau tenggorokan. gejala angioedema bisa ringan, tetapi jika terjadi di tenggorokan dan tidak cepat ditangani, angioedema dapat menyebabkan penderitanya sulit bernapas. angioedema umumnya terjadi akibat reaksi alergi, baik makanan, debu, serbuk bunga, obat, ataupun bulu hewan. meski jarang, angioedema juga dapat disebabkan oleh kelainan bawaan atau tidak diketahui penyebabnya. penyebab angioedema sangat beragam dan dapat dikelompokkan menjadi 4 jenis, yaitu: jenis angioedema ini terjadi akibat reaksi alergi terhadap: seseorang bisa terkena angioedema karena penggunaan obat tertentu meski tidak memiliki alergi terhadap obat tersebut. pembengkakan dapat terjadi sesaat setelah menggunakan obat, tetapi bisa juga beberapa bulan atau tahun setelahnya. beberapa jenis obat yang bisa memicu angioedema adalah: ini merupakan jenis penyakit angioedema yang bersifat turunan. kondisi ini disebabkan oleh kekurangan zat protein tertentu dalam darah yang dapat memicu pelebaran pembuluh darah dan pembengkakan jaringan tubuh. beberapa kondisi yang bisa memicu timbulnya gejala hereditary angioedema adalah: kondisi ini tidak diketahui penyebabnya, tetapi diduga terkait dengan gangguan pada sistem kekebalan tubuh. pembengkakan pada idiopathic angioedema dapat dipicu oleh berbagai kondisi berikut: meski dapat terjadi pada siapa saja, angioedema lebih berisiko dialami oleh orang dengan kondisi berikut: gejala angioedema adalah pembengkakan di",1,penyakit,alodokter.com,2026-06-28
alo-3085406272-short1,"angioedema adalah pembengkakan di bawah kulit, terutama di bibir, kelopak mata, lidah, atau tenggorokan.",1,penyakit,alodokter.com,2026-06-28
alo-3085406272-short2,"angioedema adalah pembengkakan di bawah kulit, terutama di bibir, kelopak mata, lidah, atau tenggorokan. gejala angioedema bisa ringan, tetapi jika terjadi di tenggorokan dan tidak cepat ditangani, angioedema dapat menyebabkan penderitanya sulit bernapas.",1,penyakit,alodokter.com,2026-06-28
alo-1330028977,"angiosarcoma - angiosarcoma adalah kanker yang bermula di dinding pembuluh darah dan pembuluh getah bening. kanker ini bisa terjadi pada siapa saja, tetapi lebih sering terjadi pada orang yang berusia di atas 60 tahun. angiosarcoma dapat menyerang pembuluh darah atau getah bening di bagian tubuh mana pun. namun, kanker ini lebih sering terjadi pada kulit di area kepala dan leher. selain menyerang kulit, angiosarcoma juga dapat menyerang jaringan pada berbagai organ tubuh, seperti payudara, jantung, dan hati. angiosarcoma merupakan kanker yang bisa tumbuh dengan cepat dan sangat mudah menyebar ke organ tubuh lain karena bermula di pembuluh darah. jika telah menyebar, angiosarcoma cenderung sulit diobati. oleh karena itu, penting untuk melakukan deteksi sejak dini agar penanganan bisa segera dilakukan. angiosarcoma terjadi ketika sel-sel dinding pembuluh darah dan pembuluh getah bening mengalami perubahan atau mutasi. akibatnya, sel-sel tersebut tumbuh tidak normal dan tidak terkendali sehingga berkembang menjadi kanker. belum diketahui apa yang menyebabkan terjadinya perubahan atau mutasi genetik pada sel-sel di pembuluh darah dan pembuluh getah bening. namun, ada beberapa faktor yang diduga dapat meningkatkan risiko terjadinya kondisi tersebut, yaitu: gejala angiosarcoma tergantung pada bagian atau organ tubuh yang terkena kanker. jika angiosarcoma menyerang kulit, beberapa gejala yang umumnya muncul adalah: sementara pada",1,penyakit,alodokter.com,2026-06-28
alo-1330028977-short1,angiosarcoma adalah kanker yang bermula di dinding pembuluh darah dan pembuluh getah bening.,1,penyakit,alodokter.com,2026-06-28
alo-1330028977-short2,"angiosarcoma adalah kanker yang bermula di dinding pembuluh darah dan pembuluh getah bening. kanker ini bisa terjadi pada siapa saja, tetapi lebih sering terjadi pada orang yang berusia di atas 60 tahun.",1,penyakit,alodokter.com,2026-06-28
alo-858902912,"ankylosing spondylitis - ankylosing spondylitis adalah peradangan kronis yang dapat menyebabkan menutupnya celah antara ruas tulang belakang. gangguan ini dapat membuat penderita ankylosing spondylitis menjadi bungkuk. tulang belakang terdiri dari beberapa ruas tulang yang dihubungkan oleh bantalan tulang yang lunak. pada penderita ankylosing spondylitis, celah bantalan melebur menjadi tulang sehingga tulang belakang hilang kelenturannya. kondisi ini dapat mengubah postur tubuh penderitanya. ankylosing spondylitis lebih sering menyerang pria daripada wanita. gejalanya berkembang secara bertahap dalam hitungan bulan hingga tahun. penyebab ankylosing spondylitis belum diketahui secara pasti. namun, kondisi ini diduga terkait dengan kelainan gen hla-b27. meski demikian, bukan berarti orang yang memiliki kelainan gen hla-b27 pasti akan terkena ankylosing spondylitis. walau penyebabnya belum diketahui secara pasti, ada beberapa faktor yang dapat meningkatkan risiko seseorang menderita ankylosing spondylitis, yaitu: ankylosing spondylitis pada awalnya ditandai dengan rasa nyeri atau kaku di leher, punggung bawah, dada, dan panggul. nyeri tersebut lebih terasa saat bangun tidur atau setelah penderita diam dalam waktu yang lama. gejala nyeri ini dapat hilang dan muncul dalam periode-periode tertentu selama berberapa bulan hingga beberapa tahun. bila tidak tertangani, penyakit ankylosing spondylitis dapat mengubah postur tubuh penderitanya menjadi lebih bungkuk (kifosis). selain nyeri dan perubahan postur tubuh, penderita ankylosing spondylitis juga dapat merasakan gejala",1,penyakit,alodokter.com,2026-06-28
alo-858902912-short1,ankylosing spondylitis adalah peradangan kronis yang dapat menyebabkan menutupnya celah antara ruas tulang belakang.,1,penyakit,alodokter.com,2026-06-28
alo-858902912-short2,ankylosing spondylitis adalah peradangan kronis yang dapat menyebabkan menutupnya celah antara ruas tulang belakang. gangguan ini dapat membuat penderita ankylosing spondylitis menjadi bungkuk.,1,penyakit,alodokter.com,2026-06-28
alo-3954957401,"pengertian anoreksia nervosa - anoreksia nervosa adalah gangguan makan dengan rasa takut yang berlebihan terhadap kenaikan berat badan. orang dengan kondisi ini akan melakukan segala cara untuk menurunkan berat badannya. bila tidak ditangani, anoreksia nervosa dapat memicu masalah kesehatan serius akibat kekurangan nutrisi ekstrem.â anoreksia nervosa termasuk dalam gangguan mental karena adanya persepsi yang salah terhadap berat badan. penderita anoreksia selalu merasa bahwa dirinya gemuk sehingga akan terus berusaha untuk kurus. â meski begitu, cara yang dilakukan untuk menurunkan berat badan sering kali ekstrem, bahkan saat tubuh penderitanya sudah sangat kurus. gangguan makan ini tidak hanya merusak fungsi organ tubuh, tetapi juga berisiko memicu masalah mental yang serius.â anoreksia nervosa dipengaruhi oleh berbagai faktor. umumnya, gangguan makan ini terjadi akibat salah satu atau kombinasi dari kondisi di bawah ini: anoreksia nervosa dapat memunculkan gejala fisik maupun perilaku berikut: obsesi memiliki tubuh kurus akan membuat penderita anoreksia melakukan berbagai cara untuk mencapainya, meski hal itu dapat membahayakan kesehatannya. beberapa cara tersebut meliputi: penderita anoreksia nervosa umumnya tidak sadar bahwa pikiran serta perilakunya salah dan tidak sehat.â bila anggota keluarga atau kerabat anda menunjukkan tanda dan gejala anoreksia, ajaklah ia menceritakan perasaannya. beri ia dukungan agar mau berkonsultasi dengan dokter. konsultasi dapat dilakukan secara online melalui",1,penyakit,alodokter.com,2026-06-28
alo-3954957401-short1,pengertian anoreksia nervosa adalah anoreksia nervosa adalah gangguan makan dengan rasa takut yang berlebihan terhadap kenaikan berat badan.,1,penyakit,alodokter.com,2026-06-28
alo-3954957401-short2,anoreksia nervosa adalah gangguan makan dengan rasa takut yang berlebihan terhadap kenaikan berat badan. orang dengan kondisi ini akan melakukan segala cara untuk menurunkan berat badannya.,1,penyakit,alodokter.com,2026-06-28
alo-2286224972,"anosmia - anosmia adalah hilangnya kemampuan seseorang untuk mencium bau. kondisi ini juga menyebabkan penderitanya kurang bisa menikmati makanan seperti biasa. kehilangan kemampuan indra penciuman atau anosmia bisa mengganggu keseharian seseorang. selain tidak bisa mencium aroma, makanan yang dikonsumsi penderita anosmia akan terasa hambar. kondisi ini dapat memicu hilangnya nafsu makan, penurunan berat badan, malnutrisi, hingga depresi. pada kasus yang sering terjadi, anosmia disebabkan oleh pilek atau alergi dan bersifat sementara. namun, anosmia bisa juga terjadi dalam jangka panjang dan merupakan tanda penyakit serius yang perlu mendapatkan perawatan dari dokter. proses penciuman terjadi ketika suatu zat, misalnya wewangian bunga, masuk ke hidung, kemudian merangsang sel-sel saraf penciuman. selanjutnya, sel-sel saraf tersebut mengirim sinyal ke otak untuk diproses dan dikirimkan kembali sehingga bau terindentifikasi. anosmia terjadi ketika ada gangguan dalam proses penciuman tersebut. gangguan tersebut dapat berupa: gangguan di dinding dalam hidung bisa berupa iritasi atau hidung tersumbat, yang disebabkan oleh: sejumlah kondisi yang dapat menyebabkan penyumbatan rongga hidung adalah: kerusakan bisa terjadi pada saraf yang berfungsi mengirim sinyal bau ke otak, atau pada otak itu sendiri. penyebabnya antara lain: berdasarkan penelitian, setengah dari jumlah pasien positif virus corona atau covid-19 mengalami gejala anosmia atau hilangnya kemampuan indra penciuman. akan tetapi, gejala anosmia",1,penyakit,alodokter.com,2026-06-28
alo-2286224972-short1,anosmia adalah hilangnya kemampuan seseorang untuk mencium bau.,1,penyakit,alodokter.com,2026-06-28
alo-2286224972-short2,anosmia adalah hilangnya kemampuan seseorang untuk mencium bau. kondisi ini juga menyebabkan penderitanya kurang bisa menikmati makanan seperti biasa.,1,penyakit,alodokter.com,2026-06-28
alo-132524264,"anthrax - anthrax atau antraks adalah penyakit infeksi bakteri yang menular dari hewan ternak, seperti sapi atau kambing. seseorang dapat terserang anthrax jika menyentuh atau memakan daging hewan yang terinfeksi penyakit ini. anthrax merupakan penyakit serius yang bisa menyebabkan kematian. meski begitu, penyakit ini sangat jarang terjadi. selain itu, sampai saat ini tidak ada bukti yang menunjukkan bahwa bakteri penyebab antraks dapat menular antarmanusia. anthrax disebabkan oleh bakteri bacillus anthracis yang hidup di tanah. bakteri ini dapat menyerang hewan pemakan rumput, seperti sapi, kambing, domba, dan kuda. berdasarkan cara penularannya, antraks terbagi dalam tiga jenis, yaitu: anthrax kulit menular pada orang yang memiliki luka terbuka di kulit. penularan terjadi ketika seseorang menyentuh kulit, bulu, tulang, atau daging hewan yang terinfeksi. namun, ada kemungkinan bahwa seseorang juga dapat terinfeksi anthrax kulit dari kontak dengan luka di kulit penderita antraks. anthrax kulit merupakan jenis antraks yang paling sering terjadi, tetapi tidak berbahaya. gejala anthrax kulit baru berkembang 1â7 hari setelah paparan. anthrax jenis ini terjadi ketika seseorang memakan daging hewan yang sudah terinfeksi atau mati akibat antraks, terutama yang dimasak kurang matang. gejala anthrax pencernaan umumnya muncul 1â7 hari setelah paparan bakteri. anthrax pernapasan merupakan antraks yang paling berbahaya. seseorang dapat terinfeksi anthrax pernapasan",1,penyakit,alodokter.com,2026-06-28
alo-132524264-short1,"anthrax atau antraks adalah penyakit infeksi bakteri yang menular dari hewan ternak, seperti sapi atau kambing.",1,penyakit,alodokter.com,2026-06-28
alo-132524264-short2,"anthrax atau antraks adalah penyakit infeksi bakteri yang menular dari hewan ternak, seperti sapi atau kambing. seseorang dapat terserang anthrax jika menyentuh atau memakan daging hewan yang terinfeksi penyakit ini.",1,penyakit,alodokter.com,2026-06-28
alo-1130480360,"anus gatal - anus gatal atau pruritus ani adalah rasa atau sensasi gatal di lubang anus atau dubur. penyebabnya bisa bermacam-macam, tetapiâ umumnya terjadi akibat iritasi di kulit anus. anus gatal bukanlah suatu penyakit, melainkan gejala dari penyakit atau kondisi tertentu. anus gatal umumnya bisa sembuh dengan sendirinya setelah penderita mengetahui dan menghindari pemicunya. namun, pada beberapa kasus, anus gatal juga bisa disebabkan oleh suatu penyakit sehingga harus mendapatkan pengobatan. penyebab anus gatal sangat beragam, mulai dari iritasi, konsumsi makanan dan minuman tertentu, penggunaan obat-obatan dan suplemen, hingga kondisi atau penyakit tertentu. berikut adalah penjelasannya: beberapa kondisi yang dapat menyebabkan iritasi dan memicu munculnya rasa gatal di anus antara lain: mengonsumsi makanan dan minuman tertentu juga dapat menyebabkan perburukan rasa gatal di anus. beberapa jenis makanan dan minuman tersebut adalah: antibiotik spektrum luas, sepertiâ tetracyclinâ danâ erythromycin, juga bisa mengganggu bakteri baik (flora normal) di usus sehingga memicu anus gatal. penyakit infeksi yang disebabkan oleh bakteri, jamur, virus, atau parasit juga dapat menyebabkan anus gatal. beberapa jenis penyakit infeksi tersebut adalah: penyakit kulit yang dapat menimbulkan rasa gatal di anus dan sekitarnya adalah: anus gatal juga dapat dipicu oleh penyakit lain, seperti: selain kondisi di atas, ada beberapa faktor yang dapat membuat gatal",1,penyakit,alodokter.com,2026-06-28
alo-1130480360-short1,anus gatal atau pruritus ani adalah rasa atau sensasi gatal di lubang anus atau dubur.,1,penyakit,alodokter.com,2026-06-28
alo-1130480360-short2,"anus gatal atau pruritus ani adalah rasa atau sensasi gatal di lubang anus atau dubur. penyebabnya bisa bermacam-macam, tetapiâ umumnya terjadi akibat iritasi di kulit anus.",1,penyakit,alodokter.com,2026-06-28
alo-3030812128,"aquaphobia - aquaphobia adalah fobia atau rasa takut berlebihan terhadap air. penderita aquaphobia akan sangat cemas atau panik ketika berdekatan air. oleh karena itu, ia juga akan menjauhkan dirinya dari tempat yang berdekatan dengan air, seperti kolam renang atau pantai. fobia adalah rasa takut dan cemas berlebihan terhadap sesuatu yang sebenarnya tidak berbahaya. pada aquaphobia, ketakutan pada air bisa menyebabkan masalah yang serius, karena air adalah bagian penting dari hidup manusia. oleh karena itu, kondisi ini perlu ditangani sejak dini dan tidak boleh dibiarkan berkembang menjadi tambah parah. meski ketakutannya sama-sama terhadap air, aquaphobia dan hydrophobia merupakan dua kondisi yang berbeda. aquaphobia tidak terjadi karena suatu penyakit, sedangkan hydrophobia terjadi sebagai gejala lanjutan dari penyakit rabies. penyebab aquaphobia belum diketahui secara pasti. namun, kondisi ini umumnya dapat muncul karena beberapa faktor berikut: apa pun yang terkait dengan air bisa membuat penderita aquaphobia mengalami takut berlebihan. rasa takut bisa muncul karena penderita melihat atau memikirkan air dalam berbagai bentuk, seperti: meski dapat terjadi pada siapa saja, aquaphobia lebih berisiko terjadi pada seseorang dengan kondisi berikut ini: gejala aquaphobia umumnya muncul ketika penderitanya melihat air, baik air dalam jumlah yang sedikit maupun banyak. namun selain itu, gejala aquaphobia juga bisa muncul hanya karena penderitanya",1,penyakit,alodokter.com,2026-06-28
alo-3030812128-short1,aquaphobia adalah fobia atau rasa takut berlebihan terhadap air.,1,penyakit,alodokter.com,2026-06-28
alo-3030812128-short2,aquaphobia adalah fobia atau rasa takut berlebihan terhadap air. penderita aquaphobia akan sangat cemas atau panik ketika berdekatan air.,1,penyakit,alodokter.com,2026-06-28
alo-1349492595,"arachnophobia - arachnophobia adalah rasa takut yang berlebihan terhadap laba-laba. penderita kondisi ini bisa mengalami gemetar, keringat dingin, hingga sesak napas ketika melihat laba-laba, baik secara langsung, dalam gambar atau film, maupun hanya dengan membayangkan atau membicarakannya. setiap orang pasti pernah mengalami rasa takut. namun, pada fobia, rasa takut yang dialami penderitanya timbul secara berlebihan dan tidak wajar. rasa takut pada fobia dapat timbul karena berbagai hal, misalnya suatu kondisi atau hal-hal spesifik, seperti darah atau hewan, yang umumnya tidak terlalu berbahaya. arachnophobia biasanya mulai muncul ketika masih anak-anak, yaitu antara 6â11 tahun. intensitas rasa takut yang muncul juga dapat berkurang seiring bertambahnya usia. meski demikian, ada pula arachnophobia yang bertahan hingga penderitanya dewasa, bahkan bertambah parah. penyebab arachnophobia belum diketahui secara pasti. namun, kondisi ini bisa terjadi ketika penderitanya melakukan hal berikut: seseorang yang memiliki ketakutan pada laba-laba bisa memiliki fobia yang sama dengan jenis serangga lain (entomophobia). namun, banyak pula orang yang hanya takut pada laba-laba dan tidak bermasalah dengan jenis serangga lainnya. meski penyebab pastinya belum diketahui, ada beberapa faktor yang diduga dapat meningkatkan risiko terjadinya arachnophobia, yaitu: arachnophobia diketahui lebih sering dialami oleh perempuan daripada laki-laki. fobia ini juga biasanya terjadi bersamaan dengan kondisi lain, seperti: gejala arachnophobia",1,penyakit,alodokter.com,2026-06-28
alo-1349492595-short1,arachnophobia adalah rasa takut yang berlebihan terhadap laba-laba.,1,penyakit,alodokter.com,2026-06-28
alo-1349492595-short2,"arachnophobia adalah rasa takut yang berlebihan terhadap laba-laba. penderita kondisi ini bisa mengalami gemetar, keringat dingin, hingga sesak napas ketika melihat laba-laba, baik secara langsung, dalam gambar atau film, maupun hanya dengan membayangkan atau membicarakannya.",1,penyakit,alodokter.com,2026-06-28
alo-641592642,"aritmia - aritmia adalah gangguan yang terjadi pada irama jantung. penderita aritmia bisa merasakan irama jantungnya terlalu cepat, terlalu lambat, atau tidak teratur. sebenarnya, aritmia normal terjadi pada kondisi jantung yang sehat. namun, bila terjadi terus menerus atau berulang, aritmia bisa menandakan adanya masalah pada organ jantung. ada beberapa jenis aritmia yang paling sering dijumpai, yaitu: aritmia terjadi ketika impuls listrik yang berfungsi mengatur detak jantung tidak bekerja dengan baik. kondisi tersebut dapat disebabkan oleh sejumlah kondisi di bawah ini: selain kondisi medis, aritmia juga dapat dipicu oleh gaya hidup yang tidak sehat, seperti: aritmia bisa terjadi tanpa menimbulkan gejala, sehingga kadang tidak disadari oleh penderitanya. gejala aritmia yang dapat muncul antara lain: perlu diketahui, seseorang yang mengalami gejala di atas belum tentu mengalami aritmia. oleh karena itu, pemeriksaan oleh dokter diperlukan agar dapat diketahui apa yang memicu gejala tersebut. lakukan pemeriksaan kesehatan secara rutin ke dokter ahli kardiologi, terutama bila anda menderita hipertensi, gangguan tiroid, diabetes, penyakit jantung, atau pernah menjalani operasi jantung. segera ke dokter bila sering mengalami nyeri dada, sesak napas, dan jantung berdebar, terutama jika keluhan tersebut muncul secara tiba-tiba. bila ada orang di sekitar anda jatuh pingsan setelah sebelumnya mengeluhkan gejala-gejala di atas, segera bawa ia ke",1,penyakit,alodokter.com,2026-06-28
alo-641592642-short1,aritmia adalah gangguan yang terjadi pada irama jantung.,1,penyakit,alodokter.com,2026-06-28
alo-641592642-short2,"aritmia adalah gangguan yang terjadi pada irama jantung. penderita aritmia bisa merasakan irama jantungnya terlalu cepat, terlalu lambat, atau tidak teratur.",1,penyakit,alodokter.com,2026-06-28
alo-28080203,"arteriosklerosis - arteriosklerosis adalah pengerasan pembuluh darah arteri akibat penumpukan plak di dinding arteri. arteri yang mengeras dapat membuat aliran darah ke organ tubuh menjadi tidak lancar sehingga mengganggu fungsi organ tersebut. kondisi ini dapat terjadi akibat berbagai hal, seperti penumpukan lemak atau penuaan. arteri adalah pembuluh darah yang berfungsi mengalirkan darah kayak oksigen dari jantung ke seluruh tubuh. seiring berjalannya waktu, arteri dapat mengeras sehingga kehilangan elastisitasnya. arteriosklerosis dapat terjadi di arteri yang mengalirkan darah ke jantung, otak, kaki, dan ginjal. bila berlangsung dalam waktu lama, aliran darah ke organ-organ tersebut akan terganggu, bahkan tersumbat. akibatnya, penderita arteriosklerosis berisiko terserang penyakit serius, seperti stroke dan penyakit jantung koroner. meski sering kali dianggap sama, arteriosklerosis berbeda dengan aterosklerosis. arteriosklerosis mencakup semua kondisi pengerasan arteri. sedangkan aterosklerosis merupakan pengerasan arteri yang secara spesifik terjadi akibat penumpukan lemak di dinding arteri. dengan kata lain, aterosklerosis termasuk ke dalam jenis arteriosklerosis. arteriosklerosis terjadi ketika dinding bagian dalam pembuluh darah arteri mengalami kerusakan. akibatnya, sel darah dan plak yang terbentuk dari kolesterol, lemak, atau kalsium menumpuk di dinding arteri dan menyumbat pembuluh darah. penyumbatan pembuluh darah membuat aliran darah ke organ-organ tubuh menjadi tidak lancar. hal ini mengakibatkan organ tersebut tidak berfungsi dengan baik. belum diketahui",1,penyakit,alodokter.com,2026-06-28
alo-28080203-short1,arteriosklerosis adalah pengerasan pembuluh darah arteri akibat penumpukan plak di dinding arteri.,1,penyakit,alodokter.com,2026-06-28
alo-28080203-short2,arteriosklerosis adalah pengerasan pembuluh darah arteri akibat penumpukan plak di dinding arteri. arteri yang mengeras dapat membuat aliran darah ke organ tubuh menjadi tidak lancar sehingga mengganggu fungsi organ tersebut.,1,penyakit,alodokter.com,2026-06-28
alo-2383581111,"arteritis takayasu - arteritis takayasu adalah kondisi yang menyebabkan peradangan pada pembuluh darah aorta dan cabang-cabang utamanya. peradangan ini dapat menimbulkan kerusakan pada pembuluh darah dan menimbulkan beragam gangguan pada tubuh. aorta adalah pembuluh darah terbesar dalam tubuh yang berfungsi mengalirkan darah yang kayak akan oksigen dari jantung. pembuluh darah ini memiliki cabang-cabang yang akan meneruskan darah ke organ di seluruh tubuh, termasuk otak, ginjal, saluran pencernaan, tangan, dan kaki. pada arteritis takayasu, aorta beserta cabang utamanya mengalami peradangan. hal ini dapat mengakibatkan pembuluh darah menipis dan meregang, atau malah menebal dan menyempit. kerusakan pada pembuluh darah ini dapat mengganggu aliran darah dan oksigen yang dibutuhkan untuk menutrisi jaringan tubuh. arteritis takayasu merupakan jenis vaskulitis yang jarang terjadi. kondisi ini juga sering kali tidak menimbulkan masalah dan baru diketahui secara tidak sengaja pada pemeriksaan untuk tujuan lain. namun, jika arteritis takayasu menyebabkan gejala, pengobatan untuk mengendalikan peradangan perlu dilakukan secara rutin. penyebab arteritis takayasu belum diketahui secara pasti. namun, kondisi ini diduga tergolong penyakit autoimun, yaitu kondisi ketika sistem kekebalan tubuh menyerang sel-sel sehat. pada arteritis takayasu, sistem kekebalan tubuh menyerang sel-sel sehat di dinding pembuluh darah aorta dan cabang utamanya. selain diduga karena penyakit autoimun, arteritis takayasu juga diduga merupakan penyakit genetik",1,penyakit,alodokter.com,2026-06-28
alo-2383581111-short1,arteritis takayasu adalah kondisi yang menyebabkan peradangan pada pembuluh darah aorta dan cabang-cabang utamanya.,1,penyakit,alodokter.com,2026-06-28
alo-2383581111-short2,arteritis takayasu adalah kondisi yang menyebabkan peradangan pada pembuluh darah aorta dan cabang-cabang utamanya. peradangan ini dapat menimbulkan kerusakan pada pembuluh darah dan menimbulkan beragam gangguan pada tubuh.,1,penyakit,alodokter.com,2026-06-28
alo-2598521594,"pengertian asam urat - asam urat adalah nyeri radang sendi (arthritis) yangâ ditandai dengan nyeri hebat, kemerahan, bengkak, dan rasa hangat akibat penumpukan kristal asam urat di dalam sendi. kondisi ini paling sering terjadi di jempol kaki, tetapi bisa juga menyerang sendi pada jari kaki yang lain, lutut, atau pergelangan kaki. pada penderita gout atau encok, asam urat yang berlebihan dalam darah menumpuk dan membentuk kristal di dalam sendi. kristal ini dapat memicu peradangan yang menimbulkan gejala berupa nyeri dan bengkak. serangan gout dapat terjadi secara berkala, misalnya beberapa kali dalam setahun, tetapi frekuensinya dapat berbeda pada tiap penderita. meski jarang, serangan nyeri ini bisa sangat mengganggu dan bertahan hingga 7â10 hari. penyebab asam uratâ atau encok adalah penumpukan kristal asam urat pada sendi. penumpukan tersebut dapat terjadi jika kadar asam urat di dalam darah terlalu tinggi (hiperurisemia). beberapa kondisi yang bisa menyebabkan hiperurisemia adalah: ada beberapa faktor yang bisa meningkatkan risiko seseorang terserang penyakit asam urat, yaitu: gejala utama penyakit asam urat atau encok adalah serangan nyeri yang hebat pada sendi atau disebut juga serangan gout. karakteristik serangan gout ini antara lain: nyeri berat dan bengkak pada kaki, tangan, atau jari kaki akibat serangan gout biasanya akan berkurang dalam beberapa jam. namun, rasa",1,penyakit,alodokter.com,2026-06-28
alo-2598521594-short1,"pengertian asam urat adalah asam urat adalah nyeri radang sendi (arthritis) yangâ ditandai dengan nyeri hebat, kemerahan, bengkak, dan rasa hangat akibat penumpukan kristal asam urat di dalam sendi.",1,penyakit,alodokter.com,2026-06-28
alo-2598521594-short2,"asam urat adalah nyeri radang sendi (arthritis) yangâ ditandai dengan nyeri hebat, kemerahan, bengkak, dan rasa hangat akibat penumpukan kristal asam urat di dalam sendi. kondisi ini paling sering terjadi di jempol kaki, tetapi bisa juga menyerang sendi pada jari kaki yang lain, lutut, atau pergelangan kaki.",1,penyakit,alodokter.com,2026-06-28
