id,text,label,domain,source,date
hf-10,"[SALAH] Paparan Sinar Matahari Tidak Menyebabkan Kanker Kulit, tapi Sun Screen Penyebabnya – TurnBackHoax.ID",0,kesehatan,hoaxid_hf,2022-07-30
hf-25,[SALAH] Menahan Tangis Bisa Menyebabkan Kanker – TurnBackHoax.ID,0,kesehatan,hoaxid_hf,2022-07-25
hf-42,[SALAH] Beberapa vaksin COVID-19 dapat meningkatkan risiko HIV. – TurnBackHoax.ID,0,kesehatan,hoaxid_hf,2022-07-22
hf-44,[SALAH] Tjahjo Kumolo meninggal karena Vaksin Covid-19 – TurnBackHoax.ID,0,kesehatan,hoaxid_hf,2022-07-21
hf-46,"[SALAH] Robert Malone, vaksin Covid-19 yang disuntikkan ke anak mengakibatkan spike protein beracun – TurnBackHoax.ID",0,kesehatan,hoaxid_hf,2022-07-20
hf-50,[SALAH] Vaksin Covid-19 menurunkan fertilitas pria – TurnBackHoax.ID,0,kesehatan,hoaxid_hf,2022-07-20
hf-52,[SALAH] Vaksin covid-19 fungsinya untuk mengontrol manusia bukan untuk kesehatan – TurnBackHoax.ID,0,kesehatan,hoaxid_hf,2022-07-19
hf-53,[SALAH] Hati-hati program vaksin BIAS disekolah – TurnBackHoax.ID,0,kesehatan,hoaxid_hf,2022-07-18
hf-61,[SALAH] Cacar Monyet Disebabkan dari Efek Samping Vaksin Covid-19 AstraZeneca – TurnBackHoax.ID,0,kesehatan,hoaxid_hf,2022-07-16
hf-79,[SALAH] Air Rebusan Daun Putri Malu Menyembuhkan Vertigo hingga Stroke – TurnBackHoax.ID,0,kesehatan,hoaxid_hf,2022-07-13
hf-103,[SALAH] Makan Buah Saat Perut Kosong Dapat Sembuhkan Kanker – TurnBackHoax.ID,0,kesehatan,hoaxid_hf,2022-06-30
hf-115,[SALAH] Efektivitas Vaksin Pfizer Hanya Sebesar 12% – TurnBackHoax.ID,0,kesehatan,hoaxid_hf,2022-06-29
hf-119,[SALAH] “Vaksin Cacar Menyebabkan Gelombang Infeksi Virus AIDS” – TurnBackHoax.ID,0,kesehatan,hoaxid_hf,2022-06-28
hf-121,[SALAH] “Studi CDC Mengonfirmasi Kekebalan Alami Lebih Kuat Daripada Vaksin COVID-19” – TurnBackHoax.ID,0,kesehatan,hoaxid_hf,2022-06-28
hf-139,[SALAH] Bill Gates Menyiapkan Miliaran Vaksin Cacar Monyet – TurnBackHoax.ID,0,kesehatan,hoaxid_hf,2022-06-23
hf-140,[SALAH] Justin Bieber Mengatakan Kelumpuhan Wajahnya Disebabkan Oleh Vaksin Covid-19 – TurnBackHoax.ID,0,kesehatan,hoaxid_hf,2022-06-23
hf-149,[SALAH] Lemon Dapat Membunuh Sel Kanker dan 10.000 Kali Lebih Ampuh Daripada Kemoterapi – TurnBackHoax.ID,0,kesehatan,hoaxid_hf,2022-06-23
hf-193,[SALAH] Ilmuwan Pembuat Virus Corona Telah Ditangkap – TurnBackHoax.ID,0,kesehatan,hoaxid_hf,2022-06-13
hf-196,[SALAH] Vaksin Merupakan Praktik Depopulasi Rakyat – TurnBackHoax.ID,0,kesehatan,hoaxid_hf,2022-06-12
hf-200,[SALAH]: Kerokan Kulit Batang Pohon Mangga Dapat Mengobati Sakit Gigi – TurnBackHoax.ID,0,kesehatan,hoaxid_hf,2022-06-09
hf-241,[SALAH] Metode Pertolongan Pertama melalui Pelepasan Darah bagi Penderita Stroke – TurnBackHoax.ID,0,kesehatan,hoaxid_hf,2022-06-02
hf-246,[SALAH] Vaksin Covid-19 Dapat Sebabkan AIDS Sampai Cacar Monyet – TurnBackHoax.ID,0,kesehatan,hoaxid_hf,2022-05-31
hf-272,[SALAH] Militer Amerika Menemukan Pestisida dalam Vaksin Covid-19 Moderna – TurnBackHoax.ID,0,kesehatan,hoaxid_hf,2022-05-29
hf-294,[SALAH] Vaksin mRNA Tidak Direkomendasikan Selama Kehamilan – TurnBackHoax.ID,0,kesehatan,hoaxid_hf,2022-05-24
hf-295,[SALAH] Vaksin mRNA Menyebabkan Hepatitis Pada Anak – TurnBackHoax.ID,0,kesehatan,hoaxid_hf,2022-05-24
hf-306,[SALAH] Cek Gula Darah Gratis Menularkan Virus HIV – TurnBackHoax.ID,0,kesehatan,hoaxid_hf,2022-05-22
hf-323,[SALAH] Berita CNN tentang Dokter Terawan yang Menemukan Pengganti Insulin – TurnBackHoax.ID,0,kesehatan,hoaxid_hf,2022-05-20
hf-331,[SALAH] Pijatan Telapak Tangan untuk Sembuhkan Penyumbatan Jantung – TurnBackHoax.ID,0,kesehatan,hoaxid_hf,2022-05-17
hf-334,[SALAH] Lowongan Kerja Dinas Kesehatan Kabupaten Karanganyar – TurnBackHoax.ID,0,kesehatan,hoaxid_hf,2022-05-17
hf-363,[SALAH] Campuran Air Panas dan Pare Mampu Bunuh Sel Kanker – TurnBackHoax.ID,0,kesehatan,hoaxid_hf,2022-05-10
hf-367,[SALAH] Air Rebusan Rumput Paragis dapat Sembuhkan Kanker – TurnBackHoax.ID,0,kesehatan,hoaxid_hf,2022-05-09
hf-381,[SALAH] Pemerintah Akan Ambil Alih Izin Praktik Dokter dari IDI Dampak Terawan Dipecat – TurnBackHoax.ID,0,kesehatan,hoaxid_hf,2022-05-02
hf-387,[SALAH] Pesan WhatsApp “Makanan Kaleng Produksi Thailand Terkontaminasi Darah Penderita AIDS” dan “Daftar Minuman Penyebab Kanker” – TurnBackHoax.ID,0,kesehatan,hoaxid_hf,2022-04-30
hf-396,[SALAH] Video “Ade Armando Bongkar Rahasia Sejak Awal COVID-19 sampai Juni 2021 Sudah 14 Juta Tentara Masuk Indonesia” – TurnBackHoax.ID,0,kesehatan,hoaxid_hf,2022-04-29
hf-399,[SALAH] Bantuan Voucer Pulsa Senilai Rp2 Juta dari BSSN (Badan Siber Dan Sandi Negara) Untuk Masyarakat Terdampak Covid-19 – TurnBackHoax.ID,0,kesehatan,hoaxid_hf,2022-04-28
hf-412,[SALAH] Moderna Memproduksi Virus dan Vaksin Covid-19 Sebelum Pandemi Terjadi – TurnBackHoax.ID,0,kesehatan,hoaxid_hf,2022-04-27
hf-431,[SALAH] Putusan Mahkamah Agung Republik Indonesia Nomor 31 P/HUM/2022 menyatakan Pandemi Covid-19 telah berakhir – TurnBackHoax.ID,0,kesehatan,hoaxid_hf,2022-04-26
hf-439,[SALAH] Hypnic Jerk Terjadi Karena Darah Dan Jantung Berhenti Dan Menyebabkan Kematian – TurnBackHoax.ID,0,kesehatan,hoaxid_hf,2022-04-23
hf-471,[SALAH] Vaksin Booster Covid-19 Dapat Menyebabkan AIDS – TurnBackHoax.ID,0,kesehatan,hoaxid_hf,2022-04-17
hf-478,[SALAH] Pesan WhatsApp Bantuan BPJS Kesehatan Sebesar Rp75 Juta – TurnBackHoax.ID,0,kesehatan,hoaxid_hf,2022-04-16
hf-487,[SALAH] Lowongan Kerja Dinas Kesehatan Kabupaten Kediri – TurnBackHoax.ID,0,kesehatan,hoaxid_hf,2022-04-14
hf-510,[SALAH] Vaksin COVID-19 Mengandung Luciferase Dan Menjadi Alat Pelacak – TurnBackHoax.ID,0,kesehatan,hoaxid_hf,2022-04-11
hf-515,[SALAH]: Getah Daun Kemangi Dapat Obati Gatal Pada Kulit – TurnBackHoax.ID,0,kesehatan,hoaxid_hf,2022-04-10
hf-530,[SALAH]: Informasi Peringkat Sayuran Anti Kanker Oleh Institut Pencegahan Kanker – TurnBackHoax.ID,0,kesehatan,hoaxid_hf,2022-04-07
hf-541,[SALAH] Perusahaan Farmasi Moderna yang Menciptakan Virus Corona – TurnBackHoax.ID,0,kesehatan,hoaxid_hf,2022-04-04
hf-559,[SALAH] Vaksin Pfizer-BioNTech Dapat Menyebabkan Radang Otak – TurnBackHoax.ID,0,kesehatan,hoaxid_hf,2022-03-30
hf-575,[SALAH] Tiga Orang China Yang Terpapar Varian Baru dari India Tidak Dapat Dideteksi Dengan Alat Test Covid-19 Biasa – TurnBackHoax.ID,0,kesehatan,hoaxid_hf,2022-03-25
hf-625,Kanker CELL CURE RS Gatot Subroto Jakarta – TurnBackHoax.ID,0,kesehatan,hoaxid_hf,2022-03-18
hf-628,[SALAH] “Jadi Covid adalah tidak natural tapi rekayasa si laboratorium Amerika Serikat di Ukraina untuk senjata biologi” – TurnBackHoax.ID,0,kesehatan,hoaxid_hf,2022-03-17
hf-631,[SALAH] Arab Saudi Tidak Mewajibkan Masker untuk Jamaah Masjidil Haram dan Masjid Nabawi serta Akan Menyediakan Asuransi Kesehatan – TurnBackHoax.ID,0,kesehatan,hoaxid_hf,2022-03-16
hf-660,"[SALAH] Video Suntingan “KEMENTERIAN KESEHATAN UKRAINA: 57 MATI, 169 TERLUKA DI SELURUH UKRAINA KARENA SERANGAN RUSIA” – TurnBackHoax.ID",0,kesehatan,hoaxid_hf,2022-03-11
hf-685,[SALAH] Foto Tangkapan Layar Akun Twitter @BPJSKesehatanRI Yang Mengatakan Ukraina Wajib Gabung BPJS Kesehatan Apabila Ingin Dibantu Indonesia – TurnBackHoax.ID,0,kesehatan,hoaxid_hf,2022-03-08
hf-689,[SALAH] Lowongan Dokter Pribadi Full Timer untuk Kepala BNPB – TurnBackHoax.ID,0,kesehatan,hoaxid_hf,2022-03-08
hf-692,[SALAH]: Kulit Bayi Baru Lahir Melepuh Karena Ibu Vaksin Covid-19 Saat Hamil – TurnBackHoax.ID,0,kesehatan,hoaxid_hf,2022-03-08
hf-712,[SALAH] Covid 19 Meningkat hanya Saat Ibadah Umat Islam – TurnBackHoax.ID,0,kesehatan,hoaxid_hf,2022-03-05
hf-722,[SALAH] “Covid-19 dinyatakan dicabut dan dinyatakan tidak berlaku dengan surat edaran satgas SE Satgas No 9/2022” – TurnBackHoax.ID,0,kesehatan,hoaxid_hf,2022-03-05
hf-743,[SALAH] Ilmuwan Jerman Mengumumkan bahwa Berkumur dengan Air Garam dapat Menghilangkan Virus Covid-19 – TurnBackHoax.ID,0,kesehatan,hoaxid_hf,2022-02-28
hf-747,"[SALAH] Vaksin Covid 19 Tidak Berguna, karena Bermutasi menjadi Ribuan Varian Covid Baru – TurnBackHoax.ID",0,kesehatan,hoaxid_hf,2022-02-28
hf-748,[SALAH] Anjuran Ahli Virologi Agar Penerima Vaksin Dosis Ketiga Tes HIV Karena Vaksin Covid Menyebabkan HIV – TurnBackHoax.ID,0,kesehatan,hoaxid_hf,2022-02-28
hf-752,[SALAH] Lowongan Pekerjaan Staff Vaksinasi Booster Dinas Kesehatan Provinsi Jawa Barat – TurnBackHoax.ID,0,kesehatan,hoaxid_hf,2022-02-28
hf-754,[SALAH] Melakukan Tes PCR Sama Dengan Mendapatkan Vaksinasi – TurnBackHoax.ID,0,kesehatan,hoaxid_hf,2022-02-28
hf-755,[SALAH] Antigen Test Kits Tidak Dapat Diandalkan untuk Mendeteksi Covid-19 – TurnBackHoax.ID,0,kesehatan,hoaxid_hf,2022-02-28
hf-772,[SALAH] Imigran Ilegal di Amerika Serikat Mendapatkan Kebebasan Lebih Untuk Akses Jaminan Kesehatan dan Hak Memilih Pada 2022 – TurnBackHoax.ID,0,kesehatan,hoaxid_hf,2022-02-25
hf-787,"[SALAH] Foto Protes Anti-Vaksin di Canberra, Australia Tahun 2022 – TurnBackHoax.ID",0,kesehatan,hoaxid_hf,2022-02-24
hf-791,[SALAH] Menggunakan Obat Bius setelah Vaksin Covid 19 sebabkan Kematian – TurnBackHoax.ID,0,kesehatan,hoaxid_hf,2022-02-24
hf-792,"[SALAH] Jangan Panik, Seseorang yang Terinfeksi Covid-19 Varian Omicron Dapat Sembuh Setelah Mengonsumsi Paracetamol 500 mg, Vitamin C 1000 mg, dan Vitamin D3 1000 IU – TurnBackHoax.ID",0,kesehatan,hoaxid_hf,2022-02-24
hf-795,"[SALAH] Dr. Gupta mengatakan “Tidak seorang pun boleh mati karena kanker, kecuali karena pengabaian” – TurnBackHoax.ID",0,kesehatan,hoaxid_hf,2022-02-23
hf-819,[SALAH] Video Pasien Meninggal 15 Menit setelah Divaksin – TurnBackHoax.ID,0,kesehatan,hoaxid_hf,2022-02-20
hf-823,[SALAH] Antibodi Covid-19 Membuat ASI Berubah Warna – TurnBackHoax.ID,0,kesehatan,hoaxid_hf,2022-02-19
hf-826,[SALAH] Deteksi Covid 19 dengan Tahan Napas 10 Detik – TurnBackHoax.ID,0,kesehatan,hoaxid_hf,2022-02-19
hf-827,[SALAH] Makanan Kaleng Mengandung Virus HIV Aids – TurnBackHoax.ID,0,kesehatan,hoaxid_hf,2022-02-19
hf-834,[SALAH] Bentuk Virus Omicron Seperti Lambang Nazi – TurnBackHoax.ID,0,kesehatan,hoaxid_hf,2022-02-18
hf-838,[SALAH] BPJS Kesehatan Berikan Dana Bantuan Rp100 Juta – TurnBackHoax.ID,0,kesehatan,hoaxid_hf,2022-02-17
hf-851,[SALAH] Terlihat Korban Covid-19 Tergeletak di Jalanan Ternyata Hanya Akting Belaka – TurnBackHoax.ID,0,kesehatan,hoaxid_hf,2022-02-15
hf-859,[SALAH] Cerita Dalam Novel Telah Memprediksi Adanya Pandemi COVID-19 – TurnBackHoax.ID,0,kesehatan,hoaxid_hf,2022-02-14
hf-861,[SALAH] Mayoritas Penduduk Dunia Belum Divaksin Covid-19 – TurnBackHoax.ID,0,kesehatan,hoaxid_hf,2022-02-14
hf-862,[SALAH] Pidato Henry Kissinger Sebut Vaksin adalah Alat Pengendali Populasi – TurnBackHoax.ID,0,kesehatan,hoaxid_hf,2022-02-13
hf-864,[SALAH] Garam dan Air Kelapa dapat Hilangkan Vaksin di Dalam Tubuh – TurnBackHoax.ID,0,kesehatan,hoaxid_hf,2022-02-13
hf-867,[SALAH] Jasa Sertifikat Vaksin melalui Telegram – TurnBackHoax.ID,0,kesehatan,hoaxid_hf,2022-02-13
hf-871,[SALAH] Omicron Bukanlah Virus Melainkan Akibat Dari Keracunan Chemtrail Yang Disebar Di Udara – TurnBackHoax.ID,0,kesehatan,hoaxid_hf,2022-02-13
hf-875,[SALAH] Campuran Daun Pepaya dan Jahe Dapat Sembuhkan Omicron – TurnBackHoax.ID,0,kesehatan,hoaxid_hf,2022-02-12
hf-877,[SALAH] Covid-19 Hoax Karena Narasinya Sudah Ada Sebelum Covid-19 Muncul – TurnBackHoax.ID,0,kesehatan,hoaxid_hf,2022-02-11
hf-878,[SALAH] Vaksin Booster Menyebabkan Manusia Bertingkah Seperti Zombie – TurnBackHoax.ID,0,kesehatan,hoaxid_hf,2022-02-11
hf-879,[SALAH] Aplikasi Android untuk Scan Vaksin Covid-19 yang Terhubung Jaringan 5G – TurnBackHoax.ID,0,kesehatan,hoaxid_hf,2022-02-11
hf-886,[SALAH] Sebuah Koran Menyebut Bill Gates Melakukan Depopulasi Melalui Pemaksaan Vaksinasi – TurnBackHoax.ID,0,kesehatan,hoaxid_hf,2022-02-10
hf-889,[SALAH] Pembagian Masker Gratis yang Diberi Obat Bius ke Rumah-Rumah Warga – TurnBackHoax.ID,0,kesehatan,hoaxid_hf,2022-02-10
hf-890,"[SALAH] Video “Nigeria, Minggu 23-01-2022, menghancurkan jutaan Vaksin Covid19 demi melindungi rakyatnya dari kematian akibat Suntikan Vaksin Covid19” – TurnBackHoax.ID",0,kesehatan,hoaxid_hf,2022-02-10
hf-891,[SALAH] Air Rebusan Pare Dapat Membersihkan Kolesterol dan Semua Penyakit – TurnBackHoax.ID,0,kesehatan,hoaxid_hf,2022-02-10
hf-899,"[SALAH] Dzalim, Cara Vaksin Model Baru Anti Omicron – TurnBackHoax.ID",0,kesehatan,hoaxid_hf,2022-02-07
hf-900,[SALAH] Foto Lampion untuk Perayaan Imlek Saat Pandemi Covid-19 – TurnBackHoax.ID,0,kesehatan,hoaxid_hf,2022-02-07
hf-903,[SALAH] 5G Dapat Mengganggu Keamanan Penerbangan yang Berarti Juga Berbahaya Bagi Kesehatan Manusia – TurnBackHoax.ID,0,kesehatan,hoaxid_hf,2022-02-06
hf-905,[SALAH] Sri Sultan Hamengku Buwono X Mengganggap Covid 19 Sandiwara di Bumi NKRI – TurnBackHoax.ID,0,kesehatan,hoaxid_hf,2022-02-05
hf-909,[SALAH] Atlet Rugby Jordan Michallet Meninggal karena Vaksin Covid-19 – TurnBackHoax.ID,0,kesehatan,hoaxid_hf,2022-02-03
hf-912,[SALAH] Penyuntikan Vaksin Kosong di Semarang – TurnBackHoax.ID,0,kesehatan,hoaxid_hf,2022-02-02
hf-915,"[SALAH]: Siap-siap Suntik Vaksin Dosis Ketiga, Tak Punya Kartu BPJS Kesehatan Wajib Bayar – TurnBackHoax.ID",0,kesehatan,hoaxid_hf,2022-02-02
hf-922,[SALAH] Foto Anak Berlumuran Darah Korban Serangan di Yaman – TurnBackHoax.ID,0,kesehatan,hoaxid_hf,2022-01-31
hf-931,[SALAH] Pesan Berantai Resep Obat COVID-19 – TurnBackHoax.ID,0,kesehatan,hoaxid_hf,2022-01-30
hf-952,[SALAH] “Luhut dan pak mahfud tidak divaksin dengan alasan usia” – TurnBackHoax.ID,0,kesehatan,hoaxid_hf,2022-01-27
hf-959,[SALAH] Microsoft Mengembangkan Implan Chip Mikro Untuk Mengumpulkan Informasi Vaksin COVID-19 – TurnBackHoax.ID,0,kesehatan,hoaxid_hf,2022-01-26
hf-969,[SALAH] Warga Korea Selatan yang Belum Vaksin Tidak Dapat Mengikuti Pemilu – TurnBackHoax.ID,0,kesehatan,hoaxid_hf,2022-01-24
hf-978,[SALAH] Bill Gates akan Menarik Semua Peredaran Vaksin Covid-19 – TurnBackHoax.ID,0,kesehatan,hoaxid_hf,2022-01-23
hf-980,[SALAH] Video 90% Alat Tes Covid-19 Palsu dan Tidak Berfungsi – TurnBackHoax.ID,0,kesehatan,hoaxid_hf,2022-01-23
hf-982,[SALAH] Jasa Pembuatan Sertifikat Vaksin Tanpa Harus Melakukan Vaksinasi – TurnBackHoax.ID,0,kesehatan,hoaxid_hf,2022-01-23
hf-985,[SALAH] Kipas Angin Listrik yang Diletakkan di Dahi Dapat Menghilangkan Virus – TurnBackHoax.ID,0,kesehatan,hoaxid_hf,2022-01-22
hf-988,[SALAH] Video Protes Melawan Tirani Covid-19 di Belanda – TurnBackHoax.ID,0,kesehatan,hoaxid_hf,2022-01-22
hf-989,[SALAH] Viagra Dapat Menyembuhkan Covid-19 – TurnBackHoax.ID,0,kesehatan,hoaxid_hf,2022-01-22
hf-990,[SALAH] Pasien Covid-19 Tanpa Gejala Berarti Sehat dan Mendapatkan Hasil Test Positif Palsu – TurnBackHoax.ID,0,kesehatan,hoaxid_hf,2022-01-22
hf-994,[SALAH] Kedinkes Semarang Menyebar Undangan Rapat Kerja Peningkatan Kinerja Tenaga Kesehatan via WhatsApp – TurnBackHoax.ID,0,kesehatan,hoaxid_hf,2022-01-21
hf-1000,Jasa Kementerian Kesehatan Republik Indonesia Tahun 2022 – TurnBackHoax.ID,0,kesehatan,hoaxid_hf,2022-01-21
hf-1011,[SALAH] Atlet Tenis Dalila Jakupovic Mengalami Kesulitan Bernapas saat Babak Kualifikasi Australia Open karena Vaksin Covid-19 – TurnBackHoax.ID,0,kesehatan,hoaxid_hf,2022-01-19
hf-1019,[SALAH] Login ke Facebook Wajib Gunakan Sertifikat Vaksin – TurnBackHoax.ID,0,kesehatan,hoaxid_hf,2022-01-18
hf-1029,[SALAH] Daftar Kandungan Bahan Kimia Berbahaya dalam Vaksin Covid-19 – TurnBackHoax.ID,0,kesehatan,hoaxid_hf,2022-01-16
hf-1040,[SALAH] Lowongan Kerja Vaksinator di Puskesmas Kota Batu – TurnBackHoax.ID,0,kesehatan,hoaxid_hf,2022-01-14
hf-1041,[SALAH] Vaksin mRNA Sebabkan Kematian Pada Lansia – TurnBackHoax.ID,0,kesehatan,hoaxid_hf,2022-01-13
hf-1052,[SALAH] Benda Logam Menempel pada Lengan setelah divaksin – TurnBackHoax.ID,0,kesehatan,hoaxid_hf,2022-01-12
hf-1053,[SALAH] Pemerintah New Zealand Mengizinkan Euthanasia Secara Spesifik bagi Pasien COVID-19 – TurnBackHoax.ID,0,kesehatan,hoaxid_hf,2022-01-12
hf-1058,[SALAH] WHO Mengatakan Vaksinasi di Seluruh Dunia Harus Dihentikan – TurnBackHoax.ID,0,kesehatan,hoaxid_hf,2022-01-11
hf-1064,[SALAH] CDC Mengumumkan Tes PCR Tidak Mampu Membedakan Virus SARS-Cov-2 dan Influenza – TurnBackHoax.ID,0,kesehatan,hoaxid_hf,2022-01-10
hf-1082,[SALAH] Video Penduduk Aborigin di Australia Menyambut Pemerintah dengan Busur dan Panah sebagai Bentuk Penolakan Vaksin Covid-19 – TurnBackHoax.ID,0,kesehatan,hoaxid_hf,2022-01-07
hf-1084,[SALAH] Warga Korea Selatan yang Belum Vaksin Dilarang Mengikuti Pemilihan Presiden – TurnBackHoax.ID,0,kesehatan,hoaxid_hf,2022-01-07
hf-1097,[SALAH] Nikita Mirzani Minta Masyarakat Berhenti Sebut HRS Sebagai Habib. Dia Itu Hanyalah Seorang Tukang Obat Saja Jangan Mau Dibodohi Bro – TurnBackHoax.ID,0,kesehatan,hoaxid_hf,2022-01-02
hf-1107,[SALAH] Pemesanan Online Vaksin Covid-19 Sinopharm Melalui E-Commerce – TurnBackHoax.ID,0,kesehatan,hoaxid_hf,2021-12-31
hf-1113,[SALAH] Vaksin mRNA pada Pfizer dan Moderna Berbahaya Bagi Anak-Anak – TurnBackHoax.ID,0,kesehatan,hoaxid_hf,2021-12-31
hf-1116,"[SALAH] Foto Seorang Akademisi Asal Indonesia Berusia 105 Tahun, Moerhadi, Berbagi Rahasia Kemenanganya atasi Diabetes – TurnBackHoax.ID",0,kesehatan,hoaxid_hf,2021-12-31
hf-1120,"[SALAH] Victor Lindelof Gagal Jantung setelah Vaksinasi Covid-19, kemudian Jantungnya Dipasangi Chip – TurnBackHoax.ID",0,kesehatan,hoaxid_hf,2021-12-31
hf-1133,[SALAH] Link Mendaftarkan Bantuan Covid-19 Bagi yang Mempunyai E-KTP – TurnBackHoax.ID,0,kesehatan,hoaxid_hf,2021-12-24
hf-1156,[SALAH] Judul Berita “Ilmuwan Pfizer Memperingatkan Vaksinasi Mingguan untuk virus Omicron Mungkin Diperlukan untuk Mencegah Lockdown” – TurnBackHoax.ID,0,kesehatan,hoaxid_hf,2021-12-19
hf-1159,[SALAH] Bill Gates Pembuat Virus Covid-19 – TurnBackHoax.ID,0,kesehatan,hoaxid_hf,2021-12-17
hf-1164,[SALAH] Dokter di Malaysia Meninggal Setelah Mendapatkan Vaksin Pfizer – TurnBackHoax.ID,0,kesehatan,hoaxid_hf,2021-12-17
hf-1177,[SALAH] Benarkah Guinness World Record Menobatkan Model Asal Sudan sebagai “The Queen of Darkness”? – TurnBackHoax.ID,0,kesehatan,hoaxid_hf,2021-12-16
hf-1185,"[SALAH] Foto “Kisah Haru Erupsi Semeru, Tak Rela Tinggalkan Sang Ibu yang Sudah Renta, Rumini Ditemukan Tewas Berpelukan di Rumahnya..” – TurnBackHoax.ID",0,kesehatan,hoaxid_hf,2021-12-14
hf-1194,[SALAH] Gejala Varian Omicron Disebabkan oleh Komplikasi Vaksin Covid-19 – TurnBackHoax.ID,0,kesehatan,hoaxid_hf,2021-12-12
hf-1199,[SALAH] Foto Supermarket di Jerman Memasang Pagar Pembatas untuk Memisahkan Pengunjung yang Sudah Divaksin dan Belum Divaksin – TurnBackHoax.ID,0,kesehatan,hoaxid_hf,2021-12-11
hf-1202,"[SALAH] Mandi Detox Menggunakan Campuran Garam Epsom, Baking Soda, Borax, dan Indian Healing Clay Mampu Mengeluarkan Kandungan Vaksin Covid yang Sebelumnya Telah Disuntikkan Kepada Seseorang – TurnBac",0,kesehatan,hoaxid_hf,2021-12-10
hf-1207,[SALAH] Video Wawancara CEO BioNTech Menolak Divaksin Karena Alasan Keamanan – TurnBackHoax.ID,0,kesehatan,hoaxid_hf,2021-12-09
hf-1222,[SALAH] Protes Vaksinasi di Yunani Berakhir Ricuh – TurnBackHoax.ID,0,kesehatan,hoaxid_hf,2021-12-06
hf-1223,"[SALAH] Menempelkan Bawang Putih Di Telinga, Dapat Sembuhkan Sakit Kepala – TurnBackHoax.ID",0,kesehatan,hoaxid_hf,2021-12-06
hf-1228,[SALAH] Pemerintah Paksakan Vaksin Booster – TurnBackHoax.ID,0,kesehatan,hoaxid_hf,2021-12-05
hf-1235,[SALAH] Komik “Phantom” yang Terbit Tahun 1957 Memprediksi Munculnya Covid-19 – TurnBackHoax.ID,0,kesehatan,hoaxid_hf,2021-12-02
hf-1240,[SALAH] Rapid Test Device Berlabel Positif dan Negatif Sudah Dimuat Virus – TurnBackHoax.ID,0,kesehatan,hoaxid_hf,2021-11-30
hf-1241,[SALAH] FDA: Suntikan Booster Vaksinasi Pfizer Berpotensi Infeksi Berat pada Hati – TurnBackHoax.ID,0,kesehatan,hoaxid_hf,2021-11-30
hf-1244,"[SALAH] Foto Demo Melanggar Covid dan Vaksinasi di Wina, Austria – TurnBackHoax.ID",0,kesehatan,hoaxid_hf,2021-11-30
hf-1246,[SALAH] Video Wanita Tak Bermasker Menolak untuk Duduk Bersebelahan dengan Pria yang Belum Divaksin – TurnBackHoax.ID,0,kesehatan,hoaxid_hf,2021-11-30
hf-1247,[SALAH] Konsumsi Buah Dalam Keadaan Perut Kosong Dapat Sembuhkan Kanker – TurnBackHoax.ID,0,kesehatan,hoaxid_hf,2021-11-30
hf-1251,[SALAH] Terdapat Parasit yang Mematikan di Dalam Vaksin Covid-19 – TurnBackHoax.ID,0,kesehatan,hoaxid_hf,2021-11-30
hf-1252,[SALAH] Sayur Pakis Bisa Menyebabkan Kanker – TurnBackHoax.ID,0,kesehatan,hoaxid_hf,2021-11-30
hf-1255,[SALAH] Jepang Menggunakan Ivermectin dan Menghentikan Vaksin untuk Memberantas Virus Covid-19 – TurnBackHoax.ID,0,kesehatan,hoaxid_hf,2021-11-30
hf-1257,[SALAH] PPKM Level 4 Pada 24 Desember 2021 Karena Ada Varian Covid-19 Baru – TurnBackHoax.ID,0,kesehatan,hoaxid_hf,2021-11-29
hf-1262,[SALAH] Swab PCR Merupakan Cara untuk Melakukan Vaksinasi – TurnBackHoax.ID,0,kesehatan,hoaxid_hf,2021-11-28
hf-1264,[SALAH] Aliansi Dokter Dunia Mengatakan Bahwa Varian Delta Tidak Ada – TurnBackHoax.ID,0,kesehatan,hoaxid_hf,2021-11-28
hf-1269,[SALAH] Vaksinasi Covid-19 Menyebabkan Seseorang Terkena Kanker – TurnBackHoax.ID,0,kesehatan,hoaxid_hf,2021-11-27
hf-1279,[SALAH] Akun Facebook Kabid P2P Dinkes Sampang dokter Yuliono – TurnBackHoax.ID,0,kesehatan,hoaxid_hf,2021-11-22
hf-1286,[SALAH] Rumah Sakit Australia Penuh Karena Pasien Mengalami Efek Samping Vaksin – TurnBackHoax.ID,0,kesehatan,hoaxid_hf,2021-11-21
hf-1293,[SALAH] SMS Hadiah dari BPJS Kesehatan Sebesar Rp75 Juta – TurnBackHoax.ID,0,kesehatan,hoaxid_hf,2021-11-19
hf-1294,[SALAH] Mahkamah Agung Amerika Serikat Telah Membatalkan Vaksinasi Masal – TurnBackHoax.ID,0,kesehatan,hoaxid_hf,2021-11-19
hf-1309,[SALAH] Petai dan Jengkol dapat Sebabkan Stroke – TurnBackHoax.ID,0,kesehatan,hoaxid_hf,2021-11-15
hf-1314,[SALAH] Tautan Pengecekan Bantuan Covid-19 Sebesar Rp600.000 bagi Pemilik KTP atau SIM – TurnBackHoax.ID,0,kesehatan,hoaxid_hf,2021-11-15
hf-1319,[SALAH] Pemerintah Akan Suntik Paksa Vaksin Mematikan pada 22 Februari 2022 – TurnBackHoax.ID,0,kesehatan,hoaxid_hf,2021-11-15
hf-1320,[SALAH] Bayi Dilahirkan dengan Kelainan Genetik Akibat Ibunya Disuntik Vaksin Covid-19 – TurnBackHoax.ID,0,kesehatan,hoaxid_hf,2021-11-15
hf-1330,[SALAH] Vaksin Covid-19 Mengandung Graphene Oxide yang Bereaksi pada Getaran Musik – TurnBackHoax.ID,0,kesehatan,hoaxid_hf,2021-11-14
hf-1344,[SALAH] Robot Dirancang untuk Memberikan Vaksinasi Secara Paksa – TurnBackHoax.ID,0,kesehatan,hoaxid_hf,2021-11-11
hf-1348,[SALAH] 13 Anak Sekolah di Afrika Meninggal Karena Vaksin Covid-19 – TurnBackHoax.ID,0,kesehatan,hoaxid_hf,2021-11-09
hf-1354,[SALAH] Foto Kemasan Vaksin Sinovac “Only for clinical trial” – TurnBackHoax.ID,0,kesehatan,hoaxid_hf,2021-11-08
hf-1358,[SALAH] Foto Keluarga Agus Harimurti Yudhoyono Berwisata saat SBY Berobat Kanker Prostat di AS – TurnBackHoax.ID,0,kesehatan,hoaxid_hf,2021-11-07
hf-1369,[SALAH] Pertolongan Pertama Luka Bakar Dengan Tepung Terigu – TurnBackHoax.ID,0,kesehatan,hoaxid_hf,2021-11-04
hf-1375,[SALAH] Poster tentang Penyakit Stroke yang Menyerang Anak-anak sebagai Efek Samping Covid-19 – TurnBackHoax.ID,0,kesehatan,hoaxid_hf,2021-11-02
hf-1391,[SALAH] Seorang Anak Meninggal Setelah Divaksinasi Covid-19 – TurnBackHoax.ID,0,kesehatan,hoaxid_hf,2021-10-29
hf-1405,[SALAH] Mendeteksi Kesehatan Jantung dengan Memasukkan Tangan ke dalam Air Dingin Selama 30 Detik – TurnBackHoax.ID,0,kesehatan,hoaxid_hf,2021-10-27
hf-1421,[SALAH] Video Jenazah Covid-19 yang Sedang Merokok – TurnBackHoax.ID,0,kesehatan,hoaxid_hf,2021-10-25
hf-1423,[SALAH] Menghirup Cuka dapat Menyembuhkan Covid-19 – TurnBackHoax.ID,0,kesehatan,hoaxid_hf,2021-10-24
hf-1427,[SALAH] 600 Pelajar China Diberikan Vaksin Kosong di DKI Jakarta – TurnBackHoax.ID,0,kesehatan,hoaxid_hf,2021-10-24
hf-1429,[SALAH] Daftar Minuman Instan yang Dapat Sebabkan Diabetes dan Matikan Sumsum Tulang – TurnBackHoax.ID,0,kesehatan,hoaxid_hf,2021-10-23
hf-1433,[SALAH] Minum Air Es Setelah Cuaca Panas Dapat Membuat Pembuluh Darah Pecah – TurnBackHoax.ID,0,kesehatan,hoaxid_hf,2021-10-22
hf-1437,[SALAH] Studi FDA: Vaksin Pfizer Membuat Orang Lebih Rentan Tertular Covid-19 – TurnBackHoax.ID,0,kesehatan,hoaxid_hf,2021-10-22
hf-1438,[SALAH] Scan MRI Harus Dihindari Penerima Vaksin Covid-19 – TurnBackHoax.ID,0,kesehatan,hoaxid_hf,2021-10-22
hf-1439,[SALAH] Daun Kemangi Obat Penghilang Gatal Kulit – TurnBackHoax.ID,0,kesehatan,hoaxid_hf,2021-10-22
hf-1442,[SALAH] Uni Eropa Akan Menghentikan Program Vaksin Covid-19 Mulai Oktober 2021 – TurnBackHoax.ID,0,kesehatan,hoaxid_hf,2021-10-20
hf-1444,[SALAH] Video Pidato Anthony Fauci Mengembangkan Virus Influenza Baru – TurnBackHoax.ID,0,kesehatan,hoaxid_hf,2021-10-20
hf-1447,[SALAH] Judul Berita ITV tentang Seorang Pria Bersedia Divaksin setelah Membuat Tiga Orang Temannya Meninggal karena Covid-19 – TurnBackHoax.ID,0,kesehatan,hoaxid_hf,2021-10-20
hf-1451,[SALAH] Balita divaksin “Upaya Menuju Pemusnahan Massal Umat Islam” – TurnBackHoax.ID,0,kesehatan,hoaxid_hf,2021-10-18
hf-1456,[SALAH] IPB Mengumumkan Ranking Sayuran Anti Kanker – TurnBackHoax.ID,0,kesehatan,hoaxid_hf,2021-10-18
hf-1463,[SALAH] Pilot Pesawat Maskapai Delta Meninggal setelah Divaksin – TurnBackHoax.ID,0,kesehatan,hoaxid_hf,2021-10-15
hf-1464,[SALAH] Kasus Positif Covid-19 di Surabaya Naik – TurnBackHoax.ID,0,kesehatan,hoaxid_hf,2021-10-15
hf-1470,[SALAH] Dana Bantuan Kesehatan & Modal Usaha dari Pusat BPJS Kesehatan – TurnBackHoax.ID,0,kesehatan,hoaxid_hf,2021-10-15
hf-1471,[SALAH] Tetesan Jeruk Nipis Dapat Mengobati Mata – TurnBackHoax.ID,0,kesehatan,hoaxid_hf,2021-10-14
hf-1473,[SALAH] Darah Orang yang Divaksin Covid-19 Menjadi Tidak Normal dan Tidak Bisa Donor Darah – TurnBackHoax.ID,0,kesehatan,hoaxid_hf,2021-10-14
hf-1477,[SALAH] Minum Air Es Setelah Makan Dapat Sebabkan Kanker – TurnBackHoax.ID,0,kesehatan,hoaxid_hf,2021-10-12
hf-1486,[SALAH] CDC Amerika Serikat Memperingatkan Adanya Penyakit Mirip Polio yang Akan Muncul Pada Akhir Tahun 2021 – TurnBackHoax.ID,0,kesehatan,hoaxid_hf,2021-10-10
hf-1488,[SALAH]: Situs Pedulilindungiq.com dan Minta Dana Rp1 Juta Untuk Vaksin Covid-19 – TurnBackHoax.ID,0,kesehatan,hoaxid_hf,2021-10-10
hf-1491,[SALAH] Penampakan Protes Wajib Vaksin di Melbourne Tahun 2021 – TurnBackHoax.ID,0,kesehatan,hoaxid_hf,2021-10-09
hf-1493,[SALAH] Covid-19 adalah Rencana Depopulasi Dunia – TurnBackHoax.ID,0,kesehatan,hoaxid_hf,2021-10-08
hf-1499,"[SALAH] Sertifikat Vaksin Menjadi Syarat Pengisian BBM di SPBU Wilayah Trumon Raya, Aceh Selatan – TurnBackHoax.ID",0,kesehatan,hoaxid_hf,2021-10-07
hf-1501,[SALAH] Gadget dan Wifi Sebabkan Kanker Darah – TurnBackHoax.ID,0,kesehatan,hoaxid_hf,2021-10-07
hf-1503,[SALAH] Foto PM Singapura Mengantre Vaksin Covid-19 – TurnBackHoax.ID,0,kesehatan,hoaxid_hf,2021-10-06
hf-1509,[SALAH] Pesan WhatsApp “Nanas panas ~ dapat membunuh sel kanker!” – TurnBackHoax.ID,0,kesehatan,hoaxid_hf,2021-10-04
hf-1510,[SALAH] Air Rebusan Kayu Manis Dapat Menurunkan Kadar Gula Darah Bagi Penderita Diabetes – TurnBackHoax.ID,0,kesehatan,hoaxid_hf,2021-10-04
hf-1519,[SALAH] WHO Merencanakan Modifikasi Genetik Manusia Melalui Vaksinasi – TurnBackHoax.ID,0,kesehatan,hoaxid_hf,2021-10-01
hf-1520,[SALAH] “Utsmaniy menjadi pelopor dalam penanganan wabah melalui vaksinasi” – TurnBackHoax.ID,0,kesehatan,hoaxid_hf,2021-10-01
hf-1525,[SALAH] Video “Rakyat Menang.. !! Pemerintah Rumania menutup semua pusat vaksin..!” – TurnBackHoax.ID,0,kesehatan,hoaxid_hf,2021-09-30
hf-1527,[SALAH] Vaksin Covid-19 Dapat Mengubah Warna Darah – TurnBackHoax.ID,0,kesehatan,hoaxid_hf,2021-09-30
hf-1531,[SALAH] Tukul Arwana Alami Pendarahan Otak karena Vaksin – TurnBackHoax.ID,0,kesehatan,hoaxid_hf,2021-09-30
hf-1542,[SALAH] Video Demo Menolak Wajib Vaksin di Brazil – TurnBackHoax.ID,0,kesehatan,hoaxid_hf,2021-09-28
hf-1551,[SALAH] Pesan Berantai Cek Gula Darah Gratis sebagai Modus Menyebarkan HIV – TurnBackHoax.ID,0,kesehatan,hoaxid_hf,2021-09-26
hf-1555,[SALAH] Bill Gates Menyarankan Melakukan Depopulasi Dengan Vaksinasi Untuk Solusi Nol Karbon – TurnBackHoax.ID,0,kesehatan,hoaxid_hf,2021-09-24
hf-1556,[SALAH] Pendaftaran Vaksin Nusantara melalui WhatsApp – TurnBackHoax.ID,0,kesehatan,hoaxid_hf,2021-09-24
hf-1562,[SALAH] Mengonsumsi Labu Kuning Dapat Menyembuhkan Covid-19 – TurnBackHoax.ID,0,kesehatan,hoaxid_hf,2021-09-22
hf-1570,"[SALAH] Siaran tvOneNews “Harta Pejabat Meningkat Drastis Selama Pandemi, Bonus Jual Corona dan Vaksin” – TurnBackHoax.ID",0,kesehatan,hoaxid_hf,2021-09-20
hf-1574,[SALAH] Panggilan Telepon Informasi Seputar Vaksinasi – TurnBackHoax.ID,0,kesehatan,hoaxid_hf,2021-09-19
hf-1576,[SALAH] Mulai 1 Oktober Pasien Covid Tidak Ditanggung Kemenkes – TurnBackHoax.ID,0,kesehatan,hoaxid_hf,2021-09-19
hf-1597,[SALAH] Judul Berita ITV tentang Efek Samping Vaksin yang Membuat Wajah Menjadi Merah – TurnBackHoax.ID,0,kesehatan,hoaxid_hf,2021-09-15
hf-1601,[SALAH] Banjir Darah di Bandara Kabul – TurnBackHoax.ID,0,kesehatan,hoaxid_hf,2021-09-15
hf-1604,[SALAH] Cat Kuku Pendeteksi Obat Pemerkosa termasuk obat GHB – TurnBackHoax.ID,0,kesehatan,hoaxid_hf,2021-09-14
hf-1605,[SALAH] Artikel CNN dengan Judul “Healthy 40-year Old COVID Victim’s Last Words: I blame unvaccinated for this” – TurnBackHoax.ID,0,kesehatan,hoaxid_hf,2021-09-14
hf-1625,[SALAH] Yakult Dapat Mencegah Kanker Paru-paru – TurnBackHoax.ID,0,kesehatan,hoaxid_hf,2021-09-07
hf-1629,[SALAH] Pesan Berantai Tim Vaksinasi GSP Meminta Data Pribadi – TurnBackHoax.ID,0,kesehatan,hoaxid_hf,2021-09-06
hf-1630,[SALAH] Mencuci Hidung Dengan Garam Menghilangkan Virus Corona – TurnBackHoax.ID,0,kesehatan,hoaxid_hf,2021-09-06
hf-1638,[SALAH] Muammar Gaddafi Prediksi Covid-19 – TurnBackHoax.ID,0,kesehatan,hoaxid_hf,2021-09-04
hf-1639,[SALAH] Obat Covid-19 Molnulpiravir Mulai Beredar September Mendatang – TurnBackHoax.ID,0,kesehatan,hoaxid_hf,2021-09-03
hf-1645,"[SALAH] Munarman Kritis Total, nasibnya memilukan – TurnBackHoax.ID",0,kesehatan,hoaxid_hf,2021-08-31
hf-1650,"[SALAH] Campuran Air Kelapa Muda, Jeruk Nipis, Garam, dan Madu dapat Mengobati Covid-19 – TurnBackHoax.ID",0,kesehatan,hoaxid_hf,2021-08-30
hf-1652,"[SALAH] “WAPRES: VAKSIN MERUPAKAN PERINTAH AGAMA DAN HUKUMNYA WAJIB, MENOLAK MASUK NERAKA??” – TurnBackHoax.ID",0,kesehatan,hoaxid_hf,2021-08-29
hf-1660,"[SALAH] Vaksin Corona Mengandung Babi, Dapat Mengubah DNA, dan Membuat Manusia Jadi Zombie – TurnBackHoax.ID",0,kesehatan,hoaxid_hf,2021-08-27
hf-1680,[SALAH] Vaksin di Gedung Gradika Bakti ditujukan untuk 18-59 Tahun – TurnBackHoax.ID,0,kesehatan,hoaxid_hf,2021-08-24
hf-1687,[SALAH] Pesan Berantai dari Ketua Satgas Covid-19 Dwiyono terkait Metode Menghirup Uap Air Panas untuk Membunuh Virus Corona – TurnBackHoax.ID,0,kesehatan,hoaxid_hf,2021-08-23
hf-1690,[SALAH] Video “Biang covid bill gates kena timpuk dari orang yg geram padanya” – TurnBackHoax.ID,0,kesehatan,hoaxid_hf,2021-08-22
hf-1697,[SALAH] Oseltamivir Obat Covid-19 Berbahaya dan Mematikan – TurnBackHoax.ID,0,kesehatan,hoaxid_hf,2021-08-20
hf-1699,[SALAH] Informasi Vaksin Dosis 1 dan 2 16 Agustus 2021 di RSAL dr. Ramelan Surabaya – TurnBackHoax.ID,0,kesehatan,hoaxid_hf,2021-08-20
hf-1700,[SALAH] Sertifikat Vaksin Covid-19 Bukan Syarat Administrasi – TurnBackHoax.ID,0,kesehatan,hoaxid_hf,2021-08-20
hf-1704,"[SALAH] Munarman Kritis Total, nasibnya memilukan – TurnBackHoax.ID",0,kesehatan,hoaxid_hf,2021-08-19
hf-1712,[SALAH] Foto Aksi Demo Paspor Kesehatan di Paris pada 7 Agustus 2021 – TurnBackHoax.ID,0,kesehatan,hoaxid_hf,2021-08-19
hf-1713,[SALAH] Masyarakat Suku Baduy Tidak Pernah Divaksin dalam Ratusan Tahun – TurnBackHoax.ID,0,kesehatan,hoaxid_hf,2021-08-19
hf-1731,[SALAH] Tidak Boleh Mengonsumsi Makanan dan Minuman yang Mengandung Alkohol dan Soda setelah Vaksin Covid-19 – TurnBackHoax.ID,0,kesehatan,hoaxid_hf,2021-08-15
hf-1733,[SALAH] Hasil Perhitungan Data Orang yang Sudah Divaksinasi Lebih Banyak Terpapar Varian Delta dan Peluang Kematian Lebih Tinggi – TurnBackHoax.ID,0,kesehatan,hoaxid_hf,2021-08-14
hf-1740,[SALAH] Rockefeller Foundation Telah Rencanakan Skenario Pandemi Covid-19 Sejak 2010 – TurnBackHoax.ID,0,kesehatan,hoaxid_hf,2021-08-14
hf-1752,"[SALAH] Virus Corona Katanya Ganas dan Mematikan, Tapi yang Mati Selalu di Rumah Sakit – TurnBackHoax.ID",0,kesehatan,hoaxid_hf,2021-08-10
hf-1756,[SALAH] Video Wawancara CEO Pfizer yang Menolak Divaksin pada Agustus 2021 – TurnBackHoax.ID,0,kesehatan,hoaxid_hf,2021-08-09
hf-1757,"[SALAH] Vaksin Astrazeneca, Pfizer, dan Moderna Berafiliasi dengan Bluetooth kecuali Sinovac – TurnBackHoax.ID",0,kesehatan,hoaxid_hf,2021-08-09
hf-1758,[SALAH] Covid-19 Bermutasi Menjadi Virus Baru yang Lebih Berbahaya dan Vaksinasi Timbulkan Virus Lain Dari Covid-19 – TurnBackHoax.ID,0,kesehatan,hoaxid_hf,2021-08-08
hf-1760,[SALAH] Dokumen Bank Dunia Tetapkan Covid-19 Sampai Tahun 2025 – TurnBackHoax.ID,0,kesehatan,hoaxid_hf,2021-08-08
hf-1763,"[SALAH] “Vaksin Corona Tidak Terbukti Aman dan Efektif, Coronavirus Sama seperti Flu Biasa, Ini adalah Pandemi Palsu” – TurnBackHoax.ID",0,kesehatan,hoaxid_hf,2021-08-07
hf-1765,"[SALAH] Semua Pasien Positif Covid-19 di New South Wales, Australia Sudah Divaksinasi – TurnBackHoax.ID",0,kesehatan,hoaxid_hf,2021-08-07
hf-1773,[SALAH] Dukun Meninggal karena Covid-19 Setelah Menghirup Napas Pasien Covid-19 – TurnBackHoax.ID,0,kesehatan,hoaxid_hf,2021-08-05
hf-1774,[SALAH] Jadwal Vaksinasi Massal di Royal Plaza Surabaya Tanggal 2-6 Agustus 2021 – TurnBackHoax.ID,0,kesehatan,hoaxid_hf,2021-08-04
hf-1775,[SALAH] SMS Bantuan BPJS Kesehatan Sebesar Rp78 Juta – TurnBackHoax.ID,0,kesehatan,hoaxid_hf,2021-08-04
hf-1777,[SALAH] Air Nanas Panas Bisa Membunuh Sel Kanker – TurnBackHoax.ID,0,kesehatan,hoaxid_hf,2021-08-02
hf-1778,[SALAH] Foto Jadwal Perilisan Varian Covid-19 – TurnBackHoax.ID,0,kesehatan,hoaxid_hf,2021-08-01
hf-1781,[SALAH] Pernyataan Moh Indro Cahyono “TERBONGKAR SUDAH!!! FAKTA COVID 19” – TurnBackHoax.ID,0,kesehatan,hoaxid_hf,2021-07-31
hf-1786,"[SALAH] “Tanggal pembuatan vaksin adalah 2018, setahun sebelum Covid-19 melanda” – TurnBackHoax.ID",0,kesehatan,hoaxid_hf,2021-07-31
hf-1794,[SALAH] Bantuan PPKM Rp1 Juta Bagi Pemilik Sertifikat Vaksinasi – TurnBackHoax.ID,0,kesehatan,hoaxid_hf,2021-07-30
hf-1797,[SALAH] Daun Sungkai dapat Menangkal Covid-19 – TurnBackHoax.ID,0,kesehatan,hoaxid_hf,2021-07-29
hf-1798,[SALAH] BNPB Membuka Donasi Kaos Oblong bagi Tenaga Medis dan Relawan Satgas Covid 19 – TurnBackHoax.ID,0,kesehatan,hoaxid_hf,2021-07-29
hf-1803,[SALAH] Data Pendonor Plasma Darah Konvalesen Area Jogja – TurnBackHoax.ID,0,kesehatan,hoaxid_hf,2021-07-29
hf-1807,"[SALAH] Gambar Artikel Kompas berjudul “Hemoglobin Rendah dan Butuh Tranfusi Darah, Karl Marx Pilih Pendonor yang Hafal Das Kapital “ – TurnBackHoax.ID",0,kesehatan,hoaxid_hf,2021-07-28
hf-1809,[SALAH] Orang yang Pernah Terinfeksi Covid-19 Memiliki Imunitas Lebih Baik Ketimbang yang Divaksin – TurnBackHoax.ID,0,kesehatan,hoaxid_hf,2021-07-28
hf-1810,[SALAH] Air Keran Positif Covid-19 – TurnBackHoax.ID,0,kesehatan,hoaxid_hf,2021-07-28
hf-1811,[SALAH] Vaksin dengan Pfizer Dapat Menularkan Virus ke Orang yang Belum Divaksin – TurnBackHoax.ID,0,kesehatan,hoaxid_hf,2021-07-27
hf-1815,[SALAH] Vaksin Mengandung Racun Berbahaya – TurnBackHoax.ID,0,kesehatan,hoaxid_hf,2021-07-26
hf-1818,[SALAH] CNN Indonesia Menawarkan Hadiah agar Warga Bersedia Divaksin – TurnBackHoax.ID,0,kesehatan,hoaxid_hf,2021-07-25
hf-1819,[SALAH] Foto Beberapa Jenazah Covid-19 di Bekasi – TurnBackHoax.ID,0,kesehatan,hoaxid_hf,2021-07-25
hf-1821,[SALAH] Mata Jenazah Covid-19 diambil tanpa Sepengetahuan Keluarga – TurnBackHoax.ID,0,kesehatan,hoaxid_hf,2021-07-25
hf-1823,[SALAH] Video “pengurusan Covid di Indon” – TurnBackHoax.ID,0,kesehatan,hoaxid_hf,2021-07-24
hf-1827,[SALAH] Foto Suasana Demo Anti-Vaksin di Prancis – TurnBackHoax.ID,0,kesehatan,hoaxid_hf,2021-07-23
hf-1835,"[SALAH] Ketentuan Baru, Mau Buat KTP Harus Punya Sertifikat Vaksin – TurnBackHoax.ID",0,kesehatan,hoaxid_hf,2021-07-23
hf-1839,[SALAH] “AKHIRNYA!! DUNIA SETUJUI VAKSIN NUSANTARA” – TurnBackHoax.ID,0,kesehatan,hoaxid_hf,2021-07-22
hf-1840,[SALAH] Campuran Lemon dan Soda Kue Dapat Membunuh Virus Corona – TurnBackHoax.ID,0,kesehatan,hoaxid_hf,2021-07-22
hf-1844,[SALAH] Minuman Penambah Imun untuk Cegah Penularan Virus COVID-19 – TurnBackHoax.ID,0,kesehatan,hoaxid_hf,2021-07-21
hf-1846,"[SALAH] Video Kondisi Gibran “BERITA TERBARU HARI INI~ISTANA BANJIR TANGIS,VIRUS MENGGROGOTI TUBUHNYA HINGGA BEGINI~VIRAL NEWS JKW” – TurnBackHoax.ID",0,kesehatan,hoaxid_hf,2021-07-21
hf-1847,"[SALAH] Singapura Negara Pertama yang Lakukan Otopsi Jenazah Covid-19, Sumber Kemenkes Singapura – TurnBackHoax.ID",0,kesehatan,hoaxid_hf,2021-07-20
hf-1848,[SALAH] Pernyataan “Semua orang yang divaksinasi akan mati dalam 2 tahun” oleh Luc Montagnier – TurnBackHoax.ID,0,kesehatan,hoaxid_hf,2021-07-20
hf-1856,[SALAH] “Semangkin Gawat Indonesia sekarang ini! Banyaknya Rumah Sakit Penerima Vaksin Palsu!” – TurnBackHoax.ID,0,kesehatan,hoaxid_hf,2021-07-19
hf-1857,[SALAH] Nilai CT Pada Tes PCR Menentukan Kesembuhan Pasien Covid-19 – TurnBackHoax.ID,0,kesehatan,hoaxid_hf,2021-07-19
hf-1859,[SALAH] Banyaknya Varian Covid-19 Muncul Setelah Vaksinasi Dilakukan – TurnBackHoax.ID,0,kesehatan,hoaxid_hf,2021-07-19
hf-1860,[SALAH] Labu Kuning Kukus Dapat Sembuhkan Covid-19 – TurnBackHoax.ID,0,kesehatan,hoaxid_hf,2021-07-19
hf-1861,[SALAH] Chemtrails Penyebar Virus Penyakit Muncul di Langit Pantura – TurnBackHoax.ID,0,kesehatan,hoaxid_hf,2021-07-19
hf-1862,[SALAH] Foto Ajakan untuk Stop Upload Berita Covid-19 oleh Pemerintah Kabupaten Gresik – TurnBackHoax.ID,0,kesehatan,hoaxid_hf,2021-07-18
hf-1863,[SALAH] Tabung Selam Dapat Digunakan sebagai Pengganti Tabung Oksigen Medis – TurnBackHoax.ID,0,kesehatan,hoaxid_hf,2021-07-18
hf-1865,"[SALAH] Video “Di Probolinggo, 16 Juli 2021 Meninggal bersama 5 orang serumah setelah di vaksin” – TurnBackHoax.ID",0,kesehatan,hoaxid_hf,2021-07-18
hf-1866,[SALAH] Video “Potensi Bahaya Vaksin COVID-19” – TurnBackHoax.ID,0,kesehatan,hoaxid_hf,2021-07-17
hf-1870,[SALAH] Air Keran Dapat Positif Covid-19 Setelah Ditest Menggunakan Device Rapid Test Antigen – TurnBackHoax.ID,0,kesehatan,hoaxid_hf,2021-07-17
hf-1871,[SALAH] Daun Teh Pinus Putih hentikan bahaya Vaksin Covid-19 – TurnBackHoax.ID,0,kesehatan,hoaxid_hf,2021-07-17
hf-1876,[SALAH] “Tidak ada mesjid yang akan ditutup di Turki dari ancaman virus corona” – TurnBackHoax.ID,0,kesehatan,hoaxid_hf,2021-07-16
hf-1886,[SALAH] Berkumur dengan Air Garam dan Meminum Air Hangat Dapat Membunuh Virus Corona di Dalam Perut – TurnBackHoax.ID,0,kesehatan,hoaxid_hf,2021-07-15
hf-1889,"[SALAH] Cuci Hidung dengan NaCl 0,9% dapat Menghilangkan Virus dan Bakteri di Lubang Hidung – TurnBackHoax.ID",0,kesehatan,hoaxid_hf,2021-07-14
hf-1894,[SALAH] Detektor Radiasi Elektromagnetik dapat Mendeteksi Radiasi dari Vaksin Covid-19 – TurnBackHoax.ID,0,kesehatan,hoaxid_hf,2021-07-14
hf-1897,[SALAH] Video Akting Plandemi Jenazah Pasien Covid-19 dapat Bergerak – TurnBackHoax.ID,0,kesehatan,hoaxid_hf,2021-07-13
hf-1899,"[SALAH] Racikan Air Kelapa Muda, Jeruk Nipis, Garam, dan Madu dapat Membunuh Virus Covid-19 – TurnBackHoax.ID",0,kesehatan,hoaxid_hf,2021-07-12
hf-1900,[SALAH] Seorang Pria Tewas karena Makan Durian setelah Divaksin – TurnBackHoax.ID,0,kesehatan,hoaxid_hf,2021-07-12
hf-1901,[SALAH] FDA Amerika Sebut Invermectin Dapat Digunakan Untuk Sembuhkan Covid-19 – TurnBackHoax.ID,0,kesehatan,hoaxid_hf,2021-07-12
hf-1911,[SALAH] Air Rebusan Bawang Putih Dapat Menyembuhkan Covid – TurnBackHoax.ID,0,kesehatan,hoaxid_hf,2021-07-10
hf-1913,[SALAH] “Varian baru Covid-19 tidak lain dari infeksi protein spike dari vaksin” – TurnBackHoax.ID,0,kesehatan,hoaxid_hf,2021-07-09
hf-1915,[SALAH] Suara Adzan Di Masjid Dapat Mengecilkan Virus Corona – TurnBackHoax.ID,0,kesehatan,hoaxid_hf,2021-07-09
hf-1917,"[SALAH] Campuran Air Panas dan Lemon, Rahasia Vietnam Tak Alami Kasus Kematian Akibat Covid-19 – TurnBackHoax.ID",0,kesehatan,hoaxid_hf,2021-07-09
hf-1928,"[SALAH] Virus Corona Sangat Ganas Dan Menakutkan, Tapi Anehnya yang Mati Semua Di Rumah Sakit – TurnBackHoax.ID",0,kesehatan,hoaxid_hf,2021-07-05
hf-1930,"[FALSE] Biopharmaceutical Company Moderna, Inc Developed a Covid-19 Vaccine Before the Emergence of the Pandemic – TurnBackHoax.ID",0,kesehatan,hoaxid_hf,2021-07-04
hf-1931,[SALAH] Per 1 Juli 2021 Mengurus SIM dan SKCK Membutuhkan Sertifikat Vaksin Covid – TurnBackHoax.ID,0,kesehatan,hoaxid_hf,2021-07-04
hf-1932,[SALAH] Ketersediaan Ventilator Cukup Memadai dan Obat Ivermectin Sudah Akan Diproduksi Massal – TurnBackHoax.ID,0,kesehatan,hoaxid_hf,2021-07-04
hf-1939,[SALAH] Foto “Orang India membuang ribuan berhala ke jalan karena ketidakmampuan mereka melindungi masyarakat dari virus Corona” – TurnBackHoax.ID,0,kesehatan,hoaxid_hf,2021-07-02
hf-1942,[SALAH] Foto Daftar Obat Dari RS Yang Bisa Digunakan Sendiri oleh Pasien Covid-19 – TurnBackHoax.ID,0,kesehatan,hoaxid_hf,2021-07-02
hf-1943,"[SALAH] Perusahaan Biofarmasi Moderna, Inc Mengembangkan Vaksin Covid-19 Sebelum Munculnya Pandemi – TurnBackHoax.ID",0,kesehatan,hoaxid_hf,2021-07-02
hf-1948,[SALAH] Pesan Berantai BFL (Blood For Life) Indonesia untuk Kebutuhan Donor Darah – TurnBackHoax.ID,0,kesehatan,hoaxid_hf,2021-06-30
hf-1950,[SALAH] Sinar X dalam TV Tabung Dapat Membunuh Virus dalam 8 Jam – TurnBackHoax.ID,0,kesehatan,hoaxid_hf,2021-06-30
hf-1958,[SALAH] Parasetamol P-500 mengandung virus Machupo – TurnBackHoax.ID,0,kesehatan,hoaxid_hf,2021-06-29
hf-1959,[SALAH] Video “Sri Mulyani suntik vaksin utk pencitraan tp kamera gak bisa boong di jarum suntik ga ada isi vaksin nya” – TurnBackHoax.ID,0,kesehatan,hoaxid_hf,2021-06-29
hf-1968,[SALAH] Meminum Minuman Panas dan Menghirup Uap Panas Dapat Membunuh Virus Corona – TurnBackHoax.ID,0,kesehatan,hoaxid_hf,2021-06-27
hf-1971,[SALAH] Anies Baswedan Hanya Mengurusi Asbak dan Tidak Mengurusi Covid di Jakarta – TurnBackHoax.ID,0,kesehatan,hoaxid_hf,2021-06-27
hf-1973,[SALAH] Covid-19 Tidak Mematikan – TurnBackHoax.ID,0,kesehatan,hoaxid_hf,2021-06-26
hf-1977,[SALAH] Rajin Wudhu Aman dari Virus – TurnBackHoax.ID,0,kesehatan,hoaxid_hf,2021-06-25
hf-1979,[SALAH] Resep Obat Untuk Pasien Covid-19 – TurnBackHoax.ID,0,kesehatan,hoaxid_hf,2021-06-25
hf-1980,"[SALAH] Jateng Membludak, Media TV Hanya Liput Covid-19 di DKI Jakarta – TurnBackHoax.ID",0,kesehatan,hoaxid_hf,2021-06-24
hf-1982,[SALAH] Vaksinasi Massal Gratis 22 Juni 2021 di Kota Bogor untuk Umum 18 Tahun Ke Atas – TurnBackHoax.ID,0,kesehatan,hoaxid_hf,2021-06-24
hf-1983,[SALAH] Konsumsi Nigella Oil Menghilangkan Pendarahan di Tenggorokan Orang yang Terdampak Covid – TurnBackHoax.ID,0,kesehatan,hoaxid_hf,2021-06-24
hf-1985,[SALAH] Pesan Berantai “SANDIWARA CORONA” dari Ikatan Dokter Indonesia (IDI) – TurnBackHoax.ID,0,kesehatan,hoaxid_hf,2021-06-23
hf-1987,"[SALAH] Mengandung Virus Baru, Merek Handsanitizer ‘Farah’ Dapat Sebabkan Tangan Melepuh – TurnBackHoax.ID",0,kesehatan,hoaxid_hf,2021-06-23
hf-2015,"[SALAH] “Pemkot Pekanbaru, Riau menarik vaksin Covid-19 karena keampuhan vaksin masih tarik ulur” – TurnBackHoax.ID",0,kesehatan,hoaxid_hf,2021-06-17
hf-2016,[SALAH] Pesepakbola Christian Eriksen Terkena Serangan Jantung setelah Divaksin – TurnBackHoax.ID,0,kesehatan,hoaxid_hf,2021-06-16
hf-2018,[SALAH] Vaksinasi Sebabkan Varian Baru COVID-19 – TurnBackHoax.ID,0,kesehatan,hoaxid_hf,2021-06-16
hf-2024,[SALAH] Foto “The Last Moment Dokter Hadio” – TurnBackHoax.ID,0,kesehatan,hoaxid_hf,2021-06-15
hf-2038,[SALAH] Video “Eric Tohir Sangat Terbuka Menjelaskan Tentang Chip yang Ada dalam Vaksin Covid-19” – TurnBackHoax.ID,0,kesehatan,hoaxid_hf,2021-06-11
hf-2064,[SALAH] Foto-foto “Orang Mati COVID-19 yang Dilempar ke Laut Tiba di Laut Sabah” – TurnBackHoax.ID,0,kesehatan,hoaxid_hf,2021-06-06
hf-2066,[FALSE] The Photos of “COVID-19 dead people thrown in the Sea arrived at Sabah Ocean” – TurnBackHoax.ID,0,kesehatan,hoaxid_hf,2021-06-06
hf-2072,[SALAH] Bahaya Donor Darah Dari Orang yang Sudah Divaksin Covid-19 – TurnBackHoax.ID,0,kesehatan,hoaxid_hf,2021-06-04
hf-2073,[SALAH] Video 450 Kantong Jenazah Covid-19 Berisikan Kertas – TurnBackHoax.ID,0,kesehatan,hoaxid_hf,2021-06-04
hf-2074,[SALAH] Menerima Donor Darah dari Orang yang Sudah di Vaksinasi Covid-19 Berbahaya – TurnBackHoax.ID,0,kesehatan,hoaxid_hf,2021-06-04
hf-2090,[SALAH] Suntikan Vaksin Kosong di Indonesia – TurnBackHoax.ID,0,kesehatan,hoaxid_hf,2021-05-31
hf-2095,"[SALAH] Campuran Air Kelapa Muda, Jeruk Nipis dan Garam dapat Menyembuhkan Covid-19 – TurnBackHoax.ID",0,kesehatan,hoaxid_hf,2021-05-30
hf-2101,"[SALAH] Tangkapan Layar “hati2,,, rakyat akan dibunuh vaksin Cina,,,!” Video CNN Indonesia – TurnBackHoax.ID",0,kesehatan,hoaxid_hf,2021-05-29
hf-2111,"[SALAH] Setelah Divaksin, Tubuh Punya Daya Magnetis dan Dapat Dikoneksikan ke Bluetooth – TurnBackHoax.ID",0,kesehatan,hoaxid_hf,2021-05-27
hf-2117,[FALSE] Eating Onions and Dropping Lemon Juice On The Nose Can Treat Covid-19 – TurnBackHoax.ID,0,kesehatan,hoaxid_hf,2021-05-26
hf-2122,[SALAH] Ekstrak Akar Dandelion Dapat Membunuh 98% Sel Kanker Dalam 48 Jam – TurnBackHoax.ID,0,kesehatan,hoaxid_hf,2021-05-25
hf-2131,"[SALAH] Berada Di Sekitar Orang yang Baru Divaksin, Dapat Sebabkan Gangguan Menstruasi Pada Wanita – TurnBackHoax.ID",0,kesehatan,hoaxid_hf,2021-05-23
hf-2132,[SALAH] Memakan Bawang Merah dan Meneteskan Air Perasan Lemon ke Hidung Dapat Mengobati Covid-19 – TurnBackHoax.ID,0,kesehatan,hoaxid_hf,2021-05-23
hf-2133,[SALAH] Luka Warga Palestina Akibat Serangan Israel Ternyata Hasil Make Up – TurnBackHoax.ID,0,kesehatan,hoaxid_hf,2021-05-23
hf-2147,[SALAH] Vaksin Covid-19 Mengandung Microchip Magnetik – TurnBackHoax.ID,0,kesehatan,hoaxid_hf,2021-05-21
hf-2149,[SALAH] Video “Warga Malaysia antri nginep di stadion shah alam…semua positif covid 19” – TurnBackHoax.ID,0,kesehatan,hoaxid_hf,2021-05-20
hf-2154,[SALAH] Obat dan Bahan Herbal Mencegah Covid – TurnBackHoax.ID,0,kesehatan,hoaxid_hf,2021-05-20
hf-2161,[SALAH] Jumlah Kasus COVID-19 di JATIM Meledak – TurnBackHoax.ID,0,kesehatan,hoaxid_hf,2021-05-18
hf-2185,[SALAH] Video Pernyataan “Netanyahu Akan Membunuh Muslim dengan Vaksin” – TurnBackHoax.ID,0,kesehatan,hoaxid_hf,2021-05-14
hf-2186,[SALAH] Vaksin Covid-19 Beresiko Tinggi Bagi Perempuan yang Sedang Menstruasi – TurnBackHoax.ID,0,kesehatan,hoaxid_hf,2021-05-14
hf-2190,"[SALAH] Jengkol, Pete, Pepaya Sebabkan Stroke! Dapat Reda Dengan Mengeluarkan Darah Dari Ujung Jari – TurnBackHoax.ID",0,kesehatan,hoaxid_hf,2021-05-12
hf-2200,"[SALAH] Indonesia berduka, 10 Dokter meninggal pada hari yang sama akibat terinfeksi Covid-19 – TurnBackHoax.ID",0,kesehatan,hoaxid_hf,2021-05-11
hf-2202,[SALAH] Mengonsumsi Air Hangat dan Berkumur Dengan Air Garam Dapat Hilangkan Virus Corona – TurnBackHoax.ID,0,kesehatan,hoaxid_hf,2021-05-10
hf-2212,[SALAH] Video Warga India Menyerang Kendaraan Tenaga Medis dan Menolak PCR – TurnBackHoax.ID,0,kesehatan,hoaxid_hf,2021-05-09
hf-2217,[SALAH] Mendeteksi Virus Corona dengan Menahan Napas 10 Detik – TurnBackHoax.ID,0,kesehatan,hoaxid_hf,2021-05-08
hf-2228,[SALAH] Foto Hasil CT Scan Paru-Paru Orang Yang Telah Divaksin dan Belum Divaksin – TurnBackHoax.ID,0,kesehatan,hoaxid_hf,2021-05-05
hf-2241,[SALAH] Foto “Kremasi massal saat melonjaknya jumlah kasus infeksi Covid-19 India” – TurnBackHoax.ID,0,kesehatan,hoaxid_hf,2021-05-04
hf-2244,"[SALAH] Covid-19 Adalah Bakteri yang Terpapar Radiasi, Sumber: Kementerian Kesehatan Rusia – TurnBackHoax.ID",0,kesehatan,hoaxid_hf,2021-05-03
hf-2254,[SALAH] Video “Seseorang yang wafat karena terinfeksi virus Covid-19 mempercayakan teman baiknya untuk membuang uangnya di Times Square di New York” – TurnBackHoax.ID,0,kesehatan,hoaxid_hf,2021-05-02
hf-2277,[SALAH] Foto Syuting Film Horor agar Masyarakat Indonesia Mau Divaksin – TurnBackHoax.ID,0,kesehatan,hoaxid_hf,2021-04-29
hf-2286,[SALAH] Bantuan Dana dari BPJS Kesehatan – TurnBackHoax.ID,0,kesehatan,hoaxid_hf,2021-04-27
hf-2296,[SALAH] Foto Seorang Lansia Menggunakan Alat Bantu Pernapasan di Jalan karena Kasus Covid-19 di India Meningkat Drastis – TurnBackHoax.ID,0,kesehatan,hoaxid_hf,2021-04-25
hf-2300,"[FALSE] Inhaling Mothballs, Cloves, Carom Seeds, and Eucalyptus Oil Can Relieve Shortness of Breath Due to COVID-19 Infection – TurnBackHoax.ID",0,kesehatan,hoaxid_hf,2021-04-25
hf-2304,[SALAH] Ketua DPRD Mimika Meninggal Akibat Vaksin – TurnBackHoax.ID,0,kesehatan,hoaxid_hf,2021-04-24
hf-2314,"[SALAH] Menghirup Kapur Barus, Cengkeh, Biji Karom, dan Minyak Kayu Putih dapat Meredakan Sesak Nafas Akibat Infeksi COVID-19 – TurnBackHoax.ID",0,kesehatan,hoaxid_hf,2021-04-23
hf-2326,[FALSE] All Covid-19 Vaccine Test Animals Are Proven to Die Because of Vaccine Injections – TurnBackHoax.ID,0,kesehatan,hoaxid_hf,2021-04-22
hf-2330,[SALAH] Makan Bawang Mentah dan Garam bisa Ubah Positif Covid-19 Menjadi Negatif setelah 15 Menit – TurnBackHoax.ID,0,kesehatan,hoaxid_hf,2021-04-21
hf-2332,"[SALAH] Kenaikan Limfosit Usai Vaksin, Sebabkan Kematian – TurnBackHoax.ID",0,kesehatan,hoaxid_hf,2021-04-21
hf-2338,[SALAH] Video Membuang Uang di Times Square untuk Teman Baiknya yang Meninggal karena Covid-19 – TurnBackHoax.ID,0,kesehatan,hoaxid_hf,2021-04-20
hf-2341,[SALAH] Meletakkan Bawang di Bawah Telapak Kaki Dapat Menyembuhkan Kanker dan Malaria – TurnBackHoax.ID,0,kesehatan,hoaxid_hf,2021-04-20
hf-2346,[SALAH] Video Seorang Kakek Ditahan Karena Tidak Memakai Masker Setelah Vaksinasi – TurnBackHoax.ID,0,kesehatan,hoaxid_hf,2021-04-19
hf-2352,[SALAH] Seluruh Hewan Percobaan Vaksin Covid-19 Terbukti Mati Karena Suntik Vaksin – TurnBackHoax.ID,0,kesehatan,hoaxid_hf,2021-04-19
hf-2354,[SALAH] Tim Vaksinasi GSP Cari Data Penerima Vaksin – TurnBackHoax.ID,0,kesehatan,hoaxid_hf,2021-04-19
hf-2370,"[SALAH] Positif Covid Disebabkan oleh Kekurangan Vitamin, Bukan oleh Virus – TurnBackHoax.ID",0,kesehatan,hoaxid_hf,2021-04-16
hf-2371,"[SALAH] “vaksin korongna itu mRNA, ini bukan vaksin tapi terapi gen, mRNA ini jadi instruksi untuk menyebabkan mutasi” – TurnBackHoax.ID",0,kesehatan,hoaxid_hf,2021-04-16
hf-2376,[SALAH] Kota Tarakan Kalimantan Utara Bebas Covid-19 – TurnBackHoax.ID,0,kesehatan,hoaxid_hf,2021-04-15
hf-2389,[FALSE] The use of masks can cause death due to Covid-19 – TurnBackHoax.ID,0,kesehatan,hoaxid_hf,2021-04-13
hf-2394,[SALAH] “Korban Vaksin Lagi. Kini anggota Brimob di Maluku” – TurnBackHoax.ID,0,kesehatan,hoaxid_hf,2021-04-13
hf-2395,[SALAH] Pemerintah Inggris Menurunkan Status Covid-19 Karena Covid-19 Bisa Sembuh dengan Paracetamol – TurnBackHoax.ID,0,kesehatan,hoaxid_hf,2021-04-13
hf-2403,[SALAH] Penggunaan Masker dapat Menyebabkan Kematian Akibat Covid-19 – TurnBackHoax.ID,0,kesehatan,hoaxid_hf,2021-04-11
hf-2406,[SALAH] Foto “Munarman udah divaksin” – TurnBackHoax.ID,0,kesehatan,hoaxid_hf,2021-04-10
hf-2407,[SALAH] Pembersih Alat Rapid Test Corona Bisa Sebabkan Kanker – TurnBackHoax.ID,0,kesehatan,hoaxid_hf,2021-04-09
hf-2412,[SALAH] Muhammadiyah Larang Masyarakat dengan KTP Non-Islam Ikut Vaksin – TurnBackHoax.ID,0,kesehatan,hoaxid_hf,2021-04-08
hf-2417,[SALAH] Vaksin Melemahkan Kekuatan TNI – TurnBackHoax.ID,0,kesehatan,hoaxid_hf,2021-04-08
hf-2426,"[SALAH] Artikel berjudul “China Tidak Bisa Berbohong Lagi, WHO Akhirnya Bongkar Asal Usul Virus Corona yang Sebenarnya, Benarkah Dunia Sudah Dibohongi Selama Ini?” – TurnBackHoax.ID",0,kesehatan,hoaxid_hf,2021-04-07
hf-2428,"[SALAH] Video “Lebih banyak mayat bertumpuk akibat COVID, tapi salah satunya menghisap rokok” – TurnBackHoax.ID",0,kesehatan,hoaxid_hf,2021-04-06
hf-2430,[SALAH] Makanan Kaleng dari Thailand Menularkan Virus AIDS – TurnBackHoax.ID,0,kesehatan,hoaxid_hf,2021-04-06
hf-2431,[SALAH] Website Portal Vaksin Covid-19 “corporate-realty.co” – TurnBackHoax.ID,0,kesehatan,hoaxid_hf,2021-04-06
hf-2433,[SALAH] Vaksin Covid-19 Merusak Sel Otak dan Sel Darah – TurnBackHoax.ID,0,kesehatan,hoaxid_hf,2021-04-06
hf-2444,[SALAH] “vaksin di Drive thrue banyak yg dibohongin Begini SDM kita” – TurnBackHoax.ID,0,kesehatan,hoaxid_hf,2021-04-02
hf-2464,[SALAH] Bantuan Penanganan Covid-19 untuk Pondok Pesantren dan Panti Asuhan oleh Wakil Ketua DPRD Pasuruan – TurnBackHoax.ID,0,kesehatan,hoaxid_hf,2021-03-31
hf-2470,"[SALAH] Khawatir Tim Medis Lupa Jenis Vaksin yang Diberikan, Sertifikat Vaksin Harus Disimpan – TurnBackHoax.ID",0,kesehatan,hoaxid_hf,2021-03-30
hf-2476,[SALAH] Ekstrak Nanas Bisa Dijadikan Obat Virus Corona – TurnBackHoax.ID,0,kesehatan,hoaxid_hf,2021-03-29
hf-2480,[SALAH] “setelah vaksin Covid-19 selama 5 bulan tak boleh minum yg mengandung alkohol” – TurnBackHoax.ID,0,kesehatan,hoaxid_hf,2021-03-28
hf-2483,"[SALAH] Vaksin Berbasis mRna, Dapat Menyebabkan Kanker – TurnBackHoax.ID",0,kesehatan,hoaxid_hf,2021-03-25
hf-2484,[SALAH] Pancaran Radiasi Wifi Berakibat Kanker Darah Pada Anak – TurnBackHoax.ID,0,kesehatan,hoaxid_hf,2021-03-25
hf-2485,[SALAH] “Yg vaksin jgn Lupa Kalau bisa sesuaikan Surat vaccine Nanti itu namanya sesuai Passport” – TurnBackHoax.ID,0,kesehatan,hoaxid_hf,2021-03-25
hf-2494,[SALAH] “Tulisan ini dari kawan-kawan komunitas IDI (Ikatan Dokter Indonesia)” – TurnBackHoax.ID,0,kesehatan,hoaxid_hf,2021-03-24
hf-2495,[SALAH] Tentara Angkatan Laut Australia Mengalami Efek Samping Parah setelah Divaksin Covid-19 – TurnBackHoax.ID,0,kesehatan,hoaxid_hf,2021-03-23
hf-2506,[SALAH] Rumput Paragis untuk Menyembuhkan Kanker – TurnBackHoax.ID,0,kesehatan,hoaxid_hf,2021-03-22
hf-2509,[SALAH] Pengumuman Jadwal Vaksinasi untuk Umum di Wilayah Jawa Barat Maret 2021 oleh Gubernur – TurnBackHoax.ID,0,kesehatan,hoaxid_hf,2021-03-22
hf-2516,[SALAH] Foto Gubernur Korea Selatan Menggunakan Jaket saat Divaksin – TurnBackHoax.ID,0,kesehatan,hoaxid_hf,2021-03-21
hf-2517,[SALAH] 17 Negara Melarang Penyebaran Vaksin AstraZeneca – TurnBackHoax.ID,0,kesehatan,hoaxid_hf,2021-03-21
hf-2519,[SALAH] Lowongan Kerja Dinas Kesehatan Kabupaten Bojonegoro – TurnBackHoax.ID,0,kesehatan,hoaxid_hf,2021-03-19
hf-2526,[SALAH] Episode Sitkom Bajaj Bajuri Ramalkan Virus Corona Tahun 2021 – TurnBackHoax.ID,0,kesehatan,hoaxid_hf,2021-03-17
hf-2528,[SALAH] Tidak Ada Kasus Covid-19 di Bhutan karena Penduduknya Vegetarian – TurnBackHoax.ID,0,kesehatan,hoaxid_hf,2021-03-16
hf-2529,[SALAH] Vaksin Sinovac Kadaluwarsa 25 Maret 2021 dan Dibuat Sebelum Pandemi – TurnBackHoax.ID,0,kesehatan,hoaxid_hf,2021-03-16
hf-2536,[SALAH] Vaksinasi Covid-19 untuk Warga Non DKI Jakarta di Istora Senayan – TurnBackHoax.ID,0,kesehatan,hoaxid_hf,2021-03-14
hf-2545,[SALAH] Pesan Berantai Whatsapp Bantuan Sosial Finansial Rp3.550.000 Dari BPJS Kesehatan – TurnBackHoax.ID,0,kesehatan,hoaxid_hf,2021-03-13
hf-2547,"[SALAH] “Vaksin Sinovac, Vaksin yg sebenarnya di peruntukkan untuk ayam” – TurnBackHoax.ID",0,kesehatan,hoaxid_hf,2021-03-13
hf-2548,[SALAH] Rusia Menemukan bahwa Covid-19 Tidak Disebabkan oleh Virus – TurnBackHoax.ID,0,kesehatan,hoaxid_hf,2021-03-12
hf-2555,"[SALAH] Bio Farma Mengadakan Vaksinasi Covid-19 pada Jumat, 12 Maret 2021 – TurnBackHoax.ID",0,kesehatan,hoaxid_hf,2021-03-12
hf-2557,[SALAH] Vaksin Sinovac berisikan Virus Hidup yang dilemahkan serta mengandung Sel Vero dan Bahan-Bahan Berbahaya – TurnBackHoax.ID,0,kesehatan,hoaxid_hf,2021-03-11
hf-2558,[SALAH] Video “Vaksinasi di.mall T.Anggrek” – TurnBackHoax.ID,0,kesehatan,hoaxid_hf,2021-03-11
hf-2561,[SALAH] Menghirup Uap Panas Teh Herbal Dapat Mencegah dan Menyembuhkan COVID-19 – TurnBackHoax.ID,0,kesehatan,hoaxid_hf,2021-03-10
hf-2569,[SALAH] Pesan Berantai Video “Potensi Bahaya Vaksin COVID-19” – TurnBackHoax.ID,0,kesehatan,hoaxid_hf,2021-03-07
hf-2571,[SALAH] Uap Panas Hasil Rebusan Daun Jambu dapat Mengobati Covid-19 – TurnBackHoax.ID,0,kesehatan,hoaxid_hf,2021-03-07
hf-2572,[SALAH] Terdapat Paku Dalam Kapsul Obat – TurnBackHoax.ID,0,kesehatan,hoaxid_hf,2021-03-07
hf-2573,[SALAH] Vaksin Moderna Dirancang untuk Mengubah DNA Manusia – TurnBackHoax.ID,0,kesehatan,hoaxid_hf,2021-03-07
hf-2577,[SALAH] Pemberian Vaksin Covid-19 oleh Badan Litbangkes – TurnBackHoax.ID,0,kesehatan,hoaxid_hf,2021-03-06
hf-2578,[SALAH] “kenapa semua nya meninggal dengan ciri ciri penyebab yg sama seperti korban vaksin Covid-19 lain di luar negeri” – TurnBackHoax.ID,0,kesehatan,hoaxid_hf,2021-03-05
hf-2587,[SALAH] Vaksinasi di PPSDMK Cukup Bawa KTP Sebagai Syarat – TurnBackHoax.ID,0,kesehatan,hoaxid_hf,2021-03-03
hf-2600,"[SALAH] “Anosmia Bukan Gejala khas Virus, Minum aja Mecobalamin 5 cap setiap 1 jam sampai diare ringan” – TurnBackHoax.ID",0,kesehatan,hoaxid_hf,2021-03-01
hf-2609,[SALAH] BPJS Kesehatan Memberikan Bantuan Dana Rp50 Juta Kepada TKW – TurnBackHoax.ID,0,kesehatan,hoaxid_hf,2021-02-27
hf-2611,[SALAH] Akun WhatsApp Juru Bicara Vaksinasi Covid-19 Meminta Sejumlah Dana – TurnBackHoax.ID,0,kesehatan,hoaxid_hf,2021-02-27
hf-2619,[SALAH] Demonstrasi Memprotes Kebijakan Covid-19 di Romania – TurnBackHoax.ID,0,kesehatan,hoaxid_hf,2021-02-26
hf-2622,[SALAH] Memakai Masker Secara Terus Menerus Akan Menyebabkan Kanker Paru-Paru – TurnBackHoax.ID,0,kesehatan,hoaxid_hf,2021-02-25
hf-2630,[SALAH] Bantuan 37 Juta Rupiah dari BPJS Kesehatan – TurnBackHoax.ID,0,kesehatan,hoaxid_hf,2021-02-24
hf-2631,[SALAH] Foto Efek Samping Yang Dialami Setelah Vaksinasi Moderna Covid-19 – TurnBackHoax.ID,0,kesehatan,hoaxid_hf,2021-02-24
hf-2642,[SALAH] Pernyataan Ketua Satgas Covid terkait Hirup Uap Air Panas Membunuh Virus Corona – TurnBackHoax.ID,0,kesehatan,hoaxid_hf,2021-02-23
hf-2649,[SALAH] “Tips Kesehatan Membuang Batu Empedu” – TurnBackHoax.ID,0,kesehatan,hoaxid_hf,2021-02-23
hf-2661,[SALAH] “setelah di vaksin maka kasus HIV dan kanker akan meledak” – TurnBackHoax.ID,0,kesehatan,hoaxid_hf,2021-02-20
hf-2662,[SALAH] “wabah flu Spanyol penyebabnya bukan virus melainkan gejala pneumonia oleh bakteri akibat oleh karena adanya wajib masker” – TurnBackHoax.ID,0,kesehatan,hoaxid_hf,2021-02-20
hf-2679,"[SALAH] “TERKUAK, Ternyata Jemaah Haji Indonesia Ditolak Bukan Karena Covid 19” – TurnBackHoax.ID",0,kesehatan,hoaxid_hf,2021-02-18
hf-2682,[SALAH] Jambu Kristal Putih Dapat Menangkal Covid-19 – TurnBackHoax.ID,0,kesehatan,hoaxid_hf,2021-02-17
hf-2698,"[SALAH] “Covid-19 BUKAN Virus, Sumber : Kementerian Kesehatan Italy” – TurnBackHoax.ID",0,kesehatan,hoaxid_hf,2021-02-14
hf-2705,[SALAH] Kondisi Seorang Remaja Perempuan Setelah Vaksinasi Covid-19 – TurnBackHoax.ID,0,kesehatan,hoaxid_hf,2021-02-12
hf-2716,[SALAH] Vietnam Tanpa Kasus Kematian Akibat Covid-19 karena Campuran Teh Panas dan Lemon – TurnBackHoax.ID,0,kesehatan,hoaxid_hf,2021-02-11
hf-2720,[SALAH] Kematian Ustadz Maaher akibat Disuntik Vaksin – TurnBackHoax.ID,0,kesehatan,hoaxid_hf,2021-02-11
hf-2724,[SALAH] Minum Air Hangat 4 Kali Sehari Dapat Menyembuhkan Covid-19 – TurnBackHoax.ID,0,kesehatan,hoaxid_hf,2021-02-10
hf-2732,"[SALAH] “SETAHUN Koma di Rumah Sakit, Begitu Siuman Pria Ini Syok Orang-orang Tercinta Meninggal karena Covid” – TurnBackHoax.ID",0,kesehatan,hoaxid_hf,2021-02-09
hf-2744,[SALAH] Fenomena Banjir Darah di Pekalongan – TurnBackHoax.ID,0,kesehatan,hoaxid_hf,2021-02-07
hf-2758,[SALAH] Yahya Waloni Menuai Balasan dari Ucapannya yang Menantang Covid-19 dan Enggan Menggunakan Masker – TurnBackHoax.ID,0,kesehatan,hoaxid_hf,2021-02-07
hf-2759,[SALAH] Obat Klorin Dioksida Temuan Prof Dr Richard Claproth Dapat Menyembuhkan Covid-19 – TurnBackHoax.ID,0,kesehatan,hoaxid_hf,2021-02-07
hf-2761,[SALAH] Video Air Rebusan Belimbing Wuluh Dapat Mencegah dan Menyembuhkan Covid-19 – TurnBackHoax.ID,0,kesehatan,hoaxid_hf,2021-02-06
hf-2769,[SALAH] Ramuan Penangkal Covid-19 oleh Kemenkes – TurnBackHoax.ID,0,kesehatan,hoaxid_hf,2021-02-05
hf-2778,[SALAH] Menteri Kesehatan Thailand Menangis Saat Disuntik Vaksin Covid-19 – TurnBackHoax.ID,0,kesehatan,hoaxid_hf,2021-02-03
hf-2779,[SALAH] Bantuan Covid-19 untuk Pemilik SIM A dan C oleh Asuransi Jasa Raharja – TurnBackHoax.ID,0,kesehatan,hoaxid_hf,2021-02-03
hf-2784,[SALAH] “Satu2nya negara yg tidak ada COVID19-nya TANZANIA. Mereka gak pernah adakan Rapid Test n PCR kepada penduduknya” – TurnBackHoax.ID,0,kesehatan,hoaxid_hf,2021-02-03
hf-2788,[SALAH] Pesan Berantai “Paradox vaksin” – TurnBackHoax.ID,0,kesehatan,hoaxid_hf,2021-02-02
hf-2789,"[SALAH] “test Ge Nose C19, Mudah n murah. Rp 15 rb, 10 detik, akurasi 99,9%. Gak hrs swab, gak hrs diambil darah” – TurnBackHoax.ID",0,kesehatan,hoaxid_hf,2021-02-02
hf-2796,[SALAH] Dua Kekasih Tidak Lepas Berpelukan Setelah Berhubungan Intim di Jalan – TurnBackHoax.ID,0,kesehatan,hoaxid_hf,2021-01-31
hf-2798,[SALAH] “Gereja Haramkan Vaksin kok MUI Halalkan Vaksin?” – TurnBackHoax.ID,0,kesehatan,hoaxid_hf,2021-01-31
hf-2806,[SALAH] Lianhua Qingwen Dapat Digunakan Sebagai Obat Covid-19 – TurnBackHoax.ID,0,kesehatan,hoaxid_hf,2021-01-28
hf-2810,[SALAH] Nomor Palsu Satgas Covid-19 Beredar di Whatsapp – TurnBackHoax.ID,0,kesehatan,hoaxid_hf,2021-01-28
hf-2813,[SALAH] Berkumur dengan Air Hangat dan Air Garam Dapat Menghilangkan Virus Corona – TurnBackHoax.ID,0,kesehatan,hoaxid_hf,2021-01-28
hf-2815,[SALAH] Minum Air Kelapa Sebagai Penangkal Racun Usai Divaksin – TurnBackHoax.ID,0,kesehatan,hoaxid_hf,2021-01-27
hf-2817,[SALAH] Kumham Hapus Sanksi Pidana setelah Anak Buah Megawati Tolak Vaksin – TurnBackHoax.ID,0,kesehatan,hoaxid_hf,2021-01-26
hf-2821,"[SALAH] Karena Disuntik Vaksin, Dokter di Palembang Meninggal – TurnBackHoax.ID",0,kesehatan,hoaxid_hf,2021-01-25
hf-2825,[SALAH] “Julio Iglesias meninggal karena covid19” – TurnBackHoax.ID,0,kesehatan,hoaxid_hf,2021-01-24
hf-2827,"[SALAH] “Kesan Abdul Somad Saat Divaksin: Ndak Terasa Sakit, Tak Sesakit Ditinggal Pas Lagi Sayang-Sayangnya” – TurnBackHoax.ID",0,kesehatan,hoaxid_hf,2021-01-24
hf-2828,[SALAH] Foto “anak korban vaksinasi covid” – TurnBackHoax.ID,0,kesehatan,hoaxid_hf,2021-01-24
hf-2830,[SALAH] Indonesia Tidak Dapat Menggugat Jika Vaksin Bermasalah – TurnBackHoax.ID,0,kesehatan,hoaxid_hf,2021-01-23
hf-2834,[SALAH] Ketua BPOM Ditekan dan Diancam Untuk Keluarkan Vaksin Sinovac – TurnBackHoax.ID,0,kesehatan,hoaxid_hf,2021-01-23
hf-2840,[SALAH] “VAKSINASI PRESIDEN HARUS DIULANG DAN HATI-HATI DENGAN VAKSINASI” – TurnBackHoax.ID,0,kesehatan,hoaxid_hf,2021-01-22
hf-2841,[SALAH] Tangkapan Layar Video CNN Memberitakan Rakyat akan dibunuh oleh Vaksin dari Tiongkok – TurnBackHoax.ID,0,kesehatan,hoaxid_hf,2021-01-21
hf-2842,[SALAH] Diagram Chip 5G pada Vaksin Covid-19 – TurnBackHoax.ID,0,kesehatan,hoaxid_hf,2021-01-21
hf-2844,[SALAH] Obat COVID-19 Dexamethasone Lebih Murah dari Harga Vaksin COVID-19 – TurnBackHoax.ID,0,kesehatan,hoaxid_hf,2021-01-21
hf-2852,[SALAH] “Eric tohir sang missionaris chip covid-19” – TurnBackHoax.ID,0,kesehatan,hoaxid_hf,2021-01-21
hf-2853,"[SALAH] Pernyataan IDI Terkait Aspartame dalam Minuman Instan Sebabkan Kanker, Diabetes, dan Pengerasan Sumsum Tulang Belakang – TurnBackHoax.ID",0,kesehatan,hoaxid_hf,2021-01-20
hf-2856,[SALAH] “5 cara utk meningkatkan ANTI BODY” dari Regu Pembasmi Covid-19 – TurnBackHoax.ID,0,kesehatan,hoaxid_hf,2021-01-20
hf-2863,[SALAH] Video Bill Gates Rapat dengan CIA Mengenai Vaksin Pada Tahun 2005 – TurnBackHoax.ID,0,kesehatan,hoaxid_hf,2021-01-20
hf-2864,[SALAH] Video Puluhan Santri Pingsan Setelah Vaksin Covid-19 Sinovac – TurnBackHoax.ID,0,kesehatan,hoaxid_hf,2021-01-19
hf-2865,[SALAH] Singapura Hentikan Vaksinasi Setelah 48 Orang Meninggal di Negaranya – TurnBackHoax.ID,0,kesehatan,hoaxid_hf,2021-01-19
hf-2870,[SALAH] Video “Setelah disuntik vaksin pingsan tak sadarkan diri” – TurnBackHoax.ID,0,kesehatan,hoaxid_hf,2021-01-19
hf-2873,[SALAH] “Kasdim 0817 Gresik Mayor Sugeng Riyadi meninggal akibat disuntik vaksin” – TurnBackHoax.ID,0,kesehatan,hoaxid_hf,2021-01-18
hf-2874,[SALAH] Merokok Bisa Menghadang Virus Corona – TurnBackHoax.ID,0,kesehatan,hoaxid_hf,2021-01-18
hf-2876,[SALAH] “Vaksin covid-19 itu telah bermutasi menjadi ribuan covid-19 baru di seluruh dunia” – TurnBackHoax.ID,0,kesehatan,hoaxid_hf,2021-01-18
hf-2877,[SALAH] Pembagian Masker Gratis Dicampur Obat Bius – TurnBackHoax.ID,0,kesehatan,hoaxid_hf,2021-01-18
hf-2883,"[SALAH] Jokowi Bukan Disuntik Vaksin, Melainkan Suntik Vitamin – TurnBackHoax.ID",0,kesehatan,hoaxid_hf,2021-01-17
hf-2885,"[SALAH] Jika Sudah Disuntik Vaksin Covid-19, Tidak Perlu Mematuhi Protokol Kesehatan – TurnBackHoax.ID",0,kesehatan,hoaxid_hf,2021-01-17
hf-2889,"[SALAH] “Berita Terbaru Hari Ini ~ 48 Orang Te.was Setelah Di Vaksin Coro.na, Agenda Ja.hat Re.zim Terungkap!” – TurnBackHoax.ID",0,kesehatan,hoaxid_hf,2021-01-16
hf-2892,[SALAH] “Kronologi Syekh Ali Jabar Wafat 2 jam sebelum beliau wafat tak disangka ternyata karna vaksin ini??” – TurnBackHoax.ID,0,kesehatan,hoaxid_hf,2021-01-16
hf-2896,[SALAH] “Ketua Fraksi PDIP saja ga mau di vaksin” – TurnBackHoax.ID,0,kesehatan,hoaxid_hf,2021-01-16
hf-2904,[SALAH] Terapi Uap Panas dan Minyak Kayu Putih Dapat Membunuh Virus Corona – TurnBackHoax.ID,0,kesehatan,hoaxid_hf,2021-01-15
hf-2905,[SALAH] Presiden Terpilih AS Joe Bidden Mundur Karena Alasan Kesehatan – TurnBackHoax.ID,0,kesehatan,hoaxid_hf,2021-01-15
hf-2907,[SALAH] Jokowi Kejang dan Meninggal Dunia setelah Disuntik Vaksin – TurnBackHoax.ID,0,kesehatan,hoaxid_hf,2021-01-15
hf-2910,[SALAH] Pesan Whatsapp Undangan Rakernas Peningkatan Kinerja Tenaga Kesehatan oleh Dinkes DKI – TurnBackHoax.ID,0,kesehatan,hoaxid_hf,2021-01-15
hf-2915,[SALAH] Jokowi Menggunakan Vaksin Buatan Eropa – TurnBackHoax.ID,0,kesehatan,hoaxid_hf,2021-01-14
hf-2917,[SALAH] “Rakyat Aceh menolak vaksin covid19 karena menurut para ulama Aceh itu haram” – TurnBackHoax.ID,0,kesehatan,hoaxid_hf,2021-01-14
hf-2919,[SALAH] Obat Covid-19 dari Asap Batok Kelapa – TurnBackHoax.ID,0,kesehatan,hoaxid_hf,2021-01-13
hf-2922,[SALAH] “Kemasan vaksin Sinovac ga pake ampulan Didalam box vaksin sudah ada spuit khusus yg sdh ada vaksin nya” – TurnBackHoax.ID,0,kesehatan,hoaxid_hf,2021-01-13
hf-2925,"[SALAH] Video “antri Pemakaman Covid-19 di Tegal Alur,JKT. Hidup antri, mau dikuburpun antri.” – TurnBackHoax.ID",0,kesehatan,hoaxid_hf,2021-01-13
hf-2926,[SALAH] Hirup Uap Air Panas Dua Kali Sehari Dapat Menangkal Covid-19 – TurnBackHoax.ID,0,kesehatan,hoaxid_hf,2021-01-13
hf-2931,[SALAH] Tiongkok dan Luhut Pandjaitan Merencanakan Pembunuhan Massal Terhadap Pribumi dengan 40 Ribu Ton Alat Tes Covid-19 – TurnBackHoax.ID,0,kesehatan,hoaxid_hf,2021-01-12
hf-2932,[SALAH] 21% Pasien Mengalami Efek Samping Setelah Memakai Vaksin Moderna – TurnBackHoax.ID,0,kesehatan,hoaxid_hf,2021-01-12
hf-2933,[SALAH] Setengah Karyawan BTC Pangkalpinang Positif Covid-19 – TurnBackHoax.ID,0,kesehatan,hoaxid_hf,2021-01-12
hf-2934,[SALAH] Pesan Berantai Rekrutmen Relawan Untuk Merawat Pasien Covid 19 di Wisma Atlet Oleh Dokter Irna – TurnBackHoax.ID,0,kesehatan,hoaxid_hf,2021-01-12
hf-2945,[SALAH] Video “vaksin AstraZeneca menggunakan MRC-5” – TurnBackHoax.ID,0,kesehatan,hoaxid_hf,2021-01-11
hf-2946,[SALAH] “COVID-19 adalah tipuan terbesar yang pernah dilakukan dan hanya flu buruk lainnya” – TurnBackHoax.ID,0,kesehatan,hoaxid_hf,2021-01-11
hf-2947,[SALAH] “sakit mendadak oleh vaksin” – TurnBackHoax.ID,0,kesehatan,hoaxid_hf,2021-01-10
hf-2955,[SALAH] Hanya 13 Ribu Orang di Britania Raya yang Terinfeksi Covid-19 pada Tahun 2020 – TurnBackHoax.ID,0,kesehatan,hoaxid_hf,2021-01-09
hf-2958,[SALAH] Penerima Vaksin Perdana Meninggal Dunia Usai Disuntik Vaksin Pfizer – TurnBackHoax.ID,0,kesehatan,hoaxid_hf,2021-01-09
hf-2960,[SALAH] “Ternyata VAKSIN Yg Akan Di Suntikan Ke Jokowi Berbeda” – TurnBackHoax.ID,0,kesehatan,hoaxid_hf,2021-01-09
hf-2964,[SALAH] “Inalilahi wainailaihi rojiun Telah meninggal..HRS..Di dalam sel karna kena covid…” – TurnBackHoax.ID,0,kesehatan,hoaxid_hf,2021-01-08
hf-2966,[SALAH] Pinjaman Dana Bantuan Covid-19 oleh Bupati Pasuruan Irsyad Yusuf – TurnBackHoax.ID,0,kesehatan,hoaxid_hf,2021-01-08
hf-2967,[SALAH] “vaksin Sinovac disebutkan memberi efek samping pembesaran alat kelamin” – TurnBackHoax.ID,0,kesehatan,hoaxid_hf,2021-01-08
hf-2968,"[SALAH] “Fabiana Souza, penerima perdana suntikan vaksin covid 19 meninggal dunia di RS.Sao Lucas Porto Alegre Brazil Selatan” – TurnBackHoax.ID",0,kesehatan,hoaxid_hf,2021-01-07
hf-2970,[SALAH] Hydro Oxy Mouth Freshener Spray Dapat Cegah dan Sembuhkan Virus Covid-19 – TurnBackHoax.ID,0,kesehatan,hoaxid_hf,2021-01-07
hf-2975,"[SALAH] Vaksin Bermasalah dan Mengerikan, Disuntik Bisa Menjadi Sakit dan Sekarat – TurnBackHoax.ID",0,kesehatan,hoaxid_hf,2021-01-06
hf-2983,[SALAH] “Vaksin Sinovac Covid-19 yang akan di suntikkan kepada warga hanya untuk kelinci percobaan” – TurnBackHoax.ID,0,kesehatan,hoaxid_hf,2021-01-06
hf-2988,[SALAH] “Raja Thailand panggil ulama Islam baca doa tolak bala covid 19” – TurnBackHoax.ID,0,kesehatan,hoaxid_hf,2021-01-05
hf-2989,[SALAH] Vaksin Sinovac Mengandung Sel Kera Hijau Afrika – TurnBackHoax.ID,0,kesehatan,hoaxid_hf,2021-01-05
hf-2991,[SALAH] Tulisan dr. Siti Fadillah terkait Pengobatan Covid-19 – TurnBackHoax.ID,0,kesehatan,hoaxid_hf,2021-01-05
hf-2992,[SALAH] Artikel CNN “Seorang Dokter Merekomendasikan Vaksin Covid19 Disuntikkan di Alat Kelamin Pria – TurnBackHoax.ID,0,kesehatan,hoaxid_hf,2021-01-05
hf-2994,[SALAH] Resep Campuran Teh Hijau dan Lemon Untuk Atasi Covid-19 – TurnBackHoax.ID,0,kesehatan,hoaxid_hf,2021-01-05
hf-3003,[SALAH] Sambal Bawang Bisa Cegah Covid19 – TurnBackHoax.ID,0,kesehatan,hoaxid_hf,2021-01-03
hf-3006,[SALAH] Video Ribuan Jamaah Tanpa Masker Sambut Kedatangan Ustadz Abdul Somad di Tengah Pandemi Covid-19 – TurnBackHoax.ID,0,kesehatan,hoaxid_hf,2021-01-02
hf-3007,[SALAH] “Bill Gates mengatakan dia tidak akan divaksinasi dan CEO Pfizer juga menunda menerima vaksin covid-19” – TurnBackHoax.ID,0,kesehatan,hoaxid_hf,2021-01-02
hf-3008,[SALAH] Minum Teh Dengan Batang Lada Dapat Sembuhkan Covid-19 – TurnBackHoax.ID,0,kesehatan,hoaxid_hf,2021-01-02
hf-3019,[SALAH] “kesimpulan Rob Oswald: COVID 19 adalah khayalan dan fiktif” – TurnBackHoax.ID,0,kesehatan,hoaxid_hf,2021-01-01
hf-3021,[SALAH] “WHO menyatakan bahwa vaksin Sinovac adalah vaksin yang paling lemah” – TurnBackHoax.ID,0,kesehatan,hoaxid_hf,2021-01-01
hf-3022,[SALAH] Istora Senayan Dijadikan Tempat Penampungan Pasien Covid-19 – TurnBackHoax.ID,0,kesehatan,hoaxid_hf,2021-01-01
hf-3029,[SALAH] Video Keadaan RS Covid Wisma Atlet – TurnBackHoax.ID,0,kesehatan,hoaxid_hf,2020-12-30
hf-3042,[SALAH] Tiga Wanita Bintang Iklan Jamu Covid-19 – TurnBackHoax.ID,0,kesehatan,hoaxid_hf,2020-12-28
hf-3043,[SALAH] Tunggakan BPJS Kesehatan Lunas Hanya Dengan Bayar 6 Bulan – TurnBackHoax.ID,0,kesehatan,hoaxid_hf,2020-12-28
hf-3051,[SALAH] Bupati Bojonegoro Dr. Hj. Anna Muawanah terpapar Covid-19 – TurnBackHoax.ID,0,kesehatan,hoaxid_hf,2020-12-28
hf-3057,[SALAH] “Jokowi hari ini tolak di suntik vaksin Covid-19 duluan” – TurnBackHoax.ID,0,kesehatan,hoaxid_hf,2020-12-26
hf-3062,[SALAH] Rekrutmen Kerja Staf Lab Vaksin oleh RSU Mulia Hati – TurnBackHoax.ID,0,kesehatan,hoaxid_hf,2020-12-26
hf-3066,[SALAH] “Rumah Sakit Di Lockdown Karena Pasien Vaksin Covid Pertama Mulai Makan Pasien Lain” – TurnBackHoax.ID,0,kesehatan,hoaxid_hf,2020-12-25
hf-3071,[SALAH] Vaksin Covid-19 Buatan Pfizer Berbentuk Vape – TurnBackHoax.ID,0,kesehatan,hoaxid_hf,2020-12-24
hf-3077,[SALAH] “Syarat Vaksin Gratis Jokowi: BPJS Kesehatan Anda Harus Aktif” – TurnBackHoax.ID,0,kesehatan,hoaxid_hf,2020-12-23
hf-3079,[SALAH] Relawan Alami Gangguan Saraf Setelah Disuntik Vaksin Sinovac – TurnBackHoax.ID,0,kesehatan,hoaxid_hf,2020-12-23
hf-3085,[SALAH] “Paus Fransiskus Mengatakan Vaksin Covid Sekarang Akan Diperlukan Untuk Masuk Surga” – TurnBackHoax.ID,0,kesehatan,hoaxid_hf,2020-12-22
hf-3086,[SALAH] Video Jarum Suntik Menghilang Saat Proses Vaksinasi Covid-19 – TurnBackHoax.ID,0,kesehatan,hoaxid_hf,2020-12-21
hf-3090,[SALAH] Jokowi Akan Menggunakan Vaksin Pfizer dan Vaksin Sinovac Untuk Masyarakat – TurnBackHoax.ID,0,kesehatan,hoaxid_hf,2020-12-21
hf-3096,[SALAH] Foto Polisi dengan Luka Bacok – TurnBackHoax.ID,0,kesehatan,hoaxid_hf,2020-12-20
hf-3098,"[SALAH] Video Perawat Pingsan Setelah Mendapat Vaksin Covid-19, Potensi Genosida Massal – TurnBackHoax.ID",0,kesehatan,hoaxid_hf,2020-12-20
hf-3104,[SALAH] Vaksin yang disimpan -80 Derajat Bukanlah Vaksin Melainkan Agen Transfeksi yang Dapat Memanipulasi Genetika Manusia – TurnBackHoax.ID,0,kesehatan,hoaxid_hf,2020-12-18
hf-3106,[SALAH] Singapura Membuka Vaccine Tourism dan Melakukan Vaksinasi di Bandara Changi – TurnBackHoax.ID,0,kesehatan,hoaxid_hf,2020-12-18
hf-3114,[SALAH] Foto “4 Orang Alami Kelumpuhan Wajah Setelah Disuntik Vaksin Corona” – TurnBackHoax.ID,0,kesehatan,hoaxid_hf,2020-12-17
hf-3117,[SALAH] Kota Manado Zona Hitam Covid-19 – TurnBackHoax.ID,0,kesehatan,hoaxid_hf,2020-12-17
hf-3118,[SALAH] Kandungan Formaldehida pada Vaksin Menyebabkan Leukimia pada Anak – TurnBackHoax.ID,0,kesehatan,hoaxid_hf,2020-12-17
hf-3126,[SALAH] “IDI tolak yg Pertama dpt Vaksin Sinovac China” – TurnBackHoax.ID,0,kesehatan,hoaxid_hf,2020-12-15
hf-3127,[SALAH] 44 Orang Tenaga Kesehatan Positif Covid di RS Tipe B Parepare – TurnBackHoax.ID,0,kesehatan,hoaxid_hf,2020-12-15
hf-3137,[SALAH] Video Konvoi Kemenangan Plat AD Tidak Patuhi Protokol Kesehatan – TurnBackHoax.ID,0,kesehatan,hoaxid_hf,2020-12-13
hf-3143,"[SALAH] Konsumsi Campuran Air Kelapa, Jeruk Nipis, Garam dan Madu Dapat Menyembuhkan Covid-19 – TurnBackHoax.ID",0,kesehatan,hoaxid_hf,2020-12-13
hf-3144,[SALAH] Satu RT di Ciracas Terkena Covid-19 – TurnBackHoax.ID,0,kesehatan,hoaxid_hf,2020-12-13
hf-3148,[SALAH] Pendaftaran Relawan COVID-19 di Wisma Atlet – TurnBackHoax.ID,0,kesehatan,hoaxid_hf,2020-12-13
hf-3158,[SALAH] Ketua Tim Peneliti Pfizer: Vaksin Covid-19 Dapat Menyebabkan Kemandulan bagi Perempuan – TurnBackHoax.ID,0,kesehatan,hoaxid_hf,2020-12-12
hf-3159,[SALAH] Telapak Kaki Relawan Melepuh Efek Samping Suntik Vaksin Covid-19 – TurnBackHoax.ID,0,kesehatan,hoaxid_hf,2020-12-12
hf-3162,"[SALAH] COVID-19 Merupakan Buatan Manusia sebagai Senjata Biologis dari Carolina Utara, Amerika Serikat dan Pasien Nol Bernama Maatje Benassi – TurnBackHoax.ID",0,kesehatan,hoaxid_hf,2020-12-11
hf-3168,[SALAH] Jangan Datang ke Jalan Melong Cikawao karena Satu RT Positif Covid-19 – TurnBackHoax.ID,0,kesehatan,hoaxid_hf,2020-12-11
hf-3173,[SALAH] KPK Lakukan OTT Seorang Dokter Gigi di Surabaya Berkaitan dengan Pilkada 2020 – TurnBackHoax.ID,0,kesehatan,hoaxid_hf,2020-12-10
hf-3187,[SALAH] Minum Minyak Kayu Putih Dapat Menyembuhkan COVID-19 – TurnBackHoax.ID,0,kesehatan,hoaxid_hf,2020-12-08
hf-3189,[SALAH] China Sembuh dari COVID-19 Tanpa Vaksin – TurnBackHoax.ID,0,kesehatan,hoaxid_hf,2020-12-08
hf-3194,"[SALAH] Foto “Enam Jenazah Anggota FPI yang Ditembak Polisi, Berlumuran Darah, Wajah Penuh Luka Lebam” – TurnBackHoax.ID",0,kesehatan,hoaxid_hf,2020-12-08
hf-3198,[SALAH] Gratis Langganan Netflix Selama Satu Tahun karena Pandemi Covid-19 – TurnBackHoax.ID,0,kesehatan,hoaxid_hf,2020-12-07
hf-3203,[SALAH] Kopi Bisa Cegah dan Sembuhkan Covid-19 – TurnBackHoax.ID,0,kesehatan,hoaxid_hf,2020-12-07
hf-3208,[SALAH] “Baru sehari mentrinya jd TSK bantuan covid.19 yg ditilep. Hari ini kantor kemensos terbakar” – TurnBackHoax.ID,0,kesehatan,hoaxid_hf,2020-12-07
hf-3216,"[SALAH] “Yang Punya Kartu Bpjs (Kis) Kesehatan Akan Diberikan Bantuan Uang Tunai Sebesar 2,4 Juta” – TurnBackHoax.ID",0,kesehatan,hoaxid_hf,2020-12-06
hf-3229,"[SALAH] Foto Keadaan Rumah Sakit yang Sepi dari Pasien Covid-19 di Nevada, Amerika Serikat – TurnBackHoax.ID",0,kesehatan,hoaxid_hf,2020-12-04
hf-3235,[SALAH] Kandungan Alumunium pada Vaksin Berbahaya bagi Otak – TurnBackHoax.ID,0,kesehatan,hoaxid_hf,2020-12-02
hf-3266,[SALAH] “Korea Selatan Kelabakan Lihat Warganya Meninggal Satu Persatu Usai Disuntik Vaksin” – TurnBackHoax.ID,0,kesehatan,hoaxid_hf,2020-11-28
hf-3267,[SALAH] Pesan Berantai Donor Darah Gratis Oleh Blood For Life (BFL) Indonesia – TurnBackHoax.ID,0,kesehatan,hoaxid_hf,2020-11-28
hf-3268,[SALAH] Vaksin Covid-19 berbasis mRNA Dapat Mengubah DNA Manusia – TurnBackHoax.ID,0,kesehatan,hoaxid_hf,2020-11-28
hf-3278,"[SALAH] Kebijakan Ticketmaster, Wajibkan Vaksin Covid-19 Sebelum Menghadiri Konser – TurnBackHoax.ID",0,kesehatan,hoaxid_hf,2020-11-27
hf-3279,"[SALAH] Minum Air Panas, Susu Panas, Teh Panas dan Menghirup Uapnya Dapat Membunuh Virus Corona – TurnBackHoax.ID",0,kesehatan,hoaxid_hf,2020-11-27
hf-3280,[SALAH] Video Keramaian Stasiun Kereta Api di India Selama Pandemi COVID-19 – TurnBackHoax.ID,0,kesehatan,hoaxid_hf,2020-11-26
hf-3284,[SALAH] Joe Biden Mengangkat Orang India sebagai Penasehat Politik – TurnBackHoax.ID,0,kesehatan,hoaxid_hf,2020-11-26
hf-3286,[SALAH] COVID-19 adalah Akronim dari “Certification Of Vaccination Identification 2019” dan Penanaman Barcode Implan di Wuhan pada Tahun 2019 – TurnBackHoax.ID,0,kesehatan,hoaxid_hf,2020-11-26
hf-3292,[SALAH] Air Rebusan Bawang Putih Dapat Menyembuhkan COVID-19 – TurnBackHoax.ID,0,kesehatan,hoaxid_hf,2020-11-24
hf-3294,[SALAH] Foto “Viral! Beredar Foto Anies Jenguk Rizieq yang Positif Covid-19” – TurnBackHoax.ID,0,kesehatan,hoaxid_hf,2020-11-24
hf-3295,[SALAH] Test Swab COVID-19 dapat Menyebabkan Lapisan Otak Pecah dan Pendarahan Hingga Kematian dan Pernah Terjadi di Kanada – TurnBackHoax.ID,0,kesehatan,hoaxid_hf,2020-11-24
hf-3300,[SALAH] Corona Adalah Kedok dari Penyakit Radiasi – TurnBackHoax.ID,0,kesehatan,hoaxid_hf,2020-11-23
hf-3315,"[SALAH] “Akibat Suntik Vaksin dari Cina , Masyarakat Zimbabwe Terkena Penyakit Kulit Ber Air.” – TurnBackHoax.ID",0,kesehatan,hoaxid_hf,2020-11-20
hf-3316,[SALAH] Tempurung Kelapa Dapat Mengobati Sakit Gigi Berlubang – TurnBackHoax.ID,0,kesehatan,hoaxid_hf,2020-11-20
hf-3340,[SALAH] Video Pemusik dan Penyanyi Dunia dari Berbagai Agama Menyanyikan Asmaul Husna di Selandia Baru untuk Memohon Berhentinya Wabah COVID-19 – TurnBackHoax.ID,0,kesehatan,hoaxid_hf,2020-11-14
hf-3365,"[SALAH] “Di Tanya soal virus Corona KORLAP FPI: Hanya Imam Besar kami yg punya Penangkal virus Corona, karna Imam besar kami cucu Nabi” – TurnBackHoax.ID",0,kesehatan,hoaxid_hf,2020-11-11
hf-3378,[SALAH] Luhut Positif Covid-19 dan Dilarikan ke RS Militer – TurnBackHoax.ID,0,kesehatan,hoaxid_hf,2020-11-11
hf-3383,[SALAH] 48 Orang di Korea Selatan Meninggal Setelah Disuntik Vaksin COVID-19 – TurnBackHoax.ID,0,kesehatan,hoaxid_hf,2020-11-09
hf-3389,[SALAH] Kisah Dokter yang Kekasihnya Positif Covid-19 di Italia – TurnBackHoax.ID,0,kesehatan,hoaxid_hf,2020-11-09
hf-3429,[SALAH] BPOM Halangi Vaksin yang akan Diberikan – TurnBackHoax.ID,0,kesehatan,hoaxid_hf,2020-11-03
hf-3439,[SALAH] Pemerintah Berikan Bantuan Internet Gratis Selama Pandemi Covid-19 – TurnBackHoax.ID,0,kesehatan,hoaxid_hf,2020-11-02
hf-3447,[SALAH] Pertolongan Pertama Pada Stroke Dengan Tusuk Jari – TurnBackHoax.ID,0,kesehatan,hoaxid_hf,2020-11-01
hf-3481,[SALAH] Presiden Jokowi Menjadi Dokter – TurnBackHoax.ID,0,kesehatan,hoaxid_hf,2020-10-28
hf-3483,[SALAH] Pesan Pembuatan Grup WhatsApp tentang Virus COVID-19 oleh Sekjen Kemenkes – TurnBackHoax.ID,0,kesehatan,hoaxid_hf,2020-10-27
hf-3493,[SALAH] Kawasan Johor Baru Malaysia Terdampak Ekonomi Pandemi Covid-19 – TurnBackHoax.ID,0,kesehatan,hoaxid_hf,2020-10-27
hf-3501,[SALAH] Pandemi Telah Berakhir dan Covid-19 Adalah Flu Biasa – TurnBackHoax.ID,0,kesehatan,hoaxid_hf,2020-10-25
hf-3518,[SALAH] “Pendataan Imunisasi Covid-19 untuk Tenaga Medis dan Non Medis oleh Dinas Kesehatan Provinsi DKI Jakarta” – TurnBackHoax.ID,0,kesehatan,hoaxid_hf,2020-10-23
hf-3522,[SALAH] Daun Sisik Naga Dapat Menyembuhkan Kanker Payudara – TurnBackHoax.ID,0,kesehatan,hoaxid_hf,2020-10-23
hf-3549,[SALAH] Jenazah Pasien Covid-19 Dikubur Masih Pakai Daster dan Tidak Sesuai Syariat Fardhu Kifayah Islam – TurnBackHoax.ID,0,kesehatan,hoaxid_hf,2020-10-20
hf-3565,[SALAH] Vaksin COVID-19 Dapat Mengubah DNA Manusia – TurnBackHoax.ID,0,kesehatan,hoaxid_hf,2020-10-19
hf-3566,"[SALAH] “mana mau media memberita kan polisi yang terluka, mereka beritakan kalo ada perusuh yg terluka” – TurnBackHoax.ID",0,kesehatan,hoaxid_hf,2020-10-19
hf-3574,[SALAH] “TERNYATA SUDAH 10 hari PENDEMO tidak ada yang kena COVID 19” – TurnBackHoax.ID,0,kesehatan,hoaxid_hf,2020-10-18
hf-3579,[SALAH] Presiden Donald Trump Meninggal Dunia karena COVID-19 – TurnBackHoax.ID,0,kesehatan,hoaxid_hf,2020-10-17
hf-3592,"[SALAH] Donald Trump: “Darahku adalah vaksinnya!!!,” – TurnBackHoax.ID",0,kesehatan,hoaxid_hf,2020-10-16
hf-3596,[SALAH] MUI Larang Penggunaan Vaksin Covid-19 yang Didatangkan dari Tiongkok – TurnBackHoax.ID,0,kesehatan,hoaxid_hf,2020-10-16
hf-3609,"[SALAH] “*Dzolim banget Polisi ini,* demonstran terluka dirawat di RS tapi pake cara interogasi penyiksaan” – TurnBackHoax.ID",0,kesehatan,hoaxid_hf,2020-10-15
hf-3610,[SALAH] Harga Vaksin di Indonesia 1000% Lebih Mahal Daripada di Brazil – TurnBackHoax.ID,0,kesehatan,hoaxid_hf,2020-10-15
hf-3612,[SALAH] COVID-19 Tidak Membuat Orang Meninggal Dunia – TurnBackHoax.ID,0,kesehatan,hoaxid_hf,2020-10-15
hf-3627,[SALAH] Foto Dokter Menyatakan COVID-19 Disebarkan Melalui Vaksin – TurnBackHoax.ID,0,kesehatan,hoaxid_hf,2020-10-14
hf-3639,[SALAH] Memakai Masker Menyebabkan Kanker – TurnBackHoax.ID,0,kesehatan,hoaxid_hf,2020-10-12
hf-3653,"[SALAH] “Mereka yang Turun ke Jalanan Hari Ini Jika Besok Mereka Masih Hidup dan Sehat, Artinya Perihal Corona Hanya Politik & Bisnis Semata” – TurnBackHoax.ID",0,kesehatan,hoaxid_hf,2020-10-10
hf-3663,[SALAH] Menghirup Uap Panci Presto Dapat Mengobati COVID-19 – TurnBackHoax.ID,0,kesehatan,hoaxid_hf,2020-10-09
hf-3669,[SALAH] Selembaran Berisi Informasi Daun Teh Tiek Kwan Im Mengandung Obat Bius – TurnBackHoax.ID,0,kesehatan,hoaxid_hf,2020-10-08
hf-3671,[SALAH] Pengumuman Beasiswa Covid-19 Rp4 Juta dari STMIK Royal Kisaran Melalui SMS – TurnBackHoax.ID,0,kesehatan,hoaxid_hf,2020-10-08
hf-3677,[SALAH] Biden Terpapar COVID-19 dan Batuk Terus-Menerus Saat Kampanye – TurnBackHoax.ID,0,kesehatan,hoaxid_hf,2020-10-07
hf-3682,[SALAH] Pesawat “Darurat Bencana” Diluncurkan Karena Donald Trump Positif COVID-19 – TurnBackHoax.ID,0,kesehatan,hoaxid_hf,2020-10-06
hf-3686,[SALAH] Anies Baswedan Terpapar COVID-19 dan Dilarikan ke RS Royal Sunter – TurnBackHoax.ID,0,kesehatan,hoaxid_hf,2020-10-05
hf-3690,[SALAH] Tim Kampanye Donald Trump Galang Dana Untuk Kesembuhan Trump – TurnBackHoax.ID,0,kesehatan,hoaxid_hf,2020-10-04
hf-3699,[SALAH] Hydroxychloroquine Sebagai Obat Malaria di Uganda – TurnBackHoax.ID,0,kesehatan,hoaxid_hf,2020-10-03
hf-3702,"[SALAH] “Emil Saat Diambil Darah untuk Uji Vaksin China, tutup jarumnya belum di buka” – TurnBackHoax.ID",0,kesehatan,hoaxid_hf,2020-10-03
hf-3723,[SALAH] “Cina mentargetkan 100 jt penduduk indonesia mati melalui vaksin cina” – TurnBackHoax.ID,0,kesehatan,hoaxid_hf,2020-10-01
hf-3724,[SALAH] “menghilangkan virus adalah mengkonsumsi lebih banyak makanan dan minuman alkali diatas tingkat keasaman virus” – TurnBackHoax.ID,0,kesehatan,hoaxid_hf,2020-10-01
hf-3732,[SALAH] Peserta BPJS Kesehatan Gratis Diblokir Karena Punya Motor Lebih dari Satu – TurnBackHoax.ID,0,kesehatan,hoaxid_hf,2020-09-30
hf-3736,[SALAH] Tepung Terigu Bisa Obati Luka Bakar – TurnBackHoax.ID,0,kesehatan,hoaxid_hf,2020-09-29
hf-3743,[SALAH] Dua Orang Pria Meninggal Dunia Akibat Kekerasan Polisi Saat Aksi Protes Anti-Vaksin dan Anti-Masker di London – TurnBackHoax.ID,0,kesehatan,hoaxid_hf,2020-09-28
hf-3744,[SALAH] “Pembuatan group WhatsApp ‘INFO WILAYAH PENULARAN COVID-19’ dan pembagian VAKSIN” – TurnBackHoax.ID,0,kesehatan,hoaxid_hf,2020-09-28
hf-3747,[SALAH] Artikel Detik.com “Trans Studio Bandung Tutup Mulai Hari ini Untuk Cegah Penyebaran Virus Corona di Bandung” – TurnBackHoax.ID,0,kesehatan,hoaxid_hf,2020-09-28
hf-3748,[SALAH] “Arief Puyouno: Saya Yakin Dana Penanggulangan Covid-19 di DKI Banyak Penyimpangan Karena Gabenernya Adalah Kaki Tangan Kadrun Gila” – TurnBackHoax.ID,0,kesehatan,hoaxid_hf,2020-09-28
hf-3761,[SALAH] Sultan HB X Sebut Positif-Negatif Covid-19 Sama Saja Karena Semua Orang Pasti Meninggal – TurnBackHoax.ID,0,kesehatan,hoaxid_hf,2020-09-25
hf-3762,[FALSE] “Neem Leaves Can Cure Covid-19” – TurnBackHoax.ID,0,kesehatan,hoaxid_hf,2020-09-25
hf-3779,[SALAH] Akun Facebook Bupati Bekasi Meminta Sumbangan Dana Covid-19 – TurnBackHoax.ID,0,kesehatan,hoaxid_hf,2020-09-23
hf-3782,[SALAH] Kunyah Daun Sirih Untuk Mengatasi Covid-19 – TurnBackHoax.ID,0,kesehatan,hoaxid_hf,2020-09-23
hf-3784,[SALAH] “Daun Mimba Dapat Menyembuhkan Covid-19” – TurnBackHoax.ID,0,kesehatan,hoaxid_hf,2020-09-23
hf-3791,[SALAH] Foto Anies Baswedan Dinobatkan Menjadi Gubernur Terbaik Dunia – TurnBackHoax.ID,0,kesehatan,hoaxid_hf,2020-09-22
hf-3796,[SALAH] Razia Masker Non Medis dengan Denda Rp30 Ribu di Bundaran SMP 5 Malang – TurnBackHoax.ID,0,kesehatan,hoaxid_hf,2020-09-22
hf-3802,[SALAH] “Minum Kopi 3 x Sehari untuk menangkal Covid-19” – TurnBackHoax.ID,0,kesehatan,hoaxid_hf,2020-09-21
hf-3813,[SALAH] Tutorial Mendapat Kuota Gratis 20GB dari Program Covid-19 – TurnBackHoax.ID,0,kesehatan,hoaxid_hf,2020-09-20
hf-3820,"[SALAH] “Ketika di vaksin, microchip yg sangat kecil dipasang tanpa terasa, New Dajjal siap membunuh 7.5 milyard manusia” – TurnBackHoax.ID",0,kesehatan,hoaxid_hf,2020-09-19
hf-3826,[SALAH] 200 Mayat Korban Covid-19 Sekali Kubur di Italia – TurnBackHoax.ID,0,kesehatan,hoaxid_hf,2020-09-18
hf-3829,[SALAH] Foto Peta Persebaran COVID-19 di Jakarta Berwarna Merah dan Hitam – TurnBackHoax.ID,0,kesehatan,hoaxid_hf,2020-09-18
hf-3830,[SALAH] Sejumlah Negara Membeli Produk Alat Test COVID-19 pada Tahun 2017-2018 – TurnBackHoax.ID,0,kesehatan,hoaxid_hf,2020-09-18
hf-3832,"[SALAH] “Ini ada ratusan nyawa dokter yang sudah menjadi korban, Pak Menkes bilang jangan dibesar-besarkan” – TurnBackHoax.ID",0,kesehatan,hoaxid_hf,2020-09-17
hf-3846,"[SALAH] Selama Covid19 Ada, Tidak ada Orang Gila Yang Kena Covid19 – TurnBackHoax.ID",0,kesehatan,hoaxid_hf,2020-09-15
hf-3852,[SALAH] Video Teknik Menahan Napas Untuk Deteksi Covid-19 – TurnBackHoax.ID,0,kesehatan,hoaxid_hf,2020-09-14
hf-3875,[SALAH] Foto Gubernur Anies Memegang Piagam Bertuliskan “PENGHARGAAN Provinsi Jumlah Covid 19 Tertinggi” – TurnBackHoax.ID,0,kesehatan,hoaxid_hf,2020-09-10
hf-3879,[SALAH] Makan Buah Saat Perut Kosong Sembuhkan Kanker – TurnBackHoax.ID,0,kesehatan,hoaxid_hf,2020-09-09
hf-3910,[SALAH] Covid-19 Singkatan dari Certificate of Vaccination Identification with Artificial Intelligence – TurnBackHoax.ID,0,kesehatan,hoaxid_hf,2020-09-06
hf-3912,[SALAH] Beredarnya Obat Progesterex untuk Mensterilkan Perempuan – TurnBackHoax.ID,0,kesehatan,hoaxid_hf,2020-09-05
hf-3918,[SALAH] Pesan Berantai “Salah Satu Cara Untuk Menangkis Virus Covid-19 Dengan Air Garam dan Air Hangat” – TurnBackHoax.ID,0,kesehatan,hoaxid_hf,2020-09-05
hf-3920,"[SALAH] Campuran Air Kelapa Muda, Jeruk Nipis, dan Garam Dapat Mematikan Virus Corona – TurnBackHoax.ID",0,kesehatan,hoaxid_hf,2020-09-04
hf-3934,[SALAH] “getah daun kemangi obat gatal-gatal” – TurnBackHoax.ID,0,kesehatan,hoaxid_hf,2020-09-03
hf-3935,[SALAH] Air Rebusan Pepaya Muda Bisa Sembuhkan Kanker Kelenjar Getah Bening – TurnBackHoax.ID,0,kesehatan,hoaxid_hf,2020-09-03
hf-3937,[SALAH] “Samsung ingin membantu siswa yang membutuhkan ponsel untuk belajar karena pandemi Covid19” – TurnBackHoax.ID,0,kesehatan,hoaxid_hf,2020-09-03
hf-3940,[SALAH] Perdana Menteri Jepang Mundur Karena Terkait Virus Corona – TurnBackHoax.ID,0,kesehatan,hoaxid_hf,2020-09-02
hf-3943,[SALAH] Film Asal Korea Prediksi COVID-19 – TurnBackHoax.ID,0,kesehatan,hoaxid_hf,2020-09-02
hf-3949,[FALSE] Covid-19 drug Ivermectin – TurnBackHoax.ID,0,kesehatan,hoaxid_hf,2020-09-02
hf-3956,[SALAH] Ivermectin Obat Covid-19 – TurnBackHoax.ID,0,kesehatan,hoaxid_hf,2020-09-01
hf-3969,[SALAH] Bantuan Covid-19 oleh BRI Melalui BRIVA – TurnBackHoax.ID,0,kesehatan,hoaxid_hf,2020-08-31
hf-3972,[SALAH] Vaksin Covid Sebabkan Mandul – TurnBackHoax.ID,0,kesehatan,hoaxid_hf,2020-08-30
hf-3973,[SALAH] Dokumen WHO Tidak Menganjurkan untuk Memakai Masker Selama Pandemi COVID-19 – TurnBackHoax.ID,0,kesehatan,hoaxid_hf,2020-08-30
hf-3990,"[SALAH] “gereja semakin sepi yg tinggal cuma pakaian, org nya udh bertobat masuk islam” – TurnBackHoax.ID",0,kesehatan,hoaxid_hf,2020-08-27
hf-4006,[SALAH] Korlap FPI Sebut Imam Besar Kami Punya Penangkal Virus Corona – TurnBackHoax.ID,0,kesehatan,hoaxid_hf,2020-08-25
hf-4026,[SALAH] Mengonsumsi Telur Rebus Saat Tengah Malam dapat Menangkal COVID-19 – TurnBackHoax.ID,0,kesehatan,hoaxid_hf,2020-08-23
hf-4038,[SALAH] Putri Vladimir Putin Meninggal Setelah Dosis Kedua Vaksin COVID – TurnBackHoax.ID,0,kesehatan,hoaxid_hf,2020-08-20
hf-4051,[SALAH] “Tangkapan Layar Pengakuan Relawan Suntik Vaksin Covid-19 yang Menyebut Lupa Punya Hutang tapi Plonga-Plongo” – TurnBackHoax.ID,0,kesehatan,hoaxid_hf,2020-08-18
hf-4060,[SALAH] Pemakaian Masker Menyebabkan Penyakit Legionnaires – TurnBackHoax.ID,0,kesehatan,hoaxid_hf,2020-08-17
hf-4069,[SALAH] Video “Kembang api Olimpiade ditampilkan pada saat ini karena Olimpiade Tokyo ditunda karena covid-19” – TurnBackHoax.ID,0,kesehatan,hoaxid_hf,2020-08-17
hf-4074,[SALAH] Video Rusia Jadi Pemenang Pembuatan Vaksin C19 – TurnBackHoax.ID,0,kesehatan,hoaxid_hf,2020-08-16
hf-4078,"[SALAH] Air Kelapa Muda, Jeruk Nipis, dan Garam Obat Covid-19 – TurnBackHoax.ID",0,kesehatan,hoaxid_hf,2020-08-16
hf-4084,"[SALAH] Foto “Putri Presiden Rusia Vladimir Putin, Orang Pertama yang Sudah Divaksin Dengan Vaksin Tim Kedokteran Rusia” – TurnBackHoax.ID",0,kesehatan,hoaxid_hf,2020-08-15
hf-4112,[SALAH] Video Animasi Penyebaran Virus Corona – TurnBackHoax.ID,0,kesehatan,hoaxid_hf,2020-08-11
hf-4117,[FALSE] Canada Is Already Free From Covid-19 – TurnBackHoax.ID,0,kesehatan,hoaxid_hf,2020-08-11
hf-4119,[SALAH] Kanada Sudah Terbebas dari Covid-19 – TurnBackHoax.ID,0,kesehatan,hoaxid_hf,2020-08-11
hf-4124,[SALAH] Pesan Berantai Kantor Pusat PT Kawan Lama Ditutup Karena Salah Satu Direksi Meninggal dan 10 Orang Karyawan Terpapar Covid-19 – TurnBackHoax.ID,0,kesehatan,hoaxid_hf,2020-08-10
hf-4134,[ACARA] Unlimited Media Partners: Unlimited Talks “Perlukah Kode Etik Bagi Influencer?” – TurnBackHoax.ID,0,kesehatan,hoaxid_hf,2020-08-08
hf-4139,[ACARA] Muhammadiyah COVID-19 Command Center: “Literasi Digital Menghadapi Hoaks di Masa Pandemi” – TurnBackHoax.ID,0,kesehatan,hoaxid_hf,2020-08-08
hf-4142,[SALAH] Setiap Hari Puskesmas di Kelapa Gading Rujuk 10 Pasien COVID-19 ke Wisma Atlet – TurnBackHoax.ID,0,kesehatan,hoaxid_hf,2020-08-07
hf-4144,[FALSE] “99.9% cure rate for Covid and a vaccine with 80% adverse effect rate” – TurnBackHoax.ID,0,kesehatan,hoaxid_hf,2020-08-07
hf-4145,"[SALAH] Foto “1 Agustus 2020, jutaan warga Jerman turun ke jalan menolak kemerdekaannya dirampas dengan dalih virus sepele.” – TurnBackHoax.ID",0,kesehatan,hoaxid_hf,2020-08-07
hf-4147,[SALAH] Pedagang di Pasar Mayestik Meninggal Karena Covid-19 – TurnBackHoax.ID,0,kesehatan,hoaxid_hf,2020-08-07
hf-4150,"[SALAH] “99, 9% Tingkat Kesembuhan Covid dan vaksin dengan tingkat efek merugikan 80%” – TurnBackHoax.ID",0,kesehatan,hoaxid_hf,2020-08-06
hf-4152,"[SALAH] Pesan Berantai Penelitian Online Mahasiswi Ilmu Psikologi Kesehatan, Fakultas Kedokteran Universitas Brawijaya – TurnBackHoax.ID",0,kesehatan,hoaxid_hf,2020-08-06
hf-4154,[SALAH] Himbauan Dokter Bernard Mahfoudz – TurnBackHoax.ID,0,kesehatan,hoaxid_hf,2020-08-06
hf-4158,[BERITA] Dakta 107 FM: “Klaim Obat Corona Hadi Pranoto” – TurnBackHoax.ID,0,kesehatan,hoaxid_hf,2020-08-05
hf-4162,[ACARA] MAFINDO Malang: Bincang Online “Cek Fakta Seputar Covid-19 & Isu Bisnis di Balik Corona” – TurnBackHoax.ID,0,kesehatan,hoaxid_hf,2020-08-05
hf-4163,"[DOKUMENTASI] MAFINDO Jombang: The Fact Talk “Sakit, tapi takut ke layanan kesehatan? Takut kena COVID-19?” – TurnBackHoax.ID",0,kesehatan,hoaxid_hf,2020-08-05
hf-4166,[BERITA] KOMPAS: “Infodemi Membuat Publik Abai dengan Bahaya Covid-19” – TurnBackHoax.ID,0,kesehatan,hoaxid_hf,2020-08-05
hf-4171,"[SALAH] Virus ini punya obat Hydroxychloroquine, Zinc dan Zithromax – TurnBackHoax.ID",0,kesehatan,hoaxid_hf,2020-08-04
hf-4176,[SALAH] Foto Presiden Jokowi Bersama Pelawak di Istana Negara Dikaitkan dengan Covid-19 – TurnBackHoax.ID,0,kesehatan,hoaxid_hf,2020-08-04
hf-4180,[SALAH] Klaim Hadi Pranoto Soal COVID-19 – TurnBackHoax.ID,0,kesehatan,hoaxid_hf,2020-08-04
hf-4181,[BERITA] KBR: “Merebaknya Teori Konspirasi dan Disinformasi Covid” – TurnBackHoax.ID,0,kesehatan,hoaxid_hf,2020-08-04
hf-4192,[FALSE] Ginger Juice and Black Pepper Can Cure Covid-19 – TurnBackHoax.ID,0,kesehatan,hoaxid_hf,2020-08-02
hf-4195,[SALAH] Tangkapan Layar Berita “RK Ajak ABU JANDA Jadi Relawan Uji Vaksin COVID-19 Buatan China” – TurnBackHoax.ID,0,kesehatan,hoaxid_hf,2020-08-02
hf-4196,[SALAH] Jus Jahe dan Lada Hitam Mampu Sembuhkan Covid-19 – TurnBackHoax.ID,0,kesehatan,hoaxid_hf,2020-08-02
hf-4208,[SALAH] Transmart Ditutup Selama 10 Hari Karena Belasan Orang Terpapar Covid-19 – TurnBackHoax.ID,0,kesehatan,hoaxid_hf,2020-08-01
hf-4210,"[SALAH] “Nih yang bikin Covid, si jagoan Wall Street (Rockefeller Foundation)” – TurnBackHoax.ID",0,kesehatan,hoaxid_hf,2020-08-01
hf-4211,[SALAH] China Lakukan Uji Coba Vaksin di Indonesia Karena Kekurangan Monyet – TurnBackHoax.ID,0,kesehatan,hoaxid_hf,2020-07-30
hf-4214,"[SALAH] Foto “Penipuan para medis, termasuk alat tes suhu di kening, itu alat sinar leser tes suhu kabel demi proyek covit” – TurnBackHoax.ID",0,kesehatan,hoaxid_hf,2020-07-30
hf-4218,[SALAH] Gambar “Pengujian Vaksin Covid-19 Telah Sukses” – TurnBackHoax.ID,0,kesehatan,hoaxid_hf,2020-07-29
hf-4221,[SALAH] Jokowi Mendapat Silver Button Karena Mencapai 100.000 Kasus Covid – TurnBackHoax.ID,0,kesehatan,hoaxid_hf,2020-07-29
hf-4224,[SALAH] Foto Tenaga Medis Merangkai Kata ‘BACOT!’ – TurnBackHoax.ID,0,kesehatan,hoaxid_hf,2020-07-29
hf-4229,"[SALAH] “KASAD klarifikasi, anggota TNI di bandung ternyata rata2 membantah Positif kena Covid 19” – TurnBackHoax.ID",0,kesehatan,hoaxid_hf,2020-07-28
hf-4232,[SALAH] Awas Hati-hati Apa Yang Disemprotkan FPI Adalah Virus Corona – TurnBackHoax.ID,0,kesehatan,hoaxid_hf,2020-07-28
hf-4236,[SALAH] “mayat positif covid 19 dikuburkan masih menggunakan daster (tidak sesuai dgn syariat fardhu kifayah islam)” – TurnBackHoax.ID,0,kesehatan,hoaxid_hf,2020-07-28
hf-4248,[SALAH] “hindari Citos byk karyawannya terpapar covid19. Area citos rawan” – TurnBackHoax.ID,0,kesehatan,hoaxid_hf,2020-07-27
hf-4250,[SALAH] Virus Baru bernama SFTS dari China – TurnBackHoax.ID,0,kesehatan,hoaxid_hf,2020-07-27
hf-4258,[SALAH] “Indonesia satu2nya negara didunia yang pemerintahnya bahagia merelakan rakyatnya jadi kelinci percobaan vaksin dari china” – TurnBackHoax.ID,0,kesehatan,hoaxid_hf,2020-07-26
hf-4268,[SALAH] “Duo Sipit… Yg Satu sudah menjadi Dewan Penasehat DenSus….yg Satunya Hendak mau Jadi Dewan Penasehat Mabes Polri” – TurnBackHoax.ID,0,kesehatan,hoaxid_hf,2020-07-24
hf-4271,[SALAH] Daftar Perlengkapan Medis di Rumah Untuk Hadapi Covid-19 – TurnBackHoax.ID,0,kesehatan,hoaxid_hf,2020-07-24
hf-4289,"[SALAH] 71 Pasien Covid-19 Klaster Hajatan Boyolali Dijemput Petugas, Biaya Dibebankan ke Pemilik Hajatan – TurnBackHoax.ID",0,kesehatan,hoaxid_hf,2020-07-22
hf-4293,[SALAH] Kondisi Jenazah Korban Covid-19 Di Rumah Sakit Osmania India – TurnBackHoax.ID,0,kesehatan,hoaxid_hf,2020-07-21
hf-4298,"[SALAH] “Takut Dibunuh, Ahli Virus China Kabur ke AS: Saya Bersaksi Covid-19 Hasil Persekongkolan Jahat” – TurnBackHoax.ID",0,kesehatan,hoaxid_hf,2020-07-21
hf-4316,[SALAH] Covid-19 Tidak Murni Sebabkan Kematian – TurnBackHoax.ID,0,kesehatan,hoaxid_hf,2020-07-17
hf-4321,"[FALSE] Photo “Barack Obama, Anthony Fauci and Melinda Gates visit the Wuhan China Laboratory ‘coronavirus factory’ in 2015” – TurnBackHoax.ID",0,kesehatan,hoaxid_hf,2020-07-16
hf-4322,"[SALAH] Foto “Barack Obama, Anthony Fauci dan Melinda Gates mengunjungi ‘pabrik coronavirus’ Laboratorium Cina Wuhan tahun 2015” – TurnBackHoax.ID",0,kesehatan,hoaxid_hf,2020-07-16
hf-4326,[SALAH] Beberapa RSUD Di Jakarta dan Depok Ditutup Karena Karyawan Positif Covid-19 – TurnBackHoax.ID,0,kesehatan,hoaxid_hf,2020-07-16
hf-4338,[SALAH] Pedagang di Pasar Segiri Positif Covid-19 – TurnBackHoax.ID,0,kesehatan,hoaxid_hf,2020-07-13
hf-4342,[SALAH] Nasi Padang Menjadi Sumber Penularan Covid-19 – TurnBackHoax.ID,0,kesehatan,hoaxid_hf,2020-07-13
hf-4350,[SALAH] “Video pembuangan jenazah-jenazah korban Covid-19 di laut Meksiko” – TurnBackHoax.ID,0,kesehatan,hoaxid_hf,2020-07-12
hf-4358,[SALAH] Video Doa Imam Besar Masjidil Haram Mekah Assyeikh Sudais terhadap Musibah Virus Corona – TurnBackHoax.ID,0,kesehatan,hoaxid_hf,2020-07-11
hf-4380,[SALAH] “Dirut RSUI bersama 2 Direktur RSUI lainnya dan 10 staff RSUI saat ini dirawat di RSUI terkena Covid” – TurnBackHoax.ID,0,kesehatan,hoaxid_hf,2020-07-08
hf-4397,[FALSE] “Actor Javed Haider sells vegetables because there is no work due to the pandemic # COVID19” – TurnBackHoax.ID,0,kesehatan,hoaxid_hf,2020-07-07
hf-4398,[SALAH] “Aktor Javed Haider menjual sayuran karena tidak ada pekerjaan akibat pandemi #COVID19” – TurnBackHoax.ID,0,kesehatan,hoaxid_hf,2020-07-07
hf-4402,[SALAH] Tenaga Medis di Sampang Sengaja Sebarkan Corona Dengan Cara Disuntik – TurnBackHoax.ID,0,kesehatan,hoaxid_hf,2020-07-06
hf-4406,[SALAH] Gambar Tangkapan Layar Berita Viva.co.id Berjudul “Kementan Produksi Massal Kalung Antivirus Corona Bulan Depan” Dengan Foto Headline Kalung Bertaring – TurnBackHoax.ID,0,kesehatan,hoaxid_hf,2020-07-05
hf-4408,"[SALAH] “SEHARI SETELAH DILAKUKAN RAPID TEST COVID-19 KEPADA PARA SANTRI DI KUDUS, 1.000 SANTRI TAK SADARKAN DIRI” – TurnBackHoax.ID",0,kesehatan,hoaxid_hf,2020-07-05
hf-4421,[SALAH] Desain Helm Covid-19 Pada Kompetisi NFL – TurnBackHoax.ID,0,kesehatan,hoaxid_hf,2020-07-03
hf-4431,[SALAH] Menanak Nasi Dengan Bawang Putih Bermanfaat Bagi Kesehatan – TurnBackHoax.ID,0,kesehatan,hoaxid_hf,2020-07-01
hf-4432,[SALAH] Video “Benarkah COVID ada??” – TurnBackHoax.ID,0,kesehatan,hoaxid_hf,2020-07-01
hf-4446,[SALAH] Video “ini demo di Amerika. saat ini di masa pandemik #COVIDー19” – TurnBackHoax.ID,0,kesehatan,hoaxid_hf,2020-06-28
hf-4450,[SALAH] Pesta Homo Seksual di Italia Sebelum Covid-19 Mewabah – TurnBackHoax.ID,0,kesehatan,hoaxid_hf,2020-06-27
hf-4464,"[SALAH] Tak Perlu Ikut Rapid Test, Mencium Bau Cuka Bisa Deteksi Seseorang Terkena Covid-19 Atau Tidak – TurnBackHoax.ID",0,kesehatan,hoaxid_hf,2020-06-25
hf-4466,"[SALAH] Ruang Perawatan Covid di Riau Penuh, Warga Wajib di Rumah Selama Dua Minggu – TurnBackHoax.ID",0,kesehatan,hoaxid_hf,2020-06-25
hf-4471,"[SALAH] Peta Kasus Covid DKI “DKI kembali Zona Merah, Bogor Zona Hitam” – TurnBackHoax.ID",0,kesehatan,hoaxid_hf,2020-06-24
hf-4479,[SALAH] Dokter RSAL Surabaya Meninggal akibat Covid-19 – TurnBackHoax.ID,0,kesehatan,hoaxid_hf,2020-06-23
hf-4485,[SALAH] “corona virus sudah viral di iqro” – TurnBackHoax.ID,0,kesehatan,hoaxid_hf,2020-06-22
hf-4491,"[SALAH] “Menurut laporan WHO, Corona Virus adalah yang paling banyak bertahan di lapisan kubis” – TurnBackHoax.ID",0,kesehatan,hoaxid_hf,2020-06-21
hf-4494,[ACARA] Sosialisasi Waspada COVID-19 – TurnBackHoax.ID,0,kesehatan,hoaxid_hf,2020-06-20
hf-4495,[SALAH] “dokter gigi di Surabaya stres telanjang di jalan karena suaminya dan anaknya mati kena covid” – TurnBackHoax.ID,0,kesehatan,hoaxid_hf,2020-06-20
hf-4499,[SALAH] “bupati Luwu Utara terbaring di RS karena terjatuh dari motornya waktu antar BanSos COvid-19” – TurnBackHoax.ID,0,kesehatan,hoaxid_hf,2020-06-19
hf-4503,[SALAH] “sakitnya apa di diagnosa nya covid” – TurnBackHoax.ID,0,kesehatan,hoaxid_hf,2020-06-18
hf-4509,[SALAH] Pernyataan Ekstrim Menteri Kesehatan Letjen TNI dr. Terawan Agus Putranto Sp. Rad – TurnBackHoax.ID,0,kesehatan,hoaxid_hf,2020-06-18
hf-4512,[SALAH] Abu Vulkanik Dapat Membunuh Virus Corona Karena Mengandung Asam Sulfat – TurnBackHoax.ID,0,kesehatan,hoaxid_hf,2020-06-17
hf-4515,[SALAH] Servis Mobil Gratis “Suzuki Peduli Covid s.id,0,kesehatan,hoaxid_hf,2020-06-17
hf-4520,"[SALAH] Bapak Ibu Meninggal Karena Covid-19, 5 Bersaudara Menunggu Diadopsi – TurnBackHoax.ID",0,kesehatan,hoaxid_hf,2020-06-16
hf-4532,"[FALSE] “In the film captain America, Captain Steve wakes up in modern times and you can see the corona virus” – TurnBackHoax.ID",0,kesehatan,hoaxid_hf,2020-06-15
hf-4533,"[SALAH] “Di film kapten amerika, capten steve bangun pada masa modern dan kamu bisa lihat virus corona” – TurnBackHoax.ID",0,kesehatan,hoaxid_hf,2020-06-15
hf-4545,[BERITA] Idola 92.6 FM Semarang: “Merefleksi Hari Media Sosial di Tengah Pandemi Covid-19” – TurnBackHoax.ID,0,kesehatan,hoaxid_hf,2020-06-12
hf-4552,[SALAH] “Gubernur Jakarta Anies Baswedan mendapat penghargaan terbaik di seluruh dunia dalam penanganan COVID-19” – TurnBackHoax.ID,0,kesehatan,hoaxid_hf,2020-06-11
hf-4556,[SALAH] “Keasang pengarep mampu menangani virus Corona di Jakarta asal menjadi gubernur DKI” – TurnBackHoax.ID,0,kesehatan,hoaxid_hf,2020-06-11
hf-4557,[ACARA] Mitra Wacana – Sinau bareng “Merawat Kewarasan Nalar dari Hoax Saat Pandemi Covid-19” – TurnBackHoax.ID,0,kesehatan,hoaxid_hf,2020-06-11
hf-4564,[SALAH] “seorang pasien kanker melemparkan uang di seluruh koridor rumah sakit” – TurnBackHoax.ID,0,kesehatan,hoaxid_hf,2020-06-11
hf-4565,[SALAH] “Heboh! Pernyataan Dokter Indonesia Soal Covid” – TurnBackHoax.ID,0,kesehatan,hoaxid_hf,2020-06-10
hf-4578,[SALAH] Foto Kondisi Tenggorokan Pasien Positif Covid-19 – TurnBackHoax.ID,0,kesehatan,hoaxid_hf,2020-06-08
hf-4580,[SALAH] Video “DI BALIK COVID-19/CORONA TERNYATA ISI NYA SUDAH HABIS” – TurnBackHoax.ID,0,kesehatan,hoaxid_hf,2020-06-08
hf-4589,[SALAH] “Corona Virus adalah BOHONG. bukan dari Virus tapi dari Bakteri. semua ini diketahui oleh negara Itali” – TurnBackHoax.ID,0,kesehatan,hoaxid_hf,2020-06-06
hf-4595,[SALAH] PKI Nyamar Jadi Dokter – TurnBackHoax.ID,0,kesehatan,hoaxid_hf,2020-06-06
hf-4605,"[SALAH] Santri yang Hidupnya di Pondok Dicurigai Terpapar Covid-19, Yang Keluyuran di Mall Dibiarin Aja – TurnBackHoax.ID",0,kesehatan,hoaxid_hf,2020-06-04
hf-4620,[SALAH] Pasien Covid-19 di Cimahi Kabur Dari Rumah Sakit – TurnBackHoax.ID,0,kesehatan,hoaxid_hf,2020-06-02
hf-4621,"[SALAH] Petugas Rapid Test Jarang Mengganti Sarung Tangan, Bisa Tularkan Covid-19 dari Pasien Sebelumnya – TurnBackHoax.ID",0,kesehatan,hoaxid_hf,2020-06-02
hf-4649,[SALAH] Campuran Garam dan Air Hangat Mampu Hilangkan Virus Corona – TurnBackHoax.ID,0,kesehatan,hoaxid_hf,2020-05-28
hf-4650,[SALAH] “warga Puruk cahu murung raya desa mangkuhui positif covid-19 kabur” – TurnBackHoax.ID,0,kesehatan,hoaxid_hf,2020-05-28
hf-4651,[SALAH] Video “Kisah pilu dari ITALY IBU nya meninggal pasien COVID-19” – TurnBackHoax.ID,0,kesehatan,hoaxid_hf,2020-05-27
hf-4652,[SALAH] “Hari ini 2 kasir Chandra karang dinyatakan positive Covid 19” – TurnBackHoax.ID,0,kesehatan,hoaxid_hf,2020-05-27
hf-4653,"[SALAH] “Di Italia, ketika gereja dibuka kembali, hampir semua jemaatnya sudah meninggal karena COVID” – TurnBackHoax.ID",0,kesehatan,hoaxid_hf,2020-05-27
hf-4656,[SALAH] PBB Tak Beri Bantuan Covid-19 Bagi Negara Yang Tidak Legalkan Aborsi – TurnBackHoax.ID,0,kesehatan,hoaxid_hf,2020-05-26
hf-4657,[SALAH] “Italia mengalahkan COVID-19 “Koagulasi intravaskular diseminata” (Trombosis)” – TurnBackHoax.ID,0,kesehatan,hoaxid_hf,2020-05-26
hf-4664,[FALSE] Ellen DeGeneres Distributes Help for Corona Virus on Facebook – TurnBackHoax.ID,0,kesehatan,hoaxid_hf,2020-05-24
hf-4665,[SALAH] Pegawai Pusat Perbelanjaan Luwes Gading Dijemput Petugas Medis – TurnBackHoax.ID,0,kesehatan,hoaxid_hf,2020-05-24
hf-4667,[SALAH] Ellen DeGeneres Membagikan Bantuan Untuk Virus Corona di Facebook – TurnBackHoax.ID,0,kesehatan,hoaxid_hf,2020-05-24
hf-4669,[SALAH] Video “PENJELASAN AHLI VIRUS BAHWA CORONA TIDAK MEMBUNUH” – TurnBackHoax.ID,0,kesehatan,hoaxid_hf,2020-05-23
hf-4670,[SALAH] Daftar Virus yang Berasal dari China – TurnBackHoax.ID,0,kesehatan,hoaxid_hf,2020-05-23
hf-4675,[SALAH] “WHO: Pria berpenis besar lebih rentan tertular Covid-19” – TurnBackHoax.ID,0,kesehatan,hoaxid_hf,2020-05-22
hf-4679,[SALAH] Sekeluarga Terinfeksi Covid-19 Setelah Menghadiri Acara Ulang Tahun – TurnBackHoax.ID,0,kesehatan,hoaxid_hf,2020-05-22
hf-4683,"[SALAH] “Bukannya memotong gajinya untuk mereka para tim medis, malah memotong tunjangan para tim medis.” – TurnBackHoax.ID",0,kesehatan,hoaxid_hf,2020-05-21
hf-4685,[SALAH] Video Dokter Bule – TurnBackHoax.ID,0,kesehatan,hoaxid_hf,2020-05-20
hf-4686,[SALAH] “Keluarkan nasi dari rice cooker jika sudah matang. Kalau lebih dari 12 jam menjadi pemicu diabetes” – TurnBackHoax.ID,0,kesehatan,hoaxid_hf,2020-05-20
hf-4688,"[SALAH] Golden Swalayan Jadi Klaster Baru Covid-19, Warga Wajib Lapor RT Jika Ingin Berkunjung – TurnBackHoax.ID",0,kesehatan,hoaxid_hf,2020-05-19
hf-4689,[SALAH] Program Mudik Sehat PSBB 2020 Oleh Big Bird – TurnBackHoax.ID,0,kesehatan,hoaxid_hf,2020-05-19
hf-4691,[SALAH] Manager Giant Pal 6 Banjarmasin Meninggal Kena Covid-19 – TurnBackHoax.ID,0,kesehatan,hoaxid_hf,2020-05-19
hf-4697,[SALAH] “Registrasi Ambil Dana Bantuan Anda Covid-19” – TurnBackHoax.ID,0,kesehatan,hoaxid_hf,2020-05-18
hf-4700,[SALAH] “Pemerintah Takkan Umumkan Lagi Kasus Positif Covid-19” – TurnBackHoax.ID,0,kesehatan,hoaxid_hf,2020-05-18
hf-4702,[SALAH] Pasien Covid-19 Meninggal di Rumah Sakit Manaf Kota Jambi – TurnBackHoax.ID,0,kesehatan,hoaxid_hf,2020-05-18
hf-4703,[SALAH] “penerimaan sampel COVID-19 di BBTKLPP Jakarta akan libur pada Hari Raya Idul Fitri” – TurnBackHoax.ID,0,kesehatan,hoaxid_hf,2020-05-18
hf-4704,"[SALAH] “15 Hari Sembuh, Menhub Budi Karya Kembali Dinyatakan Positif Covid-19” – TurnBackHoax.ID",0,kesehatan,hoaxid_hf,2020-05-18
hf-4710,[SALAH] Lowongan Sukarelawan Covid-19 RSUD Dr. Soetomo Surabaya – TurnBackHoax.ID,0,kesehatan,hoaxid_hf,2020-05-17
hf-4712,[FALSE] WHO Mention Vegetarianism Not Affected Covid-19 – TurnBackHoax.ID,0,kesehatan,hoaxid_hf,2020-05-16
hf-4713,[SALAH] WHO Menyebutkan Vegetarian Tidak Kena Covid-19 – TurnBackHoax.ID,0,kesehatan,hoaxid_hf,2020-05-16
hf-4716,[SALAH] 236 Anggota Polisi Positif Covid-19 dan 6 Orang Meninggal Dunia – TurnBackHoax.ID,0,kesehatan,hoaxid_hf,2020-05-16
hf-4717,"[SALAH] Pesan Berantai “ada 13 org penjual daging yg positif covid19, sekarang ini di pasar cileungsi lg dilakukan test swab massal” – TurnBackHoax.ID",0,kesehatan,hoaxid_hf,2020-05-16
hf-4726,[SALAH] Warga India Membuang Patung Ke Sungai Karena Tidak Bisa Menyelamatkan Mereka Dari Virus Corona – TurnBackHoax.ID,0,kesehatan,hoaxid_hf,2020-05-14
hf-4732,[SALAH] Madu Dicampur Bawang Putih Obat Kanker – TurnBackHoax.ID,0,kesehatan,hoaxid_hf,2020-05-14
hf-4733,[SALAH] Ulama Windusari Dijemput Paksa Terkait Covid-19 – TurnBackHoax.ID,0,kesehatan,hoaxid_hf,2020-05-14
hf-4734,[SALAH] Tuduhan Foto Interior Lab Darurat COVID-19 Labkesda DKI Hasil Mencomot – TurnBackHoax.ID,0,kesehatan,hoaxid_hf,2020-05-14
hf-4743,[SALAH] “Vaksin pertama kali dibuat di bawah kekhalifahan Ottoman. Tahun 1717” – TurnBackHoax.ID,0,kesehatan,hoaxid_hf,2020-05-13
hf-4751,[SALAH] Virus Covid-19 Sengaja Dimasukkan kedalam Tubuh Masyarakat Melalui Alat Rapid Test – TurnBackHoax.ID,0,kesehatan,hoaxid_hf,2020-05-12
hf-4754,[SALAH] Donasi Bahan Iftar dan Sahur di Masa Wabah Covid-19 oleh PKS – TurnBackHoax.ID,0,kesehatan,hoaxid_hf,2020-05-12
hf-4759,[SALAH] ”Seorang Pasien Dalam Pengawasan Covid-19 (PDP) Mengamuk di Pintu Rumah sakit Pamekasan Madura” – TurnBackHoax.ID,0,kesehatan,hoaxid_hf,2020-05-11
hf-4760,[SALAH] Pesan Berantai “Taman Raya Tahap V Zona Merah COVID-19” – TurnBackHoax.ID,0,kesehatan,hoaxid_hf,2020-05-11
hf-4767,[SALAH] Kuota 100GB Gratis dari Pemerintah Selama Pandemi Covid-19 – TurnBackHoax.ID,0,kesehatan,hoaxid_hf,2020-05-10
hf-4769,[SALAH] “Ternyata Klaster penyebar Covid-19 terbanyak Indonesia adalah 10.000 lebih pendeta GBI & GPIB” – TurnBackHoax.ID,0,kesehatan,hoaxid_hf,2020-05-10
hf-4777,[SALAH] Terjadi Penyekapan di Apotek Pancasan Kota Bogor – TurnBackHoax.ID,0,kesehatan,hoaxid_hf,2020-05-08
hf-4781,[SALAH] Seorang Kakek di Tulungagung Meninggal Karena Covid-19 – TurnBackHoax.ID,0,kesehatan,hoaxid_hf,2020-05-07
hf-4785,[SALAH] “Setelah adanya Virus Covid-19. Umat Islam Arab banyak yg Murtad” – TurnBackHoax.ID,0,kesehatan,hoaxid_hf,2020-05-07
hf-4786,[SALAH] “Tenaga Medis Covid-19 RSUD Purworejo Ditagih Biaya Rp. 150 Ribu/Malam Oleh Pemkab Karena Telah Tinggal Di Hotel Ganesha” – TurnBackHoax.ID,0,kesehatan,hoaxid_hf,2020-05-07
hf-4788,[SALAH] Satgas Covid-19 Kabupaten Pangkep Semprot Jemaah Shalat Tarawih di Masjid – TurnBackHoax.ID,0,kesehatan,hoaxid_hf,2020-05-07
hf-4789,[SALAH] “menteri kesehatan America sdh menandatangani persetujuan penggunaan chip 666 untuk virus corona” – TurnBackHoax.ID,0,kesehatan,hoaxid_hf,2020-05-07
hf-4790,[SALAH] “Jokowi: Hukuman Seumur Hidup Bagi Kepala Daerah Mainkan Bantuan Covid-19” – TurnBackHoax.ID,0,kesehatan,hoaxid_hf,2020-05-06
hf-4798,[SALAH] Pemerintah Membagikan Kuota 10GB Gratis sebagai Insentif untuk Melawan COVID-19 – TurnBackHoax.ID,0,kesehatan,hoaxid_hf,2020-05-05
hf-4810,[SALAH] Akun Palsu “Bupati Pasuruan Minta Penggalangan Dana Covid-19” – TurnBackHoax.ID,0,kesehatan,hoaxid_hf,2020-05-03
hf-4811,[SALAH] Video “rezim memaksa para kyai utk di suntik dgn dalih utk ketahanan tubuh dari virus..kyai di banten ini tegas menolak!!” – TurnBackHoax.ID,0,kesehatan,hoaxid_hf,2020-05-03
hf-4814,[SALAH] Video “cara pertolongan Emergency Covid 19” – TurnBackHoax.ID,0,kesehatan,hoaxid_hf,2020-05-03
hf-4819,[SALAH] “Jutaan Produksi Rokok Yang Terpapar Covid-19 Beredar Luas Di Masyarakat” – TurnBackHoax.ID,0,kesehatan,hoaxid_hf,2020-05-02
hf-4820,[SALAH] Vietnam Tidak Ada Korban Meninggal Covid-19 Karena Teh dan Lemon – TurnBackHoax.ID,0,kesehatan,hoaxid_hf,2020-05-02
hf-4831,"[SALAH] Dijemput oleh Tim Medis, Kakak Beradik Usia 8 dan 4 Tahun di Tangerang Terjangkit Covid-19 akibat Main di Luar Rumah – TurnBackHoax.ID",0,kesehatan,hoaxid_hf,2020-05-01
hf-4835,[SALAH] “Elisa Granato kelinci percobaan vaksin kopit di inggris meninggal 2 hari setelah divaksin” – TurnBackHoax.ID,0,kesehatan,hoaxid_hf,2020-05-01
hf-4840,[SALAH] “Profesor Dr Tasuku Honjo mengatakan bahwa virus korona itu tidak alami. Cina telah membuatnya” – TurnBackHoax.ID,0,kesehatan,hoaxid_hf,2020-04-29
hf-4842,"[SALAH] SBY Siap Kembalikan Dana Bank Century Rp6,7 Triliun untuk Bantu Covid-19 – TurnBackHoax.ID",0,kesehatan,hoaxid_hf,2020-04-29
hf-4843,"[SALAH] “Apabila ada masyarakat tidak mampu makan, dapat menghubungi nomor pengaduan Bansos Covid19 Kemensos” – TurnBackHoax.ID",0,kesehatan,hoaxid_hf,2020-04-29
hf-4844,[SALAH] Akhirnya Ketangkap Juga Biang Penyebar Virus Corona dan Agen TKA China Ini – TurnBackHoax.ID,0,kesehatan,hoaxid_hf,2020-04-29
hf-4845,[SALAH] Donasi Kaos Oblong Bekas Untuk Tim Medis RSD Wisma Atlet – TurnBackHoax.ID,0,kesehatan,hoaxid_hf,2020-04-29
hf-4846,[SALAH] Sheikh Hamdan Al Maktoum Memberikan Uang Selama COVID-19 – TurnBackHoax.ID,0,kesehatan,hoaxid_hf,2020-04-29
hf-4850,"[SALAH] Akibat Pandemi COVID-19, Keluarga Beberapa Hari Tidak Makan – TurnBackHoax.ID",0,kesehatan,hoaxid_hf,2020-04-28
hf-4853,[DOKUMENTASI] Webinar “Generasi Milenial Mencegah & Mengatasi Virus Corona” – TurnBackHoax.ID,0,kesehatan,hoaxid_hf,2020-04-28
hf-4855,"[SALAH] Karena Pandemi COVID-19, yang Seharusnya Dibebaskan Narapidana Pencuri Ayam, Bukan malah Terpidana Koruptor – TurnBackHoax.ID",0,kesehatan,hoaxid_hf,2020-04-27
hf-4857,[SALAH] Bioskop di Palangka Raya Kembali Buka di Tengah Persebaran Covid-19 – TurnBackHoax.ID,0,kesehatan,hoaxid_hf,2020-04-27
hf-4863,[SALAH] Hanya di Indonesia Narapidana Dibebaskan di Tengah Wabah COVID-19 – TurnBackHoax.ID,0,kesehatan,hoaxid_hf,2020-04-26
hf-4864,[SALAH] Beberapa Negara Membuang Jenazah Pasien Covid-19 Ke Laut – TurnBackHoax.ID,0,kesehatan,hoaxid_hf,2020-04-26
hf-4865,[SALAH] Petugas Kebersihan SMAN 10 Yogyakarta Positif Virus Corona – TurnBackHoax.ID,0,kesehatan,hoaxid_hf,2020-04-26
hf-4869,[SALAH] Video “nasehat dari alm. Erma Yunita Simamora yg meninggal pd tanggal. 20-04-2020 di RS AR Bunda Lbk Linggau” – TurnBackHoax.ID,0,kesehatan,hoaxid_hf,2020-04-25
hf-4871,"[SALAH] Jokowi: Sengaja Saya Bedakan Mudik & Pulang Kampung, untuk Mengelabui Virus Corona – TurnBackHoax.ID",0,kesehatan,hoaxid_hf,2020-04-25
hf-4874,[SALAH] Peta Sebaran Covid-19 Wilayah Situbondo – TurnBackHoax.ID,0,kesehatan,hoaxid_hf,2020-04-24
hf-4884,[SALAH] Dari Ratusan Ribu Tahanan Tidak Ada Satupun Aktivis Islam yang Dibebaskan di Tengah Wabah COVID-19 – TurnBackHoax.ID,0,kesehatan,hoaxid_hf,2020-04-22
hf-4885,[SALAH] Alfamart Menyumbangkan 6000 Kupon Untuk Membantu Melawan COVID-19 – TurnBackHoax.ID,0,kesehatan,hoaxid_hf,2020-04-22
hf-4888,[SALAH] Semua Pasien Positif Covid-19 di Padang Dinyatakan Sembuh – TurnBackHoax.ID,0,kesehatan,hoaxid_hf,2020-04-22
hf-4894,[SALAH] Azan Dapat Melemahkan Virus Corona – TurnBackHoax.ID,0,kesehatan,hoaxid_hf,2020-04-21
hf-4898,[SALAH] RSUD Waluyo Jati Ditutup Karena Semua Petugas Diisolasi Akibat Covid-19 – TurnBackHoax.ID,0,kesehatan,hoaxid_hf,2020-04-20
hf-4905,[SALAH] Foto “Italia telah Gagal Sepenuhnya COVID-19” – TurnBackHoax.ID,0,kesehatan,hoaxid_hf,2020-04-19
hf-4908,[SALAH] Korban Virus Corona – TurnBackHoax.ID,0,kesehatan,hoaxid_hf,2020-04-17
hf-4912,[SALAH] Video “Obat COVID-19 Telah Ditemukan dan Siap Disebarkan ke Seluruh Indonesia” – TurnBackHoax.ID,0,kesehatan,hoaxid_hf,2020-04-17
hf-4915,[SALAH] Obat Virus Corona Ditemukan Hanya Berbahan Lemon dan Teh Hangat – TurnBackHoax.ID,0,kesehatan,hoaxid_hf,2020-04-16
hf-4918,[SALAH] Foto “Ariel NOAH Jadi Relawan Tenaga Medis di tengah pandemi virus corona atau Covid-19” – TurnBackHoax.ID,0,kesehatan,hoaxid_hf,2020-04-16
hf-4919,[SALAH] Video dr. Cheng: Sembuh Dari COVID-19 Cukup dengan Vitamin C – TurnBackHoax.ID,0,kesehatan,hoaxid_hf,2020-04-15
hf-4923,[SALAH] “Ini kiriman video betapa dahsyatnya wabah covid 19 di Amerika” – TurnBackHoax.ID,0,kesehatan,hoaxid_hf,2020-04-15
hf-4927,[SALAH] “ujar Xi Jin Ping Hanya Indonesia Yg Mampu Mengendalikan Covid 19” – TurnBackHoax.ID,0,kesehatan,hoaxid_hf,2020-04-14
hf-4928,[SALAH] Setya Novanto Dibebaskan Karena COVID-19 – TurnBackHoax.ID,0,kesehatan,hoaxid_hf,2020-04-14
hf-4929,[SALAH] Pasien Postif Virus Corona di Sungai Rangit Dijemput Paksa Kepolisian dan Tim Medis – TurnBackHoax.ID,0,kesehatan,hoaxid_hf,2020-04-14
hf-4930,[SALAH] Hotman Paris Berencana Undang BTS dan EXO setelah Virus Corona Teratasi – TurnBackHoax.ID,0,kesehatan,hoaxid_hf,2020-04-14
hf-4932,[SALAH] Jokowi Keluarkan Kartu Corona Indonesia Sehat (KARCIS) – TurnBackHoax.ID,0,kesehatan,hoaxid_hf,2020-04-14
hf-4935,[SALAH] Pesan Berantai PT MOSI Tawarkan Rapid Test Kit COVID-19 – TurnBackHoax.ID,0,kesehatan,hoaxid_hf,2020-04-13
hf-4939,"[SALAH] Insentif Virus Corona, Pemerintah Gratiskan Akses Internet – TurnBackHoax.ID",0,kesehatan,hoaxid_hf,2020-04-12
hf-4940,"[FALSE] “Italy arrest Doctor for intentionally killing over 3,000 coronavirus patients” – TurnBackHoax.ID",0,kesehatan,hoaxid_hf,2020-04-12
hf-4942,[SALAH] Literasi COVID-19 Dari drh. Moh. Indro Cahyono – TurnBackHoax.ID,0,kesehatan,hoaxid_hf,2020-04-12
hf-4943,[SALAH] Dokter Italia Sengaja Membunuh Pasien Virus Corona – TurnBackHoax.ID,0,kesehatan,hoaxid_hf,2020-04-12
hf-4944,[SALAH] Pasien Berstatus Positif Covid-19 di Wilayah Tiban Melarikan Diri – TurnBackHoax.ID,0,kesehatan,hoaxid_hf,2020-04-11
hf-4945,[SALAH] “Bansos PSBB Covid-19 dari Pemda DKI Jakarta Paket sembako senilai 350rb + uang tunai 150rb = 500rb rupiah” – TurnBackHoax.ID,0,kesehatan,hoaxid_hf,2020-04-10
hf-4949,[SALAH] Kumpulan Mobil di Pool Grab Cinere karena Sopir Tidak Sanggup Bayar Kredit Saat Covid-19 – TurnBackHoax.ID,0,kesehatan,hoaxid_hf,2020-04-10
hf-4950,[SALAH] “3 hari kedepan Arus angin dari Utara ke arah Selatan yg membawa wabah (penyakit) akan melewati Indonesia menuju Australian” – TurnBackHoax.ID,0,kesehatan,hoaxid_hf,2020-04-09
hf-4954,[SALAH] Erdogan Tak akan Tutup Mesjid di Turki Selama Pandemi Covid-19 – TurnBackHoax.ID,0,kesehatan,hoaxid_hf,2020-04-09
hf-4958,[SALAH] “Tidak ada sama sekali Ucapan bela sungkawa Presiden kepada dr dan team medis yg berguguran dimedan Covid-19” – TurnBackHoax.ID,0,kesehatan,hoaxid_hf,2020-04-09
hf-4960,[SALAH] Menag Izinkan Masjid Gelar Salat Tarawih Saat Pandemi Covid-19 – TurnBackHoax.ID,0,kesehatan,hoaxid_hf,2020-04-08
hf-4966,[SALAH] Merokok Menghadang Virus Corona Masuk Ke Paru-Paru – TurnBackHoax.ID,0,kesehatan,hoaxid_hf,2020-04-07
hf-4971,[SALAH] Video “Donald Trump di ruqyah sebab sudah stress menghadapi Covid 19” – TurnBackHoax.ID,0,kesehatan,hoaxid_hf,2020-04-06
hf-4972,"[SALAH] “Modus Menghabisi Ustadz, disuntik covid-19 sampai mati” – TurnBackHoax.ID",0,kesehatan,hoaxid_hf,2020-04-06
hf-4973,[SALAH] Mantan Manajer RAPP dan Istri Terpapar COVID-19 – TurnBackHoax.ID,0,kesehatan,hoaxid_hf,2020-04-06
hf-4974,[SALAH] Puncak Persebaran Virus Corona 4 April Hingga 18 April 2020 – TurnBackHoax.ID,0,kesehatan,hoaxid_hf,2020-04-06
hf-4976,[BERITA] Menara Jaringan Telekomunikasi 5G di Inggris Dibakar karena Hoax Virus Corona – TurnBackHoax.ID,0,kesehatan,hoaxid_hf,2020-04-05
hf-4977,[BERITA] Pasien positif Covid -19 di RST Latumeten Ambon masih dalam perawatan – TurnBackHoax.ID,0,kesehatan,hoaxid_hf,2020-04-05
hf-4987,[SALAH] Italia Tidak Bisa Mengontrol Virus dan Mengucapkan Selamat Tinggal kepada Dunia – TurnBackHoax.ID,0,kesehatan,hoaxid_hf,2020-04-04
hf-4988,"[SALAH] Video “Italian millionaire terjun Dari bagunan, karena keluarga nya semua kena virus corona” – TurnBackHoax.ID",0,kesehatan,hoaxid_hf,2020-04-04
hf-4992,"[SALAH] Terlibat Pembuatan COVID-19 di China, FBI Menangkap Profesor Harvard – TurnBackHoax.ID",0,kesehatan,hoaxid_hf,2020-04-03
hf-4994,[SALAH] Rakyat Italia Buang Duit ke Jalan karena Sudah Tidak Berguna Akibat Virus COVID-19 – TurnBackHoax.ID,0,kesehatan,hoaxid_hf,2020-04-03
hf-4997,[SALAH] “jakarta menjadi daerah paling banyak terinfeksi virus covid-19 karena salah pilih gubernur” – TurnBackHoax.ID,0,kesehatan,hoaxid_hf,2020-04-03
hf-4998,[SALAH] “Untuk mengalahkan virus korona adalah mengambil lebih banyak makanan alkali yang berada di atas tingkat pH virus” – TurnBackHoax.ID,0,kesehatan,hoaxid_hf,2020-04-03
hf-5001,[SALAH] Bill Gates akan meluncurkan kapsul implan manusia untuk melawan Virus Corona – TurnBackHoax.ID,0,kesehatan,hoaxid_hf,2020-04-02
hf-5005,"[RILIS PERS] Launching AyoLawanCOVID19.ID, Gerakan Masyarakat Melawan COVID-19 – TurnBackHoax.ID",0,kesehatan,hoaxid_hf,2020-04-02
hf-5006,[SALAH] “Ternyata virus corona dapat diobati dengan cara berendam di AIR LAUT” – TurnBackHoax.ID,0,kesehatan,hoaxid_hf,2020-04-02
hf-5010,[SALAH] “China memang bener” jahat mengirim baju” bundle pakaian bekas di pakai orang” Yg sudah mati akibat virus” – TurnBackHoax.ID,0,kesehatan,hoaxid_hf,2020-04-01
hf-5011,"[SALAH] Imigran China Sengaja Membawa Virus, Tujuannya Membasmi Rakyat +62 – TurnBackHoax.ID",0,kesehatan,hoaxid_hf,2020-04-01
hf-5012,[SALAH] Uap Air Panas Dapat Membunuh Virus Corona – TurnBackHoax.ID,0,kesehatan,hoaxid_hf,2020-04-01
hf-5013,[SALAH] Pasukan Tentara Membantu Melawan Virus Corona di New York – TurnBackHoax.ID,0,kesehatan,hoaxid_hf,2020-04-01
hf-5014,[SALAH] Pelabuhan Merak-Bakauheni Tutup Pasca Persebaran Virus Corona – TurnBackHoax.ID,0,kesehatan,hoaxid_hf,2020-03-31
hf-5015,[SALAH] “Info dari pasien yg sudah sembuh dari RS Persahabatan ..” – TurnBackHoax.ID,0,kesehatan,hoaxid_hf,2020-03-31
hf-5018,[SALAH] Menaruh Amoxilin Dalam Tandon Air Dapat Menangkal Covid-19 – TurnBackHoax.ID,0,kesehatan,hoaxid_hf,2020-03-31
hf-5020,[SALAH] Universitas Brawijaya Kembalikan Uang Kuliah Akibat Persebaran Virus Corona – TurnBackHoax.ID,0,kesehatan,hoaxid_hf,2020-03-31
hf-5024,[FALSE] Video “In America there has been looting everywhere for fear of the corona virus” – TurnBackHoax.ID,0,kesehatan,hoaxid_hf,2020-03-30
hf-5025,[SALAH] Foto “penguburan Jenazah ibu kandung Presiden Joko Widodo meninggal dunia karena Serangan Virus Corona” – TurnBackHoax.ID,0,kesehatan,hoaxid_hf,2020-03-30
hf-5026,[SALAH] Mulai Senin 30 Maret Kota Makassar lockdown lokal untuk mencegah penyebaran Covid-19. – TurnBackHoax.ID,0,kesehatan,hoaxid_hf,2020-03-30
hf-5028,[SALAH] Foto “kumpulan untuk mengakhiri COVID-19 di Cleveland hari ini #EndCOVID” – TurnBackHoax.ID,0,kesehatan,hoaxid_hf,2020-03-30
hf-5031,[FALSE] Picture of “March to End COVID-19 in Cleveland today #EndCOVID” – TurnBackHoax.ID,0,kesehatan,hoaxid_hf,2020-03-30
hf-5035,[SALAH] Video “Di Amerika sudah terjadi penjarahan di mana2 karena ketakutan akan virus corona” – TurnBackHoax.ID,0,kesehatan,hoaxid_hf,2020-03-29
hf-5039,[SALAH] Larangan Keluar Rumah Karena Puncak Penyebaran Virus Corona – TurnBackHoax.ID,0,kesehatan,hoaxid_hf,2020-03-28
hf-5043,[SALAH] “salah satu solusi untuk virus ini adalah secangkir teh sederhana” – TurnBackHoax.ID,0,kesehatan,hoaxid_hf,2020-03-28
hf-5044,[SALAH] Foto “Italia. Tidak ada lagi ruang yang tersedia di rumah sakit. #CoronavirusLockdown” – TurnBackHoax.ID,0,kesehatan,hoaxid_hf,2020-03-28
hf-5045,[SALAH] Tenaga Medis China Didatangkan Untuk Membantu Menangani Covid-19 di Indonesia – TurnBackHoax.ID,0,kesehatan,hoaxid_hf,2020-03-27
hf-5046,[SALAH] Kanika Kapoor Tularkan Virus Corona ke Pangeran Charles – TurnBackHoax.ID,0,kesehatan,hoaxid_hf,2020-03-27
hf-5047,[FALSE] Photos of “Italy. No more spaces are available in hospitals. #CoronavirusLockdown” – TurnBackHoax.ID,0,kesehatan,hoaxid_hf,2020-03-27
hf-5048,"[SALAH] “Muncul Virus Baru di China Selain Corona, #Hantavirus” – TurnBackHoax.ID",0,kesehatan,hoaxid_hf,2020-03-27
hf-5050,[SALAH] 5 Kecamatan di Lampung “Red Zone” COVID-19 – TurnBackHoax.ID,0,kesehatan,hoaxid_hf,2020-03-27
hf-5051,[SALAH] “dampak virus COVID-19 hubungan suami istri jadi terancam” – TurnBackHoax.ID,0,kesehatan,hoaxid_hf,2020-03-27
hf-5056,[SALAH] Daftar Zona Merah Daerah Terjangkit Virus Corona Oleh TNI – TurnBackHoax.ID,0,kesehatan,hoaxid_hf,2020-03-26
hf-5057,[SALAH] Hanya Cicilan Nasabah yang Positif COVID-19 yang Dapat Ditangguhkan – TurnBackHoax.ID,0,kesehatan,hoaxid_hf,2020-03-26
hf-5058,[SALAH] “kuburan massal buat korban #viruscorona di ITALIA” – TurnBackHoax.ID,0,kesehatan,hoaxid_hf,2020-03-26
hf-5060,[BERITA] “LIPI Ungkap Teori Virus Corona Covid-19 Bukan Senjata Biologi” – TurnBackHoax.ID,0,kesehatan,hoaxid_hf,2020-03-26
hf-5062,[SALAH] Saddam Hussein Mengatakan Amerika Mengancam Irak dengan Virus Corona – TurnBackHoax.ID,0,kesehatan,hoaxid_hf,2020-03-25
hf-5064,"[SALAH] “OBAT YANG DIBELI JOKOWI DARI CINA KOMUNIS , SANGAT BERBAHAYA DAN BERAKIBAT KEMATIAN” – TurnBackHoax.ID",0,kesehatan,hoaxid_hf,2020-03-25
hf-5066,[SALAH] Rekrutmen Relawan Penanganan Pasien Virus Corona Oleh Dokter Irna – TurnBackHoax.ID,0,kesehatan,hoaxid_hf,2020-03-24
hf-5067,[SALAH] Foto Terakhir Dokter Hadio Berdiri Di Depan Pagar Temui Anak Sebelum Meninggal Karena Covid-19 – TurnBackHoax.ID,0,kesehatan,hoaxid_hf,2020-03-24
hf-5072,[SALAH] Peta Zona Merah Virus Corona Wilayah Purwokerto – TurnBackHoax.ID,0,kesehatan,hoaxid_hf,2020-03-24
hf-5073,[SALAH] Obat Avigan yang Dipesan Jokowi adalah Obat Pembunuh Janin – TurnBackHoax.ID,0,kesehatan,hoaxid_hf,2020-03-24
hf-5074,[SALAH] Warga Dihimbau Tak Melintas di Depan Toko Spectra Dikarenakan Adanya ODP Akibat Virus Corona – TurnBackHoax.ID,0,kesehatan,hoaxid_hf,2020-03-24
hf-5075,[SALAH] Virus Corona Adalah Sejenis “Jamur Atau Mould” – TurnBackHoax.ID,0,kesehatan,hoaxid_hf,2020-03-24
hf-5077,[SALAH] “Kematian disebabkan COVID-19: Dibalut dalam bag” – TurnBackHoax.ID,0,kesehatan,hoaxid_hf,2020-03-24
hf-5078,[FALSE] “Death due to #COVID19: Wrapped in a bag” – TurnBackHoax.ID,0,kesehatan,hoaxid_hf,2020-03-24
hf-5080,[SALAH] “Bawang merah yang dikupas bisa menyedot dan membunuh virus dan kuman” – TurnBackHoax.ID,0,kesehatan,hoaxid_hf,2020-03-23
hf-5083,"[SALAH] RS Premier Bintaro di-Lockdown, 19 Tenaga Medis Positif COVID-19 – TurnBackHoax.ID",0,kesehatan,hoaxid_hf,2020-03-23
hf-5085,[SALAH] Ratusan Warga China yang Menetap di Indonesia Menuju Singapura karena Virus Corona – TurnBackHoax.ID,0,kesehatan,hoaxid_hf,2020-03-23
hf-5086,[SALAH] Tulisan “TO:FRONT PEMBELA ISLAM” di Foto Paket Bantuan COVID-19 Tiongkok – TurnBackHoax.ID,0,kesehatan,hoaxid_hf,2020-03-23
hf-5087,[SALAH] Foto Perempuan Muslim Uighur yang Dizalimi dan Doanya Memicu Azab Virus Corona – TurnBackHoax.ID,0,kesehatan,hoaxid_hf,2020-03-22
hf-5090,[SALAH] “akan ada penyemprotan racun untuk virus corona dari malaysia dan singapore melalui udara” – TurnBackHoax.ID,0,kesehatan,hoaxid_hf,2020-03-22
hf-5095,[SALAH] Gambar Sampul Koran Tempo “Gotong Royong Melawan Virus Corona” – TurnBackHoax.ID,0,kesehatan,hoaxid_hf,2020-03-22
hf-5096,[SALAH] Wapres Ma’ruf Amin Imbau Umat Islam Sholat Tobat agar Virus Corona Cepat Teratasi – TurnBackHoax.ID,0,kesehatan,hoaxid_hf,2020-03-21
hf-5101,"[SALAH] Gara-Gara Virus Corona, TKA China Digaji 200 Juta Per Tahun – TurnBackHoax.ID",0,kesehatan,hoaxid_hf,2020-03-21
hf-5102,[BERITA] Update status WNA yang Meninggal di Atas Motor Positif COVID-19 – TurnBackHoax.ID,0,kesehatan,hoaxid_hf,2020-03-21
hf-5104,[BERITA] Perkembangan Chloroquine Untuk Obat COVID-19 – TurnBackHoax.ID,0,kesehatan,hoaxid_hf,2020-03-21
hf-5107,"[SALAH] Video “Sholat Jum’atan di China menjadi lautan manusia, orang Islam di Wuhan tidak Satupun yang kena virus corona” – TurnBackHoax.ID",0,kesehatan,hoaxid_hf,2020-03-20
hf-5110,"[SALAH] “DI WUHAN CINA KETIKA TERJADI VIRUS CORONA RAKYAT BERBONDONG2 KE MESJID, DI INDON RAKYAT DILARANG KE MESJID” – TurnBackHoax.ID",0,kesehatan,hoaxid_hf,2020-03-20
hf-5111,[SALAH] “Ganja Mampu Menangkal Covid-19” – TurnBackHoax.ID,0,kesehatan,hoaxid_hf,2020-03-20
hf-5118,"[SALAH]”Di tanya soal virus corona korlap FPI: hanya imam besar kami yg punya penangkal virus corona,karna imam besar kami cucu nabi” – TurnBackHoax.ID",0,kesehatan,hoaxid_hf,2020-03-19
hf-5119,[SALAH] Donald Trump Umumkan Roche Medical Company akan Meluncurkan Vaksin Covid19 Jutaan Dosis Minggu Depan – TurnBackHoax.ID,0,kesehatan,hoaxid_hf,2020-03-19
hf-5120,"[SALAH] Himbauan Penutupan TPU Akibat Virus Corona, Jenazah Diminta Diletakkan Terlebih Dahulu di Rumah – TurnBackHoax.ID",0,kesehatan,hoaxid_hf,2020-03-19
hf-5124,[SALAH] “Coronavirus akan hancur dengan air” – TurnBackHoax.ID,0,kesehatan,hoaxid_hf,2020-03-18
hf-5125,[SALAH] Dosen Kedokteran Gigi UI Meninggal Karena COVID-19 – TurnBackHoax.ID,0,kesehatan,hoaxid_hf,2020-03-18
hf-5126,"[SALAH] Virus Corona Bukanlah Virus, Sinyal 5G yang Sebenarnya Membunuh Orang – TurnBackHoax.ID",0,kesehatan,hoaxid_hf,2020-03-18
hf-5129,[SALAH] Foto “1 korban dlm pengawasan Covid-19 di RS wahidin mks setelah bersalaman dgn Menhub Budi Karya” – TurnBackHoax.ID,0,kesehatan,hoaxid_hf,2020-03-18
hf-5131,[SALAH] Video “ini di PGC evakuasi pasien COVID 19” – TurnBackHoax.ID,0,kesehatan,hoaxid_hf,2020-03-17
hf-5132,[SALAH] Minum Banyak Air dan Berkumur dengan Air Hangat & Garam atau Cuka Dapat Menghilangkan Virus Corona Saat di Tenggorokan – TurnBackHoax.ID,0,kesehatan,hoaxid_hf,2020-03-17
hf-5135,"[SALAH] Mengonsumsi Pisang Dalam Sehari, Membuat Virus Corona Pergi – TurnBackHoax.ID",0,kesehatan,hoaxid_hf,2020-03-17
hf-5138,"[SALAH] “Satu lagi Mentri Kabinet Jokowi Positif terpapar COVID-19, Menteri Nadien Dinyatakan Positif Virus Corona, Jalani Isolasi Secara Mandiri” – TurnBackHoax.ID",0,kesehatan,hoaxid_hf,2020-03-17
hf-5139,[SALAH] “Chloroquine (Obat Malaria Klorokuin) bisa menyembuhkan covid-19” – TurnBackHoax.ID,0,kesehatan,hoaxid_hf,2020-03-17
hf-5140,[SALAH] Surat Edaran Walikota Palembang Soal Virus Corona – TurnBackHoax.ID,0,kesehatan,hoaxid_hf,2020-03-17
hf-5144,[SALAH] “China Akui Dokter Palestina Penemu Vaksin Corona yang Terbukti Ampuh 100 Persen” – TurnBackHoax.ID,0,kesehatan,hoaxid_hf,2020-03-16
hf-5146,[SALAH] COVID-19 Sudah Sampai Purwakarta – TurnBackHoax.ID,0,kesehatan,hoaxid_hf,2020-03-16
hf-5148,[SALAH] “Dua orang Terinfeksi Virus Corona Di Parepare” – TurnBackHoax.ID,0,kesehatan,hoaxid_hf,2020-03-16
hf-5149,[FALSE] “Alcohol kill coronavirus” – TurnBackHoax.ID,0,kesehatan,hoaxid_hf,2020-03-16
hf-5150,[SALAH] “Alkohol Bisa Membunuh Coronavirus Covid-19” – TurnBackHoax.ID,0,kesehatan,hoaxid_hf,2020-03-16
hf-5152,"[SALAH] “orang karangturi,balak cawas,sudah tertular virus corona” – TurnBackHoax.ID",0,kesehatan,hoaxid_hf,2020-03-16
hf-5153,[SALAH] Ditemukannya Virus Corona atau COVID-19 di Tisu Toilet – TurnBackHoax.ID,0,kesehatan,hoaxid_hf,2020-03-16
hf-5158,[SALAH] Kapal Rute Banda Aceh Sabang Distop Karena Virus Corona – TurnBackHoax.ID,0,kesehatan,hoaxid_hf,2020-03-16
hf-5160,[SALAH] “Hasil Pemeriksaan Presiden Jokowi Positif Virus Corona” – TurnBackHoax.ID,0,kesehatan,hoaxid_hf,2020-03-16
hf-5161,[SALAH] “suspect coronavirus ditemukan di salah satu terapis spa Hotel Goldenhands kelapa gading” – TurnBackHoax.ID,0,kesehatan,hoaxid_hf,2020-03-16
hf-5167,[EDUKASI] WHO: “T&J tentang coronavirus (COVID-19)” – TurnBackHoax.ID,0,kesehatan,hoaxid_hf,2020-03-15
hf-5168,[SALAH] “Profesor Chen Horin mengatakan Lemon panas dapat membunuh sel kanker” – TurnBackHoax.ID,0,kesehatan,hoaxid_hf,2020-03-15
hf-5169,[BERITA] Kemendagri Bantah Tito Karnavian Terjangkit Covid-19 – TurnBackHoax.ID,0,kesehatan,hoaxid_hf,2020-03-15
hf-5170,[SALAH] “katanya Ada korban virus Corona di PIK” – TurnBackHoax.ID,0,kesehatan,hoaxid_hf,2020-03-15
hf-5174,[BERITA] Malware “AZORult” di Aplikasi Palsu Peta Sebaran COVID-19 – TurnBackHoax.ID,0,kesehatan,hoaxid_hf,2020-03-14
hf-5175,[SALAH] “Satu pasien virus corona dr Badau otw dirujuk ke rumah sakit rujukan Sintang” – TurnBackHoax.ID,0,kesehatan,hoaxid_hf,2020-03-14
hf-5178,[EDUKASI] WHO: “Saran penyakit Coronavirus (COVID-19) untuk umum: membantah Mitos” – TurnBackHoax.ID,0,kesehatan,hoaxid_hf,2020-03-14
hf-5179,[SALAH] “the Simpsons 1993 memprediksi Corona virus dari China” – TurnBackHoax.ID,0,kesehatan,hoaxid_hf,2020-03-14
hf-5181,"[SALAH] “jangan ke Kokas dulu ya, mall di lockdown karena salah satu staff diatas ada yang suspect Covid-19” – TurnBackHoax.ID",0,kesehatan,hoaxid_hf,2020-03-13
hf-5182,[SALAH] Kokain Membunuh Coronavirus – TurnBackHoax.ID,0,kesehatan,hoaxid_hf,2020-03-13
hf-5186,[FALSE] “Alcoholic drinks can reduce the risk of infection from a coronavirus novel; COVID-19 “ – TurnBackHoax.ID,0,kesehatan,hoaxid_hf,2020-03-12
hf-5187,[SALAH] “minuman beralkohol bisa mengurangi risiko infeksi dari novel coronavirus; COVID-19” – TurnBackHoax.ID,0,kesehatan,hoaxid_hf,2020-03-12
hf-5188,[SALAH] Politisi India: “Urin dan Kotoran Sapi Jadi Obat Virus Corona” – TurnBackHoax.ID,0,kesehatan,hoaxid_hf,2020-03-12
hf-5189,[SALAH] Arahan Gubernur DKI Terkait Himbauan Covid-19 – TurnBackHoax.ID,0,kesehatan,hoaxid_hf,2020-03-12
hf-5193,[SALAH] “Info Terkini : kudus sudah ada 2 org pasien Virus corona” – TurnBackHoax.ID,0,kesehatan,hoaxid_hf,2020-03-12
hf-5195,[SALAH] “Bentuk virus corona setelah diperbesar 2600x” – TurnBackHoax.ID,0,kesehatan,hoaxid_hf,2020-03-12
hf-5198,[SALAH] Daniel Radcliffe Positiv Terinfeksi Corona Covid-19 – TurnBackHoax.ID,0,kesehatan,hoaxid_hf,2020-03-12
hf-5207,[SALAH] Narasi Pesan Himbauan Pencegahan Virus Corona Mengatasnamakan UNICEF – TurnBackHoax.ID,0,kesehatan,hoaxid_hf,2020-03-10
hf-5209,[SALAH] “Selamat datang TKA China sebarkan virus corona #TergagapCorona” – TurnBackHoax.ID,0,kesehatan,hoaxid_hf,2020-03-10
hf-5212,[BERITA] Liputan Media Acara Diskusi Publik MAFINDO: “Mitigasi Hoaks COVID19” – TurnBackHoax.ID,0,kesehatan,hoaxid_hf,2020-03-10
hf-5214,[SALAH] “Pangeran Uni Emirat Arab Dikabarkan Positif Virus Corona” – TurnBackHoax.ID,0,kesehatan,hoaxid_hf,2020-03-09
hf-5215,[BERITA] Klarifikasi Mentari International School tentang Pemberitaan Terinfeksi COVID-19 – TurnBackHoax.ID,0,kesehatan,hoaxid_hf,2020-03-09
hf-5218,"[SALAH] “WHO : Merokok, Salah satu solusi pencegahan Covid-19.” – TurnBackHoax.ID",0,kesehatan,hoaxid_hf,2020-03-08
hf-5225,[SALAH] Foto “Ka’bah sepi dari yang Thawaf karena Virus Corona” – TurnBackHoax.ID,0,kesehatan,hoaxid_hf,2020-03-05
hf-5227,[SALAH] Orang yang Bergolongan Darah O Lebih Rentan Terinfeksi Virus Corona – TurnBackHoax.ID,0,kesehatan,hoaxid_hf,2020-03-05
hf-5231,"[SALAH] “salah satu warga Bekasi ada yg positif terkena virus Corona, meninggal dunia” – TurnBackHoax.ID",0,kesehatan,hoaxid_hf,2020-03-04
hf-5232,[SALAH] Virus Corona Mati dalam Suhu 26-27 Derajat dan Saat Terkena Sinar Matahari – TurnBackHoax.ID,0,kesehatan,hoaxid_hf,2020-03-04
hf-5235,[SALAH] Pesan Berantai WhatsApp Tiga Warga Yogyakarta Terjangkit Virus Corona – TurnBackHoax.ID,0,kesehatan,hoaxid_hf,2020-03-03
hf-5236,[SALAH] 1000 Tiket Pesawat Gratis Untuk WNI Pulang Ke Tanah Air Dari PT Angkasa Pura 1 Karena Virus Corona – TurnBackHoax.ID,0,kesehatan,hoaxid_hf,2020-03-03
hf-5237,[SALAH] Tes Sederhana Untuk Mengenal Virus Corona Hanya Dalam Sepuluh Detik – TurnBackHoax.ID,0,kesehatan,hoaxid_hf,2020-03-03
hf-5242,[SALAH] Video 280 Jemaah Umrah Tertahan di Pesawat dan 18 Di Antaranya Positif Terinfeksi Virus Corona – TurnBackHoax.ID,0,kesehatan,hoaxid_hf,2020-03-02
hf-5244,[SALAH] “Paus Fransiskus dan dua pembantunya dinyatakan positif mengidap Coronavirus” – TurnBackHoax.ID,0,kesehatan,hoaxid_hf,2020-03-01
hf-5245,[BERITA] “Penjelasan 136 Pasien dalam Pengawasan Virus Corona di Indonesia” – TurnBackHoax.ID,0,kesehatan,hoaxid_hf,2020-02-29
hf-5263,"[SALAH] “Tingkat Sulfur Dioksida tinggi di Kota Wuhan tanda kremasi massal korban coronavirus, indikasi ada lebih dari 50.000 korban jiwa dibakar” – TurnBackHoax.ID",0,kesehatan,hoaxid_hf,2020-02-24
hf-5275,[SALAH] Cikarang Siaga 3 Virus Corona Karena Sudah 3 Orang Meninggal di Meikarta – TurnBackHoax.ID,0,kesehatan,hoaxid_hf,2020-02-19
hf-5281,"[SALAH] “Serangan Virus Corona Belum Berakhir, Kini Negeri China Dirundung Serangan Tentara Baru Dalam Bentuk Nyamuk Jumbo dan Burung Gagak” – TurnBackHoax.ID",0,kesehatan,hoaxid_hf,2020-02-19
hf-5284,"[SALAH] “Setelah cina di landa virus corona,allah beri hadiah kpd umat muslim di cina yaitu terbukanya mesjid2 seluruh daratan cina” – TurnBackHoax.ID",0,kesehatan,hoaxid_hf,2020-02-18
hf-5290,[SALAH] Di Bekasi Sudah Ada Terduga Pasien Virus Corona – TurnBackHoax.ID,0,kesehatan,hoaxid_hf,2020-02-17
hf-5292,[SALAH] “SOLAT JUM’AT DI BALIK VIRUS CORONA” – TurnBackHoax.ID,0,kesehatan,hoaxid_hf,2020-02-17
hf-5301,[SALAH] Ditemukan Virus Machupo Dalam Paracetamol – TurnBackHoax.ID,0,kesehatan,hoaxid_hf,2020-02-14
hf-5312,"[FALSE] “In an era of #coronavirus in China, money is no longer the best thing in the world” – TurnBackHoax.ID",0,kesehatan,hoaxid_hf,2020-02-12
hf-5314,[SALAH] Virus Corona Sudah Sampai di Apartemen Taman Anggrek – TurnBackHoax.ID,0,kesehatan,hoaxid_hf,2020-02-12
hf-5315,[SALAH] 7 Penumpang Lion Air Yang Berasal Dari China di Manado Terinfeksi Virus Corona – TurnBackHoax.ID,0,kesehatan,hoaxid_hf,2020-02-12
hf-5316,[SALAH] “Pengemudi ini mencoba ‘kabur’ dari pemeriksaan #CoronaVirusCamp” – TurnBackHoax.ID,0,kesehatan,hoaxid_hf,2020-02-12
hf-5318,[SALAH] “Thailand Berhasil Sembuhkan Pasien Virus Corona dengan Ganja” – TurnBackHoax.ID,0,kesehatan,hoaxid_hf,2020-02-12
hf-5319,[SALAH] Mi Goreng Indonesia Masuk Daftar Makanan Yang Menyebarkan Virus Corona di Australia – TurnBackHoax.ID,0,kesehatan,hoaxid_hf,2020-02-11
hf-5320,[SALAH] Video “puluhan pasien virus corona kejang-kejang” – TurnBackHoax.ID,0,kesehatan,hoaxid_hf,2020-02-11
hf-5321,[SALAH] Dokter Israel Membantu Pasien Corona di China – TurnBackHoax.ID,0,kesehatan,hoaxid_hf,2020-02-10
hf-5322,[SALAH] Foto “tim medis Jepang berjumlah 1.000 tiba di Wuhan” – TurnBackHoax.ID,0,kesehatan,hoaxid_hf,2020-02-10
hf-5323,[SALAH] “Saking takutnya dengan virus corona Orang Cina Islam yang sholat arahnya kemana mana” – TurnBackHoax.ID,0,kesehatan,hoaxid_hf,2020-02-10
hf-5330,Kompilasi Post Periksa Fakta MAFINDO Berkaitan Dengan Virus Corona – TurnBackHoax.ID,0,kesehatan,hoaxid_hf,2020-02-06
hf-5331,[SALAH] Video “Akibat virus Corona Babi di kubur hidup-hidup” – TurnBackHoax.ID,0,kesehatan,hoaxid_hf,2020-02-06
hf-5335,[SALAH] Rumah Sakit Kanusojo Balikpapan Telah Menerima Pasien Positif Virus Corona – TurnBackHoax.ID,0,kesehatan,hoaxid_hf,2020-02-04
hf-5336,[BERITA] Warga Cina Lempar Kucing dan Anjingnya dari Apartemen karena Hoaks Kucing dan Anjing Menularkan Virus Corona – TurnBackHoax.ID,0,kesehatan,hoaxid_hf,2020-02-04
hf-5337,[SALAH] Virus Corona Dapat Menular Melalui Tatapan Mata – TurnBackHoax.ID,0,kesehatan,hoaxid_hf,2020-02-04
hf-5339,[SALAH] “Virus Corona masuk makanan kalengan Cina” – TurnBackHoax.ID,0,kesehatan,hoaxid_hf,2020-02-04
hf-5340,"[SALAH] “Hati-hati untuk wilayah Tanjung Enim, Muara Enim dan sekitarnya. Virus CORONA sudah masuk!” – TurnBackHoax.ID",0,kesehatan,hoaxid_hf,2020-02-03
hf-5343,[SALAH] Dettol Antiseptik Disebut Dapat Membunuh Virus Corona – TurnBackHoax.ID,0,kesehatan,hoaxid_hf,2020-02-03
hf-5345,[SALAH] Video “5 Pasien Suspect Infeksi Virus Corona’ – 1 Meninggal Dunia Di RSU Dr Kariadi Semarang-Indonesia” – TurnBackHoax.ID,0,kesehatan,hoaxid_hf,2020-02-03
hf-5346,[SALAH] Foto “China Dilaporkan Diam-diam Kremasi Korban Virus Corona” – TurnBackHoax.ID,0,kesehatan,hoaxid_hf,2020-02-02
hf-5348,[EDUKASI] “Apa itu coronavirus dan seberapa khawatir kita seharusnya?” – TurnBackHoax.ID,0,kesehatan,hoaxid_hf,2020-02-01
hf-5352,[SALAH] Virus Corona Sudah Sampai di Shah Alam Selangor – TurnBackHoax.ID,0,kesehatan,hoaxid_hf,2020-01-31
hf-5353,[SALAH] Presiden China Mengumumkan Virus Corona Telah Menjadi Epidemi dan Memohon Kepada Umat Islam Mendoakan China – TurnBackHoax.ID,0,kesehatan,hoaxid_hf,2020-01-31
hf-5354,[SALAH] Video “EXPLORE Pasar Wuhan – Virus Corona Diduga Bermunculan” – TurnBackHoax.ID,0,kesehatan,hoaxid_hf,2020-01-30
hf-5357,[SALAH] “Corona virus sudah ada di RS. Bhayangkara Indramayu” – TurnBackHoax.ID,0,kesehatan,hoaxid_hf,2020-01-30
hf-5359,[SALAH] “Pemberitahuan Kementerian Kesehatan: Metode pencegahan virus Corona dengan Minum Air Hangat” – TurnBackHoax.ID,0,kesehatan,hoaxid_hf,2020-01-30
hf-5363,"[SALAH] Diduga Terinfeksi Virus Corona, Seorang Warga di Depok Diisolasi – TurnBackHoax.ID",0,kesehatan,hoaxid_hf,2020-01-29
hf-5365,[SALAH] Coronavirus Memiliki Paten – TurnBackHoax.ID,0,kesehatan,hoaxid_hf,2020-01-29
hf-5367,[SALAH] Ada 3 Orang TKA China PT IWIP Yang Meninggal Dunia Akibat Virus Corona – TurnBackHoax.ID,0,kesehatan,hoaxid_hf,2020-01-29
hf-5369,"[SALAH] “Diduga Terjangkit Virus Corona, Satu Pasien RS Doris Sylvanus Diisolasi” – TurnBackHoax.ID",0,kesehatan,hoaxid_hf,2020-01-28
hf-5370,[SALAH] Daftar Jajanan Makanan di Kabupaten Bantaeng Yang Terjangkit Virus Hepatitis – TurnBackHoax.ID,0,kesehatan,hoaxid_hf,2020-01-28
hf-5371,[SALAH] “Jokowi: Virus corona minum bodrex 5 menit langsung sembuh” – TurnBackHoax.ID,0,kesehatan,hoaxid_hf,2020-01-28
hf-5372,[SALAH] Foto “Virus corona sudah sampai Terminal 3 Internasional Bandara Soekarno-Hatta” – TurnBackHoax.ID,0,kesehatan,hoaxid_hf,2020-01-28
hf-5374,[SALAH] “Di makassar dirawat 1 pasien suspect corona virus” – TurnBackHoax.ID,0,kesehatan,hoaxid_hf,2020-01-28
hf-5377,[SALAH] Air Rebusan Bawang Putih Menyembuhkan Virus Corona – TurnBackHoax.ID,0,kesehatan,hoaxid_hf,2020-01-27
hf-5380,[FALSE] Correlation of Video of Child Fed with Living Tadpoles with Corona Virus – TurnBackHoax.ID,0,kesehatan,hoaxid_hf,2020-01-27
hf-5381,[SALAH] Korelasi Video Anak Disuapi Berudu Hidup dengan Virus Corona – TurnBackHoax.ID,0,kesehatan,hoaxid_hf,2020-01-27
hf-5383,[SALAH] “Kepanikan luar biasa orang2 china akibat #VirusCorona” – TurnBackHoax.ID,0,kesehatan,hoaxid_hf,2020-01-25
hf-5387,[SALAH] Dua Perawat di RS Sardjito Terjangkit Virus Corona – TurnBackHoax.ID,0,kesehatan,hoaxid_hf,2020-01-24
hf-5388,[SALAH] Vaksin Penyebab Autis – TurnBackHoax.ID,0,kesehatan,hoaxid_hf,2020-01-24
hf-5391,[SALAH] Anies Baswedan Dinobatkan Sebagai Gubernur Terbaik di Dunia – TurnBackHoax.ID,0,kesehatan,hoaxid_hf,2020-01-22
hf-5412,[SALAH] Jus Daun Pepaya Mentah Obat DBD – TurnBackHoax.ID,0,kesehatan,hoaxid_hf,2020-01-14
hf-5450,[SALAH] Pelintiran Judul Berita “Dokter Minta Wapres Ma’ruf Amin Beristirahat” – TurnBackHoax.ID,0,kesehatan,hoaxid_hf,2020-01-05
hf-5479,[SALAH] Air Liur Dari Terompet Dapat Sebarkan Penyakit Berbahaya – TurnBackHoax.ID,0,kesehatan,hoaxid_hf,2019-12-30
hf-5511,[SALAH] “Legenda Hello Kitty berasal dari gadis penderita kanker mulut dan Hello Kiity artinya dalam bahasa China adalah Halo Iblis” – TurnBackHoax.ID,0,kesehatan,hoaxid_hf,2019-12-21
hf-5529,[SALAH] Air Nanas Panas Sembuhkan Kanker – TurnBackHoax.ID,0,kesehatan,hoaxid_hf,2019-12-17
hf-5530,[BERITA] Kemenpan RB: Tidak Ada Pengangkatan CPNS Jalur Indonesia Sehat – TurnBackHoax.ID,0,kesehatan,hoaxid_hf,2019-12-17
hf-5571,[SALAH] Minuman Probiotik Dapat Membantu Sembuhkan Kanker – TurnBackHoax.ID,0,kesehatan,hoaxid_hf,2019-12-05
hf-5578,"[SALAH] “UYM: Sholat Dimonas Itu Dosa, Karena Dianggap Riya, Semoga Para Alumni 212 Segera Bertobat” – TurnBackHoax.ID",0,kesehatan,hoaxid_hf,2019-12-04
hf-5614,[SALAH] Foto anak berdarah mahasiswa Poly University korban demo demo rusuh di Hongkong – TurnBackHoax.ID,0,kesehatan,hoaxid_hf,2019-11-23
hf-5658,[SALAH] Gebrakan Menteri Kesehatan yang Baru – TurnBackHoax.ID,0,kesehatan,hoaxid_hf,2019-11-08
hf-5660,[SALAH] Penyumbatan di usus karena konsumsi mie atau spaghetti yang disingkirkan saat dokter melakukan operasi – TurnBackHoax.ID,0,kesehatan,hoaxid_hf,2019-11-08
hf-5665,[SALAH] Virus Babi Hog Cholera Menular pada Manusia – TurnBackHoax.ID,0,kesehatan,hoaxid_hf,2019-11-06
hf-5696,[SALAH] Minum Air Es Saat Cuaca Panas Dapat Mengalami Pecah Pembuluh Darah – TurnBackHoax.ID,0,kesehatan,hoaxid_hf,2019-10-28
hf-5749,[SALAH] Makan Buah Saat Perut Kosong Bisa Sembuhkan Kanker – TurnBackHoax.ID,0,kesehatan,hoaxid_hf,2019-10-10
hf-5766,[SALAH] “Panglima TNI…Udah pada tau kan arahnya kemana.Makan yg banyak ya jendral biar tambah sehat….” – TurnBackHoax.ID,0,kesehatan,hoaxid_hf,2019-10-07
hf-5771,[SALAH] Video Potongan Kanker Menjauhi Bawang Putih Mendekati Emas – TurnBackHoax.ID,0,kesehatan,hoaxid_hf,2019-10-07
hf-5830,[SALAH] Pertolongan pertama pada stroke dengan tusukan jarum ke ujung setiap jari masing-masing atau bagian bawah daun telinga – TurnBackHoax.ID,0,kesehatan,hoaxid_hf,2019-09-23
hf-5900,[SALAH] “jarum suntik di toilet umum penyebar virus hiv” – TurnBackHoax.ID,0,kesehatan,hoaxid_hf,2019-09-05
hf-5932,[SALAH] “MANTAN PRESIDEN RI KE 3 DINOBATKAN SEBAGAI PEMILIK IQ TERTINGGI SEPANJANG SEJARAH MANUSIA NAMUN DISIA-SIAKAN OLEH BANGSA INDONESIA” – TurnBackHoax.ID,0,kesehatan,hoaxid_hf,2019-08-25
hf-5954,[SALAH] “zionis Israel menebar VIRUS AIDS di pembalut wanita” – TurnBackHoax.ID,0,kesehatan,hoaxid_hf,2019-08-18
hf-5956,"[KLARIFIKASI] JANGAN MENGKONSUMSI BAWANG YANG TELAH DIKUPAS, KARENA MENYERAP KUMAN DAN VIRUS DI UDARA – TurnBackHoax.ID",0,kesehatan,hoaxid_hf,2019-08-17
hf-6056,[SALAH] Daftar Obat Terlarang BPOM (Kop Surat RS Siloam) – TurnBackHoax.ID,0,kesehatan,hoaxid_hf,2019-07-17
hf-6070,"[SALAH] Imunisasi adalah tipu daya zionist, yang sebenarnya memasukkan bibit penyakit untuk jangka pendek maupun panjang – TurnBackHoax.ID",0,kesehatan,hoaxid_hf,2019-07-14
hf-6088,[SALAH] Khanzarof : Hasil Cloning Dokter Hewan Amerika dan Rusia yang berasal dari Campuran Kambing dan Babi – TurnBackHoax.ID,0,kesehatan,hoaxid_hf,2019-07-10
hf-6100,[SALAH] Pesan Dari Pangdam IX Udayana Tentang Cek Gula Darah Dengan Jarum Bervirus AIDS – TurnBackHoax.ID,0,kesehatan,hoaxid_hf,2019-07-08
hf-6126,"[KLARIFIKASI] DISEBUT ADA MAFIA LAKUKAN JUAL BELI DARAH HASIL DONOR, PMI ANGKAT BICARA – TurnBackHoax.ID",0,kesehatan,hoaxid_hf,2019-07-01
hf-6221,[SALAH] Jokowi di Mata Internasional dijuluki “Tangan Berdarah” – TurnBackHoax.ID,0,kesehatan,hoaxid_hf,2019-05-25
hf-6241,[SALAH] Meninggalnya Serda Supran Sida Dikaitkan dengan Virus Cacar Monyet – TurnBackHoax.ID,0,kesehatan,hoaxid_hf,2019-05-20
hf-6274,"[BENAR] Klarifikasi dari Dinkes terkait Informasi Ramuan Minyak Tanah yang Bisa Mengobati Penyakit Asam Urat, Kolesterol, dan Tekanan Darah Tinggi – TurnBackHoax.ID",0,kesehatan,hoaxid_hf,2019-05-10
hf-6294,[SALAH] Cuci Bersih Kurma Karena Mengandung Virus Corona yang Berasal dari Kelelawar – TurnBackHoax.ID,0,kesehatan,hoaxid_hf,2019-05-06
hf-6356,[SALAH] “Ketua KPU 2014 Husni Kamil Mayatnya Penuh Bercak Darah” – TurnBackHoax.ID,0,kesehatan,hoaxid_hf,2019-04-23
hf-6609,[SALAH] “Terdapat obat bius di daun teh Tiek Kwan Im” – TurnBackHoax.ID,0,kesehatan,hoaxid_hf,2019-02-19
hf-6629,[SALAH] Ali Mochtar Ngabalin Diserang Stroke Karena Doanya Sendiri – TurnBackHoax.ID,0,kesehatan,hoaxid_hf,2019-02-13
hf-6653,Kutu Jepang utk DIABETES. – TurnBackHoax.ID,0,kesehatan,hoaxid_hf,2019-02-08
hf-6662,[SALAH] Tes Merkuri pada Kosmetik Dengan Emas. – TurnBackHoax.ID,0,kesehatan,hoaxid_hf,2019-02-07
hf-6679,"[SALAH] “Stroke Kambuh, Prabowo Batal Orasi Politik di Acara Fraksi PKS” – TurnBackHoax.ID",0,kesehatan,hoaxid_hf,2019-02-04
hf-6755,[SALAH] Ustaz Arifin Ilham Berobat Ke Malaysia Naik Jet Pribadi Milik Prabowo – TurnBackHoax.ID,0,kesehatan,hoaxid_hf,2019-01-11
hf-6850,[SALAH] “Orang penyakitan kok Nyapres” – TurnBackHoax.ID,0,kesehatan,hoaxid_hf,2018-12-19
hf-6942,[SALAH] Megawati Soekarnoputri Dirawat di Rumah Sakit karena Stroke – TurnBackHoax.ID,0,kesehatan,hoaxid_hf,2018-11-08
hf-7054,[HOAX] “INSTITUT PENCEGAHAN KANKER MENGUMUMKAN RANKING SAYURAN ANTI KANKER: …” – TurnBackHoax.ID,0,kesehatan,hoaxid_hf,2018-10-09
hf-7069,[SALAH] “zionis Israel menebar VIRUS AIDS disetiap pembalut wanita” – TurnBackHoax.ID,0,kesehatan,hoaxid_hf,2018-10-03
hf-7162,[SALAH] Foto Bibir Miring Prabowo Petanda Stroke Ringan – TurnBackHoax.ID,0,kesehatan,hoaxid_hf,2018-09-14
hf-7237,"[BENAR] DIRUMORKAN PUNYA ATURAN BARU PEMBATASAN WAKTU PASIEN BERTEMU DOKTER, BPJS ANGKAT BICARA – TurnBackHoax.ID",0,kesehatan,hoaxid_hf,2018-08-29
hf-7240,[BENAR] “KPAI Bantah 55 Anak Meninggal karena Korban Vaksin” – TurnBackHoax.ID,0,kesehatan,hoaxid_hf,2018-08-28
hf-7260,[BERITA] “MUI Ajak Masyarakat Tak Ragu untuk Vaksin MR” – TurnBackHoax.ID,0,kesehatan,hoaxid_hf,2018-08-23
hf-7289,[BENAR] “BMKG Menilai Pemberitaan Aljazeera yang Mengatakan Polusi Udara di Jakarta ‘Tidak Sehat’ Jelang Asian Games adalah Berlebihan” – TurnBackHoax.ID,0,kesehatan,hoaxid_hf,2018-08-18
hf-7302,[BENAR] Dinkes Aceh Membantah Atas Isu Pelajar Lumpuh Setelah Vaksin MR – TurnBackHoax.ID,0,kesehatan,hoaxid_hf,2018-08-15
hf-7322,"[BENAR] “Bukan disebabkan vaksin, siswa MI di Palembang tewas karena radang otak” – TurnBackHoax.ID",0,kesehatan,hoaxid_hf,2018-08-09
hf-7337,[BENAR] “Pihak Keluarga Almarhumah Siswi SMPN 2 Semen Bantah ‘SA’ Meninggal dalam Kondisi Telinga Berdarah dan HP Berantakan di Lantai ” – TurnBackHoax.ID,0,kesehatan,hoaxid_hf,2018-08-06
hf-7339,[SALAH] “Racun Vaksin apa yg kalian tebarkan” – TurnBackHoax.ID,0,kesehatan,hoaxid_hf,2018-08-05
hf-7340,"[SALAH] “Bahan vaksin dari darah babi, …” – TurnBackHoax.ID",0,kesehatan,hoaxid_hf,2018-08-05
hf-7342,[KLARIFIKASI] “Pare Tidak Serta-merta Bisa Menyembuhkan Kanker” – TurnBackHoax.ID,0,kesehatan,hoaxid_hf,2018-08-04
hf-7413,[BENAR] “Parasetamol Tidak Mengandung Virus Machupo” – TurnBackHoax.ID,0,kesehatan,hoaxid_hf,2018-07-17
hf-7426,[SALAH] Surat Perintah Pendataan Tenaga Medis dan Non Medis Rumah Sakit Tahun 2018 – TurnBackHoax.ID,0,kesehatan,hoaxid_hf,2018-07-14
hf-7438,[SALAH] PEMBULUH DARAH DI MATA PECAH AKIBAT SERING BERMAIN HP – TurnBackHoax.ID,0,kesehatan,hoaxid_hf,2018-07-11
hf-7454,[BENAR] Selebaran Poster Acara Penobatan Miss Waria Banten 2018 – TurnBackHoax.ID,0,kesehatan,hoaxid_hf,2018-07-05
hf-7535,"[SALAH] Dr Gupta mengatakan, tidak ada yang harus mati kanker kecuali keluar dari kecerobohan; – TurnBackHoax.ID",0,kesehatan,hoaxid_hf,2018-06-11
hf-7544,[SALAH] Sebuah Akun Facebook Minta Donasi Untuk Anak Penderita Kanker Tulang – TurnBackHoax.ID,0,kesehatan,hoaxid_hf,2018-06-07
hf-7568,"[SALAH] BEGAL BERAKSI DI WILAYAH CILEWEUNG, KORBAN WANITA ALAMI LUKA BACOK – TurnBackHoax.ID",0,kesehatan,hoaxid_hf,2018-05-31
hf-7577,[BENAR] Edy Rahmayadi Tidak Terkena Stroke – TurnBackHoax.ID,0,kesehatan,hoaxid_hf,2018-05-28
hf-7613,[SALAH] Tes Gula Darah untuk Menyebarkan AIDS di Medan – TurnBackHoax.ID,0,kesehatan,hoaxid_hf,2018-05-17
hf-7634,[BENAR] Klarifikasi Dinas Kesehatan Kota Palopo Terkait Isu Beredarnya Obat Kedaluwarsa – TurnBackHoax.ID,0,kesehatan,hoaxid_hf,2018-05-11
hf-7739,"[SALAH] CALON GUBERNUR SULSEL, NURDIN ABDULLAH DERITA KANKER DI LEHER – TurnBackHoax.ID",0,kesehatan,hoaxid_hf,2018-04-13
hf-7743,[BENAR] Klarifikasi Rumah Sakit Umum Cut Nyak Dien (RSU-CND) Meulaboh Terkait Isu Keluarnya Dokter Spesialis Jantung Karena Tak Digaji – TurnBackHoax.ID,0,kesehatan,hoaxid_hf,2018-04-12
hf-7781,[SALAH] “9 Merek Pembalut di Indonesia Penyebab Kanker” – TurnBackHoax.ID,0,kesehatan,hoaxid_hf,2018-04-01
hf-7782,[BERITA] “Dokter ini Aktif ‘Sembuhkan’ Pasien dari Kabar Hoax” – TurnBackHoax.ID,0,kesehatan,hoaxid_hf,2018-04-01
hf-7784,[SALAH] “Penyakit Makula” – TurnBackHoax.ID,0,kesehatan,hoaxid_hf,2018-03-30
hf-7846,[SALAH] BAHAYA MAKANAN ANAK KINDER JOY BISA SEBABKAN KANKER – TurnBackHoax.ID,0,kesehatan,hoaxid_hf,2018-03-16
hf-7865,[BENAR] Klarifikasi Dinas Kesehatan Kabupaten Cianjur Terkait Kabar Bocah Bernama Muhammad Zihad Menderita Gizi Buruk – TurnBackHoax.ID,0,kesehatan,hoaxid_hf,2018-03-13
hf-7917,[HOAX] PRABOWO SUBIANTO SEMPAT ALAMI STROKE SEBANYAK 3 KALI – TurnBackHoax.ID,0,kesehatan,hoaxid_hf,2018-02-28
hf-7930,[HOAX] “Satanisme Buah Disuntik Darah Mengandung HIV” – TurnBackHoax.ID,0,kesehatan,hoaxid_hf,2018-02-25
hf-7949,[HOAX] NYALAKAN AC TANPA BUKA KACA SAAT PERTAMA MASUK MOBIL BISA SEBABKAN KANKER – TurnBackHoax.ID,0,kesehatan,hoaxid_hf,2018-02-21
hf-8006,[DISINFORMASI] “MANTAN PRESIDEN RI KE 3 DI NOBATKAN SEBAGAI PEMILIK IQ TERTINGGI SEPANJANG SEJARAH MANUSIA NAMUN DI SIA SIAKAN OLEH BANGSA INDONESIA” – TurnBackHoax.ID,0,kesehatan,hoaxid_hf,2018-02-03
hf-8078,[HOAX] Dokter Anti Vaksin Asal Amerika Serikat – TurnBackHoax.ID,0,kesehatan,hoaxid_hf,2018-01-10
hf-8152,"[BERITA] “Hina Panglima TNI dan Jokowi di Medsos, Dokter di Sumbar Ditangkap” – TurnBackHoax.ID",0,kesehatan,hoaxid_hf,2017-12-16
hf-8186,[KLARIFIKASI] “BPJS Tak Tanggung Jaminan Kesehatan Untuk Perokok” – TurnBackHoax.ID,0,kesehatan,hoaxid_hf,2017-12-08
hf-8193,[HOAX] Foto Pengendara Ojol yang Berdarah Dipukuli Sopir Taksi – TurnBackHoax.ID,0,kesehatan,hoaxid_hf,2017-12-06
hf-8216,[ISU] EFEK SAMPING VAKSIN KANKER SERVIKS – TurnBackHoax.ID,0,kesehatan,hoaxid_hf,2017-11-29
hf-8221,[KLARIFIKASI] “BPJS Tak Tanggung Biaya Pengobatan 8 Penyakit Katastropik” – TurnBackHoax.ID,0,kesehatan,hoaxid_hf,2017-11-27
hf-8240,[HOAX] “Penjual Air Kesehatan Sebar Hoax Pemanis Buatan” – TurnBackHoax.ID,0,kesehatan,hoaxid_hf,2017-11-21
hf-8261,[HOAX] “Donor Sperma di Fakultas Kedokteran Universitas Indonesia” – TurnBackHoax.ID,0,kesehatan,hoaxid_hf,2017-11-17
hf-8274,[BERITA] “Eksperimen: Mengupas Hoax ‘Potongan Kanker’ yang Menjauhi Bawang Putih” – TurnBackHoax.ID,0,kesehatan,hoaxid_hf,2017-11-16
hf-8299,[HOAX] “POTONGAN KANKER BERGERAK JAUHI BAWANG PUTIH” – TurnBackHoax.ID,0,kesehatan,hoaxid_hf,2017-11-09
hf-8335,"[DISINFORMASI] @Metro_TV: “Kembali Tenang Berdagang di Trotoar Tanah Abang”, portal-islam.id: “Serang Anies-Sandi Dengan Berita Hoax, Metro TV DIPERMALUKAN Haji Lulung” – TurnBackHoax.ID",0,kesehatan,hoaxid_hf,2017-10-26
hf-8367,[DISINFORMASI] Registrasi Kartu SIM Card Perlukah Nama Ibu kandung ? – TurnBackHoax.ID,0,kesehatan,hoaxid_hf,2017-10-19
hf-8377,(HOAX) Makam Berdarah – TurnBackHoax.ID,0,kesehatan,hoaxid_hf,2017-10-16
hf-8421,[DISINFORMASI] Pesan Berantai Tentang Penyebab Penyakit Dalam Organ Tubuh – TurnBackHoax.ID,0,kesehatan,hoaxid_hf,2017-10-04
hf-8425,"[HOAX, HASUT, & PROVOKASI] Bra Yang Berisi Cairan Penyebab Kanker Payudara – TurnBackHoax.ID",0,kesehatan,hoaxid_hf,2017-10-03
hf-8451,(HOAX) Yayasan Miracle Hope Ingin Membantu Untuk Mengobati Penderita Kanker Jenis Apapun – TurnBackHoax.ID,0,kesehatan,hoaxid_hf,2017-09-24
hf-8470,(HOAX): Waspada Dokter Palsu PKI tularkan HIV,0,kesehatan,hoaxid_hf,2017-09-18
hf-8488,[HOAX] Biksu Myanmar Terkena Azab Penyakit Misteri – TurnBackHoax.ID,0,kesehatan,hoaxid_hf,2017-09-07
hf-8519,"[HOAX] RS Gatot Subroto Jkt, sdh mulai ada pengobatan tumor ganas",0,kesehatan,hoaxid_hf,2017-08-12
hf-8528,"[EDUKASI, BERITA] Rangkuman 40 Berita Hoax Kesehatan Terbanyak – TurnBackHoax.ID",0,kesehatan,hoaxid_hf,2017-07-19
hf-8544,"[HOAX] Fluoride Sangat Berbahaya, Bisa Menyebabkan Kanker – TurnBackHoax.ID",0,kesehatan,hoaxid_hf,2017-06-28
hf-8625,[HOAX] Soda Kue Dicampur Madu Dapat Menyembuhkan Kanker – TurnBackHoax.ID,0,kesehatan,hoaxid_hf,2017-04-09
hf-8638,[HOAX] BAHAYA OBAT BIUS UNTUK WANITA PROGESTEREX – TurnBackHoax.ID,0,kesehatan,hoaxid_hf,2017-03-22
hf-8669,HOAX: Daftar Obat Terlarang BPOM (Kop Surat RS Siloam) – TurnBackHoax.ID,0,kesehatan,hoaxid_hf,2017-03-06
hf-8689,HOAX: Parasetamol Mengandung Virus – TurnBackHoax.ID,0,kesehatan,hoaxid_hf,2017-02-27
hf-8694,[HOAX] PARACETAMOL MENGANDUNG VIRUS MACHUPO – TurnBackHoax.ID,0,kesehatan,hoaxid_hf,2017-02-22
hf-8751,(HOAX) Mengkonsumsi Sayap dan Ceker Ayam yang Disuntik Hormon Dapat Menyebabkan Kanker – TurnBackHoax.ID,0,kesehatan,hoaxid_hf,2017-02-08
hf-8770,(DISINFORMASI): Pengobatan Jantung Koroner dengan Terapi Kelasi (Chelation) Bisa Gantikan Angioplasty – TurnBackHoax.ID,0,kesehatan,hoaxid_hf,2017-02-02
hf-8819,(HOAX): FPI Bubarkan Pengobatan Gratis DPP PDI Perjuangan di Tambora – TurnBackHoax.ID,0,kesehatan,hoaxid_hf,2017-01-17
hf-8847,"[HOAX] Laetrile alias Amygdalin adalah Vitamin B17, dan Satu-Satunya Obat Yang Diperlukan Untuk Sembuhkan Kanker – TurnBackHoax.ID",0,kesehatan,hoaxid_hf,2017-01-07
hf-8882,(EDUKASI): Panduan Bersosial Media Secara Sehat – TurnBackHoax.ID,0,kesehatan,hoaxid_hf,2016-12-22
hf-8951,[HOAX] ADA BESI TIPIS DI DALAM OBAT – TurnBackHoax.ID,0,kesehatan,hoaxid_hf,2016-12-06
hf-8971,HOAX: Vaksin Kanker Serviks Menyebabkan Menopause Dini – TurnBackHoax.ID,0,kesehatan,hoaxid_hf,2016-12-01
hf-8983,[ISU] VAKSIN KANKER SERVIKS SEBABKAN MENOPOUSE DINI – TurnBackHoax.ID,0,kesehatan,hoaxid_hf,2016-11-28
hf-8988,[EDUKASI] Tips Bermedia Sosial Sehat Ala Ahmad Mustofa Bari – TurnBackHoax.ID,0,kesehatan,hoaxid_hf,2016-11-27
hf-9010,(HOAX) Makanan Kalengan Dari Thailand Mengandung Virus AIDS – TurnBackHoax.ID,0,kesehatan,hoaxid_hf,2016-11-21
hf-9072,"[HOAX] Gubernur Papua, Lukas Enembe Hadir di Rapat KTT Amerika Serikat – Afrika – TurnBackHoax.ID",0,kesehatan,hoaxid_hf,2016-09-10
hf-9161,[HOAX] Pengendara Ojol Bersimbah Darah Akibat Dipukuli oleh Para Sopir Taksi – TurnBackHoax.ID,0,kesehatan,hoaxid_hf,2016-03-23
hf-9185,(FITNAH) Warsito dilarang melakukan Riset kanker oleh Pemerintah – TurnBackHoax.ID,0,kesehatan,hoaxid_hf,2016-02-06
hf-9236,HOAX : Pembalut Yahudi Yang Ditanami Virus HIV – TurnBackHoax.ID,0,kesehatan,hoaxid_hf,2015-11-21
hf-9278,Jurnal Medis Tidak Nyatakan Potensi Penularan Orang Sebelum Divaksin Covid-19 Lebih Rendah,0,kesehatan,hoaxid_hf,2022-08-03
hf-9293,Jurnal Medis Tidak Nyatakan Potensi Penularan Orang Sebelum Divaksin Covid-19 Lebih Rendah,0,kesehatan,hoaxid_hf,2022-08-03
hf-9308,INFOGRAFIK: Beredarnya Informasi Keliru tentang Kewajiban Skrining Peserta BPJS Kesehatan,0,kesehatan,hoaxid_hf,2022-07-29
hf-9315,[HOAKS] Menggosokkan Hidrogen Peroksida pada Kulit Sembuhkan Kanker,0,kesehatan,hoaxid_hf,2022-07-29
hf-9323,Meta Pertimbangkan Perubahan Kebijakan soal Misinformasi Covid-19,0,kesehatan,hoaxid_hf,2022-07-27
hf-9328,[KLARIFIKASI] BPJS Kesehatan Mewajibkan Skrining Mulai 17 Juli 2022,0,kesehatan,hoaxid_hf,2022-07-27
hf-9349,[HOAKS] Meninggalnya Tjahjo Kumolo Dikaitkan dengan Vaksin mRNA,0,kesehatan,hoaxid_hf,2022-07-22
hf-9352,INFOGRAFIK: Benarkah Kucing Bisa Menularkan Covid-19 ke Manusia?,0,kesehatan,hoaxid_hf,2022-07-22
hf-9356,[HOAKS] Vaksinasi Covid-19 Buat Tingkat Kesuburan pada Pria Menurun,0,kesehatan,hoaxid_hf,2022-07-21
hf-9358,[HOAKS] Ramuan Air Panas dan Pare untuk Membunuh Sel Kanker,0,kesehatan,hoaxid_hf,2022-07-21
hf-9361,[HOAKS] Vaksinasi Bertujuan Memasukkan Mikrocip 666 ke Tubuh Manusia,0,kesehatan,hoaxid_hf,2022-07-20
hf-9378,"[HOAKS] Vaksin Covid-19 Meningkatkan HIV, Vaksin Cacar Memicu AIDS",0,kesehatan,hoaxid_hf,2022-07-18
hf-9387,[HOAKS] Donny Suhendra Meninggal karena Vaksin,0,kesehatan,hoaxid_hf,2022-07-15
hf-9401,[HOAKS] Vaksin adalah Cairan Beracun,0,kesehatan,hoaxid_hf,2022-07-12
hf-9402,[HOAKS] Parasetamol P-500 Mengandung Virus Machupo,0,kesehatan,hoaxid_hf,2022-07-12
hf-9421,[KLARIFIKASI] Peningkatan Kasus GBS Setelah Vaksinasi Covid-19,0,kesehatan,hoaxid_hf,2022-07-07
hf-9427,CEK FAKTA: Pernyataan Justin Bieber soal Vaksin Covid-19,0,kesehatan,hoaxid_hf,2022-07-06
hf-9433,CEK FAKTA: Gadis Ukraina Diklaim Terluka karena Misil Rusia,0,kesehatan,hoaxid_hf,2022-07-05
hf-9455,INFOGRAFIK: Benarkah Rebusan Putri Malu Berkhasiat Obati Berbagai Penyakit?,0,kesehatan,hoaxid_hf,2022-06-30
hf-9456,[HOAKS] CDC Mengakui Kekebalan Alami Lebih Kuat dari Vaksin Covid-19,0,kesehatan,hoaxid_hf,2022-06-29
hf-9457,CEK FAKTA: Benarkah Vaksin Cacar Penyebab Wabah AIDS pada 1987?,0,kesehatan,hoaxid_hf,2022-06-29
hf-9462,[KLARIFIKASI] Rebusan Putri Malu Berkhasiat Mengobati Berbagai Penyakit,0,kesehatan,hoaxid_hf,2022-06-28
hf-9463,[HOAKS] Dokumen Pfizer Mencantumkan 1.291 Efek Vaksin,0,kesehatan,hoaxid_hf,2022-06-27
hf-9465,[HOAKS] Angka Covid-19 Naik karena Disengaja Jelang Idul Adha,0,kesehatan,hoaxid_hf,2022-06-27
hf-9473,CEK FAKTA: Benarkah Vaksin Covid-19 Meningkatkan Sindrom Kematian Mendadak?,0,kesehatan,hoaxid_hf,2022-06-25
hf-9476,[HOAKS] Pada 2025 Tidak Bisa Tarik Tunai di ATM jika Tidak Divaksin,0,kesehatan,hoaxid_hf,2022-06-24
hf-9489,Berbagai Hoaks tentang Cara Menyembuhkan Kanker,0,kesehatan,hoaxid_hf,2022-06-22
hf-9492,"Resep Parutan Kulit Lemon Beku untuk Penderita Kanker, Ini Kata Dokter",0,kesehatan,hoaxid_hf,2022-06-21
hf-9493,[HOAKS] Vaksin AstraZeneca Menyebabkan Cacar Monyet dan Hepatitis Akut,0,kesehatan,hoaxid_hf,2022-06-21
hf-9496,"Hoaks Capres Muncul meski Pemilu Masih Lama, Dinilai Ganggu Sehatnya Demokrasi",0,kesehatan,hoaxid_hf,2022-06-21
hf-9500,[HOAKS] Makan Buah Saat Perut Kosong Bisa Sembuhkan Kanker,0,kesehatan,hoaxid_hf,2022-06-20
hf-9501,[HOAKS] Bill Gates Telah Memesan 13 Juta Dosis Vaksin Cacar Monyet,0,kesehatan,hoaxid_hf,2022-06-20
hf-9507,CEK FAKTA: Benarkah Empon-empon Sembuhkan PMK pada Sapi ?,0,kesehatan,hoaxid_hf,2022-06-18
hf-9508,CEK FAKTA: Benarkah Bill Gates Telah Menyiapkan Miliaran Vaksin Cacar Monyet?,0,kesehatan,hoaxid_hf,2022-06-17
hf-9513,[HOAKS] Justin Bieber Terkena Sindrom Ramsay Hunt akibat Vaksin Covid-19,0,kesehatan,hoaxid_hf,2022-06-16
hf-9518,[HOAKS] Bahaya Mengonsumsi Daging akibat Adanya Penyakit PMK,0,kesehatan,hoaxid_hf,2022-06-16
hf-9519,CEK FAKTA: Benarkah Vaksin AstraZeneca Sebabkan Cacar Monyet?,0,kesehatan,hoaxid_hf,2022-06-15
hf-9525,Benarkah Penyakit Mulut dan Kuku Sengaja Disebar untuk Halangi Idul Adha?,0,kesehatan,hoaxid_hf,2022-06-14
hf-9527,"Banyak Hoaks soal Tepung Terigu Bisa Sembuhkan Luka Bakar, Ini Faktanya",0,kesehatan,hoaxid_hf,2022-06-14
hf-9539,"Hati-hati Testimoni Obat Menyembuhkan Long Covid, Jangan Langsung Percaya",0,kesehatan,hoaxid_hf,2022-06-10
hf-9542,"Muncul Hoaks Obat Diet Thailand Sembuhkan Long Covid, Ini Faktanya",0,kesehatan,hoaxid_hf,2022-06-09
hf-9543,[HOAKS] Rebusan Tepung Kanji Berkhasiat Mengobati Asam Lambung,0,kesehatan,hoaxid_hf,2022-06-09
hf-9558,[HOAKS] Kerokan Kulit Batang Mangga Berkhasiat Mengobati Sakit Gigi,0,kesehatan,hoaxid_hf,2022-06-07
hf-9564,[HOAKS] Twit Senator AS Rand Paul soal Bukti Vaksin Covid-19 Berbahaya,0,kesehatan,hoaxid_hf,2022-06-06
hf-9578,[HOAKS] Pesan dari Pangdam IX/Udayana soal Penyebaran HIV/AIDS Lewat Cek Gula Darah Gratis,0,kesehatan,hoaxid_hf,2022-05-31
hf-9580,[HOAKS] Cairan Batang Pisang untuk Obat Lambung dan Kerontokan Rambut,0,kesehatan,hoaxid_hf,2022-05-31
hf-9590,INFOGRAFIK: Benarkah Monkeypox Disebabkan Vaksin dan Terkait Covid-19?,0,kesehatan,hoaxid_hf,2022-05-28
hf-9600,"Monkeypox Bukan Disebabkan Vaksin atau Covid-19, Ini Kata Epidemiolog",0,kesehatan,hoaxid_hf,2022-05-26
hf-9601,[HOAKS] Cacar Monyet akibat Efek Samping Vaksin atau VAIDS,0,kesehatan,hoaxid_hf,2022-05-25
hf-9609,[HOAKS] Ilmuwan yang Membuat dan Menjual Virus Corona Sudah Tertangkap,0,kesehatan,hoaxid_hf,2022-05-24
hf-9632,[HOAKS] Lowongan Kerja Dinas Kesehatan Berbagai Daerah,0,kesehatan,hoaxid_hf,2022-05-18
hf-9633,[HOAKS] Tepung Terigu untuk Pertolongan Pertama Luka Bakar,0,kesehatan,hoaxid_hf,2022-05-18
hf-9663,INFOGRAFIK: Berbagai Klaim Keliru Seputar Hepatitis Akut yang Dikaitkan Covid-19,0,kesehatan,hoaxid_hf,2022-05-12
hf-9676,"[KLARIFIKASI] PPKM Belum Berakhir, Diperpanjang Sampai Pandemi Covid-19 Terkendali",0,kesehatan,hoaxid_hf,2022-05-10
hf-9679,[HOAKS] Vaksin Covid-19 Menyebabkan Hepatitis Akut pada Anak,0,kesehatan,hoaxid_hf,2022-05-09
hf-9681,[KLARIFIKASI] Imbauan Kemenkes Terkait Penyakit Hepatitis Akut Misterius,0,kesehatan,hoaxid_hf,2022-05-09
hf-9682,Berbagai Klaim Keliru Seputar Kasus Hepatitis Akut dan Covid-19,0,kesehatan,hoaxid_hf,2022-05-09
hf-9700,[HOAKS] Moderna Memproduksi Virus Corona dan Vaksinnya Sebelum Menyebar di Wuhan,0,kesehatan,hoaxid_hf,2022-04-28
hf-9710,[HOAKS] Pengguna BPJS Kesehatan Melahirkan di Pinggir Jalan Setelah Ditolak RS,0,kesehatan,hoaxid_hf,2022-04-27
hf-9711,[HOAKS] Putusan MA Menyatakan Pandemi Covid-19 Telah Berakhir,0,kesehatan,hoaxid_hf,2022-04-26
hf-9724,"INFOGRAFIK: Hoaks, Nasi Dipanaskan Lebih dari 12 Jam Memicu Diabetes",0,kesehatan,hoaxid_hf,2022-04-23
hf-9731,[HOAKS] Nasi Dipanaskan Lebih dari 12 Jam Memicu Diabetes,0,kesehatan,hoaxid_hf,2022-04-21
hf-9739,"Beredar Film Dokumenter Anti-Vaksin, Klaim Virus Corona adalah Bisa Ular",0,kesehatan,hoaxid_hf,2022-04-20
hf-9761,Kumpulan Hoaks dan Penelusuran Fakta Chip pada Vaksin Covid-19,0,kesehatan,hoaxid_hf,2022-04-14
hf-9770,[HOAKS] Bill Gates Kembangkan Vaksin Covid-19 Mengandung Luciferase,0,kesehatan,hoaxid_hf,2022-04-13
hf-9782,[HOAKS] Vaksin Covid-19 Mengandung Komponen Virus AIDS,0,kesehatan,hoaxid_hf,2022-04-09
hf-9789,INFOGRAFIK: Bantahan IDI Terkait Hoaks Pemecatan Terawan karena Vaksin Nusantara,0,kesehatan,hoaxid_hf,2022-04-08
hf-9792,[HOAKS] Getah Daun Kemangi Bermanfaat Mengobati Gatal pada Kulit,0,kesehatan,hoaxid_hf,2022-04-07
hf-9795,Benarkah Buah Zuriat Meningkatkan Peluang Hamil? Ini Kata Dokter,0,kesehatan,hoaxid_hf,2022-04-07
hf-9797,INFOGRAFIK: Informasi Keliru Vaksin Covid-19 Menyebabkan Stroke,0,kesehatan,hoaxid_hf,2022-04-07
hf-9799,[HOAKS] Daftar Tingkat Kelangsungan Hidup Covid-19 di Atas 99 Persen,0,kesehatan,hoaxid_hf,2022-04-06
hf-9807,[HOAKS] Solidaritas Dokter Keluar dari IDI dan Membentuk IDSI,0,kesehatan,hoaxid_hf,2022-04-05
hf-9808,[KLARIFIKASI] Pemberhentian Terawan dari Keanggotaan IDI karena Vaksin Nusantara,0,kesehatan,hoaxid_hf,2022-04-05
hf-9813,[HOAKS] Ranking dan Peringkat Sayuran Antikanker dari IPB,0,kesehatan,hoaxid_hf,2022-04-04
hf-9820,[HOAKS] Air Rebusan Daun Seledri untuk Menggantikan Terapi Cuci Darah,0,kesehatan,hoaxid_hf,2022-04-02
hf-9823,[KLARIFIKASI] Vaksin AstraZeneca dan Pfizer Berpotensi Serius Menyebabkan Stroke,0,kesehatan,hoaxid_hf,2022-04-01
hf-9829,[HOAKS] Varian Baru Virus Corona dari India Tidak Terdeteksi Alat Tes Covid-19,0,kesehatan,hoaxid_hf,2022-03-31
hf-9836,[HOAKS] Jada Pinkett Smith Alami Kerontokan Rambut akibat Kanker,0,kesehatan,hoaxid_hf,2022-03-29
hf-9847,[HOAKS] Vaksin Covid-19 Pfizer Menyebabkan Ensefalitis,0,kesehatan,hoaxid_hf,2022-03-24
hf-9848,[HOAKS] Video Dokter Pingsan Saat Operasi karena Virus Corona,0,kesehatan,hoaxid_hf,2022-03-24
hf-9853,INFOGRAFIK: Benarkah Rebusan Air Kelapa Muda Bisa Sembuhkan Batu Ginjal?,0,kesehatan,hoaxid_hf,2022-03-24
hf-9855,[HOAKS] Covid-19 Berasal dari Laboratorium Senjata Biologis di Ukraina yang Didanai AS,0,kesehatan,hoaxid_hf,2022-03-23
hf-9860,"INFOGRAFIK: Efek Megadosis Vitamin C, Berbahayakah bagi Kesehatan?",0,kesehatan,hoaxid_hf,2022-03-23
hf-9872,Cek Fakta Sepekan: Hoaks Seputar Kesehatan hingga Penyelundupan Anak,0,kesehatan,hoaxid_hf,2022-03-21
hf-9873,[HOAKS] Marc Marquez Ditolak Rumah Sakit karena Tak Punya Kartu BPJS Kesehatan,0,kesehatan,hoaxid_hf,2022-03-21
hf-9896,[HOAKS] RSUD Cipayung Meng-Covid-kan Pasien,0,kesehatan,hoaxid_hf,2022-03-15
hf-9900,[HOAKS] WHO Menamai Varian Baru Covid-19 dengan Deltacron,0,kesehatan,hoaxid_hf,2022-03-14
hf-9902,Cek Fakta Sepekan: Hoaks Seputar Konflik Rusia-Ukraina hingga Metode Mandi yang Sebabkan Stroke,0,kesehatan,hoaxid_hf,2022-03-14
hf-9904,INFOGRAFIK: Klarifikasi Terkait Anak Suku Kanekes Kebal Suntik Saat Vaksinasi,0,kesehatan,hoaxid_hf,2022-03-14
hf-9911,Waspadai Hoaks Lowongan Kerja untuk Dokter Pribadi Kepala BNPB,0,kesehatan,hoaxid_hf,2022-03-09
hf-9913,"[HOAKS] Jangan Basahi Kepala Terlebih Dulu Saat Mandi, Bisa Sebabkan Stroke",0,kesehatan,hoaxid_hf,2022-03-09
hf-9922,"[HOAKS] Surat Edaran Satgas Penanganan Covid-19, Pandemi Dicabut",0,kesehatan,hoaxid_hf,2022-03-07
hf-9928,Muncul Hoaks yang Menyebut Vaksin Covid-19 Dapat Menyebabkan Sifilis,0,kesehatan,hoaxid_hf,2022-03-04
hf-9953,[HOAKS] Pengobatan Covid-19 Ratu Elizabeth II Gunakan Ivermectin,0,kesehatan,hoaxid_hf,2022-02-24
hf-9954,"Bahaya Mengonsumsi Hujan Es, Ini Penjelasan dari Dokter",0,kesehatan,hoaxid_hf,2022-02-24
hf-9959,Muncul Misinformasi Ratu Elizabeth II Pakai Ivermectin dalam Pengobatan Covid-19,0,kesehatan,hoaxid_hf,2022-02-23
hf-9964,[KLARIFIKASI] Kartu Vaksin Jadi Syarat Beli Minyak Goreng Bersubsidi,0,kesehatan,hoaxid_hf,2022-02-22
hf-9966,[HOAKS] Jasa Pembuatan Sertifikat Vaksin Resmi Tanpa Perlu Suntik,0,kesehatan,hoaxid_hf,2022-02-22
hf-9967,"Ramai Kartu Vaksin Jadi Syarat Beli Minyak Goreng, Ini Tanggapan Indomaret dan Alfamart",0,kesehatan,hoaxid_hf,2022-02-21
hf-9971,[HOAKS] Virus Corona Varian Omicron Berbentuk Swastika Lambang Nazi,0,kesehatan,hoaxid_hf,2022-02-19
hf-9972,[HOAKS] Vaksin Covid-19 Menyebabkan VAIDS,0,kesehatan,hoaxid_hf,2022-02-19
hf-9975,[HOAKS] Ada Kode 5G Setelah Booster Vaksin Covid-19,0,kesehatan,hoaxid_hf,2022-02-19
hf-9979,"[HOAKS] Chemtrail Attack, Penyemprotan Zat Kimia yang Menimbulkan Berbagai Penyakit",0,kesehatan,hoaxid_hf,2022-02-18
hf-9980,[HOAKS] Ratusan Siswa SD Meninggal karena Vaksin,0,kesehatan,hoaxid_hf,2022-02-18
hf-9983,Kumpulan Hoaks dan Penelusuran Fakta Seputar Alat Tes Covid-19,0,kesehatan,hoaxid_hf,2022-02-17
hf-9985,INFOGRAFIK: Anak Penderita Kanker dalam Angka,0,kesehatan,hoaxid_hf,2022-02-17
hf-9986,[HOAKS] Video Manusia Menjadi Zombie karena Terapi Gen dan Virus,0,kesehatan,hoaxid_hf,2022-02-17
hf-9987,"INFOGRAFIK: Beredar Resep Obat untuk Omicron di Medsos, Amankah?",0,kesehatan,hoaxid_hf,2022-02-16
hf-9990,INFOGRAFIK: 7 Vaksin Covid-19 yang Paling Banyak Digunakan,0,kesehatan,hoaxid_hf,2022-02-16
hf-9991,[KLARIFIKASI] Virus Corona Sudah Diprediksi dalam Novel,0,kesehatan,hoaxid_hf,2022-02-16
hf-9998,[HOAKS] Video Kantong Mayat Bergerak Dikaitkan dengan Covid-19,0,kesehatan,hoaxid_hf,2022-02-14
hf-10000,[HOAKS] Pembagian Masker Gratis Mengandung Obat Bius,0,kesehatan,hoaxid_hf,2022-02-14
hf-10004,[HOAKS] BPJS Kesehatan Akan Dinonaktifkan jika Setahun Tidak Dipakai,0,kesehatan,hoaxid_hf,2022-02-11
hf-10006,"Resep Obat untuk Omicron Beredar di Facebook, Bolehkah Digunakan?",0,kesehatan,hoaxid_hf,2022-02-11
hf-10007,[KLARIFIKASI] Cara Menghadapi Covid-19 dari Menkes Portugal,0,kesehatan,hoaxid_hf,2022-02-11
hf-10011,"Omicron Diklaim Akibat Polusi Udara, Ini Bantahan Dokter Paru",0,kesehatan,hoaxid_hf,2022-02-10
hf-10014,[HOAKS] Covid-19 adalah Propaganda Ketakutan yang Tidak Nyata,0,kesehatan,hoaxid_hf,2022-02-09
hf-10019,[HOAKS] Ramuan Obat Herbal untuk Menyembuhkan Varian Omicron,0,kesehatan,hoaxid_hf,2022-02-08
hf-10020,[HOAKS] Video Pria Dipiting Petugas TNI dan Dipaksa Vaksinasi Covid-19,0,kesehatan,hoaxid_hf,2022-02-08
hf-10024,"INFOGRAFIK: 4 Fakta NeoCov, Varian Baru Virus yang Tak Terkait Covid-19",0,kesehatan,hoaxid_hf,2022-02-07
hf-10025,"Cek Fakta Sepekan: Hoaks Erupsi Anak Krakatau, hingga Daftar Obat Covid-19",0,kesehatan,hoaxid_hf,2022-02-07
hf-10028,[HOAKS] Video Penyuntikan Vaksin Kosong di Semarang,0,kesehatan,hoaxid_hf,2022-02-05
hf-10038,[HOAKS] Omicron Bukan Virus tetapi Efek Keracunan Chemtrail,0,kesehatan,hoaxid_hf,2022-02-03
hf-10040,[HOAKS] 10 Negara Mencabut Semua Tindakan Pencegahan Covid-19,0,kesehatan,hoaxid_hf,2022-02-03
hf-10042,[HOAKS] Varian Baru Virus Corona Penyebab Covid-19 Bernama NeoCov,0,kesehatan,hoaxid_hf,2022-02-02
hf-10046,[HOAKS] Daftar Obat Covid-19 dari Perkumpulan Dokter Wisma Atlet,0,kesehatan,hoaxid_hf,2022-01-31
hf-10049,Cek Fakta Sepekan: Hoaks Kopi Sembuhkan Covid-19 hingga Odol untuk Jerawat,0,kesehatan,hoaxid_hf,2022-01-31
hf-10059,[KLARIFIKASI] Inggris Mencabut Status Covid-19 sebagai Pandemi,0,kesehatan,hoaxid_hf,2022-01-27
hf-10064,[KLARIFIKASI] Video 1 Juta Dosis Vaksin Dihancurkan di Nigeria,0,kesehatan,hoaxid_hf,2022-01-26
hf-10068,"Polemik Herbal: Bermanfaat, tetapi Disalahpahami untuk Pengobatan Covid-19",0,kesehatan,hoaxid_hf,2022-01-25
hf-10073,[HOAKS] Ramuan 131 Mencegah Infeksi dan Replikasi Virus,0,kesehatan,hoaxid_hf,2022-01-24
hf-10074,[HOAKS] OTG Tidak Menularkan Virus dan Prinsip Survival di Masa Wabah,0,kesehatan,hoaxid_hf,2022-01-24
hf-10077,[HOAKS] Bill Gates Minta Semua Vaksin Covid-19 Ditarik dari Peredaran,0,kesehatan,hoaxid_hf,2022-01-24
hf-10085,"Hikayat Bawang Putih, Mitos Pengobatan Covid-19 hingga Sakit Telinga",0,kesehatan,hoaxid_hf,2022-01-21
hf-10098,"[HOAKS] Sembuhkan Sakit Gigi dengan Es, Bawang, Cengkeh, atau Jahe",0,kesehatan,hoaxid_hf,2022-01-19
hf-10101,[KLARIFIKASI] Delegasi Indonesia ke Israel Bahas Penanganan Covid-19,0,kesehatan,hoaxid_hf,2022-01-19
hf-10111,"Mengenal Infodemik, Misinformasi yang Menyebar Lebih Cepat dari Virus",0,kesehatan,hoaxid_hf,2022-01-17
hf-10115,Cek Fakta Sepekan: Booster Vaksin Covid-19 hingga Info Gempa,0,kesehatan,hoaxid_hf,2022-01-17
hf-10117,Kominfo Paparkan Sebaran Hoaks Covid-19 dan Vaksin Selama Sepekan,0,kesehatan,hoaxid_hf,2022-01-14
hf-10120,"Pandemi Sudah Hampir 2 Tahun, Kenapa Hoaks Covid-19 Masih Bermunculan?",0,kesehatan,hoaxid_hf,2022-01-14
hf-10121,Epidemiolog Sebut Infodemik Jadi Penghalang Penanganan Pandemi Covid-19,0,kesehatan,hoaxid_hf,2022-01-13
hf-10123,[HOAKS] WHO Minta Peredaran Vaksin di Seluruh Dunia Dihentikan,0,kesehatan,hoaxid_hf,2022-01-13
hf-10124,[HOAKS] Login Facebook Harus Pakai Sertifikat Vaksin,0,kesehatan,hoaxid_hf,2022-01-13
hf-10126,Muncul Hoaks yang Sebut Sertifikat Vaksin Jadi Syarat Login Facebook,0,kesehatan,hoaxid_hf,2022-01-13
hf-10127,[HOAKS] Vaksin Booster Berbayar untuk Masyarakat yang Tidak Punya Kartu BPJS Kesehatan,0,kesehatan,hoaxid_hf,2022-01-12
hf-10128,Kemenkes Bantah Vaksin Booster Berbayar untuk yang Tidak Punya BPJS Kesehatan,0,kesehatan,hoaxid_hf,2022-01-12
hf-10129,[HOAKS] Booster Vaksin Covid-19 Diberikan Setiap 6 Bulan Sekali,0,kesehatan,hoaxid_hf,2022-01-12
hf-10131,Epidemiolog Bantah Hoaks yang Beredar soal Booster Vaksin Covid-19 Setiap 6 Bulan,0,kesehatan,hoaxid_hf,2022-01-12
hf-10133,[HOAKS] CDC Akui Tes PCR Tidak Bisa Bedakan Virus Corona dan Influenza,0,kesehatan,hoaxid_hf,2022-01-11
hf-10142,[HOAKS] Warna Darah Orang yang Sudah Divaksin Lebih Hitam,0,kesehatan,hoaxid_hf,2022-01-08
hf-10143,"Bantah Hoaks Darah Menghitam akibat Vaksin Covid-19, Ini Penjelasan Dokter",0,kesehatan,hoaxid_hf,2022-01-08
hf-10145,[HOAKS] Bahaya Menerima Donasi Darah dari Donor yang Divaksin Covid-19,0,kesehatan,hoaxid_hf,2022-01-08
hf-10146,[HOAKS] Florona adalah Varian Baru Virus Corona,0,kesehatan,hoaxid_hf,2022-01-07
hf-10155,Kominfo: Hoaks Seputar Covid-19 Mengancam Keselamatan Jiwa Masyarakat,0,kesehatan,hoaxid_hf,2022-01-06
hf-10156,[HOAKS] Vaksinasi adalah Genosida dan Menyebabkan Kemandulan,0,kesehatan,hoaxid_hf,2022-01-06
hf-10160,"Tren Hoaks 2022: Omicron, Vaksinasi Anak, hingga Pilpres 2024",0,kesehatan,hoaxid_hf,2022-01-05
hf-10205,Apakah Kucing Bisa Menularkan Covid-19 ke Manusia?,0,kesehatan,hoaxid_hf,2022-07-18
hf-10260,INFOGRAFIK: Vaksin Covid-19 Tangkal Dampak Berat Subvarian Omicron BA.4 dan BA.5,0,kesehatan,hoaxid_hf,2022-06-16
hf-10270,Vaksin Covid-19 Mampu Lawan Penularan Subvarian Omicron BA.4 dan BA.5,0,kesehatan,hoaxid_hf,2022-06-14
hf-10290,"Apakah Akrobat Udara di Film ""Top Gun"" Benar-benar Bisa Dilakukan?",0,kesehatan,hoaxid_hf,2022-06-08
hf-10295,INFOGRAFIK: Kapan Pandemi Covid-19 Bisa Dinyatakan Berakhir?,0,kesehatan,hoaxid_hf,2022-06-07
hf-10299,"Kasus di Indonesia Turun, Kapan Pandemi Covid-19 Dinyatakan Berakhir?",0,kesehatan,hoaxid_hf,2022-06-06
hf-10324,"Vaksin Covid-19 dan ASI Tak Ada Kaitannya dengan Hepatitis Akut, Simak Faktanya",0,kesehatan,hoaxid_hf,2022-05-10
hf-10329,Cerita Dukcapil Paniai Meluruskan Isu Perekaman Iris Mata untuk e-KTP Menghisap Darah,0,kesehatan,hoaxid_hf,2022-04-28
hf-10335,"Vaksin HPV Tidak Berbahaya, Simak Faktanya",0,kesehatan,hoaxid_hf,2022-04-23
hf-10347,"Simak, Ini 3 Hal yang Sudah Diketahui tentang Virus Corona Varian XE",0,kesehatan,hoaxid_hf,2022-04-08
hf-10384,"KABAR DATA: Gempa M 7,4 Guncang Jepang, 4 Orang Tewas 97 Terluka",0,kesehatan,hoaxid_hf,2022-03-17
hf-10399,INFOGRAFIK: Perkembangan Vaksin Merah Putih...,0,kesehatan,hoaxid_hf,2022-03-08
hf-10411,KABAR DATA: Perkembangan Terkini Vaksin Merah Putih Biotis-Airlangga,0,kesehatan,hoaxid_hf,2022-03-02
hf-10416,"KABAR DATA: Rekor 586.113 Kasus Aktif Covid-19, Ini Perjalanan Sejak 24 Juli 2021",0,kesehatan,hoaxid_hf,2022-02-25
hf-10421,"INFOGRAFIK: Kasus Covid-19 dalam Angka Periode 14-21 Februari 2022, Rekor Kasus Tercipta",0,kesehatan,hoaxid_hf,2022-02-22
hf-10422,"Ratu Elizabeth II Positif Covid-19, Begini Riwayat Kesehatannya Sejak 2018",0,kesehatan,hoaxid_hf,2022-02-21
hf-10424,"INFOGRAFIK: Mengenal Virus Corona, Kelompok Virus yang Tak Hanya Sebabkan Covid-19",0,kesehatan,hoaxid_hf,2022-02-21
hf-10435,KABAR DATA: Anak Penderita Kanker dalam Angka...,0,kesehatan,hoaxid_hf,2022-02-15
hf-10446,INFOGRAFIK: Kebijakan Twitter Terkait Misinformasi Covid-19,0,kesehatan,hoaxid_hf,2022-02-09
hf-10456,INFOGRAFIK: Kanker Paling Mematikan di Dunia...,0,kesehatan,hoaxid_hf,2022-02-05
hf-10460,"Cermati, Begini Kebijakan Twitter Terkait Misinformasi Covid-19",0,kesehatan,hoaxid_hf,2022-02-05
hf-10461,Spotify Perbarui Kebijakan Konten Podcast Terkait Covid-19,0,kesehatan,hoaxid_hf,2022-02-05
hf-10462,KABAR DATA: Kanker Paling Mematikan di Dunia,0,kesehatan,hoaxid_hf,2022-02-04
hf-10468,"NeoCov Bukan Varian Baru Penyebab Covid-19, Ini 4 Faktanya",0,kesehatan,hoaxid_hf,2022-02-03
hf-10496,"Booster Gratis untuk Masyarakat, Ini Syarat, Mekanisme, dan Vaksin yang Digunakan",0,kesehatan,hoaxid_hf,2022-01-12
hf-10501,"[Kabar Data] Jelang Pelaksanaan Booster, Seperti Apa Capaian Vaksinasi Covid-19?",0,kesehatan,hoaxid_hf,2022-01-10
hf-10503,[Kabar Data] Efek Samping dan Imunogenisitas 5 Jenis Vaksin Booster yang Disetujui BPOM,0,kesehatan,hoaxid_hf,2022-01-10
hf-10504,INFOGRAFIK: Beda Gejala Covid-19 bagi Orang yang Belum dan Sudah Divaksin,0,kesehatan,hoaxid_hf,2022-01-10
hf-10510,Ini Perbedaan Gejala Covid-19 Sebelum dan Sesudah Disuntik Vaksin,0,kesehatan,hoaxid_hf,2022-01-07
hf-10516,[SALAH] Pesan WhatsApp Bantuan BPJS Kesehatan Sebesar Rp75 Juta,0,kesehatan,hoaxid_hf,
hf-10526,[SALAH] Lowongan Kerja Dinas Kesehatan Kabupaten Kediri,0,kesehatan,hoaxid_hf,
hf-10556,[SALAH] Vaksin COVID-19 Mengandung Luciferase Dan Menjadi Alat Pelacak,0,kesehatan,hoaxid_hf,
hf-10564,[SALAH]: Getah Daun Kemangi Dapat Obati Gatal Pada Kulit,0,kesehatan,hoaxid_hf,
hf-10580,[SALAH]: Informasi Peringkat Sayuran Anti Kanker Oleh Institut Pencegahan Kanker,0,kesehatan,hoaxid_hf,
hf-10592,"Keliru, Yayasan Miracle Hope Membantu Pengobatan Kanker di RS Gatot Subroto dengan Metode Cell Cure",0,kesehatan,hoaxid_hf,
hf-10597,[SALAH] Perusahaan Farmasi Moderna yang Menciptakan Virus Corona,0,kesehatan,hoaxid_hf,
hf-10619,[SALAH] Vaksin Pfizer-BioNTech Dapat Menyebabkan Radang Otak,0,kesehatan,hoaxid_hf,
hf-10634,"Keliru, Equinox Menyebabkan Cuaca Panas Ekstrim dan Sun Stroke",0,kesehatan,hoaxid_hf,
hf-10640,[SALAH] Tiga Orang China Yang Terpapar Varian Baru dari India Tidak Dapat Dideteksi Dengan Alat Test Covid-19 Biasa,0,kesehatan,hoaxid_hf,
hf-10660,[SALAH] Pesepak Bola Qatar Alami Serangan Jantung Setelah Divaksin Covid-19,0,kesehatan,hoaxid_hf,
hf-10662,"Tidak Terbukti, Covid-19 Berasal dari Laboratorium Ukraina",0,kesehatan,hoaxid_hf,
hf-10696,[SALAH] Pengobatan Tumor Ganas/ Kanker CELL CURE RS Gatot Subroto Jakarta,0,kesehatan,hoaxid_hf,
hf-10702,[SALAH] “Jadi Covid adalah tidak natural tapi rekayasa si laboratorium Amerika Serikat di Ukraina untuk senjata biologi”,0,kesehatan,hoaxid_hf,
hf-10705,[SALAH] Arab Saudi Tidak Mewajibkan Masker untuk Jamaah Masjidil Haram dan Masjid Nabawi serta Akan Menyediakan Asuransi Kesehatan,0,kesehatan,hoaxid_hf,
hf-10708,[SALAH] Minum Air Rebusan Rumput Paragis Bisa Sembuhkan Kista Ovarium hingga Epilepsi,0,kesehatan,hoaxid_hf,
hf-10714,[SALAH] Pernyataan Ekstrim Menteri Kesehatan Letjen TNI dr. Terawan Agus Putranto Sp. Rad,0,kesehatan,hoaxid_hf,
hf-10742,"[SALAH] Video “KEMENTERIAN KESEHATAN UKRAINA: 57 MATI, 169 TERLUKA DI SELURUH UKRAINA KARENA SERANGAN RUSIA”",0,kesehatan,hoaxid_hf,
hf-10743,[SALAH] COVID-19 Varian Omicron Adalah Senjata Biologis Buatan,0,kesehatan,hoaxid_hf,
hf-10763,"Menyesatkan, FDA sembunyikan dokumen vaksin Covid-19 Pfizer hingga 75 tahun",0,kesehatan,hoaxid_hf,
hf-10764,"Keliru, Surat Edaran BNPB Cabut Status Pandemi Covid-19",0,kesehatan,hoaxid_hf,
hf-10769,[SALAH] Kulit Bayi Baru Lahir Melepuh karena Sang Ibu Divaksin COVID-19,0,kesehatan,hoaxid_hf,
hf-10772,[SALAH]: Kulit Bayi Baru Lahir Melepuh Karena Ibu Vaksin Covid-19 Saat Hamil,0,kesehatan,hoaxid_hf,
hf-10776,[SALAH] Foto Tangkapan Layar Akun Twitter @BPJSKesehatanRI Yang Mengatakan Ukraina Wajib Gabung BPJS Kesehatan Apabila Ingin Dibantu Indonesia,0,kesehatan,hoaxid_hf,
hf-10780,[SALAH] Lowongan Dokter Pribadi Full Timer untuk Kepala BNPB,0,kesehatan,hoaxid_hf,
hf-10782,"Keliru, Video Dinkes Banten Kesulitan Vaksinasi Covid-19 Terhadap Anak Baduy Luar Karena Dibekali Ilmu Kebal",0,kesehatan,hoaxid_hf,
hf-10800,[SALAH] Covid 19 Meningkat hanya Saat Ibadah Umat Islam,0,kesehatan,hoaxid_hf,
hf-10810,[SALAH] “Covid-19 dinyatakan dicabut dan dinyatakan tidak berlaku dengan surat edaran satgas SE Satgas No 9/2022”,0,kesehatan,hoaxid_hf,
hf-10831,[SALAH] Ilmuwan Jerman Mengumumkan bahwa Berkumur dengan Air Garam dapat Menghilangkan Virus Covid-19,0,kesehatan,hoaxid_hf,
hf-10835,"[SALAH] Vaksin Covid 19 Tidak Berguna, karena Bermutasi menjadi Ribuan Varian Covid Baru",0,kesehatan,hoaxid_hf,
hf-10836,[SALAH] Anjuran Ahli Virologi Agar Penerima Vaksin Dosis Ketiga Tes HIV Karena Vaksin Covid Menyebabkan HIV,0,kesehatan,hoaxid_hf,
hf-10840,[SALAH] Lowongan Pekerjaan Staff Vaksinasi Booster Dinas Kesehatan Provinsi Jawa Barat,0,kesehatan,hoaxid_hf,
hf-10843,[SALAH] Melakukan Tes PCR Sama Dengan Mendapatkan Vaksinasi,0,kesehatan,hoaxid_hf,
hf-10844,[SALAH] Antigen Test Kits Tidak Dapat Diandalkan untuk Mendeteksi Covid-19,0,kesehatan,hoaxid_hf,
hf-10862,[SALAH] Imigran Ilegal di Amerika Serikat Mendapatkan Kebebasan Lebih Untuk Akses Jaminan Kesehatan dan Hak Memilih Pada 2022,0,kesehatan,hoaxid_hf,
hf-10878,"[SALAH] Foto Protes Anti-Vaksin di Canberra, Australia Tahun 2022",0,kesehatan,hoaxid_hf,
hf-10882,[SALAH] Menggunakan Obat Bius setelah Vaksin Covid 19 sebabkan Kematian,0,kesehatan,hoaxid_hf,
hf-10883,"[SALAH] Jangan Panik, Seseorang yang Terinfeksi Covid-19 Varian Omicron Dapat Sembuh Setelah Mengonsumsi Paracetamol 500 mg, Vitamin C 1000 mg, dan Vitamin D3 1000 IU",0,kesehatan,hoaxid_hf,
hf-10887,"[SALAH] Dr. Gupta mengatakan “Tidak seorang pun boleh mati karena kanker, kecuali karena pengabaian”",0,kesehatan,hoaxid_hf,
hf-10891,"Keliru, Asap Putih dari Pesawat adalah Chemtrail yang Sebarkan Virus dan Senjata Biologi",0,kesehatan,hoaxid_hf,
hf-10914,[SALAH] Video Pasien Meninggal 15 Menit setelah Divaksin,0,kesehatan,hoaxid_hf,
hf-10918,[SALAH] Antibodi Covid-19 Membuat ASI Berubah Warna,0,kesehatan,hoaxid_hf,
hf-10921,[SALAH] Deteksi Covid 19 dengan Tahan Napas 10 Detik,0,kesehatan,hoaxid_hf,
hf-10922,[SALAH] Makanan Kaleng Mengandung Virus HIV Aids,0,kesehatan,hoaxid_hf,
hf-10929,[SALAH] Bentuk Virus Omicron Seperti Lambang Nazi,0,kesehatan,hoaxid_hf,
hf-10932,[SALAH] BPJS Kesehatan Berikan Dana Bantuan Rp100 Juta,0,kesehatan,hoaxid_hf,
hf-10942,"Keliru, Klaim Apabila dalam Kondisi Flu Bila Rapid atau Swab Hasilnya Pasti Positif Covid-19",0,kesehatan,hoaxid_hf,
hf-10944,"Keliru, NeoCov Merupakan Varian Baru Covid-19 yang Ditemukan di Afrika Selatan",0,kesehatan,hoaxid_hf,
hf-10947,"Keliru, Covid-19 Datang dan Meningkat Hanya di Momen Ibadah Umat Islam",0,kesehatan,hoaxid_hf,
hf-10950,[SALAH] Terlihat Korban Covid-19 Tergeletak di Jalanan Ternyata Hanya Akting Belaka,0,kesehatan,hoaxid_hf,
hf-10959,[SALAH] Cerita Dalam Novel Telah Memprediksi Adanya Pandemi COVID-19,0,kesehatan,hoaxid_hf,
hf-10961,[SALAH] Mayoritas Penduduk Dunia Belum Divaksin Covid-19,0,kesehatan,hoaxid_hf,
hf-10962,[SALAH] Pidato Henry Kissinger Sebut Vaksin adalah Alat Pengendali Populasi,0,kesehatan,hoaxid_hf,
hf-10964,[SALAH] Garam dan Air Kelapa dapat Hilangkan Vaksin di Dalam Tubuh,0,kesehatan,hoaxid_hf,
hf-10967,[SALAH] Jasa Sertifikat Vaksin melalui Telegram,0,kesehatan,hoaxid_hf,
hf-10971,[SALAH] Omicron Bukanlah Virus Melainkan Akibat Dari Keracunan Chemtrail Yang Disebar Di Udara,0,kesehatan,hoaxid_hf,
hf-10975,[SALAH] Campuran Daun Pepaya dan Jahe Dapat Sembuhkan Omicron,0,kesehatan,hoaxid_hf,
hf-10977,[SALAH] Covid-19 Hoax Karena Narasinya Sudah Ada Sebelum Covid-19 Muncul,0,kesehatan,hoaxid_hf,
hf-10978,[SALAH] Vaksin Booster Menyebabkan Manusia Bertingkah Seperti Zombie,0,kesehatan,hoaxid_hf,
hf-10979,[SALAH] Aplikasi Android untuk Scan Vaksin Covid-19 yang Terhubung Jaringan 5G,0,kesehatan,hoaxid_hf,
hf-10986,[SALAH] Sebuah Koran Menyebut Bill Gates Melakukan Depopulasi Melalui Pemaksaan Vaksinasi,0,kesehatan,hoaxid_hf,
hf-10989,[SALAH] Pembagian Masker Gratis yang Diberi Obat Bius ke Rumah-Rumah Warga,0,kesehatan,hoaxid_hf,
hf-10990,"[SALAH] Video “Nigeria, Minggu 23-01-2022, menghancurkan jutaan Vaksin Covid19 demi melindungi rakyatnya dari kematian akibat Suntikan Vaksin Covid19”",0,kesehatan,hoaxid_hf,
hf-10991,[SALAH] Air Rebusan Pare Dapat Membersihkan Kolesterol dan Semua Penyakit,0,kesehatan,hoaxid_hf,
hf-10994,"Keliru, Pesan Berantai 17 Poin Menghadapi Covid-19 dari Menteri Kesehatan Portugal, Marta Temido",0,kesehatan,hoaxid_hf,
hf-11000,"[SALAH] Dzalim, Cara Vaksin Model Baru Anti Omicron",0,kesehatan,hoaxid_hf,
hf-11001,[SALAH] Foto Lampion untuk Perayaan Imlek Saat Pandemi Covid-19,0,kesehatan,hoaxid_hf,
hf-11006,[SALAH] 5G Dapat Mengganggu Keamanan Penerbangan yang Berarti Juga Berbahaya Bagi Kesehatan Manusia,0,kesehatan,hoaxid_hf,
hf-11008,[SALAH] Sri Sultan Hamengku Buwono X Mengganggap Covid 19 Sandiwara di Bumi NKRI,0,kesehatan,hoaxid_hf,
hf-11012,"Menyesatkan, Nigeria Menghancurkan Satu Juta Dosis Vaksin Covid-19 atas Desakan Kekuatan Rakyat",0,kesehatan,hoaxid_hf,
hf-11013,"Keliru, 10 Negara telah Menganggap Covid-19 hanya Flu Biasa dan Membatalkan Semua Prosedur Wajib Karantina",0,kesehatan,hoaxid_hf,
hf-11015,[SALAH] Atlet Rugby Jordan Michallet Meninggal karena Vaksin Covid-19,0,kesehatan,hoaxid_hf,
hf-11018,[SALAH] Penyuntikan Vaksin Kosong di Semarang,0,kesehatan,hoaxid_hf,
hf-11021,"[SALAH]: Siap-siap Suntik Vaksin Dosis Ketiga, Tak Punya Kartu BPJS Kesehatan Wajib Bayar",0,kesehatan,hoaxid_hf,
hf-11026,"Keliru, Jokowi Merayakan Imlek tanpa Protokol Kesehatan",0,kesehatan,hoaxid_hf,
hf-11027,"Keliru, Menepuk Lengan Dapat Mencegah Segala Penyakit dan Serangan Jantung",0,kesehatan,hoaxid_hf,
hf-11031,[SALAH] Foto Anak Berlumuran Darah Korban Serangan di Yaman,0,kesehatan,hoaxid_hf,
hf-11036,"Keliru, Pesan Berantai Berisi Resep Obat Covid-19 dari Perkumpulan Dokter di RS Wisma Atlet",0,kesehatan,hoaxid_hf,
hf-11042,[SALAH] Pesan Berantai Resep Obat COVID-19,0,kesehatan,hoaxid_hf,
hf-11064,[SALAH] “Luhut dan pak mahfud tidak divaksin dengan alasan usia”,0,kesehatan,hoaxid_hf,
hf-11071,[SALAH] Microsoft Mengembangkan Implan Chip Mikro Untuk Mengumpulkan Informasi Vaksin COVID-19,0,kesehatan,hoaxid_hf,
hf-11076,"Keliru, Daya Rusak Vaksin dapat Dinetralisir dengan Garam Laut dan Air Kelapa Muda",0,kesehatan,hoaxid_hf,
hf-11082,[SALAH] Warga Korea Selatan yang Belum Vaksin Tidak Dapat Mengikuti Pemilu,0,kesehatan,hoaxid_hf,
hf-11090,[SALAH] Jus Daun Pepaya Bisa Sembuhkan DBD,0,kesehatan,hoaxid_hf,
hf-11095,[SALAH] Bill Gates akan Menarik Semua Peredaran Vaksin Covid-19,0,kesehatan,hoaxid_hf,
hf-11097,[SALAH] Video 90% Alat Tes Covid-19 Palsu dan Tidak Berfungsi,0,kesehatan,hoaxid_hf,
hf-11099,[SALAH] Jasa Pembuatan Sertifikat Vaksin Tanpa Harus Melakukan Vaksinasi,0,kesehatan,hoaxid_hf,
hf-11102,[SALAH] Kipas Angin Listrik yang Diletakkan di Dahi Dapat Menghilangkan Virus,0,kesehatan,hoaxid_hf,
hf-11104,[SALAH] Video Protes Melawan Tirani Covid-19 di Belanda,0,kesehatan,hoaxid_hf,
hf-11105,[SALAH] Viagra Dapat Menyembuhkan Covid-19,0,kesehatan,hoaxid_hf,
hf-11106,[SALAH] Pasien Covid-19 Tanpa Gejala Berarti Sehat dan Mendapatkan Hasil Test Positif Palsu,0,kesehatan,hoaxid_hf,
hf-11111,[SALAH] Kedinkes Semarang Menyebar Undangan Rapat Kerja Peningkatan Kinerja Tenaga Kesehatan via WhatsApp,0,kesehatan,hoaxid_hf,
hf-11117,[SALAH] Surat Penunjukan Penyedia Barang/Jasa Kementerian Kesehatan Republik Indonesia Tahun 2022,0,kesehatan,hoaxid_hf,
hf-11123,"Keliru, Surat Terbuka Berisi Klaim Vaksinasi merupakan Program Genosida dan Menyebabkan Mandul",0,kesehatan,hoaxid_hf,
hf-11130,[SALAH] Atlet Tenis Dalila Jakupovic Mengalami Kesulitan Bernapas saat Babak Kualifikasi Australia Open karena Vaksin Covid-19,0,kesehatan,hoaxid_hf,
hf-11139,[SALAH] Login ke Facebook Wajib Gunakan Sertifikat Vaksin,0,kesehatan,hoaxid_hf,
hf-11145,"Keliru, Video 600 Siswa Sekolah Cina di Jakarta Disuntik Vaksin Kosongan hanya untuk Mendapat Sertifikat Vaksin dan Barcode",0,kesehatan,hoaxid_hf,
hf-11152,[SALAH] Daftar Kandungan Bahan Kimia Berbahaya dalam Vaksin Covid-19,0,kesehatan,hoaxid_hf,
hf-11163,[SALAH] Lowongan Kerja Vaksinator di Puskesmas Kota Batu,0,kesehatan,hoaxid_hf,
hf-11164,[SALAH] Vaksin mRNA Sebabkan Kematian Pada Lansia,0,kesehatan,hoaxid_hf,
hf-11177,[SALAH] Benda Logam Menempel pada Lengan setelah divaksin,0,kesehatan,hoaxid_hf,
hf-11178,[SALAH] Pemerintah New Zealand Mengizinkan Euthanasia Secara Spesifik bagi Pasien COVID-19,0,kesehatan,hoaxid_hf,
hf-11184,[SALAH] WHO Mengatakan Vaksinasi di Seluruh Dunia Harus Dihentikan,0,kesehatan,hoaxid_hf,
hf-11191,[SALAH] CDC Mengumumkan Tes PCR Tidak Mampu Membedakan Virus SARS-Cov-2 dan Influenza,0,kesehatan,hoaxid_hf,
hf-11193,"Keliru, Klaim Penamaan Virus Covid-19 Varian Omicron Diambil dari Nama Bintang ke-15 dan Sinar UV Melindungi Indonesia dari Omicron",0,kesehatan,hoaxid_hf,
hf-11210,[SALAH] Video Penduduk Aborigin di Australia Menyambut Pemerintah dengan Busur dan Panah sebagai Bentuk Penolakan Vaksin Covid-19,0,kesehatan,hoaxid_hf,
hf-11212,[SALAH] Warga Korea Selatan yang Belum Vaksin Dilarang Mengikuti Pemilihan Presiden,0,kesehatan,hoaxid_hf,
hf-11217,"Keliru, Pernyataan Robert Malone soal Vaksin mRNA untuk Covid-19 belum Diuji secara Memadai dan Vaksinasi Anak Tidak Bermanfaat.",0,kesehatan,hoaxid_hf,
hf-11218,[SALAH] Varian Baru Covid-19 Bernama Florona,0,kesehatan,hoaxid_hf,
hf-11220,"Keliru, Foto dengan Klaim Vaksin Bisa Mengubah Warna Darah",0,kesehatan,hoaxid_hf,
hf-11226,"Keliru, Video dengan Narasi PBB dan WHO Menghentikan Vaksin di Seluruh Dunia",0,kesehatan,hoaxid_hf,
hf-11227,[SALAH] Varian Baru COVID-19 Bernama Delmicron,0,kesehatan,hoaxid_hf,
hf-11231,"Sebagian Benar, Narasi yang Mengaitkan 79 ribu Orang di Australia Mendapat Efek Samping Serius Vaksin dan Pemerintah Memberikan Kompensasi lebih 6 ribu Dollar",0,kesehatan,hoaxid_hf,
hf-11233,"Sesat, Guru di Eropa dan Amerika Mengajarkan Bahaya Vaksin kepada Anak-anak SD",0,kesehatan,hoaxid_hf,
hf-11235,[SALAH] Nikita Mirzani Minta Masyarakat Berhenti Sebut HRS Sebagai Habib. Dia Itu Hanyalah Seorang Tukang Obat Saja Jangan Mau Dibodohi Bro,0,kesehatan,hoaxid_hf,
hf-11251,"[SALAH] Foto Seorang Akademisi Asal Indonesia Berusia 105 Tahun, Moerhadi, Berbagi Rahasia Kemenanganya atasi Diabetes",0,kesehatan,hoaxid_hf,
hf-11252,[SALAH]: Pemesanan Online Vaksin Covid-19 Sinopharm Melalui E-Commerce,0,kesehatan,hoaxid_hf,
hf-11254,[SALAH] Vaksin mRNA pada Pfizer dan Moderna Berbahaya Bagi Anak-Anak,0,kesehatan,hoaxid_hf,
hf-11259,"[SALAH] Victor Lindelof Gagal Jantung setelah Vaksinasi Covid-19, kemudian Jantungnya Dipasangi Chip",0,kesehatan,hoaxid_hf,
hf-11263,"Keliru, Penamaan Virus Covid-19 Varian Omicron Diambil dari Video Games Buatan Microsoft (Bill Gates) Tahun 1999",0,kesehatan,hoaxid_hf,
hf-11264,"Keliru, Bill Gates Diusir Dari India karena Menyebabkan 47 ribu Anak Cacat setelah Mendapat Vaksin Polio",0,kesehatan,hoaxid_hf,
hf-11274,[SALAH] Link Mendaftarkan Bantuan Covid-19 Bagi yang Mempunyai E-KTP,0,kesehatan,hoaxid_hf,
hf-11290,"Menyesatkan, Fenomena Para Atlet Berjatuhan dan Kasus Gagal Jantung setelah Vaksinasi Covid-19",0,kesehatan,hoaxid_hf,
hf-11298,"Keliru, Video Vaksin Sinovac Untuk Anak Belum Diuji Coba",0,kesehatan,hoaxid_hf,
hf-11304,[SALAH] Judul Berita “Ilmuwan Pfizer Memperingatkan Vaksinasi Mingguan untuk virus Omicron Mungkin Diperlukan untuk Mencegah Lockdown”,0,kesehatan,hoaxid_hf,
hf-11312,"Sesat, Foto yang Dikaitkan dengan Jenazah Rumini yang Tewas Berpelukan saat Erupsi Gunung Semeru",0,kesehatan,hoaxid_hf,
hf-11317,"Keliru, Varian Omicron Disebarkan untuk Memaksa Vaksinasi Covid-19 di Benua Afrika",0,kesehatan,hoaxid_hf,
hf-11320,"Keliru, Dokter Asal Malaysia Dr. Chai Koh Meow Meninggal setelah Mendapat Vaksin Booster Pfizer",0,kesehatan,hoaxid_hf,
hf-11321,"Keliru, 2.620 Bayi Meninggal setelah Mendapatkan Vaksin Covid-19",0,kesehatan,hoaxid_hf,
hf-11330,"Keliru, Rencana Pandemi Covid-19 Dibuat Rockefeller pada 2010",0,kesehatan,hoaxid_hf,
hf-11333,"Keliru, Mahkamah Agung Amerika Serikat Membatalkan Vaksinasi Universal",0,kesehatan,hoaxid_hf,
hf-11337,"Keliru, CEO Pfizer Ditangkap FBI karena Penipuan dan Pemalsuan Data Vaksin",0,kesehatan,hoaxid_hf,
hf-11340,"Keliru, Video 13 Siswa di Afrika Selatan Tewas Setelah Divaksin Covid-19",0,kesehatan,hoaxid_hf,
hf-11346,"Keliru, WHO Sebut Covid-19 Sama dengan Flu Biasa dan 500 Orang Amerika Meninggal karena Vaksin",0,kesehatan,hoaxid_hf,
hf-11357,"Keliru, CEO Pfizer Albert Vorla Menyatakan tanpa Vaksin, Seseorang Bisa Mengimunisasi Dirinya Sendiri",0,kesehatan,hoaxid_hf,
hf-11359,"Sesat, Video Para Nakes Berjoget untuk Merayakan Covid-19",0,kesehatan,hoaxid_hf,
hf-11361,"Keliru, CEO Pfizer Albert Vorla Menyatakan Tanpa Vaksin Seseorang bisa Mengimunisasi Dirinya Sendiri",0,kesehatan,hoaxid_hf,
hf-11364,"Keliru, Ribuan Orang di Indonesia Meninggal Dunia setelah Vaksin Covid-19",0,kesehatan,hoaxid_hf,
hf-11365,"Sebagian Benar, Ilmuwan California Temukan Obat Tetes Mata yang Bisa Membuat Manusia Melihat dalam Kegelapan",0,kesehatan,hoaxid_hf,
hf-11369,"Tidak Terbukti, Klaim Menghentikan Asupan Gula, Minum Perasan Lemon dan Minyak Kelapa Organik Dapat Membunuh Sel Kanker",0,kesehatan,hoaxid_hf,
hf-11370,"Keliru, Risiko Anak di bawah 12 tahun Mengalami Covid-19 hanya 0,001 persen",0,kesehatan,hoaxid_hf,
hf-11377,"Keliru, Vaksin SInovac dan Astrazeneca Mengandung DNA Babi",0,kesehatan,hoaxid_hf,
hf-11383,"Benar, Eropa Tambahkan Gangguan Saraf Langka Dalam Daftar Efek Samping Vaksin AstraZeneca",0,kesehatan,hoaxid_hf,
hf-11386,"Keliru, Vaksin Nusantara Ampuh Hancurkan Semua Jenis Virus Corona dengan Efikasi 100 persen",0,kesehatan,hoaxid_hf,
hf-11387,"Keliru, Informasi Penjualan Vaksin Seharga Rp 1 juta di Situs PeduliLindungi",0,kesehatan,hoaxid_hf,
hf-11396,"Tidak Terbukti, Pemerintah Turki Memesan 5,2 juta Vaksin Nusantara",0,kesehatan,hoaxid_hf,
hf-11399,"Keliru, WHO Mengakui Vaksin Nusantara Aman Digunakan",0,kesehatan,hoaxid_hf,
hf-11400,"Sesat, Pria Keluar Gua Setelah 20 Tahun Hanya Untuk Mendapatkan Vaksin Covid-19",0,kesehatan,hoaxid_hf,
hf-11405,"Keliru, Vaksin Asal Cina sebagai Senjata Pemusnah Massal",0,kesehatan,hoaxid_hf,
hf-11411,"Keliru, Klaim Asap Cair Batok Kelapa Bisa Mengobati COVID-19",0,kesehatan,hoaxid_hf,
hf-11416,"Sebagian Benar, Harga Vaksin AstraZeneca Paling Murah karena Sarah Gilbert Menyerahkan Seluruh Hak Paten",0,kesehatan,hoaxid_hf,
hf-11417,"Keliru, Terapi Uap Minyak Kayu Putih dan Serai Bisa Menghilangkan Sesak Napas Karena Virus",0,kesehatan,hoaxid_hf,
hf-11423,"Keliru, Pesan Berantai Soal Bukti Ilmiah Penularan Virus Corona dari dokter Erlina Burhan",0,kesehatan,hoaxid_hf,
hf-11430,"Sesat, Klaim Video Air Keran Mengandung Covid-19",0,kesehatan,hoaxid_hf,
hf-11432,"Keliru, Organisasi Kesehatan Dunia (WHO) sengaja Menyebarkan Varian Baru Virus Corona",0,kesehatan,hoaxid_hf,
hf-11437,"Sesat, Unggahan yang Berisi Video Vaksin Palsu",0,kesehatan,hoaxid_hf,
hf-11438,"Keliru, Uji Vaksin Covid-19 pada Binatang Menyebabkan Kematian hingga Dihentikan",0,kesehatan,hoaxid_hf,
hf-11440,"Keliru, Nakes Dijadikan Kelinci Percobaan Vaksinasi Ketiga",0,kesehatan,hoaxid_hf,
hf-11442,"Sesat, AS Kirim 4 Juta Dosis Vaksin Moderna yang Tiba di Indonesia Hanya 3 Juta",0,kesehatan,hoaxid_hf,
hf-11445,"Keliru, Menyetop Berita tentang Covid-19 dapat Membuat Pandemi Selesai",0,kesehatan,hoaxid_hf,
hf-11446,"Keliru, Donald Trump Anjurkan Warga AS Gunakan Burqa untuk Mencegah Penularan Covid-19",0,kesehatan,hoaxid_hf,
hf-11448,"Sesat, 3 ambulans kosong diminta berputar-putar untuk menakuti warga agar percaya Covid-19",0,kesehatan,hoaxid_hf,
hf-11449,"Sesat, Klaim Ini Video Pasien Rumah Sakit di Surabaya Dicovidkan dan Jenazahnya Ditangani Secara Tidak Wajar",0,kesehatan,hoaxid_hf,
hf-11450,"Keliru, Susu Beruang (Bear Brand) dapat Menyembuhkan Covid-19",0,kesehatan,hoaxid_hf,
hf-11454,"Keliru, Klaim Ini Video Penyiraman Virus di Madura Lewat Pesawat",0,kesehatan,hoaxid_hf,
hf-11455,"Keliru, Klaim Obat Bius pada Penerima Vaksin Covid-19 Bisa Sebabkan Kematian",0,kesehatan,hoaxid_hf,
hf-11456,"Keliru, Klaim Ini Video Sri Mulyani Vaksinasi Covid-19 Palsu karena Jarum Suntik yang Dipakai Kosong",0,kesehatan,hoaxid_hf,
hf-11457,"Keliru, Pesan Berantai tentang Adanya Genosida Umat Islam Lewat Vaksin Covid-19",0,kesehatan,hoaxid_hf,
hf-11459,"Keliru, Pesan Berantai yang Klaim Ada Ketidakwajaran pada Isu Covid-19 di Indonesia",0,kesehatan,hoaxid_hf,
hf-11461,"Keliru, Urus SIM dan SKCK Harus Tunjukkan Sertifikat Vaksin Covid-19 Per 1 Juli",0,kesehatan,hoaxid_hf,
hf-11463,"Benar, Klaim Pria Ini Ditangkap Polisi karena Tak Percaya Covid-19",0,kesehatan,hoaxid_hf,
hf-11464,"Keliru, Vaksin Covid-19 Mengandung Microchip yang Bisa Nyalakan Lampu",0,kesehatan,hoaxid_hf,
hf-11465,"Keliru, Kolapsnya Christian Eriksen dalam Laga Euro Terkait Vaksin Pfizer",0,kesehatan,hoaxid_hf,
hf-11469,"Sesat, Kadus di Jember yang Meninggal usai Jatuh Sengaja Divonis Covid-19 oleh RS",0,kesehatan,hoaxid_hf,
hf-11472,"Keliru, Klaim Produk Hand Sanitizer di Foto Ini Mengandung Virus Baru",0,kesehatan,hoaxid_hf,
hf-11473,"Sesat, Klaim Pemkot Pekanbaru Tarik Semua Vaksin Covid-19 dari RS karena Tidak Manjur",0,kesehatan,hoaxid_hf,
hf-11475,"Keliru, Vaksin Covid-19 Mengandung Bahan Berbahaya Seperti Aluminium, Formalin, MSG, dan Merkuri",0,kesehatan,hoaxid_hf,
hf-11476,"Keliru, Pesan Berantai yang Sebut Ivermectin Dapat Obati dan Cegah Covid-19",0,kesehatan,hoaxid_hf,
hf-11479,"Keliru, Ribuan Email Anthony Fauci Bocor dan Ungkap Keterlibatannya dalam Pembuatan Covid-19 di Wuhan",0,kesehatan,hoaxid_hf,
hf-11485,"Keliru, Swedia Berhenti Gunakan Tes PCR untuk Deteksi Pasien Covid-19",0,kesehatan,hoaxid_hf,
hf-11488,"Keliru, Klaim Ini Foto-foto Jenazah Covid-19 India yang Dibuang ke Laut dan Hanyut Sampai Malaysia",0,kesehatan,hoaxid_hf,
hf-11489,"Keliru, Klaim Ini Video Pasien Covid-19 di Malaysia yang Dirawat di Luar RS",0,kesehatan,hoaxid_hf,
hf-11494,"Keliru, Pasien Covid-19 yang Terinfeksi Jamur Hitam Ini dari Sri Lanka",0,kesehatan,hoaxid_hf,
hf-11498,"Keliru, Donor Darah dari Penerima Vaksin Covid-19 Berbahaya",0,kesehatan,hoaxid_hf,
hf-11501,"Keliru, Anak-anak Kebal terhadap Virus Corona dan yang Meninggal Tak Ada Kaitannya dengan Covid-19",0,kesehatan,hoaxid_hf,
hf-11504,"Keliru, Vaksin Covid-19 Sebabkan 0,8 Persen Kematian dalam 2 Minggu dan yang Hidup Hanya Bertahan 2 Tahun",0,kesehatan,hoaxid_hf,
hf-11509,"Keliru, Klaim Vaksin Pfizer Mengandung Chip sehingga Magnet Menempel di Lengan yang Disuntik",0,kesehatan,hoaxid_hf,
hf-11512,"Keliru, Klaim Covid-19 Hanya Tipuan Yahudi untuk Atur Ibadah Umat Islam",0,kesehatan,hoaxid_hf,
hf-11514,"Sesat, Warga Malaysia Antri Menginap di Stadion Shah Alam karena Positif Covid-19",0,kesehatan,hoaxid_hf,
hf-11524,"Keliru, Klaim Ini Video Aksi Anarki Warga India Akibat Frustasi karena Covid-19",0,kesehatan,hoaxid_hf,
hf-11525,"Keliru, Rusia Tak Temukan Virus di Hasil Autopsi Jenazah Covid-19",0,kesehatan,hoaxid_hf,
hf-11529,"Keliru, Klaim Ini Bukan Video Kremasi Jenazah Covid-19 di India Tapi Korban Kebocoran Gas",0,kesehatan,hoaxid_hf,
hf-11530,"Sesat, Penyebab Krisis Oksigen di India Bukan Covid-19 Tapi Saluran Gas RS yang Bocor",0,kesehatan,hoaxid_hf,
hf-11532,"Keliru, Klaim Ini Video Ratusan Kantong Jenazah Covid-19 Palsu yang Berisi Kertas",0,kesehatan,hoaxid_hf,
hf-11535,"Keliru, Klaim Ini Foto Kremasi Massal saat Tsunami Covid India",0,kesehatan,hoaxid_hf,
hf-11539,"Keliru, Klaim Microsoft Masukkan Chip ke Vaksin Pfizer",0,kesehatan,hoaxid_hf,
hf-11540,"Benar, Klaim Ini Video Tumpukan Jenazah Covid-19 yang Penuhi RS di India",0,kesehatan,hoaxid_hf,
hf-11542,"Keliru, Klaim Ini Foto Parahnya Covid-19 di India hingga Bikin Warga Pakai Oksigen di Jalanan",0,kesehatan,hoaxid_hf,
hf-11543,"Keliru, Klaim Ini Video Orang Bergelimpangan di India karena Tsunami Covid",0,kesehatan,hoaxid_hf,
hf-11547,"Keliru, Klaim Tak Ada Uji Coba Vaksin Covid-19 pada Hewan yang Berhasil",0,kesehatan,hoaxid_hf,
hf-11550,"Keliru, Pejabat Denmark Meninggal karena Diracun saat Umumkan Larangan Vaksin AstraZeneca",0,kesehatan,hoaxid_hf,
hf-11552,"Sesat, Vaksin Covid-19 Tingkatkan Limfosit yang Mematikan bagi Manusia",0,kesehatan,hoaxid_hf,
hf-11555,"Sesat, Covid-19 Akan Hilang Seiring Ditemukannya Obat Oral Molnupiravir",0,kesehatan,hoaxid_hf,
hf-11557,"Keliru, Klaim mRNA Bukan Vaksin Tapi Terapi Gen untuk Mutasi Virus",0,kesehatan,hoaxid_hf,
hf-11558,"Sesat, Vaksin Covid-19 Sinovac Ilegal karena Tak Punya Sertifikat WHO",0,kesehatan,hoaxid_hf,
hf-11559,"Keliru, Klaim Ini Foto Munarman FPI saat Disuntik Vaksin Covid-19",0,kesehatan,hoaxid_hf,
hf-11562,"Keliru, Presiden Tanzania Meninggal karena Dibungkam Demi Agenda Kontrol Populasi Lewat Vaksinasi",0,kesehatan,hoaxid_hf,
hf-11563,"Keliru, Klaim Anggota Brimob Maluku Ini Korban Vaksin AstraZeneca",0,kesehatan,hoaxid_hf,
hf-11564,"Keliru, Bill Gates Tolak Beri Vaksin ke Anak-anaknya",0,kesehatan,hoaxid_hf,
hf-11567,"Sesat, Klaim Vaksinasi Covid-19 Hanya Percobaan karena Cuma Kantongi Izin Darurat",0,kesehatan,hoaxid_hf,
hf-11570,"Keliru, Klaim Ini Video Tumpukan Jenazah Covid-19 yang Salah Satunya Merokok",0,kesehatan,hoaxid_hf,
hf-11571,"Sesat, Artikel yang Sebut Cina Bohong soal Asal-usul Virus Corona",0,kesehatan,hoaxid_hf,
hf-11574,"Sesat, Pesan Berantai yang Klaim usai Vaksinasi Covid-19 Justru Lebih Rentan Terinfeksi Virus Corona",0,kesehatan,hoaxid_hf,
hf-11580,"Keliru, Inggris Nyatakan Covid-19 Penyakit Menular Biasa karena Konspirasi dan Bisa Diobati Parasetamol",0,kesehatan,hoaxid_hf,
hf-11581,"Keliru, Kebiasaan Minum Air Es Sebabkan Penyakit Jantung",0,kesehatan,hoaxid_hf,
hf-11582,"Keliru, 5 Bulan usai Vaksinasi Covid-19 Dilarang Konsumsi Alkohol dan Tape",0,kesehatan,hoaxid_hf,
hf-11584,"Sesat, Klaim Video Ini Bukti Kebohongan Vaksinasi Covid-19 oleh Yahudi",0,kesehatan,hoaxid_hf,
hf-11586,"Keliru, Pemerintah Wajibkan Nama di Sertifikat Vaksinasi Covid-19 Sesuai Paspor",0,kesehatan,hoaxid_hf,
hf-11589,"Keliru, Pesan Berantai tentang Pandemi Covid-19 Hanya Tipuan yang Diklaim Berasal dari IDI",0,kesehatan,hoaxid_hf,
hf-11591,"Sesat, Klaim Ini Grafik Antibodi usai Vaksinasi Covid-19 Dosis I yang Dekati Nol pada Hari ke-28",0,kesehatan,hoaxid_hf,
hf-11593,"Sesat, Pesan Berantai tentang 4 Vaksin Covid-19 Cina Duduki Peringkat Teratas Vaksin Teraman",0,kesehatan,hoaxid_hf,
hf-11599,"Sesat, Klaim Vaksin Sinovac Dibuat Sebelum Pandemi Covid-19 pada 25 Maret 2019",0,kesehatan,hoaxid_hf,
hf-11604,"Keliru, Sertifikat Vaksinasi dengan Vaksin Pfizer yang Berefek Memperpanjang Ereksi",0,kesehatan,hoaxid_hf,
hf-11605,"Keliru, Klaim Vaksin Sinovac Sebenarnya Ditujukan bagi Ayam dan Barcode Aslinya Ditukar",0,kesehatan,hoaxid_hf,
hf-11608,"Keliru, Klaim Ini Video Vaksinasi Covid-19 di Taman Anggrek yang Ciptakan Kerumunan",0,kesehatan,hoaxid_hf,
hf-11609,"Sesat, Klaim yang Kaitkan Kasus Vaksin Covid-19 Palsu Ini dengan Vaksinasi di Indonesia",0,kesehatan,hoaxid_hf,
hf-11619,"Keliru, Klaim Empat Nakes Ini Meninggal Karena Vaksin Covid-19",0,kesehatan,hoaxid_hf,
hf-11626,"Keliru, Anosmia Bukan Gejala Khas Virus dan Bisa Diobati dengan Mecobalamin",0,kesehatan,hoaxid_hf,
hf-11634,"Keliru, Kematian Covid-19 Irlandia Turun karena Polisi Dilibatkan dalam Pelaporan Kasus",0,kesehatan,hoaxid_hf,
hf-11638,"Keliru, Vaksin Flu Sebabkan Infeksi HIV dan Kanker",0,kesehatan,hoaxid_hf,
hf-11646,"Sesat, Klaim WHO Sebut Virus Corona Berasal dari Kepala Babi dan Bukan Kelelawar",0,kesehatan,hoaxid_hf,
hf-11652,"Keliru, Gubernur Kaltim Isran Noor Ganti Rugi UMKM yang Tutup 6-7 Februari dengan Dana Covid-19",0,kesehatan,hoaxid_hf,
hf-11654,"Keliru, Tak Ada Warga Vietnam yang Meninggal Akibat Covid-19 Karena Minum Teh Panas Campur Lemon",0,kesehatan,hoaxid_hf,
hf-11655,"Keliru, Pria Ini Syok saat Siuman dari Koma Setahun Karena Keluarganya Meninggal Akibat Covid-19",0,kesehatan,hoaxid_hf,
hf-11663,"Keliru, Virus Corona Covid-19 Muncul Karena Adanya Tes Rapid dan PCR",0,kesehatan,hoaxid_hf,
hf-11664,"Keliru, Kasus Covid-19 Terus Naik Karena Urutan Genetik Virusnya Sama dengan Manusia",0,kesehatan,hoaxid_hf,
hf-11666,"Keliru, Jarum Suntik Palsu di Video Ini Disiapkan untuk Vaksinasi Covid-19 Elite Global",0,kesehatan,hoaxid_hf,
hf-11667,"Keliru, Klaim Video Kamala Harris yang Disuntik Ini Bukti Kebohongan Vaksinasi Covid-19",0,kesehatan,hoaxid_hf,
hf-11669,"Keliru, Menkumham Hapus Sanksi Pidana usai Anak Buah Megawati Tolak Vaksinasi Covid-19",0,kesehatan,hoaxid_hf,
hf-11670,"Keliru, Vaksin adalah Senjata Biologis karena Mengandung Racun Seperti AS03 dan MF59",0,kesehatan,hoaxid_hf,
hf-11671,"Sesat, Konsumsi Qusthul Hindi atau Kayu India Bisa Sembuhkan Covid-19",0,kesehatan,hoaxid_hf,
hf-11672,"Keliru, Vaksin Covid-19 Terkait dengan Jaringan 5G dan Sebabkan Wabah Penyakit Baru",0,kesehatan,hoaxid_hf,
hf-11675,"Keliru, Dokter di Palembang Meninggal Karena Vaksin Covid-19 Mengandung Zat Beracun",0,kesehatan,hoaxid_hf,
hf-11676,"Keliru, Klaim Ini Video Prosesi Pemakaman Penyanyi Julio Iglesias yang Meninggal Karena Covid-19",0,kesehatan,hoaxid_hf,
hf-11677,"Keliru, Pakai Masker Membuat CO2 Menumpuk dan Keasaman Tubuh Naik Sehingga Rentan Virus",0,kesehatan,hoaxid_hf,
hf-11680,"Keliru, Vaksin Sinovac Dipasangi GPS atau Chip untuk Lacak Keberadaan Orang yang Telah Divaksin",0,kesehatan,hoaxid_hf,
hf-11681,"Sesat, Klaim Ini Video Seorang Pria yang Pingsan usai Disuntik Vaksin Covid-19",0,kesehatan,hoaxid_hf,
hf-11682,"Keliru, Klaim Ini Video Ratusan Warga yang Terkapar usai Disuntik Vaksin Sinovac",0,kesehatan,hoaxid_hf,
hf-11685,"Keliru, Klaim Foto-foto Ini Terkait 48 Orang yang Tewas Usai Disuntik Vaksin Covid-19",0,kesehatan,hoaxid_hf,
hf-11686,"Keliru, Kepala Staf Kodim Gresik Meninggal Akibat Disuntik Vaksin Covid-19",0,kesehatan,hoaxid_hf,
hf-11687,"Sesat, Pesan Berantai yang Sebut Vaksinasi Covid-19 Presiden Jokowi Harus Diulang",0,kesehatan,hoaxid_hf,
hf-11688,"Keliru, Orang yang Sudah Vaksinasi Covid-19 Tak Perlu Pakai Masker dan Cuci Tangan",0,kesehatan,hoaxid_hf,
hf-11691,"Sesat, Siswi SD Meninggal Karena Vaksin di Tengah Pandemi Covid-19",0,kesehatan,hoaxid_hf,
hf-11694,"Keliru, Klaim Ini Video Mensos Risma dan Mendagri Berjoget Tanpa Masker di Tengah Pandemi Covid-19",0,kesehatan,hoaxid_hf,
hf-11695,"Sesat, Klaim Ini Video Ratusan Santri yang Pingsan usai Disuntik Vaksin di Tengah Pandemi Covid-19",0,kesehatan,hoaxid_hf,
hf-11698,"Keliru, Klaim Ini Video Antrian Masuk Pasien Covid-19 di RSD Wisma Atlet",0,kesehatan,hoaxid_hf,
hf-11699,"Keliru, Jurnal Inggris Sebut Vaksin Covid-19 Sinovac Bikin Alat Kelamin Membesar",0,kesehatan,hoaxid_hf,
hf-11700,"Keliru, Klaim Moeldoko Sebut Vaksin Covid-19 untuk Jokowi Beda dengan yang Tersebar di Masyarakat",0,kesehatan,hoaxid_hf,
hf-11704,"Keliru, Terjadi Penyebaran Penyakit Baru di Kodi NTT Lewat Ikan Tembang dan Tongkol",0,kesehatan,hoaxid_hf,
hf-11705,"Keliru, Vaksin Sinovac Mengandung Bahan Berbahaya dan Virus Hidup yang Dilemahkan",0,kesehatan,hoaxid_hf,
hf-11707,"Keliru, WHO Bandingkan Efektivitas 10 Vaksin Covid-19 dan Sebut Sinovac yang Terendah",0,kesehatan,hoaxid_hf,
hf-11712,"Keliru, Klaim Ini Video Ratusan Pasien Covid-19 yang Dirawat di Istora Senayan",0,kesehatan,hoaxid_hf,
hf-11714,"Tidak Terbukti, Vaksin Cina Akan Bunuh Warga Karena Timbulkan Efek ADE",0,kesehatan,hoaxid_hf,
hf-11717,"Keliru, Paus Fransiskus Sebut Vaksin Covid-19 Tiket Masuk Surga",0,kesehatan,hoaxid_hf,
hf-11718,"Keliru, Vaksin Covid-19 Ubah DNA dan Sebabkan Cacat Genetik Seumur Hidup",0,kesehatan,hoaxid_hf,
hf-11722,"Sesat, Klaim Ini Foto Keluarga Ugur Sahin Penemu Vaksin Covid-19 Pfizer",0,kesehatan,hoaxid_hf,
hf-11724,"Keliru, Media Jepang Beritakan Bansos Covid-19 yang Dikorupsi Pinjaman dari Perdana Menterinya",0,kesehatan,hoaxid_hf,
hf-11725,"Keliru, Klaim Ini Foto Relawan yang Alami Bell's Palsy Akibat Vaksin Covid-19 Pfizer",0,kesehatan,hoaxid_hf,
hf-11732,"Tidak Terbukti, Klaim Terapi Gurah Minyak Kayu Putih Bisa Cegah dan Sembuhkan Covid-19",0,kesehatan,hoaxid_hf,
hf-11741,"Sesat, Foto yang Disebut Vaksinasi Covid-19 di Peru yang Dikawal Tentara",0,kesehatan,hoaxid_hf,
hf-11745,"Sesat, Narasi yang Samakan Sertifikat Vaksin Covid-19 dengan Libellus di Kerajaan Romawi",0,kesehatan,hoaxid_hf,
hf-11746,"Keliru, Video yang Diklaim Berisi Pesan Terakhir Bupati Situbondo yang Meninggal Akibat Covid-19",0,kesehatan,hoaxid_hf,
hf-11752,"Keliru, Foto Bekas Luka di Punggung Warga Zimbabwe yang Diklaim Akibat Vaksin Cina",0,kesehatan,hoaxid_hf,
hf-11758,Tidak Benar Arab Saudi Tutup Kembali Visa Umrah Karena 13 Jemaah Asal Jabar Positif Covid-19,0,kesehatan,hoaxid_hf,
hf-11764,Tuduhan Covid-19 Hanya Konspirasi karena Hasil Tes Positif pada Pepaya dan Kambing di Tanzania Tidak Terbukti,0,kesehatan,hoaxid_hf,
hf-11766,Ini Bukan Video Pemilik Toko yang Bunuh Diri di Roxy Mas karena Dagangannya Sepi Akibat Covid-19,0,kesehatan,hoaxid_hf,
hf-11771,[Fakta atau Hoaks] Benarkah Ini Foto Terawan yang Dapat Penghargaan WHO karena Berhasil Tangani Covid-19?,0,kesehatan,hoaxid_hf,
hf-11776,[Fakta atau Hoaks] Benarkah Jenazah Pasien Covid-19 di Probolinggo Ini Hilang Bola Matanya?,0,kesehatan,hoaxid_hf,
hf-11781,[Fakta atau Hoaks] Benarkah 48 Warga Korsel Tewas usai Terima Vaksin Covid-19?,0,kesehatan,hoaxid_hf,
hf-11784,[Fakta atau Hoaks] Benarkah Ini Video Pendiri Aliansi Dokter Dunia yang Ditangkap usai Bikin Video Bohong tentang Covid-19?,0,kesehatan,hoaxid_hf,
hf-11785,[Fakta atau Hoaks] Benarkah Tusuk 10 Jari dengan Jarum adalah Pertolongan Pertama Stroke?,0,kesehatan,hoaxid_hf,
hf-11789,[Fakta atau Hoaks] Benarkah CDC Sebut Covid-19 Tak Menyebar Lewat Udara sehingga Pakai Masker Tak Berguna?,0,kesehatan,hoaxid_hf,
hf-11793,[Fakta atau Hoaks] Benarkah Tidak Adanya Klaster Demo Tunjukkan Covid-19 adalah Konspirasi?,0,kesehatan,hoaxid_hf,
hf-11795,[Fakta atau Hoaks] Benarkah Klaim-klaim soal Covid-19 oleh Aliansi Dokter Dunia di Video Ini?,0,kesehatan,hoaxid_hf,
hf-11799,[Fakta atau Hoaks] Benarkah Penonton Bioskop Wajib Keluar Studio Tiap 30 Menit saat Pandemi Covid-19?,0,kesehatan,hoaxid_hf,
hf-11805,[Fakta atau Hoaks] Benarkah WHO Sebut Covid-19 Tak Lebih Berbahaya dari Flu?,0,kesehatan,hoaxid_hf,
hf-11812,[Fakta atau Hoaks] Benarkah Ma'ruf Amin Tak Masalah Jika Vaksin Covid-19 dari Cina Tak Halal?,0,kesehatan,hoaxid_hf,
hf-11813,[Fakta atau Hoaks] Benarkah Covid-19 Bohong Belaka Jika Besok Tak Ada Pendemo UU Cipta Kerja yang Sakit atau Meninggal?,0,kesehatan,hoaxid_hf,
hf-11817,[Fakta atau Hoaks] Benarkah Guru dan Ustaz Masuk Kelompok Pertama yang Terima Vaksin Covid-19 tapi TNI dan Polri Tidak?,0,kesehatan,hoaxid_hf,
hf-11824,[Fakta atau Hoaks] Benarkah Pesan Berantai Soal Minum Kopi Bisa Tangkal Covid-19 Ini?,0,kesehatan,hoaxid_hf,
hf-11830,[Fakta atau Hoaks] Benarkah Keluarga Peserta BPJS Kesehatan Dapat BLT Rp 4 Juta Per Orang?,0,kesehatan,hoaxid_hf,
hf-11834,[Fakta atau Hoaks] Benarkah Tak Ada Analis Laboratorium yang Terkena Covid-19?,0,kesehatan,hoaxid_hf,
hf-11840,[Fakta atau Hoaks] Benarkah Hewan Ternak Lebih Kebal pada Infeksi Covid-19?,0,kesehatan,hoaxid_hf,
hf-11845,[Fakta atau Hoaks] Benarkah Pernyataan Sultan HB X Soal Kasus Covid-19 pada 19 September 2020 Hoaks?,0,kesehatan,hoaxid_hf,
hf-11846,[Fakta atau Hoaks] Benarkah Tidak Ada Orang dengan Gangguan Jiwa yang Meninggal Karena Covid-19?,0,kesehatan,hoaxid_hf,
hf-11852,[Fakta atau Hoaks] Benarkah Ini Video Penghuni Apartemen Italia yang Semua Tewas Akibat Covid-19?,0,kesehatan,hoaxid_hf,
hf-11855,"[Fakta atau Hoaks] Benarkah Vaksin Covid-19 Tanamkan Microchip yang Diprogram untuk Bantai 7,5 Miliar Nyawa?",0,kesehatan,hoaxid_hf,
hf-11857,[Fakta atau Hoaks] Benarkah Menkes Terawan Sebut Kematian Dokter Jangan Dibesar-besarkan?,0,kesehatan,hoaxid_hf,
hf-11861,[Fakta atau Hoaks] Benarkah Bandung Ditetapkan Sebagai Zona Hitam Karena Kasus Covid-19 Meningkat?,0,kesehatan,hoaxid_hf,
hf-11862,[Fakta atau Hoaks] Benarkah Ada Pembagian Masker Gratis yang Telah Diberi Obat Bius?,0,kesehatan,hoaxid_hf,
hf-11863,[Fakta atau Hoaks] Benarkah Presiden Belarus Klaim IMF Tawarkan Suap untuk Pembatasan Covid-19?,0,kesehatan,hoaxid_hf,
hf-11866,[Fakta atau Hoaks] Benarkah Wamenlu Sebut WNA Juga Dilarang Masuk Kecuali TKA Cina Saat Pandemi Covid-19?,0,kesehatan,hoaxid_hf,
hf-11876,[Fakta atau Hoaks] Benarkah Ini Video Demo Covid-19 di Polandia yang Tuntut Pandemi Diakhiri?,0,kesehatan,hoaxid_hf,
hf-11884,[Fakta atau Hoaks] Benarkah Drama Korea My Secret Terrius Prediksi Pandemi Covid-19 Sejak 2018?,0,kesehatan,hoaxid_hf,
hf-11885,"[Fakta atau Hoaks] Benarkah Campuran Air Kelapa, Jeruk Nipis, dan Garam Bisa Matikan Virus Corona Covid-19?",0,kesehatan,hoaxid_hf,
hf-11893,[Fakta atau Hoaks] Benarkah Ini Foto-foto Warga Wuhan yang Bergelimpangan Karena Covid-19?,0,kesehatan,hoaxid_hf,
hf-11897,[Fakta atau Hoaks] Benarkah Hanya Imam Besar FPI yang Punya Penangkal Virus Corona Covid-19?,0,kesehatan,hoaxid_hf,
hf-11903,[Fakta atau Hoaks] Benarkah Putri Putin Tewas Usai Terima Dosis Ke-2 Vaksin Covid-19 Rusia?,0,kesehatan,hoaxid_hf,
hf-11906,[Fakta atau Hoaks] Benarkah Lukisan Tahun 1962 Ini Telah Ramalkan Kehidupan pada 2022 Usai Pandemi Covid-19?,0,kesehatan,hoaxid_hf,
hf-11908,[Fakta atau Hoaks] Benarkah Ini Foto Putri Presiden Putin yang Pertama Terima Vaksin Covid-19?,0,kesehatan,hoaxid_hf,
hf-11916,[Fakta atau Hoaks] Benarkah Virus Corona Covid-19 Dibuat di Lab Militer Partai Komunis Cina?,0,kesehatan,hoaxid_hf,
hf-11918,[Fakta atau Hoaks] Benarkah Suntik KB Bisa Sebabkan Penyakit Kista Ovarium?,0,kesehatan,hoaxid_hf,
hf-11925,[Fakta atau Hoaks] Benarkah Ini Foto Jutaan Warga Jerman yang Demo Terkait Covid-19 pada 1 Agustus 2020?,0,kesehatan,hoaxid_hf,
hf-11933,[Fakta atau Hoaks] Benarkah Vaksin Covid-19 Diuji Coba di Indonesia Karena Lab Cina Kekurangan Monyet?,0,kesehatan,hoaxid_hf,
hf-11934,[Fakta atau Hoaks] Benarkah Rockefeller Foundation Berada di Balik Kemunculan Virus Corona Covid-19?,0,kesehatan,hoaxid_hf,
hf-11936,[Fakta atau Hoaks] Benarkah Tes PCR Tak Bisa Bedakan Terpapar dan Terinfeksi serta Virus Hidup dan Virus Mati?,0,kesehatan,hoaxid_hf,
hf-11937,[Fakta atau Hoaks] Benarkah Indonesia Sudah Borong Vaksin Covid-19 dari Cina Meski WHO Sebut Belum Ada Vaksin Resmi?,0,kesehatan,hoaxid_hf,
hf-11938,[Fakta atau Hoaks] Benarkah Siswa Secapa AD Bantah Positif Covid-19 di Depan Kasad TNI?,0,kesehatan,hoaxid_hf,
hf-11940,[Fakta atau Hoaks] Benarkah Jenazah Pasien Covid-19 yang Berdaster Ini Tak Dimakamkan Sesuai Syariat Islam?,0,kesehatan,hoaxid_hf,
hf-11941,[Fakta atau Hoaks] Benarkah Indonesia Satu-satunya Negara yang Jadi Kelinci Percobaan Vaksin Covid-19 dari Cina?,0,kesehatan,hoaxid_hf,
hf-11951,[Fakta atau Hoaks] Benarkah Ahli Virus Cina Klaim Covid-19 Hasil Persekongkolan Jahat?,0,kesehatan,hoaxid_hf,
hf-11956,[Fakta atau Hoaks] Benarkah Covid-19 Diciptakan untuk Hambat Kebangkitan Umat Islam?,0,kesehatan,hoaxid_hf,
hf-11961,[Fakta atau Hoaks] Benarkah Ini Video Pembuangan Jenazah Korban Covid-19 di Laut Meksiko?,0,kesehatan,hoaxid_hf,
hf-11965,[Fakta atau Hoaks] Benarkah Tidak Ada Kematian yang Murni Disebabkan oleh Covid-19?,0,kesehatan,hoaxid_hf,
hf-11974,[Fakta atau Hoaks] Benarkah Ribuan Santri Tak Sadarkan Diri Usai Ikut Rapid Test Covid-19 dari RS Cina?,0,kesehatan,hoaxid_hf,
hf-11977,[Fakta atau Hoaks] Benarkah Keluarga di India Ini Tewas Karena Daun Pisang yang Terkena Virus Kelelawar?,0,kesehatan,hoaxid_hf,
hf-11984,[Fakta atau Hoaks] Benarkah Covid-19 Singkatan dari Certificate of Vaccination ID dan Konsep New Normal Bermuatan LGBT?,0,kesehatan,hoaxid_hf,
hf-11986,[Fakta atau Hoaks] Benarkah Ini Video Demo di Amerika Saat Pandemi Covid-19?,0,kesehatan,hoaxid_hf,
hf-11994,[Fakta atau Hoaks] Benarkah Mencium Cuka Bisa Deteksi Covid-19 Tanpa Perlu Rapid Test?,0,kesehatan,hoaxid_hf,
hf-12003,[Fakta atau Hoaks] Benarkah WHO Tetapkan Covid-19 Sebagai Pandemi Sehari Setelah Terima Sumbangan Bill Gates?,0,kesehatan,hoaxid_hf,
hf-12008,[Fakta atau Hoaks] Benarkah Imigrasi Tahan 300 WNA Cina yang Bawa Ribuan Senjata Api di Tengah Pandemi Covid-19?,0,kesehatan,hoaxid_hf,
hf-12013,[Fakta atau Hoaks] Benarkah Ini Lima Bersaudara di Surabaya yang Menunggu Diadopsi Karena Orang Tuanya Meninggal Akibat Covid-19?,0,kesehatan,hoaxid_hf,
hf-12014,[Fakta atau Hoaks] Benarkah Anies Dapat Penghargaan Gubernur Terbaik Penanganan Covid-19 di KTT CAC?,0,kesehatan,hoaxid_hf,
hf-12016,[Fakta atau Hoaks] Benarkah Ini Foto Uang yang Dibuang Pasien Kanker Karena Frustasi Tak Bisa Sembuh?,0,kesehatan,hoaxid_hf,
hf-12017,[Fakta atau Hoaks] Benarkah Jenazah di Video Ini adalah Pasien Covid-19 yang Organ Dalamnya Telah Diambil?,0,kesehatan,hoaxid_hf,
hf-12018,[Fakta atau Hoaks] Benarkah Virus Flu Babi Lebih Ganas Ketimbang Virus Corona Covid-19?,0,kesehatan,hoaxid_hf,
hf-12019,[Fakta atau Hoaks] Benarkah Vodka Bisa Kurangi Risiko Terinfeksi Virus Corona Covid-19?,0,kesehatan,hoaxid_hf,
hf-12020,[Fakta atau Hoaks] Benarkah Pesan Berantai Soal Petugas Rapid Test Covid-19 yang Tak Ganti Sarung Tangan?,0,kesehatan,hoaxid_hf,
hf-12023,[Fakta atau Hoaks] Benarkah Isi Tulisan yang Berjudul Dugaan Konspirasi Covid-19 Bukan Isapan Jempol?,0,kesehatan,hoaxid_hf,
hf-12025,[Fakta atau Hoaks] Benarkah Ramuan Herbal Bernama Mio Kopi Bisa Obati Covid-19?,0,kesehatan,hoaxid_hf,
hf-12026,[Fakta atau Hoaks] Benarkah Ini Video Demo Mahasiswa yang Tuntut Jokowi Mundur Saat Pandemi Covid-19?,0,kesehatan,hoaxid_hf,
hf-12027,[Fakta atau Hoaks] Benarkah Parahnya Kasus Covid-19 di Surabaya adalah Konspirasi Elite Global?,0,kesehatan,hoaxid_hf,
hf-12031,[Fakta atau Hoaks] Benarkah Tentara Merah Cina yang Menyamar Ditangkap di Karawang Saat Pandemi Covid-19?,0,kesehatan,hoaxid_hf,
hf-12032,[Fakta atau Hoaks] Benarkah Video Ricuh di RS Pancaran Kasih Manado Ini Tunjukkan Covid-19 adalah Bisnis?,0,kesehatan,hoaxid_hf,
hf-12033,[Fakta atau Hoaks] Benarkah Daun Sungkai Dapat Obati Pasien Covid-19?,0,kesehatan,hoaxid_hf,
hf-12034,[Fakta atau Hoaks] Benarkah Foto-foto Warga Beratribut Palu Arit Ini Terkait dengan Kebangkitan PKI Saat Pandemi Covid-19?,0,kesehatan,hoaxid_hf,
hf-12035,[Fakta atau Hoaks] Benarkah Ada Penangkapan Mobil Berstiker Palu Arit di Tengah Pandemi Covid-19?,0,kesehatan,hoaxid_hf,
hf-12036,[Fakta atau Hoaks] Benarkah Ini Foto-foto Malaysia yang Sapu Habis WNA Termasuk TKI Saat Pandemi Covid-19?,0,kesehatan,hoaxid_hf,
hf-12037,[Fakta atau Hoaks] Benarkah Mantan Rektor Unhas Ini Sebut Covid-19 Bisa Disembuhkan dengan Minyak Kayu Putih?,0,kesehatan,hoaxid_hf,
hf-12038,[Fakta atau Hoaks] Benarkah Covid-19 Hanya Flu Biasa dan Hasil Rekayasa untuk Cari Untung?,0,kesehatan,hoaxid_hf,
hf-12039,[Fakta atau Hoaks] Benarkah Pesan Berantai Soal Virus Hanya Bisa Dikalahkan Antibodi Ini Berasal dari Dekan IPB?,0,kesehatan,hoaxid_hf,
hf-12040,[Fakta atau Hoaks] Benarkah Tocilizumab adalah Obat yang 90 Persen Bisa Sembuhkan Covid-19 Meski Pasien Kritis?,0,kesehatan,hoaxid_hf,
hf-12041,[Fakta atau Hoaks] Benarkah Ini Video Gereja Italia yang Hampir Semua Jemaatnya Meninggal Akibat Covid-19 Saat Dibuka Kembali?,0,kesehatan,hoaxid_hf,
hf-12042,[Fakta atau Hoaks] Benarkah Campuran Air Hangat dan Garam Bisa Hilangkan Virus Corona Covid-19?,0,kesehatan,hoaxid_hf,
hf-12043,[Fakta atau Hoaks] Benarkah Dokter Italia Temukan Sebab Kematian Covid-19 adalah Bakteri Bukan Virus?,0,kesehatan,hoaxid_hf,
hf-12044,[Fakta atau Hoaks] Benarkah Tes PCR Tak Bisa Tunjukkan Jenis Virus Corona Covid-19?,0,kesehatan,hoaxid_hf,
hf-12045,[Fakta atau Hoaks] Benarkah Virus Corona Covid-19 Tidak Bahaya dan Tidak Sebabkan Kematian?,0,kesehatan,hoaxid_hf,
hf-12047,[Fakta atau Hoaks] Benarkah Ini Video dan Foto Konser yang Dihadiri Presiden Jokowi Saat Pandemi Covid-19?,0,kesehatan,hoaxid_hf,
hf-12048,[Fakta atau Hoaks] Benarkah Pemerintah Tak Akan Lagi Umumkan Kasus Positif Covid-19?,0,kesehatan,hoaxid_hf,
hf-12049,[Fakta atau Hoaks] Benarkah Ini Video Keramaian Pasar di Palembang Saat Pandemi Covid-19?,0,kesehatan,hoaxid_hf,
hf-12050,[Fakta atau Hoaks] Benarkah Muncul Serangan Tawon Pembunuh di Tengah Pandemi Covid-19?,0,kesehatan,hoaxid_hf,
hf-12051,[Fakta atau Hoaks] Benarkah Ini Video Warga Sumbar yang Usir Turis Cina dan Bakar Perusahaannya Saat Pandemi Covid-19?,0,kesehatan,hoaxid_hf,
hf-12053,[Fakta atau Hoaks] Benarkah Menhub Budi Karya Kembali Dinyatakan Positif Covid-19?,0,kesehatan,hoaxid_hf,
hf-12054,[Fakta atau Hoaks] Benarkah Ini Video Kiai di Banten yang Dipaksa Suntik Vaksin Covid-19?,0,kesehatan,hoaxid_hf,
hf-12055,[Fakta atau Hoaks] Benarkah Ini Video Patung-patung di India yang Dibuang Karena Tak Bisa Selamatkan dari Covid-19?,0,kesehatan,hoaxid_hf,
hf-12056,[Fakta atau Hoaks] Benarkah Ini Video Serangan Serangga Beracun di India Saat Pandemi Covid-19?,0,kesehatan,hoaxid_hf,
hf-12062,[Fakta atau Hoaks] Benarkah Polisi AS Sebut Kematian Bing Liu Terkait Risetnya Soal Covid-19?,0,kesehatan,hoaxid_hf,
hf-12064,[Fakta atau Hoaks] Benarkah Klaim Judy Mikovits Soal Virus Corona dalam Film Dokumenter Plandemic?,0,kesehatan,hoaxid_hf,
hf-12067,[Fakta atau Hoaks] Benarkah Kemenhub Izinkan Warga untuk Mudik Saat Pandemi Covid-19?,0,kesehatan,hoaxid_hf,
hf-12069,[Fakta atau Hoaks] Benarkah Ini Video TKA Cina di Morowali yang Bikin Ulah Saat Pandemi Covid-19?,0,kesehatan,hoaxid_hf,
hf-12070,[Fakta atau Hoaks] Benarkah Amerika Tanamkan Chip 666 ke Tubuh Warganya di Tengah Pandemi Covid-19?,0,kesehatan,hoaxid_hf,
hf-12072,[Fakta atau Hoaks] Benarkah Jokowi Sebut Kepala Daerah yang Mainkan Bantuan Covid-19 Bakal Dihukum Seumur Hidup?,0,kesehatan,hoaxid_hf,
hf-12075,[Fakta atau Hoaks] Benarkah Korban Covid-19 di Aceh Hanya Satu Orang Karena Tetap Salat Berjamaah?,0,kesehatan,hoaxid_hf,
hf-12078,[Fakta atau Hoaks] Benarkah Gibran Salahkan Rakyat yang Tak Patuhi Aturan Pemerintah Atas Merebaknya Covid-19?,0,kesehatan,hoaxid_hf,
hf-12081,[Fakta atau Hoaks] Benarkah Ini Video Kakak-Adik di Tangerang yang Kena Covid-19 Usai Bermain di Luar Rumah?,0,kesehatan,hoaxid_hf,
hf-12084,[Fakta atau Hoaks] Benarkah Peneliti Cina Ini Sebut Virus Corona Hanya Satu dari 1.500 Virus yang Tersimpan di Lab Wuhan?,0,kesehatan,hoaxid_hf,
hf-12085,[Fakta atau Hoaks] Benarkah Pemerintah Italia Minta Pembacaan Al Quran di Tengah Pandemi Covid-19?,0,kesehatan,hoaxid_hf,
hf-12086,[Fakta atau Hoaks] Benarkah Gubernur Sumut Edy Rahmayadi Instruksikan Masjid Dibuka Seluas-luasnya Saat Pandemi Covid-19?,0,kesehatan,hoaxid_hf,
hf-12088,[Fakta atau Hoaks] Benarkah Bill Gates Bikin Vaksin Corona yang Dipasang Microchip?,0,kesehatan,hoaxid_hf,
hf-12089,[Fakta atau Hoaks] Benarkah Virus Corona Covid-19 Bisa Menular Lewat Kentut?,0,kesehatan,hoaxid_hf,
hf-12097,[Fakta atau Hoaks] Benarkah Ini Video Uji Coba tentang Virus Corona yang Takut Suara Azan?,0,kesehatan,hoaxid_hf,
hf-12113,[Fakta atau Hoaks] Benarkah Virus Corona Covid-19 Tidak Kuat dengan Cuaca di Wilayah Seperti Indonesia?,0,kesehatan,hoaxid_hf,
hf-12114,[Fakta atau Hoaks] Benarkah Ini Bentuk Virus Corona yang Berhasil Difoto Ilmuwan India?,0,kesehatan,hoaxid_hf,
hf-12115,[Fakta atau Hoaks] Benarkah Pesan Berantai tentang Penjelasan Ilmiah Corona Ini dari Ahli Virus Indro Cahyono?,0,kesehatan,hoaxid_hf,
hf-12118,[SALAH] Bill Gates Pembuat Virus Covid-19,0,kesehatan,hoaxid_hf,
hf-12123,[SALAH] Dokter di Malaysia Meninggal Setelah Mendapatkan Vaksin Pfizer,0,kesehatan,hoaxid_hf,
hf-12136,[SALAH] Benarkah Guinness World Record Menobatkan Model Asal Sudan sebagai “The Queen of Darkness”?,0,kesehatan,hoaxid_hf,
hf-12144,"[SALAH] Foto “Kisah Haru Erupsi Semeru, Tak Rela Tinggalkan Sang Ibu yang Sudah Renta, Rumini Ditemukan Tewas Berpelukan di Rumahnya..”",0,kesehatan,hoaxid_hf,
hf-12153,[SALAH] Gejala Varian Omicron Disebabkan oleh Komplikasi Vaksin Covid-19,0,kesehatan,hoaxid_hf,
hf-12157,[SALAH] Foto Supermarket di Jerman Memasang Pagar Pembatas untuk Memisahkan Pengunjung yang Sudah Divaksin dan Belum Divaksin,0,kesehatan,hoaxid_hf,
hf-12160,"[SALAH] Mandi Detox Menggunakan Campuran Garam Epsom, Baking Soda, Borax, dan Indian Healing Clay Mampu Mengeluarkan Kandungan Vaksin Covid yang Sebelumnya Telah Disuntikkan Kepada Seseorang",0,kesehatan,hoaxid_hf,
hf-12166,[SALAH] COVID-19 Varian Omicron Sudah Diprediksi Sejak Juli 2021,0,kesehatan,hoaxid_hf,
hf-12167,[SALAH] Video Wawancara CEO BioNTech Menolak Divaksin Karena Alasan Keamanan,0,kesehatan,hoaxid_hf,
hf-12178,"[SALAH] Komik Phantom Meramalkan Kemunculan ""China Virus""",0,kesehatan,hoaxid_hf,
hf-12186,[SALAH] Vaksin Sebabkan Sperma Membeku dan Mr P Mengecil,0,kesehatan,hoaxid_hf,
hf-12188,[SALAH] Protes Vaksinasi di Yunani Berakhir Ricuh,0,kesehatan,hoaxid_hf,
hf-12189,"[SALAH] Menempelkan Bawang Putih Di Telinga, Dapat Sembuhkan Sakit Kepala",0,kesehatan,hoaxid_hf,
hf-12194,[SALAH] Pemerintah Paksakan Vaksin Booster,0,kesehatan,hoaxid_hf,
hf-12201,[SALAH] Komik “Phantom” yang Terbit Tahun 1957 Memprediksi Munculnya Covid-19,0,kesehatan,hoaxid_hf,
hf-12206,[SALAH] Mandi dengan Soda Kue hingga Boraks dapat Menghilangkan Racun pada Orang yang Divaksin COVID-19,0,kesehatan,hoaxid_hf,
hf-12208,[SALAH] Rapid Test Device Berlabel Positif dan Negatif Sudah Dimuat Virus,0,kesehatan,hoaxid_hf,
hf-12209,[SALAH] FDA: Suntikan Booster Vaksinasi Pfizer Berpotensi Infeksi Berat pada Hati,0,kesehatan,hoaxid_hf,
hf-12212,"[SALAH] Foto Demo Melanggar Covid dan Vaksinasi di Wina, Austria",0,kesehatan,hoaxid_hf,
hf-12215,[SALAH] Video Wanita Tak Bermasker Menolak untuk Duduk Bersebelahan dengan Pria yang Belum Divaksin,0,kesehatan,hoaxid_hf,
hf-12216,[SALAH] Konsumsi Buah Dalam Keadaan Perut Kosong Dapat Sembuhkan Kanker,0,kesehatan,hoaxid_hf,
hf-12220,[SALAH] Terdapat Parasit yang Mematikan di Dalam Vaksin Covid-19,0,kesehatan,hoaxid_hf,
hf-12221,[SALAH] Sayur Pakis Bisa Menyebabkan Kanker,0,kesehatan,hoaxid_hf,
hf-12223,[SALAH] Darah Orang yang Sudah Divaksin COVID-19 Tidak Sehat,0,kesehatan,hoaxid_hf,
hf-12226,[SALAH] Jepang Menggunakan Ivermectin dan Menghentikan Vaksin untuk Memberantas Virus Covid-19,0,kesehatan,hoaxid_hf,
hf-12228,[SALAH] PPKM Level 4 Pada 24 Desember 2021 Karena Ada Varian Covid-19 Baru,0,kesehatan,hoaxid_hf,
hf-12233,[SALAH] Swab PCR Merupakan Cara untuk Melakukan Vaksinasi,0,kesehatan,hoaxid_hf,
hf-12235,[SALAH] Aliansi Dokter Dunia Mengatakan Bahwa Varian Delta Tidak Ada,0,kesehatan,hoaxid_hf,
hf-12240,[SALAH] Vaksinasi Covid-19 Menyebabkan Seseorang Terkena Kanker,0,kesehatan,hoaxid_hf,
hf-12241,[SALAH] Pemerintah Terapkan PPKM Level 4 Pada 24 Desember karena Ada Varian Covid-19 Baru,0,kesehatan,hoaxid_hf,
hf-12252,[SALAH] Video Politisi Austria Pingsan Usai Disuntik Vaksin,0,kesehatan,hoaxid_hf,
hf-12256,[SALAH] Akun Facebook Kabid P2P Dinkes Sampang dokter Yuliono,0,kesehatan,hoaxid_hf,
hf-12261,[SALAH] Istri CEO Pfizer Albert Bourla Tewas Akibat Komplikasi Vaksin COVID-19,0,kesehatan,hoaxid_hf,
hf-12265,[SALAH] Rumah Sakit Australia Penuh Karena Pasien Mengalami Efek Samping Vaksin,0,kesehatan,hoaxid_hf,
hf-12272,[SALAH] SMS Hadiah dari BPJS Kesehatan Sebesar Rp75 Juta,0,kesehatan,hoaxid_hf,
hf-12274,[SALAH] Mahkamah Agung Amerika Serikat Telah Membatalkan Vaksinasi Masal,0,kesehatan,hoaxid_hf,
hf-12289,[SALAH] Petai dan Jengkol dapat Sebabkan Stroke,0,kesehatan,hoaxid_hf,
hf-12294,[SALAH] Tautan Pengecekan Bantuan Covid-19 Sebesar Rp600.000 bagi Pemilik KTP atau SIM,0,kesehatan,hoaxid_hf,
hf-12299,[SALAH] Pemerintah Akan Suntik Paksa Vaksin Mematikan pada 22 Februari 2022,0,kesehatan,hoaxid_hf,
hf-12300,[SALAH] Bayi Dilahirkan dengan Kelainan Genetik Akibat Ibunya Disuntik Vaksin Covid-19,0,kesehatan,hoaxid_hf,
hf-12310,[SALAH] Vaksin Covid-19 Mengandung Graphene Oxide yang Bereaksi pada Getaran Musik,0,kesehatan,hoaxid_hf,
hf-12321,[SALAH] Pfizer Tambahkan Tromethamine pada Vaksin Covid-19 untuk Anak Sehingga Tingkatkan Risiko Radang Jantung,0,kesehatan,hoaxid_hf,
hf-12322,[SALAH] Pemerintah Suntik Paksa Vaksin Mematikan secara Massal pada 22 Februari 2022,0,kesehatan,hoaxid_hf,
hf-12326,[SALAH] Robot Dirancang untuk Memberikan Vaksinasi Secara Paksa,0,kesehatan,hoaxid_hf,
hf-12331,[SALAH] 13 Anak Sekolah di Afrika Meninggal Karena Vaksin Covid-19,0,kesehatan,hoaxid_hf,
hf-12337,[SALAH] Foto Kemasan Vaksin Sinovac “Only for clinical trial”,0,kesehatan,hoaxid_hf,
hf-12341,[SALAH] Foto Keluarga Agus Harimurti Yudhoyono Berwisata saat SBY Berobat Kanker Prostat di AS,0,kesehatan,hoaxid_hf,
hf-12352,[SALAH] Pertolongan Pertama Luka Bakar Dengan Tepung Terigu,0,kesehatan,hoaxid_hf,
hf-12358,[SALAH] Poster tentang Penyakit Stroke yang Menyerang Anak-anak sebagai Efek Samping Covid-19,0,kesehatan,hoaxid_hf,
hf-12374,[SALAH] Seorang Anak Meninggal Setelah Divaksinasi Covid-19,0,kesehatan,hoaxid_hf,
hf-12388,[SALAH] Mendeteksi Kesehatan Jantung dengan Memasukkan Tangan ke dalam Air Dingin Selama 30 Detik,0,kesehatan,hoaxid_hf,
hf-12404,[SALAH] Video Jenazah Covid-19 yang Sedang Merokok,0,kesehatan,hoaxid_hf,
hf-12406,[SALAH] Menghirup Cuka dapat Menyembuhkan Covid-19,0,kesehatan,hoaxid_hf,
hf-12410,[SALAH] 600 Pelajar China Diberikan Vaksin Kosong di DKI Jakarta,0,kesehatan,hoaxid_hf,
hf-12412,[SALAH] Daftar Minuman Instan yang Dapat Sebabkan Diabetes dan Matikan Sumsum Tulang,0,kesehatan,hoaxid_hf,
hf-12416,[SALAH] Minum Air Es Setelah Cuaca Panas Dapat Membuat Pembuluh Darah Pecah,0,kesehatan,hoaxid_hf,
hf-12420,[SALAH] Studi FDA: Vaksin Pfizer Membuat Orang Lebih Rentan Tertular Covid-19,0,kesehatan,hoaxid_hf,
hf-12421,[SALAH] Scan MRI Harus Dihindari Penerima Vaksin Covid-19,0,kesehatan,hoaxid_hf,
hf-12422,[SALAH] Daun Kemangi Obat Penghilang Gatal Kulit,0,kesehatan,hoaxid_hf,
hf-12425,[SALAH] Uni Eropa Akan Menghentikan Program Vaksin Covid-19 Mulai Oktober 2021,0,kesehatan,hoaxid_hf,
hf-12427,[SALAH] Video Pidato Anthony Fauci Mengembangkan Virus Influenza Baru,0,kesehatan,hoaxid_hf,
hf-12430,[SALAH] Judul Berita ITV tentang Seorang Pria Bersedia Divaksin setelah Membuat Tiga Orang Temannya Meninggal karena Covid-19,0,kesehatan,hoaxid_hf,
hf-12434,[SALAH] Balita divaksin “Upaya Menuju Pemusnahan Massal Umat Islam”,0,kesehatan,hoaxid_hf,
hf-12439,[SALAH] IPB Mengumumkan Ranking Sayuran Anti Kanker,0,kesehatan,hoaxid_hf,
hf-12446,[SALAH] Pilot Pesawat Maskapai Delta Meninggal setelah Divaksin,0,kesehatan,hoaxid_hf,
hf-12447,[SALAH] Kasus Positif Covid-19 di Surabaya Naik,0,kesehatan,hoaxid_hf,
hf-12453,[SALAH] Dana Bantuan Kesehatan & Modal Usaha dari Pusat BPJS Kesehatan,0,kesehatan,hoaxid_hf,
hf-12454,[SALAH] Tetesan Jeruk Nipis Dapat Mengobati Mata,0,kesehatan,hoaxid_hf,
hf-12456,[SALAH] Darah Orang yang Divaksin Covid-19 Menjadi Tidak Normal dan Tidak Bisa Donor Darah,0,kesehatan,hoaxid_hf,
hf-12460,[SALAH] Mengonsumsi Bawang Dayak dapat Menyembuhkan Getah Bening hingga Kanker,0,kesehatan,hoaxid_hf,
hf-12462,[SALAH] Minum Air Es Setelah Makan Dapat Sebabkan Kanker,0,kesehatan,hoaxid_hf,
hf-12471,[SALAH] CDC Amerika Serikat Memperingatkan Adanya Penyakit Mirip Polio yang Akan Muncul Pada Akhir Tahun 2021,0,kesehatan,hoaxid_hf,
hf-12473,[SALAH]: Situs Pedulilindungiq.com dan Minta Dana Rp1 Juta Untuk Vaksin Covid-19,0,kesehatan,hoaxid_hf,
hf-12476,[SALAH] Penampakan Protes Wajib Vaksin di Melbourne Tahun 2021,0,kesehatan,hoaxid_hf,
hf-12478,[SALAH] Covid-19 adalah Rencana Depopulasi Dunia,0,kesehatan,hoaxid_hf,
hf-12484,"[SALAH] Sertifikat Vaksin Menjadi Syarat Pengisian BBM di SPBU Wilayah Trumon Raya, Aceh Selatan",0,kesehatan,hoaxid_hf,
hf-12486,[SALAH] Gadget dan Wifi Sebabkan Kanker Darah,0,kesehatan,hoaxid_hf,
hf-12488,[SALAH] Foto PM Singapura Mengantre Vaksin Covid-19,0,kesehatan,hoaxid_hf,
hf-12494,[SALAH] Pesan WhatsApp “Nanas panas ~ dapat membunuh sel kanker!”,0,kesehatan,hoaxid_hf,
hf-12495,[SALAH] Air Rebusan Kayu Manis Dapat Menurunkan Kadar Gula Darah Bagi Penderita Diabetes,0,kesehatan,hoaxid_hf,
hf-12504,[SALAH] WHO Merencanakan Modifikasi Genetik Manusia Melalui Vaksinasi,0,kesehatan,hoaxid_hf,
hf-12505,[SALAH] “Utsmaniy menjadi pelopor dalam penanganan wabah melalui vaksinasi”,0,kesehatan,hoaxid_hf,
hf-12510,[SALAH] Video “Rakyat Menang.. !! Pemerintah Rumania menutup semua pusat vaksin..!”,0,kesehatan,hoaxid_hf,
hf-12512,[SALAH] Vaksin Covid-19 Dapat Mengubah Warna Darah,0,kesehatan,hoaxid_hf,
hf-12516,[SALAH] Tukul Arwana Alami Pendarahan Otak karena Vaksin,0,kesehatan,hoaxid_hf,
hf-12527,[SALAH] Video Demo Menolak Wajib Vaksin di Brazil,0,kesehatan,hoaxid_hf,
hf-12536,[SALAH] Pesan Berantai Cek Gula Darah Gratis sebagai Modus Menyebarkan HIV,0,kesehatan,hoaxid_hf,
hf-12540,[SALAH] Bill Gates Menyarankan Melakukan Depopulasi Dengan Vaksinasi Untuk Solusi Nol Karbon,0,kesehatan,hoaxid_hf,
hf-12541,[SALAH] Pendaftaran Vaksin Nusantara melalui WhatsApp,0,kesehatan,hoaxid_hf,
hf-12547,[SALAH] Mengonsumsi Labu Kuning Dapat Menyembuhkan Covid-19,0,kesehatan,hoaxid_hf,
hf-12554,[SALAH] Vaksin Bukan Syarat Penerbangan Internasional,0,kesehatan,hoaxid_hf,
hf-12557,"[SALAH] Siaran tvOneNews “Harta Pejabat Meningkat Drastis Selama Pandemi, Bonus Jual Corona dan Vaksin”",0,kesehatan,hoaxid_hf,
hf-12561,[SALAH] Panggilan Telepon Informasi Seputar Vaksinasi,0,kesehatan,hoaxid_hf,
hf-12563,[SALAH] Mulai 1 Oktober Pasien Covid Tidak Ditanggung Kemenkes,0,kesehatan,hoaxid_hf,
hf-12584,[SALAH] Judul Berita ITV tentang Efek Samping Vaksin yang Membuat Wajah Menjadi Merah,0,kesehatan,hoaxid_hf,
hf-12588,[SALAH] Banjir Darah di Bandara Kabul,0,kesehatan,hoaxid_hf,
hf-12591,[SALAH] Cat Kuku Pendeteksi Obat Pemerkosa termasuk obat GHB,0,kesehatan,hoaxid_hf,
hf-12592,[SALAH] Artikel CNN dengan Judul “Healthy 40-year Old COVID Victim’s Last Words: I blame unvaccinated for this”,0,kesehatan,hoaxid_hf,
hf-12612,[SALAH] Yakult Dapat Mencegah Kanker Paru-paru,0,kesehatan,hoaxid_hf,
hf-12616,[SALAH] Pesan Berantai Tim Vaksinasi GSP Meminta Data Pribadi,0,kesehatan,hoaxid_hf,
hf-12617,[SALAH] Mencuci Hidung Dengan Garam Menghilangkan Virus Corona,0,kesehatan,hoaxid_hf,
hf-12625,[SALAH] Muammar Gaddafi Prediksi Covid-19,0,kesehatan,hoaxid_hf,
hf-12626,[SALAH] Obat Covid-19 Molnulpiravir Mulai Beredar September Mendatang,0,kesehatan,hoaxid_hf,
hf-12628,[SALAH] Mengonsumsi Banyak Petai Bisa Mengatasi Sakit Kaki hingga Kanker,0,kesehatan,hoaxid_hf,
hf-12637,"[SALAH] Munarman Kritis Total, nasibnya memilukan",0,kesehatan,hoaxid_hf,
hf-12642,"[SALAH] Campuran Air Kelapa Muda, Jeruk Nipis, Garam, dan Madu dapat Mengobati Covid-19",0,kesehatan,hoaxid_hf,
hf-12644,"[SALAH] “WAPRES: VAKSIN MERUPAKAN PERINTAH AGAMA DAN HUKUMNYA WAJIB, MENOLAK MASUK NERAKA??”",0,kesehatan,hoaxid_hf,
hf-12652,"[SALAH] Vaksin Corona Mengandung Babi, Dapat Mengubah DNA, dan Membuat Manusia Jadi Zombie",0,kesehatan,hoaxid_hf,
hf-12672,[SALAH] Vaksin di Gedung Gradika Bakti ditujukan untuk 18-59 Tahun,0,kesehatan,hoaxid_hf,
hf-12679,[SALAH] Pesan Berantai dari Ketua Satgas Covid-19 Dwiyono terkait Metode Menghirup Uap Air Panas untuk Membunuh Virus Corona,0,kesehatan,hoaxid_hf,
hf-12682,[SALAH] Video “Biang covid bill gates kena timpuk dari orang yg geram padanya”,0,kesehatan,hoaxid_hf,
hf-12689,[SALAH] Oseltamivir Obat Covid-19 Berbahaya dan Mematikan,0,kesehatan,hoaxid_hf,
hf-12691,[SALAH] Informasi Vaksin Dosis 1 dan 2 16 Agustus 2021 di RSAL dr. Ramelan Surabaya,0,kesehatan,hoaxid_hf,
hf-12692,[SALAH] Sertifikat Vaksin Covid-19 Bukan Syarat Administrasi,0,kesehatan,hoaxid_hf,
hf-12698,"[SALAH] Munarman Kritis Total, nasibnya memilukan",0,kesehatan,hoaxid_hf,
hf-12706,[SALAH] Foto Aksi Demo Paspor Kesehatan di Paris pada 7 Agustus 2021,0,kesehatan,hoaxid_hf,
hf-12707,[SALAH] Masyarakat Suku Baduy Tidak Pernah Divaksin dalam Ratusan Tahun,0,kesehatan,hoaxid_hf,
hf-12721,[SALAH] Covid-19 Singkatan dari Certification of Vaccination Identification Artificial Intelligence,0,kesehatan,hoaxid_hf,
hf-12726,[SALAH] Tidak Boleh Mengonsumsi Makanan dan Minuman yang Mengandung Alkohol dan Soda setelah Vaksin Covid-19,0,kesehatan,hoaxid_hf,
hf-12728,[SALAH] Hasil Perhitungan Data Orang yang Sudah Divaksinasi Lebih Banyak Terpapar Varian Delta dan Peluang Kematian Lebih Tinggi,0,kesehatan,hoaxid_hf,
hf-12735,[SALAH] Rockefeller Foundation Telah Rencanakan Skenario Pandemi Covid-19 Sejak 2010,0,kesehatan,hoaxid_hf,
hf-12747,"[SALAH] Virus Corona Katanya Ganas dan Mematikan, Tapi yang Mati Selalu di Rumah Sakit",0,kesehatan,hoaxid_hf,
hf-12752,[SALAH] Suku Baduy Tidak Divaksin Covid-19,0,kesehatan,hoaxid_hf,
hf-12753,[SALAH] Video Wawancara CEO Pfizer yang Menolak Divaksin pada Agustus 2021,0,kesehatan,hoaxid_hf,
hf-12754,"[SALAH] Vaksin Astrazeneca, Pfizer, dan Moderna Berafiliasi dengan Bluetooth kecuali Sinovac",0,kesehatan,hoaxid_hf,
hf-12755,[SALAH] Covid-19 Bermutasi Menjadi Virus Baru yang Lebih Berbahaya dan Vaksinasi Timbulkan Virus Lain Dari Covid-19,0,kesehatan,hoaxid_hf,
hf-12757,[SALAH] Dokumen Bank Dunia Tetapkan Covid-19 Sampai Tahun 2025,0,kesehatan,hoaxid_hf,
hf-12760,"[SALAH] “Vaksin Corona Tidak Terbukti Aman dan Efektif, Coronavirus Sama seperti Flu Biasa, Ini adalah Pandemi Palsu”",0,kesehatan,hoaxid_hf,
hf-12762,"[SALAH] Semua Pasien Positif Covid-19 di New South Wales, Australia Sudah Divaksinasi",0,kesehatan,hoaxid_hf,
hf-12770,[SALAH] Dukun Meninggal karena Covid-19 Setelah Menghirup Napas Pasien Covid-19,0,kesehatan,hoaxid_hf,
hf-12771,[SALAH] Video Sebut Bocoran Jadwal Varian Covid-19 Diluncurkan,0,kesehatan,hoaxid_hf,
hf-12772,[SALAH] Air Rebusan Nanas Bisa Membunuh Sel Kanker,0,kesehatan,hoaxid_hf,
hf-12773,[SALAH] Jadwal Vaksinasi Massal di Royal Plaza Surabaya Tanggal 2-6 Agustus 2021,0,kesehatan,hoaxid_hf,
hf-12774,[SALAH] SMS Bantuan BPJS Kesehatan Sebesar Rp78 Juta,0,kesehatan,hoaxid_hf,
hf-12777,[SALAH] Vaksin Covid-19 AstraZeneca Dibuat Sejak 2018,0,kesehatan,hoaxid_hf,
hf-12778,[SALAH] Air Nanas Panas Bisa Membunuh Sel Kanker,0,kesehatan,hoaxid_hf,
hf-12779,[SALAH] Foto Jadwal Perilisan Varian Covid-19,0,kesehatan,hoaxid_hf,
hf-12782,[SALAH] Pernyataan Moh Indro Cahyono “TERBONGKAR SUDAH!!! FAKTA COVID 19”,0,kesehatan,hoaxid_hf,
hf-12788,"[SALAH] “Tanggal pembuatan vaksin adalah 2018, setahun sebelum Covid-19 melanda”",0,kesehatan,hoaxid_hf,
hf-12794,[SALAH] Bantuan PPKM Rp1 Juta Bagi Pemilik Sertifikat Vaksinasi,0,kesehatan,hoaxid_hf,
hf-12797,[SALAH] Daun Sungkai dapat Menangkal Covid-19,0,kesehatan,hoaxid_hf,
hf-12798,[SALAH] BNPB Membuka Donasi Kaos Oblong bagi Tenaga Medis dan Relawan Satgas Covid 19,0,kesehatan,hoaxid_hf,
hf-12803,[SALAH] Data Pendonor Plasma Darah Konvalesen Area Jogja,0,kesehatan,hoaxid_hf,
hf-12807,"[SALAH] Gambar Artikel Kompas berjudul “Hemoglobin Rendah dan Butuh Tranfusi Darah, Karl Marx Pilih Pendonor yang Hafal Das Kapital “",0,kesehatan,hoaxid_hf,
hf-12809,[SALAH] Orang yang Pernah Terinfeksi Covid-19 Memiliki Imunitas Lebih Baik Ketimbang yang Divaksin,0,kesehatan,hoaxid_hf,
hf-12810,[SALAH] Air Keran Positif Covid-19,0,kesehatan,hoaxid_hf,
hf-12811,[SALAH] Vaksin dengan Pfizer Dapat Menularkan Virus ke Orang yang Belum Divaksin,0,kesehatan,hoaxid_hf,
hf-12815,[SALAH] Vaksin Mengandung Racun Berbahaya,0,kesehatan,hoaxid_hf,
hf-12818,[SALAH] CNN Indonesia Menawarkan Hadiah agar Warga Bersedia Divaksin,0,kesehatan,hoaxid_hf,
hf-12819,[SALAH] Foto Beberapa Jenazah Covid-19 di Bekasi,0,kesehatan,hoaxid_hf,
hf-12821,[SALAH] Mata Jenazah Covid-19 diambil tanpa Sepengetahuan Keluarga,0,kesehatan,hoaxid_hf,
hf-12823,[SALAH] Video “pengurusan Covid di Indon”,0,kesehatan,hoaxid_hf,
hf-12827,[SALAH] Foto Suasana Demo Anti-Vaksin di Prancis,0,kesehatan,hoaxid_hf,
hf-12835,"[SALAH] Ketentuan Baru, Mau Buat KTP Harus Punya Sertifikat Vaksin",0,kesehatan,hoaxid_hf,
hf-12840,[SALAH] Barcode pada Vaksin Covid-19 Mengontrol Manusia Sampai Mati,0,kesehatan,hoaxid_hf,
hf-12841,[SALAH] “AKHIRNYA!! DUNIA SETUJUI VAKSIN NUSANTARA”,0,kesehatan,hoaxid_hf,
hf-12842,[SALAH] Campuran Lemon dan Soda Kue Dapat Membunuh Virus Corona,0,kesehatan,hoaxid_hf,
hf-12846,[SALAH] Minuman Penambah Imun untuk Cegah Penularan Virus COVID-19,0,kesehatan,hoaxid_hf,
hf-12847,[SALAH] Bawang Putih Bisa Keluarkan Cairan di Paru-paru Akibat Covid-19,0,kesehatan,hoaxid_hf,
hf-12850,"[SALAH] Video Kondisi Gibran “BERITA TERBARU HARI INI~ISTANA BANJIR TANGIS,VIRUS MENGGROGOTI TUBUHNYA HINGGA BEGINI~VIRAL NEWS JKW”",0,kesehatan,hoaxid_hf,
hf-12851,"[SALAH] Singapura Negara Pertama yang Lakukan Otopsi Jenazah Covid-19, Sumber Kemenkes Singapura",0,kesehatan,hoaxid_hf,
hf-12852,[SALAH] Pernyataan “Semua orang yang divaksinasi akan mati dalam 2 tahun” oleh Luc Montagnier,0,kesehatan,hoaxid_hf,
hf-12860,[SALAH] “Semangkin Gawat Indonesia sekarang ini! Banyaknya Rumah Sakit Penerima Vaksin Palsu!”,0,kesehatan,hoaxid_hf,
hf-12861,[SALAH] Nilai CT Pada Tes PCR Menentukan Kesembuhan Pasien Covid-19,0,kesehatan,hoaxid_hf,
hf-12863,[SALAH] Banyaknya Varian Covid-19 Muncul Setelah Vaksinasi Dilakukan,0,kesehatan,hoaxid_hf,
hf-12864,[SALAH] Labu Kuning Kukus Dapat Sembuhkan Covid-19,0,kesehatan,hoaxid_hf,
hf-12865,[SALAH] Chemtrails Penyebar Virus Penyakit Muncul di Langit Pantura,0,kesehatan,hoaxid_hf,
hf-12867,[SALAH] Kurir Tetap Bekerja Meski Terpapar Covid-19,0,kesehatan,hoaxid_hf,
hf-12868,[SALAH] Foto Ajakan untuk Stop Upload Berita Covid-19 oleh Pemerintah Kabupaten Gresik,0,kesehatan,hoaxid_hf,
hf-12869,[SALAH] Tabung Selam Dapat Digunakan sebagai Pengganti Tabung Oksigen Medis,0,kesehatan,hoaxid_hf,
hf-12871,"[SALAH] Video “Di Probolinggo, 16 Juli 2021 Meninggal bersama 5 orang serumah setelah di vaksin”",0,kesehatan,hoaxid_hf,
hf-12872,[SALAH] Video “Potensi Bahaya Vaksin COVID-19”,0,kesehatan,hoaxid_hf,
hf-12876,[SALAH] Air Keran Dapat Positif Covid-19 Setelah Ditest Menggunakan Device Rapid Test Antigen,0,kesehatan,hoaxid_hf,
hf-12877,[SALAH] Daun Teh Pinus Putih hentikan bahaya Vaksin Covid-19,0,kesehatan,hoaxid_hf,
hf-12882,[SALAH] “Tidak ada mesjid yang akan ditutup di Turki dari ancaman virus corona”,0,kesehatan,hoaxid_hf,
hf-12894,[SALAH] Berkumur dengan Air Garam dan Meminum Air Hangat Dapat Membunuh Virus Corona di Dalam Perut,0,kesehatan,hoaxid_hf,
hf-12897,"[SALAH] Cuci Hidung dengan NaCl 0,9% dapat Menghilangkan Virus dan Bakteri di Lubang Hidung",0,kesehatan,hoaxid_hf,
hf-12902,[SALAH] Detektor Radiasi Elektromagnetik dapat Mendeteksi Radiasi dari Vaksin Covid-19,0,kesehatan,hoaxid_hf,
hf-12905,[SALAH] Video Akting Plandemi Jenazah Pasien Covid-19 dapat Bergerak,0,kesehatan,hoaxid_hf,
hf-12907,"[SALAH] Racikan Air Kelapa Muda, Jeruk Nipis, Garam, dan Madu dapat Membunuh Virus Covid-19",0,kesehatan,hoaxid_hf,
hf-12908,[SALAH] Seorang Pria Tewas karena Makan Durian setelah Divaksin,0,kesehatan,hoaxid_hf,
hf-12909,[SALAH] FDA Amerika Sebut Invermectin Dapat Digunakan Untuk Sembuhkan Covid-19,0,kesehatan,hoaxid_hf,
hf-12919,[SALAH] Air Rebusan Bawang Putih Dapat Menyembuhkan Covid,0,kesehatan,hoaxid_hf,
hf-12921,[SALAH] “Varian baru Covid-19 tidak lain dari infeksi protein spike dari vaksin”,0,kesehatan,hoaxid_hf,
hf-12923,[SALAH] Suara Adzan Di Masjid Dapat Mengecilkan Virus Corona,0,kesehatan,hoaxid_hf,
hf-12925,"[SALAH] Campuran Air Panas dan Lemon, Rahasia Vietnam Tak Alami Kasus Kematian Akibat Covid-19",0,kesehatan,hoaxid_hf,
hf-12938,"[SALAH] Virus Corona Sangat Ganas Dan Menakutkan, Tapi Anehnya yang Mati Semua Di Rumah Sakit",0,kesehatan,hoaxid_hf,
hf-12940,[SALAH] Per 1 Juli 2021 Mengurus SIM dan SKCK Membutuhkan Sertifikat Vaksin Covid,0,kesehatan,hoaxid_hf,
hf-12941,[SALAH] Ketersediaan Ventilator Cukup Memadai dan Obat Ivermectin Sudah Akan Diproduksi Massal,0,kesehatan,hoaxid_hf,
hf-12948,[SALAH] Foto “Orang India membuang ribuan berhala ke jalan karena ketidakmampuan mereka melindungi masyarakat dari virus Corona”,0,kesehatan,hoaxid_hf,
hf-12949,[SALAH] CT Value Sebagai Penentu Kesembuhan Pasien Covid-19,0,kesehatan,hoaxid_hf,
hf-12950,[SALAH] Insentif Tenaga Kesehatan Selama Pandemi Covid-19 Dihentikan Pemerintah Pusat,0,kesehatan,hoaxid_hf,
hf-12953,[SALAH] Foto Daftar Obat Dari RS Yang Bisa Digunakan Sendiri oleh Pasien Covid-19,0,kesehatan,hoaxid_hf,
hf-12954,"Sebuah artikel online membagikan dokumen rahasia yang bocor dan disandingkan dengan sebuah informasi yang mengklaim bahwa Perusahaan Biofarmasi Moderna, Inc mengembangkan Vaksin Covid-19 sebelum muncu",0,kesehatan,hoaxid_hf,
hf-12959,[SALAH] Pesan Berantai BFL (Blood For Life) Indonesia untuk Kebutuhan Donor Darah,0,kesehatan,hoaxid_hf,
hf-12961,[SALAH] Sinar X dalam TV Tabung Dapat Membunuh Virus dalam 8 Jam,0,kesehatan,hoaxid_hf,
hf-12967,[SALAH] WHO Tetapkan Indonesia Sebagai Negara High Risk Covid-19,0,kesehatan,hoaxid_hf,
hf-12968,[SALAH] Daftar Obat dari RS yang Bisa Digunakan Sendiri oleh Pasien Covid-19,0,kesehatan,hoaxid_hf,
hf-12971,[SALAH] Parasetamol P-500 mengandung virus Machupo,0,kesehatan,hoaxid_hf,
hf-12972,[SALAH] Video “Sri Mulyani suntik vaksin utk pencitraan tp kamera gak bisa boong di jarum suntik ga ada isi vaksin nya”,0,kesehatan,hoaxid_hf,
hf-12981,[SALAH] Meminum Minuman Panas dan Menghirup Uap Panas Dapat Membunuh Virus Corona,0,kesehatan,hoaxid_hf,
hf-12984,[SALAH] Anies Baswedan Hanya Mengurusi Asbak dan Tidak Mengurusi Covid di Jakarta,0,kesehatan,hoaxid_hf,
hf-12986,[SALAH] Covid-19 Tidak Mematikan,0,kesehatan,hoaxid_hf,
hf-12990,[SALAH] Rajin Wudhu Aman dari Virus,0,kesehatan,hoaxid_hf,
hf-12992,[SALAH] Resep Obat Untuk Pasien Covid-19,0,kesehatan,hoaxid_hf,
hf-12993,"[SALAH] Jateng Membludak, Media TV Hanya Liput Covid-19 di DKI Jakarta",0,kesehatan,hoaxid_hf,
hf-12995,[SALAH] Vaksinasi Massal Gratis 22 Juni 2021 di Kota Bogor untuk Umum 18 Tahun Ke Atas,0,kesehatan,hoaxid_hf,
hf-12996,[SALAH] Konsumsi Nigella Oil Menghilangkan Pendarahan di Tenggorokan Orang yang Terdampak Covid,0,kesehatan,hoaxid_hf,
hf-12998,[SALAH] Pesan Berantai “SANDIWARA CORONA” dari Ikatan Dokter Indonesia (IDI),0,kesehatan,hoaxid_hf,
hf-13000,"[SALAH] Mengandung Virus Baru, Merek Handsanitizer ‘Farah’ Dapat Sebabkan Tangan Melepuh",0,kesehatan,hoaxid_hf,
hf-13030,"[SALAH] “Pemkot Pekanbaru, Riau menarik vaksin Covid-19 karena keampuhan vaksin masih tarik ulur”",0,kesehatan,hoaxid_hf,
hf-13031,[SALAH] Pesepakbola Christian Eriksen Terkena Serangan Jantung setelah Divaksin,0,kesehatan,hoaxid_hf,
hf-13033,[SALAH] Vaksinasi Sebabkan Varian Baru COVID-19,0,kesehatan,hoaxid_hf,
hf-13039,[SALAH] Foto “The Last Moment Dokter Hadio”,0,kesehatan,hoaxid_hf,
hf-13041,[SALAH] Pemberian Obat Bius usai Vaksinasi Covid-19 Bisa Akibatkan Kematian,0,kesehatan,hoaxid_hf,
hf-13054,[SALAH] Video “Eric Tohir Sangat Terbuka Menjelaskan Tentang Chip yang Ada dalam Vaksin Covid-19”,0,kesehatan,hoaxid_hf,
hf-13082,[SALAH] Foto-foto “Orang Mati COVID-19 yang Dilempar ke Laut Tiba di Laut Sabah”,0,kesehatan,hoaxid_hf,
hf-13089,[SALAH] Bahaya Donor Darah Dari Orang yang Sudah Divaksin Covid-19,0,kesehatan,hoaxid_hf,
hf-13090,[SALAH] Video 450 Kantong Jenazah Covid-19 Berisikan Kertas,0,kesehatan,hoaxid_hf,
hf-13091,[SALAH] Menerima Donor Darah dari Orang yang Sudah di Vaksinasi Covid-19 Berbahaya,0,kesehatan,hoaxid_hf,
hf-13110,[SALAH] Suntikan Vaksin Kosong di Indonesia,0,kesehatan,hoaxid_hf,
hf-13115,"[SALAH] Campuran Air Kelapa Muda, Jeruk Nipis dan Garam dapat Menyembuhkan Covid-19",0,kesehatan,hoaxid_hf,
hf-13120,"[SALAH] Tangkapan Layar “hati2,,, rakyat akan dibunuh vaksin Cina,,,!” Video CNN Indonesia",0,kesehatan,hoaxid_hf,
hf-13130,"[SALAH] Setelah Divaksin, Tubuh Punya Daya Magnetis dan Dapat Dikoneksikan ke Bluetooth",0,kesehatan,hoaxid_hf,
hf-13140,[SALAH] Ekstrak Akar Dandelion Dapat Membunuh 98% Sel Kanker Dalam 48 Jam,0,kesehatan,hoaxid_hf,
hf-13149,"[SALAH] Berada Di Sekitar Orang yang Baru Divaksin, Dapat Sebabkan Gangguan Menstruasi Pada Wanita",0,kesehatan,hoaxid_hf,
hf-13150,[SALAH] Memakan Bawang Merah dan Meneteskan Air Perasan Lemon ke Hidung Dapat Mengobati Covid-19,0,kesehatan,hoaxid_hf,
hf-13151,[SALAH] Luka Warga Palestina Akibat Serangan Israel Ternyata Hasil Make Up,0,kesehatan,hoaxid_hf,
hf-13156,[SALAH] Gejala Baru pada Virus Corona Covid-19 yang Bermutasi,0,kesehatan,hoaxid_hf,
hf-13166,[SALAH] Vaksin Covid-19 Mengandung Microchip Magnetik,0,kesehatan,hoaxid_hf,
hf-13168,[SALAH] Video “Warga Malaysia antri nginep di stadion shah alam…semua positif covid 19”,0,kesehatan,hoaxid_hf,
hf-13173,[SALAH] Obat dan Bahan Herbal Mencegah Covid,0,kesehatan,hoaxid_hf,
hf-13175,[SALAH] Magnet Bisa Menempel pada Lengan Orang yang Sudah Divaksin Covid-19,0,kesehatan,hoaxid_hf,
hf-13183,[SALAH] Jumlah Kasus COVID-19 di JATIM Meledak,0,kesehatan,hoaxid_hf,
hf-13205,[SALAH] Video Pernyataan “Netanyahu Akan Membunuh Muslim dengan Vaksin”,0,kesehatan,hoaxid_hf,
hf-13206,[SALAH] Vaksin Covid-19 Beresiko Tinggi Bagi Perempuan yang Sedang Menstruasi,0,kesehatan,hoaxid_hf,
hf-13210,"[SALAH] Jengkol, Pete, Pepaya Sebabkan Stroke! Dapat Reda Dengan Mengeluarkan Darah Dari Ujung Jari",0,kesehatan,hoaxid_hf,
hf-13222,"[SALAH] Indonesia berduka, 10 Dokter meninggal pada hari yang sama akibat terinfeksi Covid-19",0,kesehatan,hoaxid_hf,
hf-13224,[SALAH] Mengonsumsi Air Hangat dan Berkumur Dengan Air Garam Dapat Hilangkan Virus Corona,0,kesehatan,hoaxid_hf,
hf-13234,[SALAH] Video Warga India Menyerang Kendaraan Tenaga Medis dan Menolak PCR,0,kesehatan,hoaxid_hf,
hf-13239,[SALAH] Mendeteksi Virus Corona dengan Menahan Napas 10 Detik,0,kesehatan,hoaxid_hf,
hf-13249,[SALAH] Foto Hasil CT Scan Paru-Paru Orang Yang Telah Divaksin dan Belum Divaksin,0,kesehatan,hoaxid_hf,
hf-13263,[SALAH] Foto “Kremasi massal saat melonjaknya jumlah kasus infeksi Covid-19 India”,0,kesehatan,hoaxid_hf,
hf-13266,[SALAH] Pesan Berantai Mengatasnamakan Satgas Covid-19 Pusat,0,kesehatan,hoaxid_hf,
hf-13269,"[SALAH] Covid-19 Adalah Bakteri yang Terpapar Radiasi, Sumber: Kementerian Kesehatan Rusia",0,kesehatan,hoaxid_hf,
hf-13278,[SALAH] Video “Seseorang yang wafat karena terinfeksi virus Covid-19 mempercayakan teman baiknya untuk membuang uangnya di Times Square di New York”,0,kesehatan,hoaxid_hf,
hf-13302,[SALAH] Foto Syuting Film Horor agar Masyarakat Indonesia Mau Divaksin,0,kesehatan,hoaxid_hf,
hf-13312,[SALAH] Vaksin Covid-19 Pfizer Bakal Ditambah Chip Microsoft untuk Kurangi Gejala,0,kesehatan,hoaxid_hf,
hf-13313,[SALAH] Bantuan Dana dari BPJS Kesehatan,0,kesehatan,hoaxid_hf,
hf-13323,[SALAH] Foto Seorang Lansia Menggunakan Alat Bantu Pernapasan di Jalan karena Kasus Covid-19 di India Meningkat Drastis,0,kesehatan,hoaxid_hf,
hf-13329,[SALAH] Ketua DPRD Mimika Meninggal Akibat Vaksin,0,kesehatan,hoaxid_hf,
hf-13339,"[SALAH] Menghirup Kapur Barus, Cengkeh, Biji Karom, dan Minyak Kayu Putih dapat Meredakan Sesak Nafas Akibat Infeksi COVID-19",0,kesehatan,hoaxid_hf,
hf-13358,[SALAH] Makan Bawang Mentah dan Garam bisa Ubah Positif Covid-19 Menjadi Negatif setelah 15 Menit,0,kesehatan,hoaxid_hf,
hf-13360,"[SALAH] Kenaikan Limfosit Usai Vaksin, Sebabkan Kematian",0,kesehatan,hoaxid_hf,
hf-13368,[SALAH] Video Membuang Uang di Times Square untuk Teman Baiknya yang Meninggal karena Covid-19,0,kesehatan,hoaxid_hf,
hf-13371,[SALAH] Meletakkan Bawang di Bawah Telapak Kaki Dapat Menyembuhkan Kanker dan Malaria,0,kesehatan,hoaxid_hf,
hf-13376,[SALAH] Video Seorang Kakek Ditahan Karena Tidak Memakai Masker Setelah Vaksinasi,0,kesehatan,hoaxid_hf,
hf-13381,[SALAH] Seluruh Hewan Percobaan Vaksin Covid-19 Terbukti Mati Karena Suntik Vaksin,0,kesehatan,hoaxid_hf,
hf-13383,[SALAH] Tim Vaksinasi GSP Cari Data Penerima Vaksin,0,kesehatan,hoaxid_hf,
hf-13398,"[SALAH] Positif Covid Disebabkan oleh Kekurangan Vitamin, Bukan oleh Virus",0,kesehatan,hoaxid_hf,
hf-13399,"[SALAH] “vaksin korongna itu mRNA, ini bukan vaksin tapi terapi gen, mRNA ini jadi instruksi untuk menyebabkan mutasi”",0,kesehatan,hoaxid_hf,
hf-13404,[SALAH] Kota Tarakan Kalimantan Utara Bebas Covid-19,0,kesehatan,hoaxid_hf,
hf-13407,[SALAH] Pentagon Ciptakan Mikrochip Deteksi Covid-19,0,kesehatan,hoaxid_hf,
hf-13424,[SALAH] “Korban Vaksin Lagi. Kini anggota Brimob di Maluku”,0,kesehatan,hoaxid_hf,
hf-13425,[SALAH] Pemerintah Inggris Menurunkan Status Covid-19 Karena Covid-19 Bisa Sembuh dengan Paracetamol,0,kesehatan,hoaxid_hf,
hf-13433,[SALAH] Penggunaan Masker dapat Menyebabkan Kematian Akibat Covid-19,0,kesehatan,hoaxid_hf,
hf-13436,[SALAH] Foto “Munarman udah divaksin”,0,kesehatan,hoaxid_hf,
hf-13437,[SALAH] Pembersih Alat Rapid Test Corona Bisa Sebabkan Kanker,0,kesehatan,hoaxid_hf,
hf-13443,[SALAH] Muhammadiyah Larang Masyarakat dengan KTP Non-Islam Ikut Vaksin,0,kesehatan,hoaxid_hf,
hf-13444,[SALAH] Vaksin Covid-19 Pfizer Dijual Online di Malaysia,0,kesehatan,hoaxid_hf,
hf-13450,[SALAH] Vaksin Melemahkan Kekuatan TNI,0,kesehatan,hoaxid_hf,
hf-13459,"[SALAH] Artikel berjudul “China Tidak Bisa Berbohong Lagi, WHO Akhirnya Bongkar Asal Usul Virus Corona yang Sebenarnya, Benarkah Dunia Sudah Dibohongi Selama Ini?”",0,kesehatan,hoaxid_hf,
hf-13461,"[SALAH] Video “Lebih banyak mayat bertumpuk akibat COVID, tapi salah satunya menghisap rokok”",0,kesehatan,hoaxid_hf,
hf-13463,[SALAH] Makanan Kaleng dari Thailand Menularkan Virus AIDS,0,kesehatan,hoaxid_hf,
hf-13464,[SALAH] Website Portal Vaksin Covid-19 “corporate-realty.co”,0,kesehatan,hoaxid_hf,
hf-13466,[SALAH] Vaksin Covid-19 Merusak Sel Otak dan Sel Darah,0,kesehatan,hoaxid_hf,
hf-13472,[SALAH] Vaksin Bisa Merusak Sel Darah dan Sel Otak,0,kesehatan,hoaxid_hf,
hf-13481,[SALAH] “vaksin di Drive thrue banyak yg dibohongin Begini SDM kita”,0,kesehatan,hoaxid_hf,
hf-13493,[SALAH] Postingan Terkait Antibodi dan Covid-19 dari Dekan IPB,0,kesehatan,hoaxid_hf,
hf-13494,[SALAH] Air Rebusan Pare Bisa Membunuh Sel Kanker,0,kesehatan,hoaxid_hf,
hf-13503,[SALAH] Bantuan Penanganan Covid-19 untuk Pondok Pesantren dan Panti Asuhan oleh Wakil Ketua DPRD Pasuruan,0,kesehatan,hoaxid_hf,
hf-13509,"[SALAH] Khawatir Tim Medis Lupa Jenis Vaksin yang Diberikan, Sertifikat Vaksin Harus Disimpan",0,kesehatan,hoaxid_hf,
hf-13517,[SALAH] Ekstrak Nanas Bisa Dijadikan Obat Virus Corona,0,kesehatan,hoaxid_hf,
hf-13521,[SALAH] “setelah vaksin Covid-19 selama 5 bulan tak boleh minum yg mengandung alkohol”,0,kesehatan,hoaxid_hf,
hf-13524,[SALAH] Guru di Garut Lumpuh Usai Divaksin Covid-19,0,kesehatan,hoaxid_hf,
hf-13525,[SALAH] Dilarang Mengonsumsi Tape Singkong Usai Divaksin Covid-19,0,kesehatan,hoaxid_hf,
hf-13526,"[SALAH] Vaksin Berbasis mRna, Dapat Menyebabkan Kanker",0,kesehatan,hoaxid_hf,
hf-13527,[SALAH] Pancaran Radiasi Wifi Berakibat Kanker Darah Pada Anak,0,kesehatan,hoaxid_hf,
hf-13528,[SALAH] “Yg vaksin jgn Lupa Kalau bisa sesuaikan Surat vaccine Nanti itu namanya sesuai Passport”,0,kesehatan,hoaxid_hf,
hf-13538,[SALAH] “Tulisan ini dari kawan-kawan komunitas IDI (Ikatan Dokter Indonesia)”,0,kesehatan,hoaxid_hf,
hf-13539,[SALAH] Tentara Angkatan Laut Australia Mengalami Efek Samping Parah setelah Divaksin Covid-19,0,kesehatan,hoaxid_hf,
hf-13552,[SALAH] Rumput Paragis untuk Menyembuhkan Kanker,0,kesehatan,hoaxid_hf,
hf-13555,[SALAH] Pengumuman Jadwal Vaksinasi untuk Umum di Wilayah Jawa Barat Maret 2021 oleh Gubernur,0,kesehatan,hoaxid_hf,
hf-13556,[SALAH] Vaksin Covid-19 Sirup untuk yang Takut Disuntik,0,kesehatan,hoaxid_hf,
hf-13564,[SALAH] Foto Gubernur Korea Selatan Menggunakan Jaket saat Divaksin,0,kesehatan,hoaxid_hf,
hf-13565,[SALAH] 17 Negara Melarang Penyebaran Vaksin AstraZeneca,0,kesehatan,hoaxid_hf,
hf-13566,[SALAH] Foto Botol Vaksin Kadrun,0,kesehatan,hoaxid_hf,
hf-13569,[SALAH] Pesan Berantai Berisi Grafik Kadar Antibodi usai Divaksin Covid-19,0,kesehatan,hoaxid_hf,
hf-13570,[SALAH] Lowongan Kerja Dinas Kesehatan Kabupaten Bojonegoro,0,kesehatan,hoaxid_hf,
hf-13573,"[SALAH] Pemilik Rekening BRI yang Telah Divaksin Dapat Bantuan Rp 1,5 Juta",0,kesehatan,hoaxid_hf,
hf-13574,[SALAH] Pesan Berantai Informasi Vaksin Covid-19 Paling Aman dari Artikel New York Times,0,kesehatan,hoaxid_hf,
hf-13579,[SALAH] Episode Sitkom Bajaj Bajuri Ramalkan Virus Corona Tahun 2021,0,kesehatan,hoaxid_hf,
hf-13581,[SALAH] Tidak Ada Kasus Covid-19 di Bhutan karena Penduduknya Vegetarian,0,kesehatan,hoaxid_hf,
hf-13582,[SALAH] Vaksin Sinovac Kadaluwarsa 25 Maret 2021 dan Dibuat Sebelum Pandemi,0,kesehatan,hoaxid_hf,
hf-13591,[SALAH] Vaksinasi Covid-19 untuk Warga Non DKI Jakarta di Istora Senayan,0,kesehatan,hoaxid_hf,
hf-13600,[SALAH] Pesan Berantai Whatsapp Bantuan Sosial Finansial Rp3.550.00 Dari BPJS Kesehatan,0,kesehatan,hoaxid_hf,
hf-13602,"[SALAH] “Vaksin Sinovac, Vaksin yg sebenarnya di peruntukkan untuk ayam”",0,kesehatan,hoaxid_hf,
hf-13603,[SALAH] Rusia Menemukan bahwa Covid-19 Tidak Disebabkan oleh Virus,0,kesehatan,hoaxid_hf,
hf-13604,[SALAH] Rebusan Daun Jambu Biji Dicampur Cuka Bisa Bunuh Virus Covid-19,0,kesehatan,hoaxid_hf,
hf-13605,[SALAH] Sentra Vaksinasi Covid-19 Istora Senayan Terbuka untuk Semua Pemegang KTP,0,kesehatan,hoaxid_hf,
hf-13612,"[SALAH] Bio Farma Mengadakan Vaksinasi Covid-19 pada Jumat, 12 Maret 2021",0,kesehatan,hoaxid_hf,
hf-13614,[SALAH] Vaksin Sinovac berisikan Virus Hidup yang dilemahkan serta mengandung Sel Vero dan Bahan-Bahan Berbahaya,0,kesehatan,hoaxid_hf,
hf-13615,[SALAH] Video “Vaksinasi di.mall T.Anggrek”,0,kesehatan,hoaxid_hf,
hf-13618,[SALAH] Menghirup Uap Panas Teh Herbal Dapat Mencegah dan Menyembuhkan COVID-19,0,kesehatan,hoaxid_hf,
hf-13627,[SALAH] Banyak Data Orang Meninggal Dunia Akibat Vaksin Covid-19,0,kesehatan,hoaxid_hf,
hf-13628,[SALAH] Pesan Berantai Video “Potensi Bahaya Vaksin COVID-19”,0,kesehatan,hoaxid_hf,
hf-13630,[SALAH] Uap Panas Hasil Rebusan Daun Jambu dapat Mengobati Covid-19,0,kesehatan,hoaxid_hf,
hf-13631,[SALAH] Terdapat Paku Dalam Kapsul Obat,0,kesehatan,hoaxid_hf,
hf-13632,[SALAH] Vaksin Moderna Dirancang untuk Mengubah DNA Manusia,0,kesehatan,hoaxid_hf,
hf-13636,[SALAH] Pemberian Vaksin Covid-19 oleh Badan Litbangkes,0,kesehatan,hoaxid_hf,
hf-13637,[SALAH] “kenapa semua nya meninggal dengan ciri ciri penyebab yg sama seperti korban vaksin Covid-19 lain di luar negeri”,0,kesehatan,hoaxid_hf,
hf-13646,[SALAH] Vaksinasi di PPSDMK Cukup Bawa KTP Sebagai Syarat,0,kesehatan,hoaxid_hf,
hf-13655,[SALAH] Vaksin Covid-19 Bisa Bikin Wanita Mandul,0,kesehatan,hoaxid_hf,
hf-13663,"[SALAH] “Anosmia Bukan Gejala khas Virus, Minum aja Mecobalamin 5 cap setiap 1 jam sampai diare ringan”",0,kesehatan,hoaxid_hf,
hf-13672,[SALAH] BPJS Kesehatan Memberikan Bantuan Dana Rp50 Juta Kepada TKW,0,kesehatan,hoaxid_hf,
hf-13674,[SALAH] Akun WhatsApp Juru Bicara Vaksinasi Covid-19 Meminta Sejumlah Dana,0,kesehatan,hoaxid_hf,
hf-13681,[SALAH] Demonstrasi Memprotes Kebijakan Covid-19 di Romania,0,kesehatan,hoaxid_hf,
hf-13686,[SALAH] Memakai Masker Secara Terus Menerus Akan Menyebabkan Kanker Paru-Paru,0,kesehatan,hoaxid_hf,
hf-13694,[SALAH] Bantuan 37 Juta Rupiah dari BPJS Kesehatan,0,kesehatan,hoaxid_hf,
hf-13695,[SALAH] Foto Efek Samping Yang Dialami Setelah Vaksinasi Moderna Covid-19,0,kesehatan,hoaxid_hf,
hf-13706,[SALAH] Pernyataan Ketua Satgas Covid terkait Hirup Uap Air Panas Membunuh Virus Corona,0,kesehatan,hoaxid_hf,
hf-13713,[SALAH] “Tips Kesehatan Membuang Batu Empedu”,0,kesehatan,hoaxid_hf,
hf-13725,[SALAH] “setelah di vaksin maka kasus HIV dan kanker akan meledak”,0,kesehatan,hoaxid_hf,
hf-13726,[SALAH] “wabah flu Spanyol penyebabnya bukan virus melainkan gejala pneumonia oleh bakteri akibat oleh karena adanya wajib masker”,0,kesehatan,hoaxid_hf,
hf-13743,"[SALAH] “TERKUAK, Ternyata Jemaah Haji Indonesia Ditolak Bukan Karena Covid 19”",0,kesehatan,hoaxid_hf,
hf-13746,[SALAH] Jambu Kristal Putih Dapat Menangkal Covid-19,0,kesehatan,hoaxid_hf,
hf-13762,"[SALAH] “Covid-19 BUKAN Virus, Sumber : Kementerian Kesehatan Italy”",0,kesehatan,hoaxid_hf,
hf-13769,[SALAH] Kondisi Seorang Remaja Perempuan Setelah Vaksinasi Covid-19,0,kesehatan,hoaxid_hf,
hf-13780,[SALAH] Vietnam Tanpa Kasus Kematian Akibat Covid-19 karena Campuran Teh Panas dan Lemon,0,kesehatan,hoaxid_hf,
hf-13784,[SALAH] Kematian Ustadz Maaher akibat Disuntik Vaksin,0,kesehatan,hoaxid_hf,
hf-13785,[SALAH] Dokter Italia Temukan Penyebab Covid-19 dari Bakteri Terpapar 5G,0,kesehatan,hoaxid_hf,
hf-13790,[SALAH] Minum Air Hangat 4 Kali Sehari Dapat Menyembuhkan Covid-19,0,kesehatan,hoaxid_hf,
hf-13798,[SALAH] Vietnam Tanpa Kasus Kematian Covid-19 karena Minum Teh Panas Dicampur Lemon,0,kesehatan,hoaxid_hf,
hf-13799,[SALAH] Video Tata Cara Hilangkan Covid-19 Saat Isolasi Mandiri di Rumah,0,kesehatan,hoaxid_hf,
hf-13800,"[SALAH] “SETAHUN Koma di Rumah Sakit, Begitu Siuman Pria Ini Syok Orang-orang Tercinta Meninggal karena Covid”",0,kesehatan,hoaxid_hf,
hf-13812,[SALAH] Fenomena Banjir Darah di Pekalongan,0,kesehatan,hoaxid_hf,
hf-13825,[SALAH] Pekalongan Dilanda Banjir Darah,0,kesehatan,hoaxid_hf,
hf-13829,[SALAH] Yahya Waloni Menuai Balasan dari Ucapannya yang Menantang Covid-19 dan Enggan Menggunakan Masker,0,kesehatan,hoaxid_hf,
hf-13830,[SALAH] Obat Klorin Dioksida Temuan Prof Dr Richard Claproth Dapat Menyembuhkan Covid-19,0,kesehatan,hoaxid_hf,
hf-13832,[SALAH] Video Air Rebusan Belimbing Wuluh Dapat Mencegah dan Menyembuhkan Covid-19,0,kesehatan,hoaxid_hf,
hf-13838,[SALAH] Tanzania Terbebas dari Covid-19,0,kesehatan,hoaxid_hf,
hf-13842,[SALAH] Ramuan Penangkal Covid-19 oleh Kemenkes,0,kesehatan,hoaxid_hf,
hf-13847,[SALAH] Air Rebusan Belimbing Bisa Cegah dan Sembuhkan Covid-19,0,kesehatan,hoaxid_hf,
hf-13852,[SALAH] Menteri Kesehatan Thailand Menangis Saat Mendapat Vaksin Covid-19,0,kesehatan,hoaxid_hf,
hf-13853,[SALAH] Bantuan Covid-19 untuk Pemilik SIM A dan C oleh Asuransi Jasa Raharja,0,kesehatan,hoaxid_hf,
hf-13858,[SALAH] “Satu2nya negara yg tidak ada COVID19-nya TANZANIA. Mereka gak pernah adakan Rapid Test n PCR kepada penduduknya”,0,kesehatan,hoaxid_hf,
hf-13862,[SALAH] Pesan Berantai “Paradox vaksin”,0,kesehatan,hoaxid_hf,
hf-13863,"[SALAH] “test Ge Nose C19, Mudah n murah. Rp 15 rb, 10 detik, akurasi 99,9%. Gak hrs swab, gak hrs diambil darah”",0,kesehatan,hoaxid_hf,
hf-13872,[SALAH] Dua Kekasih Tidak Lepas Berpelukan Setelah Berhubungan Intim di Jalan,0,kesehatan,hoaxid_hf,
hf-13874,[SALAH] “Gereja Haramkan Vaksin kok MUI Halalkan Vaksin?”,0,kesehatan,hoaxid_hf,
hf-13883,[SALAH] Lianhua Qingwen Dapat Digunakan Sebagai Obat Covid-19,0,kesehatan,hoaxid_hf,
hf-13887,[SALAH] Nomor Palsu Satgas Covid-19 Beredar di Whatsapp,0,kesehatan,hoaxid_hf,
hf-13889,[SALAH] Berkumur dengan Air Hangat dan Air Garam Dapat Menghilangkan Virus Corona,0,kesehatan,hoaxid_hf,
hf-13892,[SALAH] Legenda Bisbol AS Hank Aaron Meninggal Dunia Usai Disuntik Vaksin Covid-19,0,kesehatan,hoaxid_hf,
hf-13893,[SALAH] Minum Air Kelapa Sebagai Penangkal Racun Usai Divaksin,0,kesehatan,hoaxid_hf,
hf-13895,[SALAH] Kumham Hapus Sanksi Pidana setelah Anak Buah Megawati Tolak Vaksin,0,kesehatan,hoaxid_hf,
hf-13899,"[SALAH] Karena Disuntik Vaksin, Dokter di Palembang Meninggal",0,kesehatan,hoaxid_hf,
hf-13902,[SALAH] “Julio Iglesias meninggal karena covid19”,0,kesehatan,hoaxid_hf,
hf-13904,"[SALAH] “Kesan Abdul Somad Saat Divaksin: Ndak Terasa Sakit, Tak Sesakit Ditinggal Pas Lagi Sayang-Sayangnya”",0,kesehatan,hoaxid_hf,
hf-13905,[SALAH] Foto “anak korban vaksinasi covid”,0,kesehatan,hoaxid_hf,
hf-13907,[SALAH] Indonesia Tidak Dapat Menggugat Jika Vaksin Bermasalah,0,kesehatan,hoaxid_hf,
hf-13911,[SALAH] Ketua BPOM Ditekan dan Diancam Untuk Keluarkan Vaksin Sinovac,0,kesehatan,hoaxid_hf,
hf-13912,[SALAH] Dokter di Palembang Meninggal Dunia Usai Disuntik Covid-19,0,kesehatan,hoaxid_hf,
hf-13918,[SALAH] “VAKSINASI PRESIDEN HARUS DIULANG DAN HATI-HATI DENGAN VAKSINASI”,0,kesehatan,hoaxid_hf,
hf-13919,[SALAH] Tangkapan Layar Video CNN Memberitakan Rakyat akan dibunuh oleh Vaksin dari Tiongkok,0,kesehatan,hoaxid_hf,
hf-13920,[SALAH] Diagram Chip 5G pada Vaksin Covid-19,0,kesehatan,hoaxid_hf,
hf-13922,[SALAH] Obat COVID-19 Dexamethasone Lebih Murah dari Harga Vaksin COVID-19,0,kesehatan,hoaxid_hf,
hf-13930,[SALAH] Penjelasan Erick Thohir Terkait Chip COVID-19 dalam Vaksin Dapat Mengontrol Manusia Seumur Hidup,0,kesehatan,hoaxid_hf,
hf-13931,"[SALAH] Pernyataan IDI Terkait Aspartame dalam Minuman Instan Sebabkan Kanker, Diabetes, dan Pengerasan Sumsum Tulang Belakang",0,kesehatan,hoaxid_hf,
hf-13934,[SALAH] “5 cara utk meningkatkan ANTI BODY” dari Regu Pembasmi Covid-19,0,kesehatan,hoaxid_hf,
hf-13937,[SALAH] Video Korban Bergelimpangan Setelah Disuntik Vaksin Sinovac,0,kesehatan,hoaxid_hf,
hf-13942,[SALAH] Video Bill Gates Rapat dengan CIA Mengenai Vaksin Pada Tahun 2005,0,kesehatan,hoaxid_hf,
hf-13943,[SALAH] Video Puluhan Santri Pingsan Setelah Vaksin Covid-19 Sinovac,0,kesehatan,hoaxid_hf,
hf-13944,[SALAH] Singapura Hentikan Vaksinasi Setelah 48 Orang Meninggal di Negaranya,0,kesehatan,hoaxid_hf,
hf-13948,[SALAH] Vaksin Sinovac di Indonesia Dipasang Chip,0,kesehatan,hoaxid_hf,
hf-13951,[SALAH] Video “Setelah disuntik vaksin pingsan tak sadarkan diri”,0,kesehatan,hoaxid_hf,
hf-13954,[SALAH] “Kasdim 0817 Gresik Mayor Sugeng Riyadi meninggal akibat disuntik vaksin”,0,kesehatan,hoaxid_hf,
hf-13955,[SALAH] Merokok Bisa Menghadang Virus Corona,0,kesehatan,hoaxid_hf,
hf-13957,[SALAH] “Vaksin covid-19 itu telah bermutasi menjadi ribuan covid-19 baru di seluruh dunia”,0,kesehatan,hoaxid_hf,
hf-13958,[SALAH] Pembagian Masker Gratis Dicampur Obat Bius,0,kesehatan,hoaxid_hf,
hf-13961,[SALAH] Video Seorang Pemuda Pingsan Setelah Divaksin di NTB,0,kesehatan,hoaxid_hf,
hf-13964,"[SALAH] Jokowi Bukan Disuntik Vaksin, Melainkan Suntik Vitamin",0,kesehatan,hoaxid_hf,
hf-13968,"[SALAH] Jika Sudah Disuntik Vaksin Covid-19, Tidak Perlu Mematuhi Protokol Kesehatan",0,kesehatan,hoaxid_hf,
hf-13972,"[SALAH] “Berita Terbaru Hari Ini ~ 48 Orang Te.was Setelah Di Vaksin Coro.na, Agenda Ja.hat Re.zim Terungkap!”",0,kesehatan,hoaxid_hf,
hf-13975,[SALAH] “Kronologi Syekh Ali Jabar Wafat 2 jam sebelum beliau wafat tak disangka ternyata karna vaksin ini??”,0,kesehatan,hoaxid_hf,
hf-13979,[SALAH] “Ketua Fraksi PDIP saja ga mau di vaksin”,0,kesehatan,hoaxid_hf,
hf-13987,[SALAH] Presiden Terpilih AS Joe Bidden Mundur Karena Alasan Kesehatan,0,kesehatan,hoaxid_hf,
hf-13989,[SALAH] Jokowi Kejang dan Meninggal Dunia setelah Disuntik Vaksin,0,kesehatan,hoaxid_hf,
hf-13990,[SALAH] Terapi Uap Panas dan Minyak Kayu Putih Dapat Membunuh Virus Corona,0,kesehatan,hoaxid_hf,
hf-13993,[SALAH] Pesan Whatsapp Undangan Rakernas Peningkatan Kinerja Tenaga Kesehatan oleh Dinkes DKI,0,kesehatan,hoaxid_hf,
hf-13998,[SALAH] Jokowi Menggunakan Vaksin Buatan Eropa,0,kesehatan,hoaxid_hf,
hf-14000,[SALAH] “Rakyat Aceh menolak vaksin covid19 karena menurut para ulama Aceh itu haram”,0,kesehatan,hoaxid_hf,
hf-14002,[SALAH] Obat Covid-19 dari Asap Batok Kelapa,0,kesehatan,hoaxid_hf,
hf-14006,[SALAH] Dokter dan Perawat di RS Purwakarta Tolak Disuntik Vaksin,0,kesehatan,hoaxid_hf,
hf-14007,[SALAH] “Kemasan vaksin Sinovac ga pake ampulan Didalam box vaksin sudah ada spuit khusus yg sdh ada vaksin nya”,0,kesehatan,hoaxid_hf,
hf-14010,"[SALAH] Video “antri Pemakaman Covid-19 di Tegal Alur,JKT. Hidup antri, mau dikuburpun antri.”",0,kesehatan,hoaxid_hf,
hf-14011,[SALAH] Hirup Uap Air Panas Dua Kali Sehari Dapat Menangkal Covid-19,0,kesehatan,hoaxid_hf,
hf-14016,[SALAH] Tiongkok dan Luhut Pandjaitan Merencanakan Pembunuhan Massal Terhadap Pribumi dengan 40 Ribu Ton Alat Tes Covid-19,0,kesehatan,hoaxid_hf,
hf-14017,[SALAH] 21% Pasien Mengalami Efek Samping Setelah Memakai Vaksin Moderna,0,kesehatan,hoaxid_hf,
hf-14018,[SALAH] Setengah Karyawan BTC Pangkalpinang Positif Covid-19,0,kesehatan,hoaxid_hf,
hf-14019,[SALAH] Pesan Berantai Rekrutmen Relawan Untuk Merawat Pasien Covid 19 di Wisma Atlet Oleh Dokter Irna,0,kesehatan,hoaxid_hf,
hf-14030,[SALAH] Foto Kondisi Katak setelah Divaksin,0,kesehatan,hoaxid_hf,
hf-14033,[SALAH] Video “vaksin AstraZeneca menggunakan MRC-5”,0,kesehatan,hoaxid_hf,
hf-14034,[SALAH] “COVID-19 adalah tipuan terbesar yang pernah dilakukan dan hanya flu buruk lainnya”,0,kesehatan,hoaxid_hf,
hf-14035,[SALAH] “sakit mendadak oleh vaksin”,0,kesehatan,hoaxid_hf,
hf-14043,[SALAH] Hanya 13 Ribu Orang di Britania Raya yang Terinfeksi Covid-19 pada Tahun 2020,0,kesehatan,hoaxid_hf,
hf-14046,[SALAH] Penerima Vaksin Perdana Meninggal Dunia Usai Disuntik Vaksin Pfizer,0,kesehatan,hoaxid_hf,
hf-14048,[SALAH] “Ternyata VAKSIN Yg Akan Di Suntikan Ke Jokowi Berbeda”,0,kesehatan,hoaxid_hf,
hf-14052,[SALAH] “Inalilahi wainailaihi rojiun Telah meninggal..HRS..Di dalam sel karna kena covid…”,0,kesehatan,hoaxid_hf,
hf-14055,[SALAH] Vaksin Covid-19 dari China Musnahkan Penduduk Pribumi,0,kesehatan,hoaxid_hf,
hf-14056,[SALAH] Pinjaman Dana Bantuan Covid-19 oleh Bupati Pasuruan Irsyad Yusuf,0,kesehatan,hoaxid_hf,
hf-14057,[SALAH] “vaksin Sinovac disebutkan memberi efek samping pembesaran alat kelamin”,0,kesehatan,hoaxid_hf,
hf-14058,"[SALAH] “Fabiana Souza, penerima perdana suntikan vaksin covid 19 meninggal dunia di RS.Sao Lucas Porto Alegre Brazil Selatan”",0,kesehatan,hoaxid_hf,
hf-14060,[SALAH] Hydro Oxy Mouth Freshener Spray Dapat Cegah dan Sembuhkan Virus Covid-19,0,kesehatan,hoaxid_hf,
hf-14062,[SALAH] Tulisan Najwa Shihab soal Covid-19,0,kesehatan,hoaxid_hf,
hf-14066,"[SALAH] Vaksin Bermasalah dan Mengerikan, Disuntik Bisa Menjadi Sakit dan Sekarat",0,kesehatan,hoaxid_hf,
hf-14074,[SALAH] “Vaksin Sinovac Covid-19 yang akan di suntikkan kepada warga hanya untuk kelinci percobaan”,0,kesehatan,hoaxid_hf,
hf-14079,[SALAH] “Raja Thailand panggil ulama Islam baca doa tolak bala covid 19”,0,kesehatan,hoaxid_hf,
hf-14080,[SALAH] Vaksin Sinovac Mengandung Sel Kera Hijau Afrika,0,kesehatan,hoaxid_hf,
hf-14082,[SALAH] Tulisan dr. Siti Fadillah terkait Pengobatan Covid-19,0,kesehatan,hoaxid_hf,
hf-14085,[SALAH] Artikel CNN “Seorang Dokter Merekomendasikan Vaksin Covid19 Disuntikkan di Alat Kelamin Pria,0,kesehatan,hoaxid_hf,
hf-14087,[SALAH] Resep Campuran Teh Hijau dan Lemon Untuk Atasi Covid-19,0,kesehatan,hoaxid_hf,
hf-14091,[SALAH] Minum Teh Batang Lada Bisa Sembuhkan Covid-19,0,kesehatan,hoaxid_hf,
hf-14098,[SALAH] Sambal Bawang Bisa Cegah Covid19,0,kesehatan,hoaxid_hf,
hf-14101,[SALAH] Video Ribuan Jamaah Tanpa Masker Sambut Kedatangan Ustadz Abdul Somad di Tengah Pandemi Covid-19,0,kesehatan,hoaxid_hf,
hf-14102,[SALAH] “Bill Gates mengatakan dia tidak akan divaksinasi dan CEO Pfizer juga menunda menerima vaksin covid-19”,0,kesehatan,hoaxid_hf,
hf-14103,[SALAH] Minum Teh Dengan Batang Lada Dapat Sembuhkan Covid-19,0,kesehatan,hoaxid_hf,
hf-14114,[SALAH] “kesimpulan Rob Oswald: COVID 19 adalah khayalan dan fiktif”,0,kesehatan,hoaxid_hf,
hf-14115,[SALAH] “WHO menyatakan bahwa vaksin Sinovac adalah vaksin yang paling lemah”,0,kesehatan,hoaxid_hf,
hf-14116,[SALAH] Istora Senayan Dijadikan Tempat Penampungan Pasien Covid-19,0,kesehatan,hoaxid_hf,
hf-14133,[SALAH] Bill Gates dan CEO Pfizer Menolak Disuntik Vaksin Covid-19,0,kesehatan,hoaxid_hf,
hf-14135,[SALAH] Video Keadaan RS Covid Wisma Atlet,0,kesehatan,hoaxid_hf,
hf-14137,[SALAH] Video Petugas Medis Pakai Jarum Palsu Saat Vaksinasi,0,kesehatan,hoaxid_hf,
hf-14150,[SALAH] Tiga Wanita Bintang Iklan Jamu Covid-19,0,kesehatan,hoaxid_hf,
hf-14151,[SALAH] Tunggakan BPJS Kesehatan Lunas Hanya Dengan Bayar 6 Bulan,0,kesehatan,hoaxid_hf,
hf-14161,[SALAH] Bupati Bojonegoro Dr. Hj. Anna Muawanah terpapar Covid-19,0,kesehatan,hoaxid_hf,
hf-14167,[SALAH] “Jokowi hari ini tolak di suntik vaksin Covid-19 duluan”,0,kesehatan,hoaxid_hf,
hf-14172,[SALAH] Rekrutmen Kerja Staf Lab Vaksin oleh RSU Mulia Hati,0,kesehatan,hoaxid_hf,
hf-14176,[SALAH] “Rumah Sakit Di Lockdown Karena Pasien Vaksin Covid Pertama Mulai Makan Pasien Lain”,0,kesehatan,hoaxid_hf,
hf-14181,[SALAH] Vaksin Covid-19 Buatan Pfizer Berbentuk Vape,0,kesehatan,hoaxid_hf,
hf-14187,[SALAH] “Syarat Vaksin Gratis Jokowi: BPJS Kesehatan Anda Harus Aktif”,0,kesehatan,hoaxid_hf,
hf-14189,[SALAH] Relawan Alami Gangguan Saraf Setelah Disuntik Vaksin Sinovac,0,kesehatan,hoaxid_hf,
hf-14195,[SALAH] “Paus Fransiskus Mengatakan Vaksin Covid Sekarang Akan Diperlukan Untuk Masuk Surga”,0,kesehatan,hoaxid_hf,
hf-14196,[SALAH] Video Jarum Suntik Menghilang Saat Proses Vaksinasi Covid-19,0,kesehatan,hoaxid_hf,
hf-14199,[SALAH] Video Perawat Meninggal Dunia Usai Disuntik Vaksin Covid-19,0,kesehatan,hoaxid_hf,
hf-14202,[SALAH] Jokowi Akan Menggunakan Vaksin Pfizer dan Vaksin Sinovac Untuk Masyarakat,0,kesehatan,hoaxid_hf,
hf-14208,[SALAH] Foto Polisi dengan Luka Bacok,0,kesehatan,hoaxid_hf,
hf-14210,"[SALAH] Video Perawat Pingsan Setelah Mendapat Vaksin Covid-19, Potensi Genosida Massal",0,kesehatan,hoaxid_hf,
hf-14216,[SALAH] Vaksin yang disimpan -80 Derajat Bukanlah Vaksin Melainkan Agen Transfeksi yang Dapat Memanipulasi Genetika Manusia,0,kesehatan,hoaxid_hf,
hf-14218,[SALAH] Singapura Membuka Vaccine Tourism dan Melakukan Vaksinasi di Bandara Changi,0,kesehatan,hoaxid_hf,
hf-14228,[SALAH] Foto “4 Orang Alami Kelumpuhan Wajah Setelah Disuntik Vaksin Corona”,0,kesehatan,hoaxid_hf,
hf-14233,[SALAH] Kota Manado Zona Hitam Covid-19,0,kesehatan,hoaxid_hf,
hf-14234,[SALAH] Kandungan Formaldehida pada Vaksin Menyebabkan Leukimia pada Anak,0,kesehatan,hoaxid_hf,
hf-14244,[SALAH] “IDI tolak yg Pertama dpt Vaksin Sinovac China”,0,kesehatan,hoaxid_hf,
hf-14245,[SALAH] 44 Orang Tenaga Kesehatan Positif Covid di RS Tipe B Parepare,0,kesehatan,hoaxid_hf,
hf-14247,[SALAH] Singapura Lakukan Vaksinasi Covid-19 di Bandara Changi,0,kesehatan,hoaxid_hf,
hf-14248,[SALAH] IDI Tolak Vaksinasi Covid-19,0,kesehatan,hoaxid_hf,
hf-14257,[SALAH] Pesan Berantai Larangan ke Kota Malang Akibat Covid-19,0,kesehatan,hoaxid_hf,
hf-14259,[SALAH] Video Konvoi Kemenangan Plat AD Tidak Patuhi Protokol Kesehatan,0,kesehatan,hoaxid_hf,
hf-14265,"[SALAH] Konsumsi Campuran Air Kelapa, Jeruk Nipis, Garam dan Madu Dapat Menyembuhkan Covid-19",0,kesehatan,hoaxid_hf,
hf-14266,[SALAH] Satu RT di Ciracas Terkena Covid-19,0,kesehatan,hoaxid_hf,
hf-14270,[SALAH] Pendaftaran Relawan COVID-19 di Wisma Atlet,0,kesehatan,hoaxid_hf,
hf-14280,[SALAH] Ketua Tim Peneliti Pfizer: Vaksin Covid-19 Dapat Menyebabkan Kemandulan bagi Perempuan,0,kesehatan,hoaxid_hf,
hf-14281,[SALAH] Telapak Kaki Relawan Melepuh Efek Samping Suntik Vaksin Covid-19,0,kesehatan,hoaxid_hf,
hf-14284,"[SALAH] COVID-19 Merupakan Buatan Manusia sebagai Senjata Biologis dari Carolina Utara, Amerika Serikat dan Pasien Nol Bernama Maatje Benassi",0,kesehatan,hoaxid_hf,
hf-14292,[SALAH] Jangan Datang ke Jalan Melong Cikawao karena Satu RT Positif Covid-19,0,kesehatan,hoaxid_hf,
hf-14297,[SALAH] KPK Lakukan OTT Seorang Dokter Gigi di Surabaya Berkaitan dengan Pilkada 2020,0,kesehatan,hoaxid_hf,
hf-14303,[SALAH] Minum Minyak Kayu Putih Melancarkan Napas Pasien Covid-19,0,kesehatan,hoaxid_hf,
hf-14333,[SALAH] Minum Minyak Kayu Putih Dapat Menyembuhkan COVID-19,0,kesehatan,hoaxid_hf,
hf-14335,[SALAH] China Sembuh dari COVID-19 Tanpa Vaksin,0,kesehatan,hoaxid_hf,
hf-14344,"[SALAH] Foto “Enam Jenazah Anggota FPI yang Ditembak Polisi, Berlumuran Darah, Wajah Penuh Luka Lebam”",0,kesehatan,hoaxid_hf,
hf-14348,[SALAH] Gratis Langganan Netflix Selama Satu Tahun karena Pandemi Covid-19,0,kesehatan,hoaxid_hf,
hf-14353,[SALAH] Kopi Bisa Cegah dan Sembuhkan Covid-19,0,kesehatan,hoaxid_hf,
hf-14358,[SALAH] “Baru sehari mentrinya jd TSK bantuan covid.19 yg ditilep. Hari ini kantor kemensos terbakar”,0,kesehatan,hoaxid_hf,
hf-14366,"[SALAH] “Yang Punya Kartu Bpjs (Kis) Kesehatan Akan Diberikan Bantuan Uang Tunai Sebesar 2,4 Juta”",0,kesehatan,hoaxid_hf,
hf-14379,"[SALAH] Foto Keadaan Rumah Sakit yang Sepi dari Pasien Covid-19 di Nevada, Amerika Serikat",0,kesehatan,hoaxid_hf,
hf-14388,[SALAH] Kandungan Alumunium pada Vaksin Berbahaya bagi Otak,0,kesehatan,hoaxid_hf,
hf-14423,[SALAH] “Korea Selatan Kelabakan Lihat Warganya Meninggal Satu Persatu Usai Disuntik Vaksin”,0,kesehatan,hoaxid_hf,
hf-14424,[SALAH] Pesan Berantai Donor Darah Gratis Oleh Blood For Life (BFL) Indonesia,0,kesehatan,hoaxid_hf,
hf-14427,[SALAH] Vaksin Covid-19 berbasis mRNA Dapat Mengubah DNA Manusia,0,kesehatan,hoaxid_hf,
hf-14437,"[SALAH] Kebijakan Ticketmaster, Wajibkan Vaksin Covid-19 Sebelum Menghadiri Konser",0,kesehatan,hoaxid_hf,
hf-14438,"[SALAH] Minum Air Panas, Susu Panas, Teh Panas dan Menghirup Uapnya Dapat Membunuh Virus Corona",0,kesehatan,hoaxid_hf,
hf-14439,[SALAH] Video Keramaian Stasiun Kereta Api di India Selama Pandemi COVID-19,0,kesehatan,hoaxid_hf,
hf-14443,[SALAH] Joe Biden Mengangkat Orang India sebagai Penasehat Politik,0,kesehatan,hoaxid_hf,
hf-14445,[SALAH] COVID-19 adalah Akronim dari “Certification Of Vaccination Identification 2019” dan Penanaman Barcode Implan di Wuhan pada Tahun 2019,0,kesehatan,hoaxid_hf,
hf-14449,[SALAH] Video Pesan Terakhir Bupati Situbondo Sebelum Meninggal Akibat Covid-19,0,kesehatan,hoaxid_hf,
hf-14451,[SALAH] Rebusan Daun Pepaya Muda hingga Daun Belimbing Bisa Sembuhkan Tumor dalam 24 Jam,0,kesehatan,hoaxid_hf,
hf-14453,[SALAH] Penyebab Flu Spanyol Adalah Bakteri dari Vaksin Meningitis,0,kesehatan,hoaxid_hf,
hf-14456,[SALAH] Air Rebusan Bawang Putih Dapat Menyembuhkan COVID-19,0,kesehatan,hoaxid_hf,
hf-14458,[SALAH] Foto “Viral! Beredar Foto Anies Jenguk Rizieq yang Positif Covid-19”,0,kesehatan,hoaxid_hf,
hf-14459,[SALAH] Test Swab COVID-19 dapat Menyebabkan Lapisan Otak Pecah dan Pendarahan Hingga Kematian dan Pernah Terjadi di Kanada,0,kesehatan,hoaxid_hf,
hf-14466,[SALAH] Corona Adalah Kedok dari Penyakit Radiasi,0,kesehatan,hoaxid_hf,
hf-14481,"[SALAH] “Akibat Suntik Vaksin dari Cina , Masyarakat Zimbabwe Terkena Penyakit Kulit Ber Air.”",0,kesehatan,hoaxid_hf,
hf-14482,[SALAH] Tempurung Kelapa Dapat Mengobati Sakit Gigi Berlubang,0,kesehatan,hoaxid_hf,
hf-14493,[SALAH] Foto Suasana Vaksinasi Covid-19 di Peru,0,kesehatan,hoaxid_hf,
hf-14498,[SALAH] Tempurung Kelapa Bisa Sembuhkan Gigi Berlubang,0,kesehatan,hoaxid_hf,
hf-14499,[SALAH] Radiasi Layar Handphone Bisa Sebabkan Mata Berdarah,0,kesehatan,hoaxid_hf,
hf-14505,[SALAH] Pepaya dan Kambing di Tanzania Positif Covid-19,0,kesehatan,hoaxid_hf,
hf-14513,[SALAH] Covid-19 Bisa Sembuh Hanya Pakai Obat Kumur,0,kesehatan,hoaxid_hf,
hf-14514,[SALAH] Stroke Bisa Muncul Saat Membasahi Kepala di Awal Mandi,0,kesehatan,hoaxid_hf,
hf-14518,[SALAH] Video Pemusik dan Penyanyi Dunia dari Berbagai Agama Menyanyikan Asmaul Husna di Selandia Baru untuk Memohon Berhentinya Wabah COVID-19,0,kesehatan,hoaxid_hf,
hf-14551,"[SALAH] “Di Tanya soal virus Corona KORLAP FPI: Hanya Imam Besar kami yg punya Penangkal virus Corona, karna Imam besar kami cucu Nabi”",0,kesehatan,hoaxid_hf,
hf-14563,[SALAH] Luhut Positif Covid-19 dan Dilarikan ke RS Militer,0,kesehatan,hoaxid_hf,
hf-14570,[SALAH] 48 Orang di Korea Selatan Meninggal Setelah Disuntik Vaksin COVID-19,0,kesehatan,hoaxid_hf,
hf-14576,[SALAH] Kisah Dokter yang Kekasihnya Positif Covid-19 di Italia,0,kesehatan,hoaxid_hf,
hf-14619,[SALAH] Video Penangkapan Ketua Aliansi Dokter Sedunia Penyebar Hoaks Covid-19,0,kesehatan,hoaxid_hf,
hf-14622,[SALAH] BPOM Halangi Vaksin yang akan Diberikan,0,kesehatan,hoaxid_hf,
hf-14629,[SALAH] Petinggi WHO Terpapar Covid-19,0,kesehatan,hoaxid_hf,
hf-14633,[SALAH] Pemerintah Berikan Bantuan Internet Gratis Selama Pandemi Covid-19,0,kesehatan,hoaxid_hf,
hf-14640,[SALAH] Pertolongan Pertama Pada Stroke Dengan Tusuk Jari,0,kesehatan,hoaxid_hf,
hf-14654,[SALAH] “TERNYATA SUDAH 10 hari PENDEMO tidak ada yang kena COVID 19”,0,kesehatan,hoaxid_hf,
hf-14657,[SALAH] Memakai Masker Menyebabkan Kanker,0,kesehatan,hoaxid_hf,
hf-14684,[SALAH] Presiden Jokowi Menjadi Dokter,0,kesehatan,hoaxid_hf,
hf-14686,[SALAH] Pesan Pembuatan Grup WhatsApp tentang Virus COVID-19 oleh Sekjen Kemenkes,0,kesehatan,hoaxid_hf,
hf-14696,[SALAH] Kawasan Johor Baru Malaysia Terdampak Ekonomi Pandemi Covid-19,0,kesehatan,hoaxid_hf,
hf-14705,[SALAH] Pandemi Telah Berakhir dan Covid-19 Adalah Flu Biasa,0,kesehatan,hoaxid_hf,
hf-14721,[SALAH] “Pendataan Imunisasi Covid-19 untuk Tenaga Medis dan Non Medis oleh Dinas Kesehatan Provinsi DKI Jakarta”,0,kesehatan,hoaxid_hf,
hf-14725,[SALAH] Daun Sisik Naga Dapat Menyembuhkan Kanker Payudara,0,kesehatan,hoaxid_hf,
hf-14750,[SALAH] Jenazah Pasien Covid-19 Dikubur Masih Pakai Daster dan Tidak Sesuai Syariat Fardhu Kifayah Islam,0,kesehatan,hoaxid_hf,
hf-14764,[SALAH] Vaksin COVID-19 Dapat Mengubah DNA Manusia,0,kesehatan,hoaxid_hf,
hf-14765,"[SALAH] “mana mau media memberita kan polisi yang terluka, mereka beritakan kalo ada perusuh yg terluka”",0,kesehatan,hoaxid_hf,
hf-14772,[SALAH] Presiden Donald Trump Meninggal Dunia karena COVID-19,0,kesehatan,hoaxid_hf,
hf-14781,[SALAH] Pesawat “Darurat Bencana” Diluncurkan Karena Donald Trump Positif COVID-19,0,kesehatan,hoaxid_hf,
hf-14783,[SALAH] Hydroxychloroquine Sebagai Obat Malaria di Uganda,0,kesehatan,hoaxid_hf,
hf-14790,"[SALAH] Donald Trump: “Darahku adalah vaksinnya!!!,”",0,kesehatan,hoaxid_hf,
hf-14794,[SALAH] MUI Larang Penggunaan Vaksin Covid-19 yang Didatangkan dari Tiongkok,0,kesehatan,hoaxid_hf,
hf-14807,"[SALAH] “*Dzolim banget Polisi ini,* demonstran terluka dirawat di RS tapi pake cara interogasi penyiksaan”",0,kesehatan,hoaxid_hf,
hf-14808,[SALAH] Harga Vaksin di Indonesia 1000% Lebih Mahal Daripada di Brazil,0,kesehatan,hoaxid_hf,
hf-14810,[SALAH] COVID-19 Tidak Membuat Orang Meninggal Dunia,0,kesehatan,hoaxid_hf,
hf-14820,[SALAH] COVID-19 Tidak Membuat Orang Meninggal Dunia,0,kesehatan,hoaxid_hf,
hf-14825,[SALAH] Foto Dokter Menyatakan COVID-19 Disebarkan Melalui Vaksin,0,kesehatan,hoaxid_hf,
hf-14837,[SALAH] Selembaran Berisi Informasi Daun Teh Tiek Kwan Im Mengandung Obat Bius,0,kesehatan,hoaxid_hf,
hf-14839,[SALAH] Pengumuman Beasiswa Covid-19 Rp4 Juta dari STMIK Royal Kisaran Melalui SMS,0,kesehatan,hoaxid_hf,
hf-14842,[SALAH] Biden Terpapar COVID-19 dan Batuk Terus-Menerus Saat Kampanye,0,kesehatan,hoaxid_hf,
hf-14847,[SALAH] Anies Baswedan Terpapar COVID-19 dan Dilarikan ke RS Royal Sunter,0,kesehatan,hoaxid_hf,
hf-14850,[SALAH] Tim Kampanye Donald Trump Galang Dana Untuk Kesembuhan Trump,0,kesehatan,hoaxid_hf,
hf-14866,"[SALAH] “Mereka yang Turun ke Jalanan Hari Ini Jika Besok Mereka Masih Hidup dan Sehat, Artinya Perihal Corona Hanya Politik & Bisnis Semata”",0,kesehatan,hoaxid_hf,
hf-14873,[SALAH] Menghirup Uap Panci Presto Dapat Mengobati COVID-19,0,kesehatan,hoaxid_hf,
hf-14888,"[SALAH] “Emil Saat Diambil Darah untuk Uji Vaksin China, tutup jarumnya belum di buka”",0,kesehatan,hoaxid_hf,
hf-14910,[SALAH] “Cina mentargetkan 100 jt penduduk indonesia mati melalui vaksin cina”,0,kesehatan,hoaxid_hf,
hf-14912,[SALAH] “menghilangkan virus adalah mengkonsumsi lebih banyak makanan dan minuman alkali diatas tingkat keasaman virus”,0,kesehatan,hoaxid_hf,
hf-14921,[SALAH]Peserta BPJS Kesehatan Gratis Diblokir karena punya motor lebih dari satu.,0,kesehatan,hoaxid_hf,
hf-14923,[SALAH] Tepung Terigu Bisa Obati Luka Bakar,0,kesehatan,hoaxid_hf,
hf-14929,[SALAH] Dua Orang Pria Meninggal Dunia Akibat Kekerasan Polisi Saat Aksi Protes Anti-Vaksin dan Anti-Masker di London,0,kesehatan,hoaxid_hf,
hf-14930,[SALAH] “Pembuatan group WhatsApp ‘INFO WILAYAH PENULARAN COVID-19’ dan pembagian VAKSIN”,0,kesehatan,hoaxid_hf,
hf-14932,[SALAH] Artikel Detik.com “Trans Studio Bandung Tutup Mulai Hari ini Untuk Cegah Penyebaran Virus Corona di Bandung”,0,kesehatan,hoaxid_hf,
hf-14933,[SALAH] “Arief Puyouno: Saya Yakin Dana Penanggulangan Covid-19 di DKI Banyak Penyimpangan Karena Gabenernya Adalah Kaki Tangan Kadrun Gila”,0,kesehatan,hoaxid_hf,
hf-14963,"[SALAH] Santri yang Hidupnya di Pondok Dicurigai Terpapar Covid-19, Yang Keluyuran di Mall Dibiarin Aja",0,kesehatan,hoaxid_hf,
hf-14970,[SALAH] Sultan HB X Sebut Positif-Negatif Covid-19 Sama Saja Karena Semua Orang Pasti Meninggal,0,kesehatan,hoaxid_hf,
hf-14986,[SALAH] Akun Facebook Bupati Bekasi Meminta Sumbangan Dana Covid-19,0,kesehatan,hoaxid_hf,
hf-14989,[SALAH] Kunyah Daun Sirih Untuk Mengatasi Covid-19,0,kesehatan,hoaxid_hf,
hf-14991,[SALAH] “Daun Mimba Dapat Menyembuhkan Covid-19”,0,kesehatan,hoaxid_hf,
hf-14997,[SALAH] Foto Anies Baswedan Dinobatkan Menjadi Gubernur Terbaik Dunia,0,kesehatan,hoaxid_hf,
hf-15001,[SALAH] Razia Masker Non Medis dengan Denda Rp30 Ribu di Bundaran SMP 5 Malang,0,kesehatan,hoaxid_hf,
hf-15009,[SALAH] “Minum Kopi 3 x Sehari untuk menangkal Covid-19”,0,kesehatan,hoaxid_hf,
hf-15018,[SALAH] Tutorial Mendapat Kuota Gratis 20GB dari Program Covid-19,0,kesehatan,hoaxid_hf,
hf-15026,"[SALAH] “Ketika di vaksin, microchip yg sangat kecil dipasang tanpa terasa, New Dajjal siap membunuh 7.5 milyard manusia”",0,kesehatan,hoaxid_hf,
hf-15031,[SALAH] 200 Mayat Korban Covid-19 Sekali Kubur di Italia,0,kesehatan,hoaxid_hf,
hf-15034,[SALAH] Foto Peta Persebaran COVID-19 di Jakarta Berwarna Merah dan Hitam,0,kesehatan,hoaxid_hf,
hf-15035,[SALAH] Sejumlah Negara Membeli Produk Alat Test COVID-19 pada Tahun 2017-2018,0,kesehatan,hoaxid_hf,
hf-15037,"[SALAH] “Ini ada ratusan nyawa dokter yang sudah menjadi korban, Pak Menkes bilang jangan dibesar-besarkan”",0,kesehatan,hoaxid_hf,
hf-15050,"[SALAH] Selama Covid19 Ada, Tidak ada Orang Gila Yang Kena Covid19",0,kesehatan,hoaxid_hf,
hf-15056,[SALAH] Video Teknik Menahan Napas Untuk Deteksi Covid-19,0,kesehatan,hoaxid_hf,
hf-15078,[SALAH] Foto Gubernur Anies Memegang Piagam Bertuliskan “PENGHARGAAN Provinsi Jumlah Covid 19 Tertinggi”,0,kesehatan,hoaxid_hf,
hf-15079,[SALAH] Makan Buah Saat Perut Kosong Sembuhkan Kanker,0,kesehatan,hoaxid_hf,
hf-15109,[SALAH] Beredarnya Obat Progesterex untuk Mensterilkan Perempuan,0,kesehatan,hoaxid_hf,
hf-15111,[SALAH] Covid-19 Singkatan dari Certificate of Vaccination Identification with Artificial Intelligence,0,kesehatan,hoaxid_hf,
hf-15116,[SALAH] Pesan Berantai “Salah Satu Cara Untuk Menangkis Virus Covid-19 Dengan Air Garam dan Air Hangat”,0,kesehatan,hoaxid_hf,
hf-15118,"[SALAH] Campuran Air Kelapa Muda, Jeruk Nipis, dan Garam Dapat Mematikan Virus Corona",0,kesehatan,hoaxid_hf,
hf-15120,[SALAH] Air Rebusan Pepaya Muda Bisa Sembuhkan Kanker Kelenjar Getah Bening,0,kesehatan,hoaxid_hf,
hf-15121,[SALAH] “getah daun kemangi obat gatal-gatal”,0,kesehatan,hoaxid_hf,
hf-15135,Samsung ingin membantu siswa yang membutuhkan ponsel untuk belajar karena pandemi Covid19,0,kesehatan,hoaxid_hf,
hf-15137,[SALAH] Perdana Menteri Jepang Mundur Karena Terkait Virus Corona,0,kesehatan,hoaxid_hf,
hf-15141,[SALAH] Film Asal Korea Prediksi COVID-19,0,kesehatan,hoaxid_hf,
hf-15156,[SALAH] Ivermectin Obat Covid-19,0,kesehatan,hoaxid_hf,
hf-15160,[SALAH] Peta Sebaran Covid-19 Wilayah Situbondo,0,kesehatan,hoaxid_hf,
hf-15164,[SALAH] Semua Pasien Positif Covid-19 di Padang Dinyatakan Sembuh,0,kesehatan,hoaxid_hf,
hf-15166,[SALAH] Azan Dapat Melemahkan Virus Corona,0,kesehatan,hoaxid_hf,
hf-15167,[SALAH] RSUD Waluyo Jati Ditutup Karena Semua Petugas Diisolasi Akibat Covid-19,0,kesehatan,hoaxid_hf,
hf-15170,[SALAH] Foto “Italia telah Gagal Sepenuhnya COVID-19”,0,kesehatan,hoaxid_hf,
hf-15172,[SALAH] Korban Virus Corona,0,kesehatan,hoaxid_hf,
hf-15174,[SALAH] Video “Obat COVID-19 Telah Ditemukan dan Siap Disebarkan ke Seluruh Indonesia”,0,kesehatan,hoaxid_hf,
hf-15176,[SALAH] Pasien Postif Virus Corona di Sungai Rangit Dijemput Paksa Kepolisian dan Tim Medis,0,kesehatan,hoaxid_hf,
hf-15177,[SALAH] Hotman Paris Berencana Undang BTS dan EXO setelah Virus Corona Teratasi,0,kesehatan,hoaxid_hf,
hf-15182,[SALAH] Literasi COVID-19 Dari drh. Moh. Indro Cahyono,0,kesehatan,hoaxid_hf,
hf-15183,[SALAH] Dokter Italia Sengaja Membunuh Pasien Virus Corona,0,kesehatan,hoaxid_hf,
hf-15184,[SALAH] Pasien Berstatus Positif Covid-19 di Wilayah Tiban Melarikan Diri,0,kesehatan,hoaxid_hf,
hf-15185,[SALAH] “Bansos PSBB Covid-19 dari Pemda DKI Jakarta Paket sembako senilai 350rb + uang tunai 150rb = 500rb rupiah”,0,kesehatan,hoaxid_hf,
hf-15188,[SALAH] Kumpulan Mobil di Pool Grab Cinere karena Sopir Tidak Sanggup Bayar Kredit Saat Covid-19,0,kesehatan,hoaxid_hf,
hf-15190,[SALAH] “Tidak ada sama sekali Ucapan bela sungkawa Presiden kepada dr dan team medis yg berguguran dimedan Covid-19”,0,kesehatan,hoaxid_hf,
hf-15197,[SALAH] “jakarta menjadi daerah paling banyak terinfeksi virus covid-19 karena salah pilih gubernur”,0,kesehatan,hoaxid_hf,
hf-15200,[SALAH] “Ternyata virus corona dapat diobati dengan cara berendam di AIR LAUT”,0,kesehatan,hoaxid_hf,
hf-15202,[SALAH] Pelabuhan Merak-Bakauheni Tutup Pasca Persebaran Virus Corona,0,kesehatan,hoaxid_hf,
hf-15203,[SALAH] Universitas Brawijaya Kembalikan Uang Kuliah Akibat Persebaran Virus Corona,0,kesehatan,hoaxid_hf,
hf-15204,[SALAH] “salah satu solusi untuk virus ini adalah secangkir teh sederhana”,0,kesehatan,hoaxid_hf,
hf-15205,[SALAH] Foto “Italia. Tidak ada lagi ruang yang tersedia di rumah sakit. #CoronavirusLockdown”,0,kesehatan,hoaxid_hf,
hf-15206,[SALAH] Kanika Kapoor Tularkan Virus Corona ke Pangeran Charles,0,kesehatan,hoaxid_hf,
hf-15207,[SALAH] “dampak virus COVID-19 hubungan suami istri jadi terancam”,0,kesehatan,hoaxid_hf,
hf-15208,[SALAH] Daftar Zona Merah Daerah Terjangkit Virus Corona Oleh TNI,0,kesehatan,hoaxid_hf,
hf-15211,[SALAH] Hanya Cicilan Nasabah yang Positif COVID-19 yang Dapat Ditangguhkan,0,kesehatan,hoaxid_hf,
hf-15212,[SALAH] “kuburan massal buat korban #viruscorona di ITALIA”,0,kesehatan,hoaxid_hf,
hf-15215,[SALAH] Peta Zona Merah Virus Corona Wilayah Purwokerto,0,kesehatan,hoaxid_hf,
hf-15216,[SALAH] Warga Dihimbau Tak Melintas di Depan Toko Spectra Dikarenakan Adanya ODP Akibat Virus Corona,0,kesehatan,hoaxid_hf,
hf-15218,[SALAH] Ratusan Warga China yang Menetap di Indonesia Menuju Singapura karena Virus Corona,0,kesehatan,hoaxid_hf,
hf-15219,[SALAH] Tulisan “TO:FRONT PEMBELA ISLAM” di Foto Paket Bantuan COVID-19 Tiongkok,0,kesehatan,hoaxid_hf,
hf-15220,[SALAH] “minuman beralkohol bisa mengurangi risiko infeksi dari novel coronavirus; COVID-19”,0,kesehatan,hoaxid_hf,
hf-15222,[SALAH] Arahan Gubernur DKI Terkait Himbauan Covid-19,0,kesehatan,hoaxid_hf,
hf-15223,[SALAH] “Info Terkini : kudus sudah ada 2 org pasien Virus corona”,0,kesehatan,hoaxid_hf,
hf-15224,[SALAH] “Bentuk virus corona setelah diperbesar 2600x”,0,kesehatan,hoaxid_hf,
hf-15227,"[SALAH] Jokowi: Sengaja Saya Bedakan Mudik & Pulang Kampung, untuk Mengelabui Virus Corona",0,kesehatan,hoaxid_hf,
hf-15228,[SALAH] Video “nasehat dari alm. Erma Yunita Simamora yg meninggal pd tanggal. 20-04-2020 di RS AR Bunda Lbk Linggau”,0,kesehatan,hoaxid_hf,
hf-15229,[SALAH] Beberapa Negara Membuang Jenazah Pasien Covid-19 Ke Laut,0,kesehatan,hoaxid_hf,
hf-15231,[SALAH] Daniel Radcliffe Positiv Terinfeksi Corona Covid-19,0,kesehatan,hoaxid_hf,
hf-15233,[SALAH] Narasi Pesan Himbauan Pencegahan Virus Corona Mengatasnamakan UNICEF,0,kesehatan,hoaxid_hf,
hf-15236,[SALAH] Bantuan Covid-19 oleh BRI Melalui BRIVA,0,kesehatan,hoaxid_hf,
hf-15237,"[SALAH] Akibat Pandemi COVID-19, Keluarga Beberapa Hari Tidak Makan",0,kesehatan,hoaxid_hf,
hf-15242,[SALAH] Foto “Ka’bah sepi dari yang Thawaf karena Virus Corona”,0,kesehatan,hoaxid_hf,
hf-15244,"[SALAH] “salah satu warga Bekasi ada yg positif terkena virus Corona, meninggal dunia”",0,kesehatan,hoaxid_hf,
hf-15245,[SALAH] “Elisa Granato kelinci percobaan vaksin kopit di inggris meninggal 2 hari setelah divaksin”,0,kesehatan,hoaxid_hf,
hf-15247,[SALAH] Pesan Berantai WhatsApp Tiga Warga Yogyakarta Terjangkit Virus Corona,0,kesehatan,hoaxid_hf,
hf-15248,[SALAH] “Paus Fransiskus dan dua pembantunya dinyatakan positif mengidap Coronavirus”,0,kesehatan,hoaxid_hf,
hf-15252,"[SALAH] Dijemput oleh Tim Medis, Kakak Beradik Usia 8 dan 4 Tahun di Tangerang Terjangkit Covid-19 akibat Main di Luar Rumah",0,kesehatan,hoaxid_hf,
hf-15253,"[SALAH] “Serangan Virus Corona Belum Berakhir, Kini Negeri China Dirundung Serangan Tentara Baru Dalam Bentuk Nyamuk Jumbo dan Burung Gagak”",0,kesehatan,hoaxid_hf,
hf-15254,"[SALAH] “Setelah cina di landa virus corona,allah beri hadiah kpd umat muslim di cina yaitu terbukanya mesjid2 seluruh daratan cina”",0,kesehatan,hoaxid_hf,
hf-15258,[SALAH] Di Bekasi Sudah Ada Terduga Pasien Virus Corona,0,kesehatan,hoaxid_hf,
hf-15260,[SALAH] “SOLAT JUM’AT DI BALIK VIRUS CORONA”,0,kesehatan,hoaxid_hf,
hf-15267,[SALAH] Virus Corona Sudah Sampai di Apartemen Taman Anggrek,0,kesehatan,hoaxid_hf,
hf-15268,[SALAH] 7 Penumpang Lion Air Yang Berasal Dari China di Manado Terinfeksi Virus Corona,0,kesehatan,hoaxid_hf,
hf-15269,[SALAH] Video “Akibat virus Corona Babi di kubur hidup-hidup”,0,kesehatan,hoaxid_hf,
hf-15272,[SALAH] Akun Palsu “Bupati Pasuruan Minta Penggalangan Dana Covid-19”,0,kesehatan,hoaxid_hf,
hf-15273,[SALAH] Rumah Sakit Kanusojo Balikpapan Telah Menerima Pasien Positif Virus Corona,0,kesehatan,hoaxid_hf,
hf-15274,[SALAH] “Virus Corona masuk makanan kalengan Cina”,0,kesehatan,hoaxid_hf,
hf-15276,"[SALAH] “Hati-hati untuk wilayah Tanjung Enim, Muara Enim dan sekitarnya. Virus CORONA sudah masuk!”",0,kesehatan,hoaxid_hf,
hf-15280,[SALAH] Dettol Antiseptik Disebut Dapat Membunuh Virus Corona,0,kesehatan,hoaxid_hf,
hf-15281,[SALAH] Video “5 Pasien Suspect Infeksi Virus Corona’ – 1 Meninggal Dunia Di RSU Dr Kariadi Semarang-Indonesia”,0,kesehatan,hoaxid_hf,
hf-15282,"[SALAH] Golden Swalayan Jadi Klaster Baru Covid-19, Warga Wajib Lapor RT Jika Ingin Berkunjung",0,kesehatan,hoaxid_hf,
hf-15284,"[SALAH] “Bukannya memotong gajinya untuk mereka para tim medis, malah memotong tunjangan para tim medis.”",0,kesehatan,hoaxid_hf,
hf-15286,[SALAH] Video “EXPLORE Pasar Wuhan – Virus Corona Diduga Bermunculan”,0,kesehatan,hoaxid_hf,
hf-15289,[SALAH] Vaksin Covid Sebabkan Mandul,0,kesehatan,hoaxid_hf,
hf-15290,[SALAH] Dokumen WHO Tidak Menganjurkan untuk Memakai Masker Selama Pandemi COVID-19,0,kesehatan,hoaxid_hf,
hf-15294,[SALAH] “Corona virus sudah ada di RS. Bhayangkara Indramayu”,0,kesehatan,hoaxid_hf,
hf-15301,"[SALAH] Diduga Terinfeksi Virus Corona, Seorang Warga di Depok Diisolasi",0,kesehatan,hoaxid_hf,
hf-15302,[SALAH] Ada 3 Orang TKA China PT IWIP Yang Meninggal Dunia Akibat Virus Corona,0,kesehatan,hoaxid_hf,
hf-15303,[SALAH] “Jokowi: Virus corona minum bodrex 5 menit langsung sembuh”,0,kesehatan,hoaxid_hf,
hf-15307,[SALAH] Foto “Virus corona sudah sampai Terminal 3 Internasional Bandara Soekarno-Hatta”,0,kesehatan,hoaxid_hf,
hf-15308,[SALAH] “Di makassar dirawat 1 pasien suspect corona virus”,0,kesehatan,hoaxid_hf,
hf-15309,[SALAH] Dua Perawat di RS Sardjito Terjangkit Virus Corona,0,kesehatan,hoaxid_hf,
hf-15312,[SALAH] Sekeluarga Terinfeksi Covid-19 Setelah Menghadiri Acara Ulang Tahun,0,kesehatan,hoaxid_hf,
hf-15317,"[SALAH] “gereja semakin sepi yg tinggal cuma pakaian, org nya udh bertobat masuk islam”",0,kesehatan,hoaxid_hf,
hf-15318,[SALAH] Video “PENJELASAN AHLI VIRUS BAHWA CORONA TIDAK MEMBUNUH”,0,kesehatan,hoaxid_hf,
hf-15319,[SALAH] Pegawai Pusat Perbelanjaan Luwes Gading Dijemput Petugas Medis,0,kesehatan,hoaxid_hf,
hf-15334,[SALAH] Korlap FPI Sebut Imam Besar Kami Punya Penangkal Virus Corona,0,kesehatan,hoaxid_hf,
hf-15345,[SALAH] “Pemerintah Takkan Umumkan Lagi Kasus Positif Covid-19”,0,kesehatan,hoaxid_hf,
hf-15354,[SALAH] Mengonsumsi Telur Rebus Saat Tengah Malam dapat Menangkal COVID-19,0,kesehatan,hoaxid_hf,
hf-15365,[SALAH] Putri Vladimir Putin Meninggal Setelah Dosis Kedua Vaksin COVID,0,kesehatan,hoaxid_hf,
hf-15378,[SALAH] “Tangkapan Layar Pengakuan Relawan Suntik Vaksin Covid-19 yang Menyebut Lupa Punya Hutang tapi Plonga-Plongo”,0,kesehatan,hoaxid_hf,
hf-15387,[SALAH] Pemakaian Masker Menyebabkan Penyakit Legionnaires,0,kesehatan,hoaxid_hf,
hf-15394,[SALAH] Video “Kembang api Olimpiade ditampilkan pada saat ini karena Olimpiade Tokyo ditunda karena covid-19”,0,kesehatan,hoaxid_hf,
hf-15398,[SALAH] Video Rusia Jadi Pemenang Pembuatan Vaksin C19,0,kesehatan,hoaxid_hf,
hf-15403,"[SALAH] Air Kelapa Muda, Jeruk Nipis, dan Garam Obat Covid-19",0,kesehatan,hoaxid_hf,
hf-15408,"[SALAH] Foto “Putri Presiden Rusia Vladimir Putin, Orang Pertama yang Sudah Divaksin Dengan Vaksin Tim Kedokteran Rusia”",0,kesehatan,hoaxid_hf,
hf-15418,[SALAH] Tenaga Medis China Didatangkan Untuk Membantu Menangani Covid-19 di Indonesia,0,kesehatan,hoaxid_hf,
hf-15432,[SALAH] Video Animasi Penyebaran Virus Corona,0,kesehatan,hoaxid_hf,
hf-15437,[SALAH] Kanada Sudah Terbebas dari Covid-19,0,kesehatan,hoaxid_hf,
hf-15443,[SALAH] Pesan Berantai Kantor Pusat PT Kawan Lama Ditutup Karena Salah Satu Direksi Meninggal dan 10 Orang Karyawan Terpapar Covid-19,0,kesehatan,hoaxid_hf,
hf-15456,[SALAH] Setiap Hari Puskesmas di Kelapa Gading Rujuk 10 Pasien COVID-19 ke Wisma Atlet,0,kesehatan,hoaxid_hf,
hf-15457,"[SALAH] Foto “1 Agustus 2020, jutaan warga Jerman turun ke jalan menolak kemerdekaannya dirampas dengan dalih virus sepele.”",0,kesehatan,hoaxid_hf,
hf-15459,[SALAH] Pedagang di Pasar Mayestik Meninggal Karena Covid-19,0,kesehatan,hoaxid_hf,
hf-15461,"[SALAH] “99, 9% Tingkat Kesembuhan Covid dan vaksin dengan tingkat efek merugikan 80%”",0,kesehatan,hoaxid_hf,
hf-15464,"[SALAH] Pesan Berantai Penelitian Online Mahasiswi Ilmu Psikologi Kesehatan, Fakultas Kedokteran Universitas Brawijaya",0,kesehatan,hoaxid_hf,
hf-15466,[SALAH] Himbauan Dokter Bernard Mahfoudz,0,kesehatan,hoaxid_hf,
hf-15478,"[SALAH] Virus ini punya obat Hydroxychloroquine, Zinc dan Zithromax",0,kesehatan,hoaxid_hf,
hf-15484,[SALAH] Foto Presiden Jokowi Bersama Pelawak di Istana Negara Dikaitkan dengan Covid-19,0,kesehatan,hoaxid_hf,
hf-15487,[SALAH] Klaim Hadi Pranoto Soal COVID-19,0,kesehatan,hoaxid_hf,
hf-15500,[SALAH] Tangkapan Layar Berita “RK Ajak ABU JANDA Jadi Relawan Uji Vaksin COVID-19 Buatan China”,0,kesehatan,hoaxid_hf,
hf-15501,[SALAH] Jus Jahe dan Lada Hitam Mampu Sembuhkan Covid-19,0,kesehatan,hoaxid_hf,
hf-15513,"[SALAH] “Nih yang bikin Covid, si jagoan Wall Street (Rockefeller Foundation)”",0,kesehatan,hoaxid_hf,
hf-15514,[SALAH] Transmart Ditutup Selama 10 Hari Karena Belasan Orang Terpapar Covid-19,0,kesehatan,hoaxid_hf,
hf-15516,"[SALAH] Foto “Penipuan para medis, termasuk alat tes suhu di kening, itu alat sinar leser tes suhu kabel demi proyek covit”",0,kesehatan,hoaxid_hf,
hf-15517,[SALAH] China Lakukan Uji Coba Vaksin di Indonesia Karena Kekurangan Monyet,0,kesehatan,hoaxid_hf,
hf-15522,[SALAH] Gambar “Pengujian Vaksin Covid-19 Telah Sukses”,0,kesehatan,hoaxid_hf,
hf-15527,[SALAH] Jokowi Mendapat Silver Button Karena Mencapai 100.000 Kasus Covid,0,kesehatan,hoaxid_hf,
hf-15528,[SALAH] Foto Tenaga Medis Merangkai Kata ‘BACOT!’,0,kesehatan,hoaxid_hf,
hf-15532,"[SALAH] “KASAD klarifikasi, anggota TNI di bandung ternyata rata2 membantah Positif kena Covid 19”",0,kesehatan,hoaxid_hf,
hf-15534,[SALAH] Awas Hati-hati Apa Yang Disemprotkan FPI Adalah Virus Corona,0,kesehatan,hoaxid_hf,
hf-15538,[SALAH] “mayat positif covid 19 dikuburkan masih menggunakan daster (tidak sesuai dgn syariat fardhu kifayah islam)”,0,kesehatan,hoaxid_hf,
hf-15550,[SALAH] “hindari Citos byk karyawannya terpapar covid19. Area citos rawan”,0,kesehatan,hoaxid_hf,
hf-15555,[SALAH] “Indonesia satu2nya negara didunia yang pemerintahnya bahagia merelakan rakyatnya jadi kelinci percobaan vaksin dari china”,0,kesehatan,hoaxid_hf,
hf-15556,[SALAH] Virus Baru bernama SFTS dari China,0,kesehatan,hoaxid_hf,
hf-15569,[SALAH] “Duo Sipit… Yg Satu sudah menjadi Dewan Penasehat DenSus….yg Satunya Hendak mau Jadi Dewan Penasehat Mabes Polri”,0,kesehatan,hoaxid_hf,
hf-15572,[SALAH] Daftar Perlengkapan Medis di Rumah Untuk Hadapi Covid-19,0,kesehatan,hoaxid_hf,
hf-15580,[SALAH] Foto Terakhir Dokter Hadio Berdiri Di Depan Pagar Temui Anak Sebelum Meninggal Karena Covid-19,0,kesehatan,hoaxid_hf,
hf-15581,[SALAH] “Selamat datang TKA China sebarkan virus corona #TergagapCorona”,0,kesehatan,hoaxid_hf,
hf-15590,"[SALAH] 71 Pasien Covid-19 Klaster Hajatan Boyolali Dijemput Petugas, Biaya Dibebankan ke Pemilik Hajatan",0,kesehatan,hoaxid_hf,
hf-15596,[SALAH] Kondisi Jenazah Korban Covid-19 Di Rumah Sakit Osmania India,0,kesehatan,hoaxid_hf,
hf-15600,"[SALAH] “Takut Dibunuh, Ahli Virus China Kabur ke AS: Saya Bersaksi Covid-19 Hasil Persekongkolan Jahat”",0,kesehatan,hoaxid_hf,
hf-15618,[SALAH] Covid-19 Tidak Murni Sebabkan Kematian,0,kesehatan,hoaxid_hf,
hf-15624,"[SALAH] Foto “Barack Obama, Anthony Fauci dan Melinda Gates mengunjungi ‘pabrik coronavirus’ Laboratorium Cina Wuhan tahun 2015”",0,kesehatan,hoaxid_hf,
hf-15628,[SALAH] Beberapa RSUD Di Jakarta dan Depok Ditutup Karena Karyawan Positif Covid-19,0,kesehatan,hoaxid_hf,
hf-15640,[SALAH] Pedagang di Pasar Segiri Positif Covid-19,0,kesehatan,hoaxid_hf,
hf-15642,[SALAH] Nasi Padang Menjadi Sumber Penularan Covid-19,0,kesehatan,hoaxid_hf,
hf-15651,[SALAH] “Video pembuangan jenazah-jenazah korban Covid-19 di laut Meksiko”,0,kesehatan,hoaxid_hf,
hf-15659,[SALAH] Video Doa Imam Besar Masjidil Haram Mekah Assyeikh Sudais terhadap Musibah Virus Corona,0,kesehatan,hoaxid_hf,
hf-15663,"[SALAH] “Muncul Virus Baru di China Selain Corona, #Hantavirus”",0,kesehatan,hoaxid_hf,
hf-15680,[SALAH] “Dirut RSUI bersama 2 Direktur RSUI lainnya dan 10 staff RSUI saat ini dirawat di RSUI terkena Covid”,0,kesehatan,hoaxid_hf,
hf-15694,[SALAH] “Aktor Javed Haider menjual sayuran karena tidak ada pekerjaan akibat pandemi #COVID19”,0,kesehatan,hoaxid_hf,
hf-15698,[SALAH] Tenaga Medis di Sampang Sengaja Sebarkan Corona Dengan Disuntik,0,kesehatan,hoaxid_hf,
hf-15703,"[SALAH] “SEHARI SETELAH DILAKUKAN RAPID TEST COVID-19 KEPADA PARA SANTRI DI KUDUS, 1.000 SANTRI TAK SADARKAN DIRI”",0,kesehatan,hoaxid_hf,
hf-15704,[SALAH] Gambar Tangkapan Layar Berita Viva.co.id Berjudul “Kementan Produksi Massal Kalung Antivirus Corona Bulan Depan” Dengan Foto Headline Kalung Bertaring,0,kesehatan,hoaxid_hf,
hf-15712,[SALAH] Larangan Keluar Rumah Karena Puncak Penyebaran Virus Corona,0,kesehatan,hoaxid_hf,
hf-15718,[SALAH] Desain Helm Covid-19 Pada Kompetisi NFL,0,kesehatan,hoaxid_hf,
hf-15728,[SALAH] Video “Benarkah COVID ada??”,0,kesehatan,hoaxid_hf,
hf-15744,[SALAH] Foto Kondisi Tenggorokan Pasien Positif Covid-19,0,kesehatan,hoaxid_hf,
hf-15748,"Search Results for [SALAH] “Menurut laporan WHO, Corona Virus adalah yang paling banyak bertahan di lapisan kubis”",0,kesehatan,hoaxid_hf,
hf-15751,[SALAH] Video “ini demo di Amerika. saat ini di masa pandemik #COVIDー19”,0,kesehatan,hoaxid_hf,
hf-15753,[SALAH] Pesta Homo Seksual di Italia Sebelum Covid-19 Mewabah,0,kesehatan,hoaxid_hf,
hf-15756,"[SALAH] Petugas Rapid Test Jarang Mengganti Sarung Tangan, Bisa Tularkan Covid-19 dari Pasien Sebelumnya",0,kesehatan,hoaxid_hf,
hf-15771,"[SALAH] Tak Perlu Ikut Rapid Test, Mencium Bau Cuka Bisa Deteksi Seseorang Terkena Covid-19 Atau Tidak",0,kesehatan,hoaxid_hf,
hf-15773,"[SALAH] Ruang Perawatan Covid di Riau Penuh, Warga Wajib di Rumah Selama Dua Minggu",0,kesehatan,hoaxid_hf,
hf-15777,[SALAH] “seorang pasien kanker melemparkan uang di seluruh koridor rumah sakit”,0,kesehatan,hoaxid_hf,
hf-15779,[SALAH] “Keasang pengarep mampu menangani virus Corona di Jakarta asal menjadi gubernur DKI”,0,kesehatan,hoaxid_hf,
hf-15781,[SALAH] “Heboh! Pernyataan Dokter Indonesia Soal Covid”,0,kesehatan,hoaxid_hf,
hf-15786,"[SALAH] Peta Kasus Covid DKI “DKI kembali Zona Merah, Bogor Zona Hitam”",0,kesehatan,hoaxid_hf,
hf-15790,[SALAH] “Gubernur Jakarta Anies Baswedan mendapat penghargaan terbaik di seluruh dunia dalam penanganan COVID-19”,0,kesehatan,hoaxid_hf,
hf-15795,[SALAH] Dokter RSAL Surabaya Meninggal akibat Covid-19,0,kesehatan,hoaxid_hf,
hf-15797,[SALAH] “corona virus sudah viral di iqro”,0,kesehatan,hoaxid_hf,
hf-15812,[SALAH] “dokter gigi di Surabaya stres telanjang di jalan karena suaminya dan anaknya mati kena covid”,0,kesehatan,hoaxid_hf,
hf-15815,[SALAH] “bupati Luwu Utara terbaring di RS karena terjatuh dari motornya waktu antar BanSos COvid-19”,0,kesehatan,hoaxid_hf,
hf-15817,[SALAH] “sakitnya apa di diagnosa nya covid”,0,kesehatan,hoaxid_hf,
hf-15824,[SALAH] Pernyataan Ekstrim Menteri Kesehatan Letjen TNI dr. Terawan Agus Putranto Sp. Rad,0,kesehatan,hoaxid_hf,
hf-15825,"[SALAH] Insentif Virus Corona, Pemerintah Gratiskan Akses Internet",0,kesehatan,hoaxid_hf,
hf-15827,[SALAH] Abu Vulkanik Dapat Membunuh Virus Corona Karena Mengandung Asam Sulfat,0,kesehatan,hoaxid_hf,
hf-15828,[SALAH] Servis Mobil Gratis “Suzuki Peduli Covid s.id/SuzukiPeduliCovid”,0,kesehatan,hoaxid_hf,
hf-15838,"[SALAH] Bapak Ibu Meninggal Karena Covid-19, 5 Bersaudara Menunggu Diadopsi",0,kesehatan,hoaxid_hf,
hf-15844,"[SALAH] “Di film kapten amerika, capten steve bangun pada masa modern dan kamu bisa lihat virus corona”",0,kesehatan,hoaxid_hf,
hf-15853,[SALAH] Video “DI BALIK COVID-19/CORONA TERNYATA ISI NYA SUDAH HABIS”,0,kesehatan,hoaxid_hf,
hf-15855,[SALAH] “Corona Virus adalah BOHONG. bukan dari Virus tapi dari Bakteri. semua ini diketahui oleh negara Itali”,0,kesehatan,hoaxid_hf,
hf-15857,[SALAH] “Corona Virus adalah BOHONG. bukan dari Virus tapi dari Bakteri. semua ini diketahui oleh negara Itali”,0,kesehatan,hoaxid_hf,
hf-15870,[SALAH] PKI Nyamar Jadi Dokter,0,kesehatan,hoaxid_hf,
hf-15881,[SALAH] Pasien Covid-19 di Cimahi Kabur Dari Rumah Sakit,0,kesehatan,hoaxid_hf,
hf-15901,[SALAH] Campuran Garam dan Air Hangat Mampu Hilangkan Virus Corona,0,kesehatan,hoaxid_hf,
hf-15902,[SALAH] “warga Puruk cahu murung raya desa mangkuhui positif covid-19 kabur”,0,kesehatan,hoaxid_hf,
hf-15903,[SALAH] Video “Kisah pilu dari ITALY IBU nya meninggal pasien COVID-19”,0,kesehatan,hoaxid_hf,
hf-15904,[SALAH] “Hari ini 2 kasir Chandra karang dinyatakan positive Covid 19”,0,kesehatan,hoaxid_hf,
hf-15905,"[SALAH] “Di Italia, ketika gereja dibuka kembali, hampir semua jemaatnya sudah meninggal karena COVID”",0,kesehatan,hoaxid_hf,
hf-15907,[SALAH] “Italia mengalahkan COVID-19 “Koagulasi intravaskular diseminata” (Trombosis)”,0,kesehatan,hoaxid_hf,
hf-15915,[SALAH] Ellen DeGeneres Membagikan Bantuan Untuk Virus Corona di Facebook,0,kesehatan,hoaxid_hf,
hf-15916,[SALAH] Daftar Virus yang Berasal dari China,0,kesehatan,hoaxid_hf,
hf-15918,[SALAH] “WHO: Pria berpenis besar lebih rentan tertular Covid-19”,0,kesehatan,hoaxid_hf,
hf-15920,[SALAH] Video Dokter Bule,0,kesehatan,hoaxid_hf,
hf-15921,[SALAH] “Keluarkan nasi dari rice cooker jika sudah matang. Kalau lebih dari 12 jam menjadi pemicu diabetes”,0,kesehatan,hoaxid_hf,
hf-15922,[SALAH] Program Mudik Sehat PSBB 2020 Oleh Big Bird,0,kesehatan,hoaxid_hf,
hf-15926,[SALAH] “Registrasi Ambil Dana Bantuan Anda Covid-19”,0,kesehatan,hoaxid_hf,
hf-15930,[SALAH] “penerimaan sampel COVID-19 di BBTKLPP Jakarta akan libur pada Hari Raya Idul Fitri”,0,kesehatan,hoaxid_hf,
hf-15931,[SALAH] Manager Giant Pal 6 Banjarmasin Meninggal Kena Covid-19,0,kesehatan,hoaxid_hf,
hf-15934,[SALAH] Pasien Covid-19 Meninggal di Rumah Sakit Manaf Kota Jambi,0,kesehatan,hoaxid_hf,
hf-15935,"[SALAH] “15 Hari Sembuh, Menhub Budi Karya Kembali Dinyatakan Positif Covid-19”",0,kesehatan,hoaxid_hf,
hf-15942,[SALAH] 236 Anggota Polisi Positif Covid-19 dan 6 Orang Meninggal Dunia,0,kesehatan,hoaxid_hf,
hf-15946,[SALAH] Lowongan Sukarelawan Covid-19 RSUD Dr. Soetomo Surabaya,0,kesehatan,hoaxid_hf,
hf-15947,[SALAH] WHO Menyebutkan Vegetarian Tidak Kena Covid-19,0,kesehatan,hoaxid_hf,
hf-15948,"[SALAH] Pesan Berantai “ada 13 org penjual daging yg positif covid19, sekarang ini di pasar cileungsi lg dilakukan test swab massal”",0,kesehatan,hoaxid_hf,
hf-15957,[SALAH] Warga India Membuang Patung Ke Sungai Karena Tidak Bisa Menyelamatkan Mereka Dari Virus Corona,0,kesehatan,hoaxid_hf,
hf-15959,[SALAH] Tuduhan Foto Interior Lab Darurat COVID-19 Labkesda DKI Hasil Mencomot,0,kesehatan,hoaxid_hf,
hf-15969,[SALAH] Madu Dicampur Bawang Putih Obat Kanker,0,kesehatan,hoaxid_hf,
hf-15970,[SALAH] Ulama Windusari Dijemput Paksa Terkait Covid-19,0,kesehatan,hoaxid_hf,
hf-15973,[SALAH] “Vaksin pertama kali dibuat di bawah kekhalifahan Ottoman. Tahun 1717”,0,kesehatan,hoaxid_hf,
hf-15976,[SALAH] Virus Covid-19 Sengaja Dimasukkan kedalam Tubuh Masyarakat Melalui Alat Rapid Test,0,kesehatan,hoaxid_hf,
hf-15981,[SALAH] Donasi Bahan Iftar dan Sahur di Masa Wabah Covid-19 oleh PKS,0,kesehatan,hoaxid_hf,
hf-15989,[SALAH] Kuota 100GB Gratis dari Pemerintah Selama Pandemi Covid-19,0,kesehatan,hoaxid_hf,
hf-15991,[SALAH] “Ternyata Klaster penyebar Covid-19 terbanyak Indonesia adalah 10.000 lebih pendeta GBI & GPIB”,0,kesehatan,hoaxid_hf,
hf-15996,[SALAH] Terjadi Penyekapan di Apotek Pancasan Kota Bogor,0,kesehatan,hoaxid_hf,
hf-15999,[SALAH] Seorang Kakek di Tulungagung Meninggal Karena Covid-19,0,kesehatan,hoaxid_hf,
hf-16002,[SALAH] “Setelah adanya Virus Covid-19. Umat Islam Arab banyak yg Murtad”,0,kesehatan,hoaxid_hf,
hf-16003,[SALAH] “Tenaga Medis Covid-19 RSUD Purworejo Ditagih Biaya Rp. 150 Ribu/Malam Oleh Pemkab Karena Telah Tinggal Di Hotel Ganesha”,0,kesehatan,hoaxid_hf,
hf-16004,[SALAH] Satgas Covid-19 Kabupaten Pangkep Semprot Jemaah Shalat Tarawih di Masjid,0,kesehatan,hoaxid_hf,
hf-16005,[SALAH] “menteri kesehatan America sdh menandatangani persetujuan penggunaan chip 666 untuk virus corona”,0,kesehatan,hoaxid_hf,
hf-16008,[SALAH] ”Seorang Pasien Dalam Pengawasan Covid-19 (PDP) Mengamuk di Pintu Rumah sakit Pamekasan Madura”,0,kesehatan,hoaxid_hf,
hf-16009,[SALAH] Pesan Berantai “Taman Raya Tahap V Zona Merah COVID-19”,0,kesehatan,hoaxid_hf,
hf-16017,[SALAH] “Jokowi: Hukuman Seumur Hidup Bagi Kepala Daerah Mainkan Bantuan Covid-19”,0,kesehatan,hoaxid_hf,
hf-16019,[SALAH] Pemerintah Membagikan Kuota 10GB Gratis sebagai Insentif untuk Melawan COVID-19,0,kesehatan,hoaxid_hf,
hf-16023,[SALAH] Video “rezim memaksa para kyai utk di suntik dgn dalih utk ketahanan tubuh dari virus..kyai di banten ini tegas menolak!!”,0,kesehatan,hoaxid_hf,
hf-16025,[SALAH] Video “cara pertolongan Emergency Covid 19”,0,kesehatan,hoaxid_hf,
hf-16027,[SALAH] “Jutaan Produksi Rokok Yang Terpapar Covid-19 Beredar Luas Di Masyarakat”,0,kesehatan,hoaxid_hf,
hf-16028,[SALAH] Vietnam Tidak Ada Korban Meninggal Covid-19 Karena Teh dan Lemon,0,kesehatan,hoaxid_hf,
hf-16032,[SALAH] Erdogan Tak akan Tutup Mesjid di Turki Selama Pandemi Covid-19,0,kesehatan,hoaxid_hf,
hf-16034,[SALAH] “Profesor Dr Tasuku Honjo mengatakan bahwa virus korona itu tidak alami. Cina telah membuatnya”,0,kesehatan,hoaxid_hf,
hf-16035,"[SALAH] SBY Siap Kembalikan Dana Bank Century Rp6,7 Triliun untuk Bantu Covid-19",0,kesehatan,hoaxid_hf,
hf-16036,"[SALAH] “Apabila ada masyarakat tidak mampu makan, dapat menghubungi nomor pengaduan Bansos Covid19 Kemensos”",0,kesehatan,hoaxid_hf,
hf-16037,[SALAH] Akhirnya Ketangkap Juga Biang Penyebar Virus Corona dan Agen TKA China Ini,0,kesehatan,hoaxid_hf,
hf-16038,[SALAH] Donasi Kaos Oblong Bekas Untuk Tim Medis RSD Wisma Atlet,0,kesehatan,hoaxid_hf,
hf-16041,[SALAH] Bioskop di Palangka Raya Kembali Buka di Tengah Persebaran Covid-19,0,kesehatan,hoaxid_hf,
hf-16043,[SALAH] Sheikh Hamdan Al Maktoum Memberikan Uang Selama COVID-19,0,kesehatan,hoaxid_hf,
hf-16046,"[SALAH] Karena Pandemi COVID-19, yang Seharusnya Dibebaskan Narapidana Pencuri Ayam, Bukan malah Terpidana Koruptor",0,kesehatan,hoaxid_hf,
hf-16049,[SALAH] Hanya di Indonesia Narapidana Dibebaskan di Tengah Wabah COVID-19,0,kesehatan,hoaxid_hf,
hf-16050,[SALAH] Petugas Kebersihan SMAN 10 Yogyakarta Positif Virus Corona,0,kesehatan,hoaxid_hf,
hf-16055,[SALAH] Dari Ratusan Ribu Tahanan Tidak Ada Satupun Aktivis Islam yang Dibebaskan di Tengah Wabah COVID-19,0,kesehatan,hoaxid_hf,
hf-16056,[SALAH] Alfamart Menyumbangkan 6000 Kupon Untuk Membantu Melawan COVID-19,0,kesehatan,hoaxid_hf,
hf-16063,[SALAH] Foto “Ariel NOAH Jadi Relawan Tenaga Medis di tengah pandemi virus corona atau Covid-19”,0,kesehatan,hoaxid_hf,
hf-16065,[SALAH] “Ini kiriman video betapa dahsyatnya wabah covid 19 di Amerika”,0,kesehatan,hoaxid_hf,
hf-16069,[SALAH] “ujar Xi Jin Ping Hanya Indonesia Yg Mampu Mengendalikan Covid 19”,0,kesehatan,hoaxid_hf,
hf-16070,[SALAH] Obat Virus Corona Ditemukan Hanya Berbahan Lemon dan Teh Hangat,0,kesehatan,hoaxid_hf,
hf-16072,[SALAH] Video dr. Cheng: Sembuh Dari COVID-19 Cukup dengan Vitamin C,0,kesehatan,hoaxid_hf,
hf-16076,[SALAH] Setya Novanto Dibebaskan Karena COVID-19,0,kesehatan,hoaxid_hf,
hf-16077,[SALAH] Jokowi Keluarkan Kartu Corona Indonesia Sehat (KARCIS),0,kesehatan,hoaxid_hf,
hf-16078,[SALAH] Pesan Berantai PT MOSI Tawarkan Rapid Test Kit COVID-19,0,kesehatan,hoaxid_hf,
hf-16083,[SALAH] Menag Izinkan Masjid Gelar Salat Tarawih Saat Pandemi Covid-19,0,kesehatan,hoaxid_hf,
hf-16087,[SALAH] Merokok Menghadang Virus Corona Masuk Ke Paru-Paru,0,kesehatan,hoaxid_hf,
hf-16089,[SALAH] Video “Donald Trump di ruqyah sebab sudah stress menghadapi Covid 19”,0,kesehatan,hoaxid_hf,
hf-16090,"[SALAH] “Modus Menghabisi Ustadz, disuntik covid-19 sampai mati”",0,kesehatan,hoaxid_hf,
hf-16092,[BERITA] Menara Jaringan Telekomunikasi 5G di Inggris Dibakar karena Hoax Virus Corona,0,kesehatan,hoaxid_hf,
hf-16093,[BERITA] Pasien positif Covid -19 di RST Latumeten Ambon masih dalam perawatan,0,kesehatan,hoaxid_hf,
hf-16099,[SALAH] Mantan Manajer RAPP dan Istri Terpapar COVID-19,0,kesehatan,hoaxid_hf,
hf-16100,[SALAH] Puncak Persebaran Virus Corona 4 April Hingga 18 April 2020,0,kesehatan,hoaxid_hf,
hf-16102,"[SALAH] Terlibat Pembuatan COVID-19 di China, FBI Menangkap Profesor Harvard",0,kesehatan,hoaxid_hf,
hf-16105,"[SALAH] Video “Italian millionaire terjun Dari bagunan, karena keluarga nya semua kena virus corona”",0,kesehatan,hoaxid_hf,
hf-16106,[SALAH] “Info dari pasien yg sudah sembuh dari RS Persahabatan ..”,0,kesehatan,hoaxid_hf,
hf-16107,[SALAH] “Untuk mengalahkan virus korona adalah mengambil lebih banyak makanan alkali yang berada di atas tingkat pH virus”,0,kesehatan,hoaxid_hf,
hf-16113,[SALAH] Italia Tidak Bisa Mengontrol Virus dan Mengucapkan Selamat Tinggal kepada Dunia,0,kesehatan,hoaxid_hf,
hf-16114,[SALAH] “China memang bener” jahat mengirim baju” bundle pakaian bekas di pakai orang” Yg sudah mati akibat virus”,0,kesehatan,hoaxid_hf,
hf-16115,[SALAH] Menaruh Amoxilin Dalam Tandon Air Dapat Menangkal Covid-19,0,kesehatan,hoaxid_hf,
hf-16116,[SALAH] Rakyat Italia Buang Duit ke Jalan karena Sudah Tidak Berguna Akibat Virus COVID-19,0,kesehatan,hoaxid_hf,
hf-16119,[SALAH] Bill Gates akan meluncurkan kapsul implan manusia untuk melawan Virus Corona,0,kesehatan,hoaxid_hf,
hf-16122,"[SALAH] Imigran China Sengaja Membawa Virus, Tujuannya Membasmi Rakyat +62",0,kesehatan,hoaxid_hf,
hf-16123,[SALAH] Uap Air Panas Dapat Membunuh Virus Corona,0,kesehatan,hoaxid_hf,
hf-16124,[SALAH] Pasukan Tentara Membantu Melawan Virus Corona di New York,0,kesehatan,hoaxid_hf,
hf-16127,[SALAH] Foto “penguburan Jenazah ibu kandung Presiden Joko Widodo meninggal dunia karena Serangan Virus Corona”,0,kesehatan,hoaxid_hf,
hf-16129,[SALAH] Foto “kumpulan untuk mengakhiri COVID-19 di Cleveland hari ini #EndCOVID”,0,kesehatan,hoaxid_hf,
hf-16132,[SALAH] Video “Di Amerika sudah terjadi penjarahan di mana2 karena ketakutan akan virus corona”,0,kesehatan,hoaxid_hf,
hf-16137,[SALAH] Mulai Senin 30 Maret Kota Makassar lockdown lokal untuk mencegah penyebaran Covid-19.,0,kesehatan,hoaxid_hf,
hf-16143,[SALAH] 5 Kecamatan di Lampung “Red Zone” COVID-19,0,kesehatan,hoaxid_hf,
hf-16145,[SALAH] “Kematian disebabkan COVID-19: Dibalut dalam bag”,0,kesehatan,hoaxid_hf,
hf-16147,[SALAH] “Bawang merah yang dikupas bisa menyedot dan membunuh virus dan kuman”,0,kesehatan,hoaxid_hf,
hf-16152,[SALAH] Rekrutmen Relawan Penanganan Pasien Virus Corona Oleh Dokter Irna,0,kesehatan,hoaxid_hf,
hf-16153,[SALAH] “akan ada penyemprotan racun untuk virus corona dari malaysia dan singapore melalui udara”,0,kesehatan,hoaxid_hf,
hf-16155,[SALAH] Saddam Hussein Mengatakan Amerika Mengancam Irak dengan Virus Corona,0,kesehatan,hoaxid_hf,
hf-16158,[SALAH] Gambar Sampul Koran Tempo “Gotong Royong Melawan Virus Corona”,0,kesehatan,hoaxid_hf,
hf-16159,"[SALAH] “OBAT YANG DIBELI JOKOWI DARI CINA KOMUNIS , SANGAT BERBAHAYA DAN BERAKIBAT KEMATIAN”",0,kesehatan,hoaxid_hf,
hf-16161,[SALAH] Obat Avigan yang Dipesan Jokowi adalah Obat Pembunuh Janin,0,kesehatan,hoaxid_hf,
hf-16162,[SALAH] Virus Corona Adalah Sejenis “Jamur Atau Mould”,0,kesehatan,hoaxid_hf,
hf-16164,"[SALAH] RS Premier Bintaro di-Lockdown, 19 Tenaga Medis Positif COVID-19",0,kesehatan,hoaxid_hf,
hf-16167,[SALAH] Wapres Ma’ruf Amin Imbau Umat Islam Sholat Tobat agar Virus Corona Cepat Teratasi,0,kesehatan,hoaxid_hf,
hf-16168,[SALAH] Foto Perempuan Muslim Uighur yang Dizalimi dan Doanya Memicu Azab Virus Corona,0,kesehatan,hoaxid_hf,
hf-16173,"[SALAH] Gara-Gara Virus Corona, TKA China Digaji 200 Juta Per Tahun",0,kesehatan,hoaxid_hf,
hf-16174,[BERITA] Update status WNA yang Meninggal di Atas Motor Positif COVID-19,0,kesehatan,hoaxid_hf,
hf-16177,[BERITA] Perkembangan Chloroquine Untuk Obat COVID-19,0,kesehatan,hoaxid_hf,
hf-16179,"[SALAH] Video “Sholat Jum’atan di China menjadi lautan manusia, orang Islam di Wuhan tidak Satupun yang kena virus corona”",0,kesehatan,hoaxid_hf,
hf-16183,[SALAH] “Ganja Mampu Menangkal Covid-19”,0,kesehatan,hoaxid_hf,
hf-16186,"[SALAH] “DI WUHAN CINA KETIKA TERJADI VIRUS CORONA RAKYAT BERBONDONG2 KE MESJID, DI INDON RAKYAT DILARANG KE MESJID”",0,kesehatan,hoaxid_hf,
hf-16192,"[SALAH]”Di tanya soal virus corona korlap FPI: hanya imam besar kami yg punya penangkal virus corona,karna imam besar kami cucu nabi”",0,kesehatan,hoaxid_hf,
hf-16193,[SALAH] Donald Trump Umumkan Roche Medical Company akan Meluncurkan Vaksin Covid19 Jutaan Dosis Minggu Depan,0,kesehatan,hoaxid_hf,
hf-16194,"[SALAH] Himbauan Penutupan TPU Akibat Virus Corona, Jenazah Diminta Diletakkan Terlebih Dahulu di Rumah",0,kesehatan,hoaxid_hf,
hf-16198,[SALAH] “Coronavirus akan hancur dengan air”,0,kesehatan,hoaxid_hf,
hf-16200,[SALAH] Dosen Kedokteran Gigi UI Meninggal Karena COVID-19,0,kesehatan,hoaxid_hf,
hf-16203,[SALAH] Foto “1 korban dlm pengawasan Covid-19 di RS wahidin mks setelah bersalaman dgn Menhub Budi Karya”,0,kesehatan,hoaxid_hf,
hf-16204,"[SALAH] Virus Corona Bukanlah Virus, Sinyal 5G yang Sebenarnya Membunuh Orang",0,kesehatan,hoaxid_hf,
hf-16206,[SALAH] Video “ini di PGC evakuasi pasien COVID 19.”,0,kesehatan,hoaxid_hf,
hf-16207,[SALAH] Minum Banyak Air dan Berkumur dengan Air Hangat & Garam atau Cuka Dapat Menghilangkan Virus Corona Saat di Tenggorokan,0,kesehatan,hoaxid_hf,
hf-16210,"[SALAH] “Satu lagi Mentri Kabinet Jokowi Positif terpapar COVID-19, Menteri Nadien Dinyatakan Positif Virus Corona, Jalani Isolasi Secara Mandiri”",0,kesehatan,hoaxid_hf,
hf-16211,[SALAH] “Chloroquine (Obat Malaria Klorokuin) bisa menyembuhkan covid-19”,0,kesehatan,hoaxid_hf,
hf-16215,[SALAH] “China Akui Dokter Palestina Penemu Vaksin Corona yang Terbukti Ampuh 100 Persen”,0,kesehatan,hoaxid_hf,
hf-16217,[SALAH] COVID-19 Sudah Sampai Purwakarta,0,kesehatan,hoaxid_hf,
hf-16219,[SALAH] “Alkohol Bisa Membunuh Coronavirus Covid-19”,0,kesehatan,hoaxid_hf,
hf-16220,[SALAH] “Dua orang Terinfeksi Virus Corona Di Parepare”,0,kesehatan,hoaxid_hf,
hf-16221,"[SALAH] “orang karangturi,balak cawas,sudah tertular virus corona”",0,kesehatan,hoaxid_hf,
hf-16225,[SALAH] Kapal Rute Banda Aceh Sabang Distop Karena Virus Corona,0,kesehatan,hoaxid_hf,
hf-16227,[SALAH] “Hasil Pemeriksaan Presiden Jokowi Positif Virus Corona”,0,kesehatan,hoaxid_hf,
hf-16228,[SALAH] “suspect coronavirus ditemukan di salah satu terapis spa Hotel Goldenhands kelapa gading”,0,kesehatan,hoaxid_hf,
hf-16230,"[SALAH] Mengonsumsi Pisang Dalam Sehari, Membuat Virus Corona Pergi",0,kesehatan,hoaxid_hf,
hf-16235,[SALAH] Surat Edaran Walikota Palembang Soal Virus Corona,0,kesehatan,hoaxid_hf,
hf-16238,[EDUKASI] WHO: “T&J tentang coronavirus (COVID-19)”,0,kesehatan,hoaxid_hf,
hf-16239,[SALAH] “Profesor Chen Horin mengatakan Lemon panas dapat membunuh sel kanker”,0,kesehatan,hoaxid_hf,
hf-16240,[BERITA] Kemendagri Bantah Tito Karnavian Terjangkit Covid-19,0,kesehatan,hoaxid_hf,
hf-16241,"[SALAH] “jangan ke Kokas dulu ya, mall di lockdown karena salah satu staff diatas ada yang suspect Covid-19”",0,kesehatan,hoaxid_hf,
hf-16242,[SALAH] “the Simpsons 1993 memprediksi Corona virus dari China”,0,kesehatan,hoaxid_hf,
hf-16243,[SALAH] “Satu pasien virus corona dr Badau otw dirujuk ke rumah sakit rujukan Sintang”,0,kesehatan,hoaxid_hf,
hf-16244,[BERITA] Malware “AZORult” di Aplikasi Palsu Peta Sebaran COVID-19,0,kesehatan,hoaxid_hf,
hf-16247,[SALAH] “katanya Ada korban virus Corona di PIK”,0,kesehatan,hoaxid_hf,
hf-16248,[SALAH] Ditemukannya Virus Corona atau COVID-19 di Tisu Toilet,0,kesehatan,hoaxid_hf,
hf-16250,[SALAH] Kokain Membunuh Coronavirus,0,kesehatan,hoaxid_hf,
hf-16254,[SALAH] “Pangeran Uni Emirat Arab Dikabarkan Positif Virus Corona”,0,kesehatan,hoaxid_hf,
hf-16255,[BERITA] Klarifikasi Mentari International School tentang Pemberitaan Terinfeksi COVID-19,0,kesehatan,hoaxid_hf,
hf-16258,"[SALAH] “WHO : Merokok, Salah satu solusi pencegahan Covid-19.”",0,kesehatan,hoaxid_hf,
hf-16264,[SALAH] Orang yang Bergolongan Darah O Lebih Rentan Terinfeksi Virus Corona,0,kesehatan,hoaxid_hf,
hf-16265,[SALAH] Virus Corona Mati dalam Suhu 26-27 Derajat dan Saat Terkena Sinar Matahari,0,kesehatan,hoaxid_hf,
hf-16268,[SALAH] 1000 Tiket Pesawat Gratis Untuk WNI Pulang Ke Tanah Air Dari PT Angkasa Pura 1 Karena Virus Corona,0,kesehatan,hoaxid_hf,
hf-16269,[SALAH] Tes Sederhana Untuk Mengenal Virus Corona Hanya Dalam Sepuluh Detik,0,kesehatan,hoaxid_hf,
hf-16271,[SALAH] Video 280 Jemaah Umrah Tertahan di Pesawat dan 18 Di Antaranya Positif Terinfeksi Virus Corona,0,kesehatan,hoaxid_hf,
hf-16279,"[SALAH] “Tingkat Sulfur Dioksida tinggi di Kota Wuhan tanda kremasi massal korban coronavirus, indikasi ada lebih dari 50.000 korban jiwa dibakar”",0,kesehatan,hoaxid_hf,
hf-16287,[SALAH] Cikarang Siaga 3 Virus Corona Karena Sudah 3 Orang Meninggal di Meikarta,0,kesehatan,hoaxid_hf,
hf-16297,[SALAH] Ditemukan Virus Machupo Dalam Paracetamol,0,kesehatan,hoaxid_hf,
hf-16301,[SALAH] Mi Goreng Indonesia Masuk Daftar Makanan Yang Menyebarkan Virus Corona di Australia,0,kesehatan,hoaxid_hf,
hf-16302,[SALAH] “Thailand Berhasil Sembuhkan Pasien Virus Corona dengan Ganja”,0,kesehatan,hoaxid_hf,
hf-16303,[SALAH] “Pengemudi ini mencoba ‘kabur’ dari pemeriksaan #CoronaVirusCamp”,0,kesehatan,hoaxid_hf,
hf-16304,[SALAH] Video “puluhan pasien virus corona kejang-kejang”,0,kesehatan,hoaxid_hf,
hf-16305,[SALAH] Foto “tim medis Jepang berjumlah 1.000 tiba di Wuhan”,0,kesehatan,hoaxid_hf,
hf-16306,[SALAH] “Saking takutnya dengan virus corona Orang Cina Islam yang sholat arahnya kemana mana”,0,kesehatan,hoaxid_hf,
hf-16307,[SALAH] Dokter Israel Membantu Pasien Corona di China,0,kesehatan,hoaxid_hf,
hf-16313,[SALAH] Virus Corona Dapat Menular Melalui Tatapan Mata,0,kesehatan,hoaxid_hf,
hf-16315,[SALAH] Foto “China Dilaporkan Diam-diam Kremasi Korban Virus Corona”,0,kesehatan,hoaxid_hf,
hf-16317,[SALAH] Virus Corona Sudah Sampai di Shah Alam Selangor,0,kesehatan,hoaxid_hf,
hf-16318,[SALAH] Presiden China Mengumumkan Virus Corona Telah Menjadi Epidemi dan Memohon Kepada Umat Islam Mendoakan China,0,kesehatan,hoaxid_hf,
hf-16319,[SALAH] Coronavirus Memiliki Paten,0,kesehatan,hoaxid_hf,
hf-16322,"[SALAH] “Diduga Terjangkit Virus Corona, Satu Pasien RS Doris Sylvanus Diisolasi”",0,kesehatan,hoaxid_hf,
hf-16324,[SALAH] Air Rebusan Bawang Putih Menyembuhkan Virus Corona,0,kesehatan,hoaxid_hf,
hf-16326,[SALAH] Korelasi Video Anak Disuapi Berudu Hidup dengan Virus Corona,0,kesehatan,hoaxid_hf,
hf-16327,[SALAH] “Kepanikan luar biasa orang2 china akibat #VirusCorona”,0,kesehatan,hoaxid_hf,
hf-16330,[SALAH] Vaksin Penyebab Autis,0,kesehatan,hoaxid_hf,
hf-16336,[SALAH] Jus Daun Pepaya Mentah Obat DBD,0,kesehatan,hoaxid_hf,
hf-16362,[SALAH] Pelintiran Judul Berita “Dokter Minta Wapres Ma’ruf Amin Beristirahat”,0,kesehatan,hoaxid_hf,
hf-16393,[SALAH] Air Liur Dari Terompet Dapat Sebarkan Penyakit Berbahaya,0,kesehatan,hoaxid_hf,
hf-16422,[SALAH] “Legenda Hello Kitty berasal dari gadis penderita kanker mulut dan Hello Kiity artinya dalam bahasa China adalah Halo Iblis”,0,kesehatan,hoaxid_hf,
hf-16439,[SALAH] Air Nanas Panas Sembuhkan Kanker,0,kesehatan,hoaxid_hf,
hf-16440,[BERITA] Kemenpan RB: Tidak Ada Pengangkatan CPNS Jalur Indonesia Sehat,0,kesehatan,hoaxid_hf,
hf-16452,[SALAH] Air Nanas Panas Sembuhkan Kanker,0,kesehatan,hoaxid_hf,
hf-16453,[BERITA] Kemenpan RB: Tidak Ada Pengangkatan CPNS Jalur Indonesia Sehat,0,kesehatan,hoaxid_hf,
hf-16476,[SALAH] Minuman Probiotik Dapat Membantu Sembuhkan Kanker,0,kesehatan,hoaxid_hf,
hf-16482,"[SALAH] “UYM: Sholat Dimonas Itu Dosa, Karena Dianggap Riya, Semoga Para Alumni 212 Segera Bertobat”",0,kesehatan,hoaxid_hf,
hf-16510,[SALAH] Foto anak berdarah mahasiswa Poly University korban demo demo rusuh di Hongkong,0,kesehatan,hoaxid_hf,
hf-16553,[SALAH] Gebrakan Menteri Kesehatan yang Baru,0,kesehatan,hoaxid_hf,
hf-16555,[SALAH] Penyumbatan di usus karena konsumsi mie atau spaghetti yang disingkirkan saat dokter melakukan operasi,0,kesehatan,hoaxid_hf,
hf-16566,[SALAH] Virus Babi Hog Cholera Menular pada Manusia,0,kesehatan,hoaxid_hf,
hf-16584,[SALAH] RSCM Praktekkan Penyedotan Plug (Sumbatan) Vena/Saluran Darah,0,kesehatan,hoaxid_hf,
hf-16609,[SALAH] Video Potongan Kanker Menjauhi Bawang Putih Mendekati Emas,0,kesehatan,hoaxid_hf,
hf-16634,[SALAH] Pertolongan pertama pada stroke dengan tusukan jarum ke ujung setiap jari masing-masing atau bagian bawah daun telinga,0,kesehatan,hoaxid_hf,
hf-16662,[SALAH] “jarum suntik di toilet umum penyebar virus hiv”,0,kesehatan,hoaxid_hf,
hf-16685,[SALAH] “MANTAN PRESIDEN RI KE 3 DINOBATKAN SEBAGAI PEMILIK IQ TERTINGGI SEPANJANG SEJARAH MANUSIA NAMUN DISIA-SIAKAN OLEH BANGSA INDONESIA”,0,kesehatan,hoaxid_hf,
hf-16704,"[KLARIFIKASI] JANGAN MENGKONSUMSI BAWANG YANG TELAH DIKUPAS, KARENA MENYERAP KUMAN DAN VIRUS DI UDARA",0,kesehatan,hoaxid_hf,
hf-16753,[SALAH] Pesan Dari Pangdam IX Udayana Tentang Cek Gula Darah Dengan Jarum Bervirus AIDS,0,kesehatan,hoaxid_hf,
hf-16774,[SALAH] Khanzarof : Hasil Cloning Dokter Hewan Amerika dan Rusia yang berasal dari Campuran Kambing dan Babi,0,kesehatan,hoaxid_hf,
hf-16804,[SALAH] Jokowi di Mata Internasional dijuluki “Tangan Berdarah”,0,kesehatan,hoaxid_hf,
hf-17061,KH Ma’ruf Amin: Peserta BPJS Kesehatan Capai 215 Juta Peserta,0,kesehatan,hoaxid_hf,
hf-17062,BPJS Hentikan Meng-cover Biaya Pengobatan Kanker,0,kesehatan,hoaxid_hf,
hf-17167,[SALAH] Ali Mochtar Ngabalin Diserang Stroke Karena Doanya Sendiri,0,kesehatan,hoaxid_hf,
hf-17190,[SALAH] Tes Merkuri pada Kosmetik Dengan Emas.,0,kesehatan,hoaxid_hf,
hf-17204,"[SALAH] “Stroke Kambuh, Prabowo Batal Orasi Politik di Acara Fraksi PKS”",0,kesehatan,hoaxid_hf,
hf-17337,[HOAKS] “zionis Israel menebar VIRUS AIDS disetiap pembalut wanita”,0,kesehatan,hoaxid_hf,
hf-17398,[DISINFORMASI] Foto Bibir Miring Prabowo Petanda Stroke Ringan,0,kesehatan,hoaxid_hf,
hf-17497,[KLARIFIKASI] Dinkes Aceh Membantah Atas Isu Pelajar Lumpuh Setelah Vaksin MR,0,kesehatan,hoaxid_hf,
hf-17513,"[BENAR] ""Bukan disebabkan vaksin, siswa MI di Palembang tewas karena radang otak""",0,kesehatan,hoaxid_hf,
hf-17527,"[DISINFORMASI] ""Racun Vaksin apa yg kalian tebarkan""",0,kesehatan,hoaxid_hf,
hf-17528,"[HOAKS] ""Bahan vaksin dari darah babi, ...""",0,kesehatan,hoaxid_hf,
hf-17529,"[KLARIFIKASI] ""Pare Tidak Serta-merta Bisa Menyembuhkan Kanker""",0,kesehatan,hoaxid_hf,
hf-17586,[HOAKS] Surat Perintah Pendataan Tenaga Medis dan Non Medis Rumah Sakit Tahun 2018,0,kesehatan,hoaxid_hf,
hf-17629,[KLARIFIKASI] Selebaran Poster Acara Penobatan Miss Waria Banten 2018,0,kesehatan,hoaxid_hf,
hf-17695,Penipuan Donasi Untuk Anak Kanker Tulang,0,kesehatan,hoaxid_hf,
hf-17702,"[DISINFORMASI] ""Meet Rebecca, Dialah yang Membunuh Petugas Medis Wanita Razzan"" | [DISINFORMASI] ""Meet Rebecca, She is the One Who Killed Female Medic Officer Razzan""",0,kesehatan,hoaxid_hf,
hf-17713,[KLARIFIKASI] Edy Rahmayadi Tidak Terkena Stroke,0,kesehatan,hoaxid_hf,
hf-17731,[HOAKS] Cek Gula Darah yang Dilakukan ISIS untuk Menyebarkan AIDS di Medan,0,kesehatan,hoaxid_hf,
hf-17746,[KLARIFIKASI] Klarifikasi Dinas Kesehatan Kota Palopo Terkait Isu Beredarnya Obat Kedaluwarsa,0,kesehatan,hoaxid_hf,
hf-17759,[HOAKS]: Info Penerimaan Pegawai Non PNS Pada Ditjen Kesmas Kementrian Kesehatan,0,kesehatan,hoaxid_hf,
hf-17787,HOAX: Daftar Obat Terlarang BPOM (Kop Surat RS Siloam),0,kesehatan,hoaxid_hf,
hf-17791,HOAX: Parasetamol Mengandung Virus,0,kesehatan,hoaxid_hf,
hf-17793,[HOAX] PARACETAMOL MENGANDUNG VIRUS MACHUPO,0,kesehatan,hoaxid_hf,
